composition_id,title,composer,year,public_domain_status,source,verified_at
e6ef3606-ee1d-5b4c-92d2-f13dad8133f9,Creator Track 1,Artist 21,,no,Creator Music,2026-08-26T07:44:26.367554
722604c2-0e68-566d-8648-e8711759e0b0,Creator Track 2,Artist 24,,no,Creator Music,2026-08-26T07:44:26.368028
be35be42-e0aa-5461-8118-f94b65f75744,Creator Track 3,Artist 3,,no,Creator Music,2026-08-26T07:44:26.368342
d693bc09-5447-5cb7-8d82-90537c003961,Creator Track 4,Artist 17,,no,Creator Music,2026-08-26T07:44:26.368536
bb0f9449-3ab4-52b5-996a-7b92edbab51a,Creator Track 5,Artist 23,,no,Creator Music,2026-08-26T07:44:26.368719
35d7ef3b-d274-5066-9051-9a761098528f,Creator Track 6,Artist 9,,no,Creator Music,2026-08-26T07:44:26.368876
4af71fd9-37d0-5ce8-a529-459440463ea4,Creator Track 7,Artist 23,,no,Creator Music,2026-08-26T07:44:26.369032
0ea187ad-97e4-5a37-afd8-066a569a6595,Creator Track 8,Artist 3,,no,Creator Music,2026-08-26T07:44:26.369205
4cadb1dd-a1f0-5aeb-adf9-e407f1b66293,Creator Track 9,Artist 20,,no,Creator Music,2026-08-26T07:44:26.369366
72743433-9a2b-5792-a186-52a5ba4afc2b,Creator Track 10,Artist 18,,no,Creator Music,2026-08-26T07:44:26.369510
33ae8d25-1fb9-5356-9450-554ce2b9cc63,Creator Track 11,Artist 29,,no,Creator Music,2026-08-26T07:44:26.369655
0411fd06-cde5-537d-9680-0ff22b01ebf7,Creator Track 12,Artist 25,,no,Creator Music,2026-08-26T07:44:26.369780
5d8b4360-e7a3-505a-9aee-625f914046be,Creator Track 13,Artist 28,,no,Creator Music,2026-08-26T07:44:26.369899
e9d287f1-beb7-53ea-adc0-87dd566980db,Creator Track 14,Artist 12,,no,Creator Music,2026-08-26T07:44:26.370012
60e9fe51-097d-51dc-9020-a0d770fb9a3d,Creator Track 15,Artist 20,,no,Creator Music,2026-08-26T07:44:26.370137
77ff6d00-28d4-5d1a-b86f-3aaecdfae851,Creator Track 16,Artist 9,,no,Creator Music,2026-08-26T07:44:26.371531
10214c99-0dfd-56d2-9a69-54c38f590547,Creator Track 17,Artist 8,,no,Creator Music,2026-08-26T07:44:26.371728
83271ab9-aef2-5721-8a8a-3d9b58dc1f42,Creator Track 18,Artist 13,,no,Creator Music,2026-08-26T07:44:26.371888
2d05fb9e-81c8-5391-bca8-46bcb0a6103f,Creator Track 19,Artist 29,,no,Creator Music,2026-08-26T07:44:26.372037
a5ce79e2-bbc1-5d2b-b1c1-270a1b850331,Creator Track 20,Artist 5,,no,Creator Music,2026-08-26T07:44:26.372214
c4d4c546-2778-5b95-855a-610cb49a2e95,Creator Track 21,Artist 18,,no,Creator Music,2026-08-26T07:44:26.372367
157898a4-672e-5c39-9772-0e2cba6a0a60,Creator Track 22,Artist 5,,no,Creator Music,2026-08-26T07:44:26.372504
dc0e55e5-d16d-5f4d-9f59-dc2ef41b3515,Creator Track 23,Artist 28,,no,Creator Music,2026-08-26T07:44:26.372642
1596f86c-f638-5a53-bdd6-ff96eb15a10f,Creator Track 24,Artist 13,,no,Creator Music,2026-08-26T07:44:26.372762
ee5b3b53-a47e-5709-8ffd-408fdfcdc281,Creator Track 25,Artist 9,,no,Creator Music,2026-08-26T07:44:26.372882
41a35209-854b-52ff-92f1-63f1f105405e,Creator Track 26,Artist 25,,no,Creator Music,2026-08-26T07:44:26.373005
24d75d35-51e5-5778-a6fa-d652cab5fcc5,Creator Track 27,Artist 4,,no,Creator Music,2026-08-26T07:44:26.373143
945f07fa-1ef1-59dc-8db8-99464a25331b,Creator Track 28,Artist 17,,no,Creator Music,2026-08-26T07:44:26.373304
d03f7c4a-958e-582e-bcf6-e332b10b6b85,Creator Track 29,Artist 28,,no,Creator Music,2026-08-26T07:44:26.373441
9c5dd0aa-eefa-5087-99af-8fa946a8d338,Creator Track 30,Artist 25,,no,Creator Music,2026-08-26T07:44:26.373567
02fcbfe5-7dac-5994-bcf7-cbe0e2f071aa,Creator Track 31,Artist 30,,no,Creator Music,2026-08-26T07:44:26.373710
f3d73c3f-d8bc-53d4-a037-116ff4766a5c,Creator Track 32,Artist 29,,no,Creator Music,2026-08-26T07:44:26.373845
f9065636-3585-56c3-89ea-46830619341d,Creator Track 33,Artist 8,,no,Creator Music,2026-08-26T07:44:26.373974
1a9be4f9-2b91-5832-b938-2ce8a5d64d13,Creator Track 34,Artist 27,,no,Creator Music,2026-08-26T07:44:26.374105
86264292-7507-5a12-97ba-2eb478f66233,Creator Track 35,Artist 25,,no,Creator Music,2026-08-26T07:44:26.374276
c6eef9a4-3141-5c2b-8a10-0c6501cbfddf,Creator Track 36,Artist 28,,no,Creator Music,2026-08-26T07:44:26.374419
c4b083fb-ed41-5cdf-8a68-bf11091e9f1e,Creator Track 37,Artist 25,,no,Creator Music,2026-08-26T07:44:26.374557
75d47504-cb23-52a8-b9fb-708e14bca964,Creator Track 38,Artist 15,,no,Creator Music,2026-08-26T07:44:26.374714
da2fee8f-be97-5b36-b5df-da7b9425ba2f,Creator Track 39,Artist 8,,no,Creator Music,2026-08-26T07:44:26.374858
1ac37b15-aa9a-5e89-afeb-37e03d754198,Creator Track 40,Artist 1,,no,Creator Music,2026-08-26T07:44:26.374984
cf122312-100c-535d-bfeb-aee877d29ede,Creator Track 41,Artist 8,,no,Creator Music,2026-08-26T07:44:26.375104
919e1e56-bc9d-5b9e-9cbd-cba61e4d5d81,Creator Track 42,Artist 9,,no,Creator Music,2026-08-26T07:44:26.375303
c496157e-30e9-59bb-8610-58152a1975f0,Creator Track 43,Artist 5,,no,Creator Music,2026-08-26T07:44:26.375426
c91cd525-2de0-5538-806b-9a09c636381d,Creator Track 44,Artist 26,,no,Creator Music,2026-08-26T07:44:26.375551
82ee1698-466b-520d-9cbb-ae65240eb99d,Creator Track 45,Artist 22,,no,Creator Music,2026-08-26T07:44:26.375700
51f98f51-2729-54c0-8eb7-3428e3c6d509,Creator Track 46,Artist 22,,no,Creator Music,2026-08-26T07:44:26.375832
42307d3e-38cd-5f0c-b340-78be19be3b00,Creator Track 47,Artist 2,,no,Creator Music,2026-08-26T07:44:26.375959
29703ef6-5658-55fe-a65a-a63899458b56,Creator Track 48,Artist 18,,no,Creator Music,2026-08-26T07:44:26.376096
890da7a1-345d-50f1-9070-709d22db3fdf,Creator Track 49,Artist 9,,no,Creator Music,2026-08-26T07:44:26.376272
e039fb9c-a26d-50a4-b72c-e60b4bc36031,Creator Track 50,Artist 2,,no,Creator Music,2026-08-26T07:44:26.376408
bf7b191f-45fa-575f-a155-3e8a5a97937d,Creator Track 51,Artist 3,,no,Creator Music,2026-08-26T07:44:26.376542
b9994564-9b3b-5fd3-9e05-457a77551061,Creator Track 52,Artist 16,,no,Creator Music,2026-08-26T07:44:26.376685
c7a96256-9d73-5d61-b1b4-9f45103af633,Creator Track 53,Artist 6,,no,Creator Music,2026-08-26T07:44:26.376809
f0a2ef96-4b87-55df-b0a5-0dbcc1e04e1d,Creator Track 54,Artist 23,,no,Creator Music,2026-08-26T07:44:26.376939
ea62b871-3634-55d0-82fc-fbd8bcc1de07,Creator Track 55,Artist 22,,no,Creator Music,2026-08-26T07:44:26.377075
0b386dcf-a70b-5027-9108-b82ec6931a13,Creator Track 56,Artist 19,,no,Creator Music,2026-08-26T07:44:26.377226
e53ffdcc-6daa-5152-b5f7-4d13c94ca1e7,Creator Track 57,Artist 2,,no,Creator Music,2026-08-26T07:44:26.377361
ca213787-9f22-598d-9e09-0f6262ed4883,Creator Track 58,Artist 3,,no,Creator Music,2026-08-26T07:44:26.377504
26e2f9c9-8dee-5006-bea4-bd9cecc63320,Creator Track 59,Artist 3,,no,Creator Music,2026-08-26T07:44:26.377648
59d83be8-8fe5-51bd-982b-753139745687,Creator Track 60,Artist 19,,no,Creator Music,2026-08-26T07:44:26.377784
4fdefe45-62ea-5339-8b80-325e76983bd8,Creator Track 61,Artist 14,,no,Creator Music,2026-08-26T07:44:26.377920
dd71ca99-1330-56a0-a14b-29135010ee57,Creator Track 62,Artist 22,,no,Creator Music,2026-08-26T07:44:26.378049
ae57c92f-4890-5982-b5c6-a9843e7b2e54,Creator Track 63,Artist 13,,no,Creator Music,2026-08-26T07:44:26.378213
3bd06e89-9046-5734-b4e5-31b8871a1729,Creator Track 64,Artist 1,,no,Creator Music,2026-08-26T07:44:26.378353
04ed5217-c430-5df5-8d17-34647d011c9a,Creator Track 65,Artist 3,,no,Creator Music,2026-08-26T07:44:26.378484
c49b8530-58aa-5936-a96c-ce8f03bd5ba5,Creator Track 66,Artist 29,,no,Creator Music,2026-08-26T07:44:26.378631
37e41064-2c49-5ee1-a086-ae1757a1bd0f,Creator Track 67,Artist 15,,no,Creator Music,2026-08-26T07:44:26.378767
b247c34a-ce97-5133-b9af-d878c28f8876,Creator Track 68,Artist 10,,no,Creator Music,2026-08-26T07:44:26.378909
6236cbb0-26de-5b35-a57c-4bf926c117e1,Creator Track 69,Artist 9,,no,Creator Music,2026-08-26T07:44:26.379040
fabdfb0a-d7d3-53e7-98e6-5ae05de67d46,Creator Track 70,Artist 20,,no,Creator Music,2026-08-26T07:44:26.379186
d28e5c8e-ba57-52bb-b6a3-ada489ae5979,Creator Track 71,Artist 22,,no,Creator Music,2026-08-26T07:44:26.379309
8bae11dc-78c4-5490-ad28-8aa5f74d5c33,Creator Track 72,Artist 3,,no,Creator Music,2026-08-26T07:44:26.379420
6ff8c07a-3fc7-5b02-ac9b-377e1cb26918,Creator Track 73,Artist 2,,no,Creator Music,2026-08-26T07:44:26.379534
6c33c90f-a350-5ada-8ee6-0798c9d68a44,Creator Track 74,Artist 18,,no,Creator Music,2026-08-26T07:44:26.379742
ca16e79f-7943-5135-8ee7-07d4ec450696,Creator Track 75,Artist 4,,no,Creator Music,2026-08-26T07:44:26.379883
4e434941-d90b-5d9c-bace-396a7c645e1f,Creator Track 76,Artist 18,,no,Creator Music,2026-08-26T07:44:26.380018
8977ec32-727a-5bc3-869e-ad4efac11254,Creator Track 77,Artist 10,,no,Creator Music,2026-08-26T07:44:26.380152
972c8b0c-5eff-5a00-9e3a-c31089e0778f,Creator Track 78,Artist 22,,no,Creator Music,2026-08-26T07:44:26.380320
7f863b5a-c626-5a03-9a8c-15f77820c800,Creator Track 79,Artist 29,,no,Creator Music,2026-08-26T07:44:26.380456
cf9c9d7e-8d68-59b4-857c-75ea1de6f7fc,Creator Track 80,Artist 29,,no,Creator Music,2026-08-26T07:44:26.380589
73a4a7f2-5ce2-5670-9800-a2d2da1f5cfa,Creator Track 81,Artist 26,,no,Creator Music,2026-08-26T07:44:26.380745
65306422-ada7-5066-9248-f321c2295575,Creator Track 82,Artist 13,,no,Creator Music,2026-08-26T07:44:26.380902
6a57459a-f0dd-5ba1-bac1-88ea709814ac,Creator Track 83,Artist 8,,no,Creator Music,2026-08-26T07:44:26.381030
727fb8be-77cb-5808-a36f-5cb13e3aac4e,Creator Track 84,Artist 1,,no,Creator Music,2026-08-26T07:44:26.381174
784da1c5-695d-5158-a618-36dd95ffa3d7,Creator Track 85,Artist 9,,no,Creator Music,2026-08-26T07:44:26.381310
01a9e73d-ef9b-5068-9c74-02f83c467608,Creator Track 86,Artist 13,,no,Creator Music,2026-08-26T07:44:26.381428
1c42b653-c2d4-5b89-9f33-ba726ac44576,Creator Track 87,Artist 11,,no,Creator Music,2026-08-26T07:44:26.381553
83be819f-90fc-556c-aa7a-66747b80ee81,Creator Track 88,Artist 2,,no,Creator Music,2026-08-26T07:44:26.381697
14ea4c7f-c2d0-5f93-b572-35187ab95be2,Creator Track 89,Artist 24,,no,Creator Music,2026-08-26T07:44:26.381843
465a5a82-f38a-55d3-9626-9b0c50cf8a04,Creator Track 90,Artist 7,,no,Creator Music,2026-08-26T07:44:26.381980
5011d97b-62b7-54b1-bbc7-ac08b55455f7,Creator Track 91,Artist 1,,no,Creator Music,2026-08-26T07:44:26.382256
875bdc81-b013-5454-8817-b36e600977d2,Creator Track 92,Artist 3,,no,Creator Music,2026-08-26T07:44:26.382947
35b21089-9c30-523c-879f-9fc966615a41,Creator Track 93,Artist 11,,no,Creator Music,2026-08-26T07:44:26.383297
e2204197-05f9-518e-9a67-19e3a436729f,Creator Track 94,Artist 11,,no,Creator Music,2026-08-26T07:44:26.383549
ba7e0080-3c67-5b45-a13e-9363eef504d6,Creator Track 95,Artist 5,,no,Creator Music,2026-08-26T07:44:26.383745
e8b7c077-3f57-54bc-a94d-d948e5804dea,Creator Track 96,Artist 10,,no,Creator Music,2026-08-26T07:44:26.383931
978aad19-b7aa-5a2d-9dca-441eb8e6f3ce,Creator Track 97,Artist 10,,no,Creator Music,2026-08-26T07:44:26.384073
b4f84b35-6376-565c-9e60-cad02a982eb9,Creator Track 98,Artist 15,,no,Creator Music,2026-08-26T07:44:26.384359
dc3c90f2-d0fd-5264-8012-30fc0f70a54d,Creator Track 99,Artist 26,,no,Creator Music,2026-08-26T07:44:26.384523
1d71cf22-7843-5f04-9cc2-60bfe27164d6,Creator Track 100,Artist 22,,no,Creator Music,2026-08-26T07:44:26.384667
5a679102-4500-4722-9de7-eb35c06f2183,YouTube Library Track 3,YouTube Creator Artist 4,2024,no,YouTube Audio Library,2026-08-26T07:44:26.384787
44f61f75-a74a-42df-8059-79890d7fff96,YouTube Library Track 2,YouTube Creator Artist 3,2024,no,YouTube Audio Library,2026-08-26T07:44:26.384914
053341d4-c64b-4612-aec8-bc71efda923d,YouTube Library Track 5,YouTube Creator Artist 6,2024,no,YouTube Audio Library,2026-08-26T07:44:26.385019
f20c9312-5cc4-4aa2-94ad-7dc5a2f23ce4,YouTube Library Track 1,YouTube Creator Artist 2,2024,no,YouTube Audio Library,2026-08-26T07:44:26.385119
e4d65879-68bf-4a1c-a36d-41bb31403093,YouTube Library Track 4,YouTube Creator Artist 5,2024,no,YouTube Audio Library,2026-08-26T07:44:26.385247
922bff64-3fef-4edb-b04c-32422eb78647,YouTube Library Track 7,YouTube Creator Artist 8,2024,no,YouTube Audio Library,2026-08-26T07:44:26.385359
5850dfaf-4750-44cf-b8d2-78e70ca0a13e,YouTube Library Track 8,YouTube Creator Artist 9,2024,no,YouTube Audio Library,2026-08-26T07:44:26.385466
23c06537-d6fc-4bc6-b3d1-1eab5182fd46,YouTube Library Track 6,YouTube Creator Artist 7,2024,no,YouTube Audio Library,2026-08-26T07:44:26.385571
0e379441-9e88-4e23-80d7-5c21cfae18e5,YouTube Library Track 10,YouTube Creator Artist 11,2024,no,YouTube Audio Library,2026-08-26T07:44:26.385695
4140199a-a760-483d-a6f7-7fd18eb9b724,YouTube Library Track 9,YouTube Creator Artist 10,2024,no,YouTube Audio Library,2026-08-26T07:44:26.385804
319d5291-b99d-42d6-a63b-876de2fc24ca,YouTube Library Track 11,YouTube Creator Artist 12,2024,no,YouTube Audio Library,2026-08-26T07:44:26.385926
338bd568-6ef1-401a-91bf-e552426048b7,YouTube Library Track 16,YouTube Creator Artist 17,2024,no,YouTube Audio Library,2026-08-26T07:44:26.386026
25b9d7d4-9e84-47e5-ada5-f81d90d4d5ca,YouTube Library Track 12,YouTube Creator Artist 13,2024,no,YouTube Audio Library,2026-08-26T07:44:26.386139
0ebd11b6-5635-47a9-ad08-231f29a10a9e,YouTube Library Track 13,YouTube Creator Artist 14,2024,no,YouTube Audio Library,2026-08-26T07:44:26.386282
9d8f988b-0833-4138-8155-b364718ee85d,YouTube Library Track 18,YouTube Creator Artist 19,2024,no,YouTube Audio Library,2026-08-26T07:44:26.386391
7cecd4f9-1536-479c-bcb9-d38eb6ce08a9,YouTube Library Track 17,YouTube Creator Artist 18,2024,no,YouTube Audio Library,2026-08-26T07:44:26.386494
77fbc032-bf77-4b9a-b882-478c4dd12f90,YouTube Library Track 14,YouTube Creator Artist 15,2024,no,YouTube Audio Library,2026-08-26T07:44:26.386598
fdfa9a41-4c73-4b0e-afe1-4958382ccf46,YouTube Library Track 19,YouTube Creator Artist 20,2024,no,YouTube Audio Library,2026-08-26T07:44:26.386697
b16934c1-d94d-40f7-8e03-ad94c55e7dab,YouTube Library Track 20,YouTube Creator Artist 1,2024,no,YouTube Audio Library,2026-08-26T07:44:26.386808
7e33eb62-839c-4ac7-845e-c55c4949477d,YouTube Library Track 15,YouTube Creator Artist 16,2024,no,YouTube Audio Library,2026-08-26T07:44:26.386933
b9037391-3975-45af-b4c2-2b5d9b56a770,YouTube Library Track 21,YouTube Creator Artist 2,2024,no,YouTube Audio Library,2026-08-26T07:44:26.387031
fd446336-7266-4504-81e5-da8e2f8dfc7e,YouTube Library Track 22,YouTube Creator Artist 3,2024,no,YouTube Audio Library,2026-08-26T07:44:26.387127
59c280a2-a186-4275-9960-229d59d2a7fa,YouTube Library Track 23,YouTube Creator Artist 4,2024,no,YouTube Audio Library,2026-08-26T07:44:26.387250
4b2d5c81-3a28-48fa-93c6-9f2c3edb37ac,YouTube Library Track 24,YouTube Creator Artist 5,2024,no,YouTube Audio Library,2026-08-26T07:44:26.387347
1055f963-ee14-4cfb-bfc1-3545b6da0226,YouTube Library Track 30,YouTube Creator Artist 11,2024,no,YouTube Audio Library,2026-08-26T07:44:26.387437
e1cdd346-2e32-4de1-b451-e9be2c648a17,YouTube Library Track 28,YouTube Creator Artist 9,2024,no,YouTube Audio Library,2026-08-26T07:44:26.387524
856d49c7-cc74-435e-b2e4-953d56b916df,YouTube Library Track 26,YouTube Creator Artist 7,2024,no,YouTube Audio Library,2026-08-26T07:44:26.387610
d5bb343b-b53c-4fc6-812a-1127bdabcfeb,YouTube Library Track 29,YouTube Creator Artist 10,2024,no,YouTube Audio Library,2026-08-26T07:44:26.387695
6324d53c-736d-4bcc-85b5-011cf1f15453,YouTube Library Track 27,YouTube Creator Artist 8,2024,no,YouTube Audio Library,2026-08-26T07:44:26.387790
b9a92b14-da77-46c1-9eb7-531f031718ce,YouTube Library Track 25,YouTube Creator Artist 6,2024,no,YouTube Audio Library,2026-08-26T07:44:26.387912
2492ab73-121a-4fc5-8963-17de1db620c5,YouTube Library Track 31,YouTube Creator Artist 12,2024,no,YouTube Audio Library,2026-08-26T07:44:26.388013
86b39d3b-8a41-41be-82eb-04f28a80ec33,YouTube Library Track 32,YouTube Creator Artist 13,2024,no,YouTube Audio Library,2026-08-26T07:44:26.388112
b1dc34ca-de2b-4382-a9a9-d6ad98fd2a77,YouTube Library Track 33,YouTube Creator Artist 14,2024,no,YouTube Audio Library,2026-08-26T07:44:26.388246
5366f9d2-3877-4acc-86a6-86615867378f,YouTube Library Track 34,YouTube Creator Artist 15,2024,no,YouTube Audio Library,2026-08-26T07:44:26.388361
21858ca5-2e46-4ccd-8167-53db0ecef5b0,YouTube Library Track 37,YouTube Creator Artist 18,2024,no,YouTube Audio Library,2026-08-26T07:44:26.388470
6a72af25-55aa-41f1-a91e-6ecc234c4b4e,YouTube Library Track 35,YouTube Creator Artist 16,2024,no,YouTube Audio Library,2026-08-26T07:44:26.388581
d2be676d-8a6b-499a-b85f-943009a57929,YouTube Library Track 36,YouTube Creator Artist 17,2024,no,YouTube Audio Library,2026-08-26T07:44:26.388690
65b3db15-0032-418a-9c37-24f93592de9b,YouTube Library Track 39,YouTube Creator Artist 20,2024,no,YouTube Audio Library,2026-08-26T07:44:26.388810
0ded3ffe-d493-4b6e-ba24-75ec018a1adb,YouTube Library Track 38,YouTube Creator Artist 19,2024,no,YouTube Audio Library,2026-08-26T07:44:26.388930
a7347132-c356-4aa4-b196-b04f2f0fb881,YouTube Library Track 40,YouTube Creator Artist 1,2024,no,YouTube Audio Library,2026-08-26T07:44:26.389036
9feba1b5-7b85-4a86-a833-b35399490548,YouTube Library Track 43,YouTube Creator Artist 4,2024,no,YouTube Audio Library,2026-08-26T07:44:26.389129
cc3705e5-b8c6-4c39-af1e-cf9fd8354fa3,YouTube Library Track 41,YouTube Creator Artist 2,2024,no,YouTube Audio Library,2026-08-26T07:44:26.390722
8f9bcca3-ec63-4948-83e4-c4a5da3e6f56,YouTube Library Track 44,YouTube Creator Artist 5,2024,no,YouTube Audio Library,2026-08-26T07:44:26.390882
9474473c-9d2f-4d89-b614-752029ad9297,YouTube Library Track 42,YouTube Creator Artist 3,2024,no,YouTube Audio Library,2026-08-26T07:44:26.391005
10f64523-a499-4545-9b58-f16e273c9515,YouTube Library Track 48,YouTube Creator Artist 9,2024,no,YouTube Audio Library,2026-08-26T07:44:26.391129
a24676d1-1430-4ff1-95b2-855cb1545e8e,YouTube Library Track 46,YouTube Creator Artist 7,2024,no,YouTube Audio Library,2026-08-26T07:44:26.391282
ed727f48-5ff1-4161-b65a-b3010ded7a39,YouTube Library Track 47,YouTube Creator Artist 8,2024,no,YouTube Audio Library,2026-08-26T07:44:26.391400
66db45d0-d682-4a63-800e-4dcc431d5054,YouTube Library Track 45,YouTube Creator Artist 6,2024,no,YouTube Audio Library,2026-08-26T07:44:26.391498
9a986793-5e16-4487-b063-971fd5818610,YouTube Library Track 49,YouTube Creator Artist 10,2024,no,YouTube Audio Library,2026-08-26T07:44:26.391592
14cd6d52-533f-4ec2-99b5-8e16730af230,YouTube Library Track 50,YouTube Creator Artist 11,2024,no,YouTube Audio Library,2026-08-26T07:44:26.391691
717f7721-ddca-48fa-a8d3-30775b52cfe5,YouTube Library Track 55,YouTube Creator Artist 16,2024,no,YouTube Audio Library,2026-08-26T07:44:26.391784
5ae3e627-eb30-4ec6-98a1-1f8828c09772,YouTube Library Track 56,YouTube Creator Artist 17,2024,no,YouTube Audio Library,2026-08-26T07:44:26.391906
38ce49f8-2e1d-44d3-a546-f37787c28226,YouTube Library Track 59,YouTube Creator Artist 20,2024,no,YouTube Audio Library,2026-08-26T07:44:26.392014
66415a84-cd78-4edf-943e-e8493a6a5f8b,YouTube Library Track 60,YouTube Creator Artist 1,2024,no,YouTube Audio Library,2026-08-26T07:44:26.392122
5844ea5d-88a6-4cdc-9ba6-b8282dbfe99f,YouTube Library Track 57,YouTube Creator Artist 18,2024,no,YouTube Audio Library,2026-08-26T07:44:26.392247
ff7080fb-4c8b-4386-a2b5-1f4dc1f267fe,YouTube Library Track 58,YouTube Creator Artist 19,2024,no,YouTube Audio Library,2026-08-26T07:44:26.392367
0b7531e8-e037-4d26-9569-96142aafe0f5,YouTube Library Track 51,YouTube Creator Artist 12,2024,no,YouTube Audio Library,2026-08-26T07:44:26.392475
2e6ec280-2931-4563-8c04-e4e2dcb69c4d,YouTube Library Track 66,YouTube Creator Artist 7,2024,no,YouTube Audio Library,2026-08-26T07:44:26.392581
7615def7-db8a-40a4-833e-4508c63aeaeb,YouTube Library Track 65,YouTube Creator Artist 6,2024,no,YouTube Audio Library,2026-08-26T07:44:26.392691
f6e3d488-e5fb-4918-a600-740f5c395af5,YouTube Library Track 52,YouTube Creator Artist 13,2024,no,YouTube Audio Library,2026-08-26T07:44:26.392796
bf667e20-a36c-4a0a-8668-271e09c444ee,YouTube Library Track 53,YouTube Creator Artist 14,2024,no,YouTube Audio Library,2026-08-26T07:44:26.392927
c8eed652-afb4-47f6-af6b-b8c4aeb59f0a,YouTube Library Track 67,YouTube Creator Artist 8,2024,no,YouTube Audio Library,2026-08-26T07:44:26.393037
ea607ae0-18ad-4373-9260-dd8e65ab36b5,YouTube Library Track 62,YouTube Creator Artist 3,2024,no,YouTube Audio Library,2026-08-26T07:44:26.393144
9cf5643c-b967-49ce-b17e-6d9fdda306c1,YouTube Library Track 61,YouTube Creator Artist 2,2024,no,YouTube Audio Library,2026-08-26T07:44:26.393310
fa7bfbab-a3b6-4809-ad1a-ed67de9ce809,YouTube Library Track 54,YouTube Creator Artist 15,2024,no,YouTube Audio Library,2026-08-26T07:44:26.393431
797509e4-ac01-4881-a593-b1371a57734f,YouTube Library Track 63,YouTube Creator Artist 4,2024,no,YouTube Audio Library,2026-08-26T07:44:26.393554
09a37e3a-5f67-4905-9a28-62506bcd6703,YouTube Library Track 68,YouTube Creator Artist 9,2024,no,YouTube Audio Library,2026-08-26T07:44:26.393663
c5b6797f-434e-4b6d-8ca8-8026518e4237,YouTube Library Track 69,YouTube Creator Artist 10,2024,no,YouTube Audio Library,2026-08-26T07:44:26.393762
7fa87473-be95-495b-aa6b-7ca2c80b9289,YouTube Library Track 71,YouTube Creator Artist 12,2024,no,YouTube Audio Library,2026-08-26T07:44:26.393875
5985fa80-9889-4b35-8d72-a4dd0e6c26ef,YouTube Library Track 72,YouTube Creator Artist 13,2024,no,YouTube Audio Library,2026-08-26T07:44:26.393969
4e4199f1-950c-4301-94db-bc4464c41ccb,YouTube Library Track 70,YouTube Creator Artist 11,2024,no,YouTube Audio Library,2026-08-26T07:44:26.394061
7607f34f-190a-4570-9b5b-a07bcffbf674,YouTube Library Track 73,YouTube Creator Artist 14,2024,no,YouTube Audio Library,2026-08-26T07:44:26.394236
cf8a3d22-bcd2-4b30-a029-5f2583e8d2c5,YouTube Library Track 74,YouTube Creator Artist 15,2024,no,YouTube Audio Library,2026-08-26T07:44:26.394364
1ec923ed-6de5-414b-9f89-e2775871892c,YouTube Library Track 75,YouTube Creator Artist 16,2024,no,YouTube Audio Library,2026-08-26T07:44:26.394477
49b2f6a6-1a24-4d77-a4b5-11ee9c50c216,YouTube Library Track 64,YouTube Creator Artist 5,2024,no,YouTube Audio Library,2026-08-26T07:44:26.394583
ce4a4feb-2e35-4c1f-b34b-a14c3f556696,YouTube Library Track 76,YouTube Creator Artist 17,2024,no,YouTube Audio Library,2026-08-26T07:44:26.394690
3af2301e-32ef-4990-b40f-769827847214,YouTube Library Track 80,YouTube Creator Artist 1,2024,no,YouTube Audio Library,2026-08-26T07:44:26.394802
bc6a031a-78da-4622-a8f0-f5919fbee50b,YouTube Library Track 77,YouTube Creator Artist 18,2024,no,YouTube Audio Library,2026-08-26T07:44:26.394928
f39dce13-576a-499d-80bd-cfcd9a877b86,YouTube Library Track 85,YouTube Creator Artist 6,2024,no,YouTube Audio Library,2026-08-26T07:44:26.395036
08949561-fc3e-441f-bfc9-5260be7e536b,YouTube Library Track 78,YouTube Creator Artist 19,2024,no,YouTube Audio Library,2026-08-26T07:44:26.395152
ccd0210c-ccb4-4d53-815a-50502582eeec,YouTube Library Track 86,YouTube Creator Artist 7,2024,no,YouTube Audio Library,2026-08-26T07:44:26.395288
4aa25a07-b39d-4a71-bcf6-b2cbbe2b018d,YouTube Library Track 79,YouTube Creator Artist 20,2024,no,YouTube Audio Library,2026-08-26T07:44:26.395398
1fbc00a6-2635-4e97-b722-637d9a2de136,YouTube Library Track 81,YouTube Creator Artist 2,2024,no,YouTube Audio Library,2026-08-26T07:44:26.395499
27534c29-aac3-41e2-9963-687eafd2edd0,YouTube Library Track 82,YouTube Creator Artist 3,2024,no,YouTube Audio Library,2026-08-26T07:44:26.395605
807b91f6-bb14-4936-bca6-2dc87a4cb098,YouTube Library Track 87,YouTube Creator Artist 8,2024,no,YouTube Audio Library,2026-08-26T07:44:26.395712
a24d2900-fba6-4a15-8dbd-34133b7c08b2,YouTube Library Track 88,YouTube Creator Artist 9,2024,no,YouTube Audio Library,2026-08-26T07:44:26.395816
2c32c646-9400-4230-bfa4-669bdca242ce,YouTube Library Track 90,YouTube Creator Artist 11,2024,no,YouTube Audio Library,2026-08-26T07:44:26.395943
7b168707-4803-46b3-8ebd-696b8210fcd9,YouTube Library Track 92,YouTube Creator Artist 13,2024,no,YouTube Audio Library,2026-08-26T07:44:26.396053
59094a11-4815-4786-b072-32d9554411bc,YouTube Library Track 89,YouTube Creator Artist 10,2024,no,YouTube Audio Library,2026-08-26T07:44:26.396197
7820b30e-62ae-4bde-b284-e28d14127adf,YouTube Library Track 91,YouTube Creator Artist 12,2024,no,YouTube Audio Library,2026-08-26T07:44:26.396314
b83ce418-1203-4a8c-b06c-ea9977fd9525,YouTube Library Track 83,YouTube Creator Artist 4,2024,no,YouTube Audio Library,2026-08-26T07:44:26.396440
01bf2fe2-000e-4ed8-9f16-bb927df357e8,YouTube Library Track 93,YouTube Creator Artist 14,2024,no,YouTube Audio Library,2026-08-26T07:44:26.396555
940ff3d0-64fa-4c75-b055-528ccc39db71,YouTube Library Track 84,YouTube Creator Artist 5,2024,no,YouTube Audio Library,2026-08-26T07:44:26.396664
af2ebc4b-4b29-4b98-8cfa-c7ffce9c8233,YouTube Library Track 99,YouTube Creator Artist 20,2024,no,YouTube Audio Library,2026-08-26T07:44:26.396775
53c7fa02-68ca-4d1a-b1c1-a214a3b949b0,YouTube Library Track 96,YouTube Creator Artist 17,2024,no,YouTube Audio Library,2026-08-26T07:44:26.396901
5c27ccd5-b2d6-499b-b381-39438db0e397,YouTube Library Track 100,YouTube Creator Artist 1,2024,no,YouTube Audio Library,2026-08-26T07:44:26.397009
517669a2-0e80-44ca-8d1d-7407a28bb47f,YouTube Library Track 95,YouTube Creator Artist 16,2024,no,YouTube Audio Library,2026-08-26T07:44:26.397120
6b2255dc-2c35-40cb-87ce-2a86763c32d6,YouTube Library Track 101,YouTube Creator Artist 2,2024,no,YouTube Audio Library,2026-08-26T07:44:26.397259
831f36a1-ee57-4a38-8955-f67e9fe4a5bf,YouTube Library Track 102,YouTube Creator Artist 3,2024,no,YouTube Audio Library,2026-08-26T07:44:26.397388
421a7878-3980-445c-ae38-c861bafc6af1,YouTube Library Track 103,YouTube Creator Artist 4,2024,no,YouTube Audio Library,2026-08-26T07:44:26.397514
479179ca-d8e7-4116-9635-4e8aa06f0899,YouTube Library Track 94,YouTube Creator Artist 15,2024,no,YouTube Audio Library,2026-08-26T07:44:26.397629
bffd63ae-e85f-4863-978d-61da25d72b5c,YouTube Library Track 105,YouTube Creator Artist 6,2024,no,YouTube Audio Library,2026-08-26T07:44:26.397732
38eb836f-d8c5-45fe-b874-390f39db49a6,YouTube Library Track 106,YouTube Creator Artist 7,2024,no,YouTube Audio Library,2026-08-26T07:44:26.397837
605c92be-bd11-439a-9a7a-d756bb00e3b2,YouTube Library Track 110,YouTube Creator Artist 11,2024,no,YouTube Audio Library,2026-08-26T07:44:26.397931
5c0d60a8-eaa5-4e42-9921-bb957e111930,YouTube Library Track 104,YouTube Creator Artist 5,2024,no,YouTube Audio Library,2026-08-26T07:44:26.398024
53e54148-31ce-40f5-96be-97ba0ced3e64,YouTube Library Track 108,YouTube Creator Artist 9,2024,no,YouTube Audio Library,2026-08-26T07:44:26.398117
9a500142-b582-4c03-956f-113b9be6cb39,YouTube Library Track 107,YouTube Creator Artist 8,2024,no,YouTube Audio Library,2026-08-26T07:44:26.398256
ed7029cf-4cf2-461d-82bd-f6fce6912cfd,YouTube Library Track 112,YouTube Creator Artist 13,2024,no,YouTube Audio Library,2026-08-26T07:44:26.398366
f6d95145-edfd-4df1-bfcf-d0a0f0a9eb82,YouTube Library Track 98,YouTube Creator Artist 19,2024,no,YouTube Audio Library,2026-08-26T07:44:26.398480
6f8e077b-f939-4918-b71f-9ab41941246a,YouTube Library Track 111,YouTube Creator Artist 12,2024,no,YouTube Audio Library,2026-08-26T07:44:26.398591
69c010f0-c664-44d2-a06a-1d21208f2631,YouTube Library Track 113,YouTube Creator Artist 14,2024,no,YouTube Audio Library,2026-08-26T07:44:26.398701
b03d1d1f-8f9f-4815-87fd-9ce683b16c98,YouTube Library Track 97,YouTube Creator Artist 18,2024,no,YouTube Audio Library,2026-08-26T07:44:26.398809
32a87bda-cdd9-4eae-b4b7-4a2af6417e85,YouTube Library Track 115,YouTube Creator Artist 16,2024,no,YouTube Audio Library,2026-08-26T07:44:26.398937
7ff0409f-6bb2-4caf-8e0c-a212a273aab1,YouTube Library Track 114,YouTube Creator Artist 15,2024,no,YouTube Audio Library,2026-08-26T07:44:26.399052
25aa23ed-cfc3-43c3-afbe-d86dfb4bfc74,YouTube Library Track 116,YouTube Creator Artist 17,2024,no,YouTube Audio Library,2026-08-26T07:44:26.399196
fdb18b97-da3a-4447-a8e6-7e0029715904,YouTube Library Track 117,YouTube Creator Artist 18,2024,no,YouTube Audio Library,2026-08-26T07:44:26.399311
4887ff2a-8768-43ae-aea9-957ee6cacdb9,YouTube Library Track 109,YouTube Creator Artist 10,2024,no,YouTube Audio Library,2026-08-26T07:44:26.399418
fd71930a-7108-4e63-9bde-24992330915c,YouTube Library Track 118,YouTube Creator Artist 19,2024,no,YouTube Audio Library,2026-08-26T07:44:26.399515
038eaf6c-d6aa-46b9-bcb6-4384c3de023b,YouTube Library Track 120,YouTube Creator Artist 1,2024,no,YouTube Audio Library,2026-08-26T07:44:26.399607
af2e40b9-2f57-495f-a49f-414d38af3989,YouTube Library Track 119,YouTube Creator Artist 20,2024,no,YouTube Audio Library,2026-08-26T07:44:26.399701
45cf487d-3abf-4d47-87d3-1a98241b10b4,YouTube Library Track 121,YouTube Creator Artist 2,2024,no,YouTube Audio Library,2026-08-26T07:44:26.399794
1eca842f-9fed-4566-8e94-3b2fb0ee3c58,YouTube Library Track 122,YouTube Creator Artist 3,2024,no,YouTube Audio Library,2026-08-26T07:44:26.399918
54663ba2-16b7-4e03-a174-81956bcd17e4,YouTube Library Track 123,YouTube Creator Artist 4,2024,no,YouTube Audio Library,2026-08-26T07:44:26.400026
845434a9-3b07-4e16-909f-6cbc171e8a3c,YouTube Library Track 126,YouTube Creator Artist 7,2024,no,YouTube Audio Library,2026-08-26T07:44:26.400138
5710cea3-9a90-42c5-9210-2a40efed79ed,YouTube Library Track 125,YouTube Creator Artist 6,2024,no,YouTube Audio Library,2026-08-26T07:44:26.400277
fcf5410a-d3e7-4652-ba67-7d391872e234,YouTube Library Track 124,YouTube Creator Artist 5,2024,no,YouTube Audio Library,2026-08-26T07:44:26.400391
a1a76246-33e1-4018-9244-5a32539d916d,YouTube Library Track 129,YouTube Creator Artist 10,2024,no,YouTube Audio Library,2026-08-26T07:44:26.400500
26f4730d-e017-4f0b-96e8-8fd5eef4abca,YouTube Library Track 132,YouTube Creator Artist 13,2024,no,YouTube Audio Library,2026-08-26T07:44:26.400606
f771b0ea-8ef2-4057-bdca-ac73f682ef96,YouTube Library Track 131,YouTube Creator Artist 12,2024,no,YouTube Audio Library,2026-08-26T07:44:26.400724
f2024be4-fdeb-489c-8ad2-6e30e0e063be,YouTube Library Track 130,YouTube Creator Artist 11,2024,no,YouTube Audio Library,2026-08-26T07:44:26.400857
1deaede3-bd8a-4250-a283-24550677c685,YouTube Library Track 135,YouTube Creator Artist 16,2024,no,YouTube Audio Library,2026-08-26T07:44:26.400969
44781304-727d-4d49-bad3-61ec4d52e5ed,YouTube Library Track 134,YouTube Creator Artist 15,2024,no,YouTube Audio Library,2026-08-26T07:44:26.401075
af7f63cd-7854-4433-8aef-ac5d69091783,YouTube Library Track 133,YouTube Creator Artist 14,2024,no,YouTube Audio Library,2026-08-26T07:44:26.401203
15047e10-24e9-4841-9239-2542e9fba8db,YouTube Library Track 136,YouTube Creator Artist 17,2024,no,YouTube Audio Library,2026-08-26T07:44:26.401327
1489a1da-3337-44cc-be82-a7c07923e96e,YouTube Library Track 137,YouTube Creator Artist 18,2024,no,YouTube Audio Library,2026-08-26T07:44:26.401440
5223aef9-9632-4b3e-bb6e-ddd3de88f97d,YouTube Library Track 138,YouTube Creator Artist 19,2024,no,YouTube Audio Library,2026-08-26T07:44:26.401550
a514d076-b567-4c26-8cd7-59f7c89842ad,YouTube Library Track 140,YouTube Creator Artist 1,2024,no,YouTube Audio Library,2026-08-26T07:44:26.401660
8ec751ba-2763-44f9-95c4-d3cf8a02e277,YouTube Library Track 139,YouTube Creator Artist 20,2024,no,YouTube Audio Library,2026-08-26T07:44:26.401768
a6672950-c46b-4dc9-86b9-b57c346240ac,YouTube Library Track 142,YouTube Creator Artist 3,2024,no,YouTube Audio Library,2026-08-26T07:44:26.401897
b9d1cd91-88bd-4830-866d-b06012f45dd3,YouTube Library Track 144,YouTube Creator Artist 5,2024,no,YouTube Audio Library,2026-08-26T07:44:26.402007
15985c28-a267-4de4-ad90-130c2307e423,YouTube Library Track 127,YouTube Creator Artist 8,2024,no,YouTube Audio Library,2026-08-26T07:44:26.402125
10142349-34e5-4a84-9360-b803dbc6b5ca,YouTube Library Track 128,YouTube Creator Artist 9,2024,no,YouTube Audio Library,2026-08-26T07:44:26.402275
d237d05f-a6f3-4050-8d36-6cfa00086c87,YouTube Library Track 143,YouTube Creator Artist 4,2024,no,YouTube Audio Library,2026-08-26T07:44:26.402402
5bf2aef7-eb94-4cbf-9fb4-a313db1394be,YouTube Library Track 146,YouTube Creator Artist 7,2024,no,YouTube Audio Library,2026-08-26T07:44:26.402513
fddeada3-05f7-4ade-aeb2-dc649fd8a32b,YouTube Library Track 148,YouTube Creator Artist 9,2024,no,YouTube Audio Library,2026-08-26T07:44:26.402619
8d631a65-8eab-4bc1-970a-108526288417,YouTube Library Track 149,YouTube Creator Artist 10,2024,no,YouTube Audio Library,2026-08-26T07:44:26.402735
4941baa6-bfc2-4332-b996-cc7ad39728ff,YouTube Library Track 145,YouTube Creator Artist 6,2024,no,YouTube Audio Library,2026-08-26T07:44:26.402860
ddc9f497-e786-4d93-a668-94cb303617e2,YouTube Library Track 152,YouTube Creator Artist 13,2024,no,YouTube Audio Library,2026-08-26T07:44:26.402974
9d47de16-c70a-4814-98ca-eb5883f64860,YouTube Library Track 153,YouTube Creator Artist 14,2024,no,YouTube Audio Library,2026-08-26T07:44:26.403083
9ac22b86-a174-462a-8a66-4303ebf43330,YouTube Library Track 147,YouTube Creator Artist 8,2024,no,YouTube Audio Library,2026-08-26T07:44:26.403218
2b19a9e2-e7a5-49b6-a2b5-77729bdd458d,YouTube Library Track 154,YouTube Creator Artist 15,2024,no,YouTube Audio Library,2026-08-26T07:44:26.403325
1998f61c-c061-4c06-a9ec-67944358c99f,YouTube Library Track 155,YouTube Creator Artist 16,2024,no,YouTube Audio Library,2026-08-26T07:44:26.403434
b00a1ece-9470-4c6c-9ced-a79ba661d60d,YouTube Library Track 141,YouTube Creator Artist 2,2024,no,YouTube Audio Library,2026-08-26T07:44:26.403541
cd90e7af-f1c8-4252-bf37-210c2715d59f,YouTube Library Track 156,YouTube Creator Artist 17,2024,no,YouTube Audio Library,2026-08-26T07:44:26.403654
57cc7bde-f939-4928-9ac9-cd12bb1b33e5,YouTube Library Track 158,YouTube Creator Artist 19,2024,no,YouTube Audio Library,2026-08-26T07:44:26.403765
152ecaf9-de91-414e-b614-a9f54616637d,YouTube Library Track 161,YouTube Creator Artist 2,2024,no,YouTube Audio Library,2026-08-26T07:44:26.403909
5fd13a61-9265-4d8d-80eb-bf892c46ab03,YouTube Library Track 160,YouTube Creator Artist 1,2024,no,YouTube Audio Library,2026-08-26T07:44:26.404022
772bcaf8-52d7-48cb-89ec-fe951478a60b,YouTube Library Track 150,YouTube Creator Artist 11,2024,no,YouTube Audio Library,2026-08-26T07:44:26.404125
fb4205b3-cc0a-4022-a41d-b5e083cbf6be,YouTube Library Track 163,YouTube Creator Artist 4,2024,no,YouTube Audio Library,2026-08-26T07:44:26.404260
71ff8672-54ef-4de5-ad10-65885a3818fa,YouTube Library Track 151,YouTube Creator Artist 12,2024,no,YouTube Audio Library,2026-08-26T07:44:26.404360
63c08b55-0917-4cf1-9184-12fa1e8f9d8d,YouTube Library Track 159,YouTube Creator Artist 20,2024,no,YouTube Audio Library,2026-08-26T07:44:26.404458
bc32e9f2-bd82-4b2a-9428-2b5d0c74d713,YouTube Library Track 167,YouTube Creator Artist 8,2024,no,YouTube Audio Library,2026-08-26T07:44:26.404551
87ca0537-4850-4016-9ff3-e240e1dcee3d,YouTube Library Track 168,YouTube Creator Artist 9,2024,no,YouTube Audio Library,2026-08-26T07:44:26.404652
471d2f66-d5aa-4e80-9527-625ced633702,YouTube Library Track 169,YouTube Creator Artist 10,2024,no,YouTube Audio Library,2026-08-26T07:44:26.404766
0e652696-c81d-469b-b149-923024df0fad,YouTube Library Track 170,YouTube Creator Artist 11,2024,no,YouTube Audio Library,2026-08-26T07:44:26.404900
5377a03f-fd3c-4f47-9ff1-f07810bd9ada,YouTube Library Track 157,YouTube Creator Artist 18,2024,no,YouTube Audio Library,2026-08-26T07:44:26.405023
fa17fba2-0843-437f-ba95-771399cfa5ee,YouTube Library Track 171,YouTube Creator Artist 12,2024,no,YouTube Audio Library,2026-08-26T07:44:26.405129
5c4eee6d-4202-4554-8849-c0906a4dd0ca,YouTube Library Track 162,YouTube Creator Artist 3,2024,no,YouTube Audio Library,2026-08-26T07:44:26.405265
f6559fbb-82d3-4322-80d4-b4837b89db96,YouTube Library Track 164,YouTube Creator Artist 5,2024,no,YouTube Audio Library,2026-08-26T07:44:26.405380
53aeecb8-3ae0-4a5d-a890-e9cdf925c1ca,YouTube Library Track 165,YouTube Creator Artist 6,2024,no,YouTube Audio Library,2026-08-26T07:44:26.405482
7239d5e7-aec3-4097-975d-8a23dc4dc425,YouTube Library Track 172,YouTube Creator Artist 13,2024,no,YouTube Audio Library,2026-08-26T07:44:26.405575
e87306c3-c699-4a62-80d4-812ebab8d37a,YouTube Library Track 173,YouTube Creator Artist 14,2024,no,YouTube Audio Library,2026-08-26T07:44:26.405702
cf1b149f-ca16-4c72-b606-2c9ac420a745,YouTube Library Track 166,YouTube Creator Artist 7,2024,no,YouTube Audio Library,2026-08-26T07:44:26.405808
d181335e-fd74-44c4-855b-162cec3f6460,YouTube Library Track 175,YouTube Creator Artist 16,2024,no,YouTube Audio Library,2026-08-26T07:44:26.405992
8ac996a5-6250-46b5-b1d5-a783d953bdb5,YouTube Library Track 177,YouTube Creator Artist 18,2024,no,YouTube Audio Library,2026-08-26T07:44:26.406078
f7aff0d0-a595-4868-90cc-5d3c39d48f4a,YouTube Library Track 174,YouTube Creator Artist 15,2024,no,YouTube Audio Library,2026-08-26T07:44:26.406155
d5d138cf-4a6d-4c4a-ba88-aa05eb885f3a,YouTube Library Track 179,YouTube Creator Artist 20,2024,no,YouTube Audio Library,2026-08-26T07:44:26.406263
d1d9af41-4dbd-4cc1-b470-207937d08884,YouTube Library Track 176,YouTube Creator Artist 17,2024,no,YouTube Audio Library,2026-08-26T07:44:26.406344
d62a9de2-e211-45ae-999f-7459ebc51f8a,YouTube Library Track 178,YouTube Creator Artist 19,2024,no,YouTube Audio Library,2026-08-26T07:44:26.406426
98ee3e66-6eaf-4ced-9bc4-3572e1ade309,YouTube Library Track 180,YouTube Creator Artist 1,2024,no,YouTube Audio Library,2026-08-26T07:44:26.406503
5cb4644f-048c-47ca-88ad-3770d3da5b24,YouTube Library Track 181,YouTube Creator Artist 2,2024,no,YouTube Audio Library,2026-08-26T07:44:26.406581
8dd04614-388b-42fc-a538-1a466acf46f7,YouTube Library Track 182,YouTube Creator Artist 3,2024,no,YouTube Audio Library,2026-08-26T07:44:26.406656
c7b7ee63-0e9e-4510-a0b4-c8ba5f1f97ab,YouTube Library Track 185,YouTube Creator Artist 6,2024,no,YouTube Audio Library,2026-08-26T07:44:26.406731
26f98efe-cc50-472c-8afc-0657ffc65efd,YouTube Library Track 183,YouTube Creator Artist 4,2024,no,YouTube Audio Library,2026-08-26T07:44:26.406874
bcacc2b1-00b2-4bea-8839-c2b15c74bce7,YouTube Library Track 184,YouTube Creator Artist 5,2024,no,YouTube Audio Library,2026-08-26T07:44:26.406970
9c4b23ad-e521-45b3-9c64-63c9d8656199,YouTube Library Track 190,YouTube Creator Artist 11,2024,no,YouTube Audio Library,2026-08-26T07:44:26.407048
9b16af7d-57f8-443c-a4a3-e194b306becf,YouTube Library Track 189,YouTube Creator Artist 10,2024,no,YouTube Audio Library,2026-08-26T07:44:26.407125
8158f958-cdd8-4f7f-a8ec-84b715a2b345,YouTube Library Track 188,YouTube Creator Artist 9,2024,no,YouTube Audio Library,2026-08-26T07:44:26.407221
acec824d-3f1f-45de-828b-eb4b7f879770,YouTube Library Track 187,YouTube Creator Artist 8,2024,no,YouTube Audio Library,2026-08-26T07:44:26.407309
bbafa074-8a64-4a4a-b707-212ecf480236,YouTube Library Track 186,YouTube Creator Artist 7,2024,no,YouTube Audio Library,2026-08-26T07:44:26.407390
9719893c-afba-4bb2-af9d-cfa7e3f0a06c,YouTube Library Track 191,YouTube Creator Artist 12,2024,no,YouTube Audio Library,2026-08-26T07:44:26.407469
ab6dcd25-1668-4b36-949e-3a920827f205,YouTube Library Track 194,YouTube Creator Artist 15,2024,no,YouTube Audio Library,2026-08-26T07:44:26.407545
41ed26db-37c8-4fd5-9334-1fd5f0d84370,YouTube Library Track 197,YouTube Creator Artist 18,2024,no,YouTube Audio Library,2026-08-26T07:44:26.407621
fe906795-3686-4f37-8f12-7ae08e7328be,YouTube Library Track 195,YouTube Creator Artist 16,2024,no,YouTube Audio Library,2026-08-26T07:44:26.407698
270546e2-5c49-4f98-bba3-a9fcf83c1fcb,YouTube Library Track 196,YouTube Creator Artist 17,2024,no,YouTube Audio Library,2026-08-26T07:44:26.407775
584aa99b-1354-4632-9b51-7f0ae48160f4,YouTube Library Track 199,YouTube Creator Artist 20,2024,no,YouTube Audio Library,2026-08-26T07:44:26.407862
f6b86f07-73d3-494d-8edc-1110e3ca324f,YouTube Library Track 198,YouTube Creator Artist 19,2024,no,YouTube Audio Library,2026-08-26T07:44:26.407941
79b67684-6443-4c79-833a-7ab46d449eaa,YouTube Library Track 200,YouTube Creator Artist 1,2024,no,YouTube Audio Library,2026-08-26T07:44:26.408024
7f5d2766-3622-4b75-8a66-5d43b22e83b0,YouTube Library Track 201,YouTube Creator Artist 2,2024,no,YouTube Audio Library,2026-08-26T07:44:26.408103
40465e53-efdc-45f2-9c3a-b78cd42b1576,YouTube Library Track 193,YouTube Creator Artist 14,2024,no,YouTube Audio Library,2026-08-26T07:44:26.408211
69f3742d-3441-459e-b6cd-2f70476e1dd5,YouTube Library Track 202,YouTube Creator Artist 3,2024,no,YouTube Audio Library,2026-08-26T07:44:26.408298
e0052cc9-db8f-4ea8-8c53-f12ab6d8c0d6,YouTube Library Track 192,YouTube Creator Artist 13,2024,no,YouTube Audio Library,2026-08-26T07:44:26.408379
94a0e39b-459c-4f73-9c2b-5a8896493f68,YouTube Library Track 208,YouTube Creator Artist 9,2024,no,YouTube Audio Library,2026-08-26T07:44:26.408458
5d3860d8-640e-4a28-986c-3296c2b6ebad,YouTube Library Track 207,YouTube Creator Artist 8,2024,no,YouTube Audio Library,2026-08-26T07:44:26.408532
343f6369-5277-4771-8a10-bde1ff827f35,YouTube Library Track 210,YouTube Creator Artist 11,2024,no,YouTube Audio Library,2026-08-26T07:44:26.408608
99117264-cd06-4c46-a485-60637ec40d51,YouTube Library Track 209,YouTube Creator Artist 10,2024,no,YouTube Audio Library,2026-08-26T07:44:26.408681
e2979b61-32be-44a0-a21c-5a89ab1ab66e,YouTube Library Track 211,YouTube Creator Artist 12,2024,no,YouTube Audio Library,2026-08-26T07:44:26.408755
2b87cd38-e095-4645-bc14-bd6e93849140,YouTube Library Track 205,YouTube Creator Artist 6,2024,no,YouTube Audio Library,2026-08-26T07:44:26.408845
8ad46cb3-bf64-481d-8b26-01d388ff6bc4,YouTube Library Track 212,YouTube Creator Artist 13,2024,no,YouTube Audio Library,2026-08-26T07:44:26.408924
6b68341e-c98e-483f-9d67-a9c128d9873e,YouTube Library Track 204,YouTube Creator Artist 5,2024,no,YouTube Audio Library,2026-08-26T07:44:26.409002
e64cdba4-7c76-4d11-bc01-f49e9722465d,YouTube Library Track 203,YouTube Creator Artist 4,2024,no,YouTube Audio Library,2026-08-26T07:44:26.409078
214bcc71-4041-4899-b828-6f5b566aff09,YouTube Library Track 213,YouTube Creator Artist 14,2024,no,YouTube Audio Library,2026-08-26T07:44:26.409153
edb536b5-3344-4236-8b75-50a37e62a2a1,YouTube Library Track 214,YouTube Creator Artist 15,2024,no,YouTube Audio Library,2026-08-26T07:44:26.409275
9c0c6b39-c38f-4655-9b97-e5e6de2c8cfc,YouTube Library Track 206,YouTube Creator Artist 7,2024,no,YouTube Audio Library,2026-08-26T07:44:26.409364
af68edce-9719-4beb-bb5e-ace4e93988b3,YouTube Library Track 215,YouTube Creator Artist 16,2024,no,YouTube Audio Library,2026-08-26T07:44:26.409445
38651448-189d-486e-8b03-949d5b344d07,YouTube Library Track 219,YouTube Creator Artist 20,2024,no,YouTube Audio Library,2026-08-26T07:44:26.409523
21286bf5-8951-436a-9d92-644595679bdb,YouTube Library Track 218,YouTube Creator Artist 19,2024,no,YouTube Audio Library,2026-08-26T07:44:26.409599
d103be20-45c3-41c9-b5f7-60bfe0a38b29,YouTube Library Track 217,YouTube Creator Artist 18,2024,no,YouTube Audio Library,2026-08-26T07:44:26.409676
e19e6031-5dc6-479c-b452-6c5e7886466e,YouTube Library Track 220,YouTube Creator Artist 1,2024,no,YouTube Audio Library,2026-08-26T07:44:26.409752
8f3ba802-fb25-4e61-9f32-ea1be0ab038a,YouTube Library Track 216,YouTube Creator Artist 17,2024,no,YouTube Audio Library,2026-08-26T07:44:26.409837
d83c6af1-392f-4b6d-a8de-30db66c25cd5,YouTube Library Track 222,YouTube Creator Artist 3,2024,no,YouTube Audio Library,2026-08-26T07:44:26.409919
98fd4086-d7d7-48cb-9d68-5edb7626cb74,YouTube Library Track 221,YouTube Creator Artist 2,2024,no,YouTube Audio Library,2026-08-26T07:44:26.409995
97af0152-0837-41f5-ac14-9ecf6e00cb5c,YouTube Library Track 223,YouTube Creator Artist 4,2024,no,YouTube Audio Library,2026-08-26T07:44:26.410072
b1f3a18c-b17d-45cd-9053-36b79272a188,YouTube Library Track 224,YouTube Creator Artist 5,2024,no,YouTube Audio Library,2026-08-26T07:44:26.410147
99baab90-0716-48cf-ac89-af15cfe873c2,YouTube Library Track 225,YouTube Creator Artist 6,2024,no,YouTube Audio Library,2026-08-26T07:44:26.410250
feddc148-fc8f-4406-981a-d63cb9448644,YouTube Library Track 226,YouTube Creator Artist 7,2024,no,YouTube Audio Library,2026-08-26T07:44:26.410331
0253ff5f-8002-4113-8a42-01506da2b3b1,YouTube Library Track 227,YouTube Creator Artist 8,2024,no,YouTube Audio Library,2026-08-26T07:44:26.410412
09ce49c7-6582-4ca4-9706-0f3ff5cc22fe,YouTube Library Track 229,YouTube Creator Artist 10,2024,no,YouTube Audio Library,2026-08-26T07:44:26.410499
fe2417df-4dd2-4351-881c-90eac1957bee,YouTube Library Track 231,YouTube Creator Artist 12,2024,no,YouTube Audio Library,2026-08-26T07:44:26.410583
4f7e7976-7c59-42f6-b6f1-b101470d15e2,YouTube Library Track 230,YouTube Creator Artist 11,2024,no,YouTube Audio Library,2026-08-26T07:44:26.410661
04da7f63-8d8a-4eee-89df-b8e0fbc8c70c,YouTube Library Track 232,YouTube Creator Artist 13,2024,no,YouTube Audio Library,2026-08-26T07:44:26.410750
a7989f13-c484-4e00-8313-9b34e08cbeaa,YouTube Library Track 228,YouTube Creator Artist 9,2024,no,YouTube Audio Library,2026-08-26T07:44:26.410836
9f1b8edc-3f1d-418a-8383-fae4019cdc9a,YouTube Library Track 233,YouTube Creator Artist 14,2024,no,YouTube Audio Library,2026-08-26T07:44:26.410916
20a9be9e-78d3-48f9-ad97-3f8dd2ffdd02,YouTube Library Track 234,YouTube Creator Artist 15,2024,no,YouTube Audio Library,2026-08-26T07:44:26.410993
34c14a7f-16f1-48dc-944d-8729d94cd01e,YouTube Library Track 235,YouTube Creator Artist 16,2024,no,YouTube Audio Library,2026-08-26T07:44:26.411068
b42d5112-92e9-4c53-98aa-2e779fac87e1,YouTube Library Track 236,YouTube Creator Artist 17,2024,no,YouTube Audio Library,2026-08-26T07:44:26.411142
0a7013f5-6397-41b7-8562-9c77f23c1851,YouTube Library Track 245,YouTube Creator Artist 6,2024,no,YouTube Audio Library,2026-08-26T07:44:26.411241
68ad2d2a-68e7-478b-bb3f-14b37df70358,YouTube Library Track 238,YouTube Creator Artist 19,2024,no,YouTube Audio Library,2026-08-26T07:44:26.411321
a8326084-8002-4cc5-9552-07287780d6e1,YouTube Library Track 239,YouTube Creator Artist 20,2024,no,YouTube Audio Library,2026-08-26T07:44:26.411410
c3c15c26-6233-4580-b64f-63edc824b12e,YouTube Library Track 237,YouTube Creator Artist 18,2024,no,YouTube Audio Library,2026-08-26T07:44:26.411491
249f2135-848c-4683-87f9-4041f4188366,YouTube Library Track 246,YouTube Creator Artist 7,2024,no,YouTube Audio Library,2026-08-26T07:44:26.411567
59285420-037b-4517-99f5-d7c2061fdf1e,YouTube Library Track 242,YouTube Creator Artist 3,2024,no,YouTube Audio Library,2026-08-26T07:44:26.411643
09c009a4-c79d-4e26-9e5f-d2763bdf6d4b,YouTube Library Track 240,YouTube Creator Artist 1,2024,no,YouTube Audio Library,2026-08-26T07:44:26.411718
a8622d3c-2055-48be-97fe-c072fab5d9c4,YouTube Library Track 241,YouTube Creator Artist 2,2024,no,YouTube Audio Library,2026-08-26T07:44:26.412326
b32b8190-a9b9-4daa-ac9b-5503420b1fab,YouTube Library Track 247,YouTube Creator Artist 8,2024,no,YouTube Audio Library,2026-08-26T07:44:26.412717
076de1f1-aa1c-4246-a4b4-ad80fd56d88f,YouTube Library Track 243,YouTube Creator Artist 4,2024,no,YouTube Audio Library,2026-08-26T07:44:26.412901
2c465a70-c8ad-4e48-9134-76d8c7628ee1,YouTube Library Track 244,YouTube Creator Artist 5,2024,no,YouTube Audio Library,2026-08-26T07:44:26.413048
ac87853b-33da-4428-9f86-8c782f8a288e,YouTube Library Track 255,YouTube Creator Artist 16,2024,no,YouTube Audio Library,2026-08-26T07:44:26.413196
b9084b48-670c-4883-9f45-705ed4800b22,YouTube Library Track 256,YouTube Creator Artist 17,2024,no,YouTube Audio Library,2026-08-26T07:44:26.413316
b5fbc46a-793d-4176-9955-0c369cf314a7,YouTube Library Track 257,YouTube Creator Artist 18,2024,no,YouTube Audio Library,2026-08-26T07:44:26.413405
5aaa94ae-9819-4f0b-9537-2878d5fce8ae,YouTube Library Track 250,YouTube Creator Artist 11,2024,no,YouTube Audio Library,2026-08-26T07:44:26.413489
c8265f71-30d5-4780-91a5-d09494e40f8d,YouTube Library Track 248,YouTube Creator Artist 9,2024,no,YouTube Audio Library,2026-08-26T07:44:26.413568
558e9bd5-c587-460c-9275-e5fe3d4ec487,YouTube Library Track 258,YouTube Creator Artist 19,2024,no,YouTube Audio Library,2026-08-26T07:44:26.413662
d09e3d90-ba1f-4fed-9255-a85efc0a9c7a,YouTube Library Track 251,YouTube Creator Artist 12,2024,no,YouTube Audio Library,2026-08-26T07:44:26.413751
d13a08f3-3834-4e8a-8620-0d91a09e9bc4,YouTube Library Track 259,YouTube Creator Artist 20,2024,no,YouTube Audio Library,2026-08-26T07:44:26.413830
a7a4502f-6122-4cb7-9226-f96989bf2ff6,YouTube Library Track 252,YouTube Creator Artist 13,2024,no,YouTube Audio Library,2026-08-26T07:44:26.413911
718fba3d-434f-4aba-8e35-050853ff1376,YouTube Library Track 260,YouTube Creator Artist 1,2024,no,YouTube Audio Library,2026-08-26T07:44:26.413991
a69abda0-8c8a-46e2-a46c-846550bfd59a,YouTube Library Track 261,YouTube Creator Artist 2,2024,no,YouTube Audio Library,2026-08-26T07:44:26.414068
6b56aaf0-7f83-4a3f-98a5-4af06620c22b,YouTube Library Track 253,YouTube Creator Artist 14,2024,no,YouTube Audio Library,2026-08-26T07:44:26.414151
a352a8c9-4be9-4fff-8c25-991b94373357,YouTube Library Track 249,YouTube Creator Artist 10,2024,no,YouTube Audio Library,2026-08-26T07:44:26.414264
38a8a09c-f83f-464c-b0f9-1185426643d9,YouTube Library Track 263,YouTube Creator Artist 4,2024,no,YouTube Audio Library,2026-08-26T07:44:26.414345
a7dd4b1a-3e12-450d-ae60-d2ff3a33be82,YouTube Library Track 264,YouTube Creator Artist 5,2024,no,YouTube Audio Library,2026-08-26T07:44:26.414424
46da31b7-1e12-4d20-aeea-6a88b8b79f79,YouTube Library Track 262,YouTube Creator Artist 3,2024,no,YouTube Audio Library,2026-08-26T07:44:26.414503
1a0f7fc6-1cd1-4223-b974-b9c5b66eb954,YouTube Library Track 254,YouTube Creator Artist 15,2024,no,YouTube Audio Library,2026-08-26T07:44:26.414577
5c8507de-c9cc-4011-b06d-74e59168fdd3,YouTube Library Track 267,YouTube Creator Artist 8,2024,no,YouTube Audio Library,2026-08-26T07:44:26.414670
091eaf8e-10c7-41c2-9b30-d7556640857b,YouTube Library Track 269,YouTube Creator Artist 10,2024,no,YouTube Audio Library,2026-08-26T07:44:26.414751
fe66a4ec-aba6-4ed4-901e-f59b407550f9,YouTube Library Track 268,YouTube Creator Artist 9,2024,no,YouTube Audio Library,2026-08-26T07:44:26.414839
f8230633-3054-4982-818c-1d4f3a302a2f,YouTube Library Track 270,YouTube Creator Artist 11,2024,no,YouTube Audio Library,2026-08-26T07:44:26.414919
48f748e7-6152-4977-beed-5f10e5854c7a,YouTube Library Track 265,YouTube Creator Artist 6,2024,no,YouTube Audio Library,2026-08-26T07:44:26.414995
2fb2532b-bb2e-43ea-acd1-93470ac8fa91,YouTube Library Track 272,YouTube Creator Artist 13,2024,no,YouTube Audio Library,2026-08-26T07:44:26.415070
070cad86-d67a-43a8-839d-79c437c41748,YouTube Library Track 274,YouTube Creator Artist 15,2024,no,YouTube Audio Library,2026-08-26T07:44:26.415146
718e4c8c-5e05-4d0b-bc57-2a455473a3c5,YouTube Library Track 273,YouTube Creator Artist 14,2024,no,YouTube Audio Library,2026-08-26T07:44:26.415258
e5e775bc-f93c-4619-8add-899cae136626,YouTube Library Track 271,YouTube Creator Artist 12,2024,no,YouTube Audio Library,2026-08-26T07:44:26.415337
18a087bc-3569-4cfa-a4f8-9b36f411a65f,YouTube Library Track 275,YouTube Creator Artist 16,2024,no,YouTube Audio Library,2026-08-26T07:44:26.415415
132301f4-c257-4305-b80a-4d93aef36d11,YouTube Library Track 276,YouTube Creator Artist 17,2024,no,YouTube Audio Library,2026-08-26T07:44:26.415491
2818d1d7-2cbd-4f8c-962d-f2d8299dd615,YouTube Library Track 277,YouTube Creator Artist 18,2024,no,YouTube Audio Library,2026-08-26T07:44:26.415566
8242fff8-dc23-4b6d-808a-ed932ad12e59,YouTube Library Track 279,YouTube Creator Artist 20,2024,no,YouTube Audio Library,2026-08-26T07:44:26.415703
e42deeff-df2f-4dc5-be29-8f6d8d08fbde,YouTube Library Track 280,YouTube Creator Artist 1,2024,no,YouTube Audio Library,2026-08-26T07:44:26.415796
efc65dbf-5e63-452b-a8b2-5db042fde0bb,YouTube Library Track 278,YouTube Creator Artist 19,2024,no,YouTube Audio Library,2026-08-26T07:44:26.415874
daf9cdbc-4237-48fd-9664-c57e8c2724bc,YouTube Library Track 281,YouTube Creator Artist 2,2024,no,YouTube Audio Library,2026-08-26T07:44:26.415952
bf56e4a2-091e-4fd4-97ae-bce38148c09a,YouTube Library Track 282,YouTube Creator Artist 3,2024,no,YouTube Audio Library,2026-08-26T07:44:26.416028
e01ce5d2-adac-4594-827a-3fda735e41ce,YouTube Library Track 284,YouTube Creator Artist 5,2024,no,YouTube Audio Library,2026-08-26T07:44:26.416102
a27b63f7-3c3b-44a7-9fe7-5814dd5b6d1d,YouTube Library Track 283,YouTube Creator Artist 4,2024,no,YouTube Audio Library,2026-08-26T07:44:26.416205
db05e59c-001d-4555-8b91-fd02a353009c,YouTube Library Track 285,YouTube Creator Artist 6,2024,no,YouTube Audio Library,2026-08-26T07:44:26.416292
d59257c9-3dbc-48af-9a01-3c9de3979f4b,YouTube Library Track 286,YouTube Creator Artist 7,2024,no,YouTube Audio Library,2026-08-26T07:44:26.416371
606e7749-6619-4df9-8793-167fd38411eb,YouTube Library Track 266,YouTube Creator Artist 7,2024,no,YouTube Audio Library,2026-08-26T07:44:26.416457
83e74e07-68ae-45a3-b7a3-d13dc219eea1,YouTube Library Track 291,YouTube Creator Artist 12,2024,no,YouTube Audio Library,2026-08-26T07:44:26.416537
54418d4b-fa6c-4b1d-8cb9-be03c71f0b03,YouTube Library Track 287,YouTube Creator Artist 8,2024,no,YouTube Audio Library,2026-08-26T07:44:26.416615
c031be1a-a20d-4458-b361-b0e4b00565e1,YouTube Library Track 294,YouTube Creator Artist 15,2024,no,YouTube Audio Library,2026-08-26T07:44:26.416705
6b40e0e6-c513-4a01-874d-bd5b4257e4ea,YouTube Library Track 295,YouTube Creator Artist 16,2024,no,YouTube Audio Library,2026-08-26T07:44:26.416783
78dace13-55e3-46b9-8f5e-caa024af22b1,YouTube Library Track 289,YouTube Creator Artist 10,2024,no,YouTube Audio Library,2026-08-26T07:44:26.416866
5b0fe58b-0da6-4f0d-8e1d-b1002769e26c,YouTube Library Track 288,YouTube Creator Artist 9,2024,no,YouTube Audio Library,2026-08-26T07:44:26.416955
d2db648c-aa9b-4b52-9cd5-00dce477a93a,YouTube Library Track 297,YouTube Creator Artist 18,2024,no,YouTube Audio Library,2026-08-26T07:44:26.417034
aaa08171-580d-4e5b-a982-657b02fac888,YouTube Library Track 290,YouTube Creator Artist 11,2024,no,YouTube Audio Library,2026-08-26T07:44:26.417113
1f4a0ec8-00de-449d-99fc-00753b6256cd,YouTube Library Track 298,YouTube Creator Artist 19,2024,no,YouTube Audio Library,2026-08-26T07:44:26.417226
7bb819da-dfc2-4096-b891-7926c6b21d63,YouTube Library Track 296,YouTube Creator Artist 17,2024,no,YouTube Audio Library,2026-08-26T07:44:26.417314
8e219c86-4556-4c33-bd93-23e28c062da8,YouTube Library Track 299,YouTube Creator Artist 20,2024,no,YouTube Audio Library,2026-08-26T07:44:26.417393
4c639f8e-f48a-440f-9a3e-d28babc0fd0a,YouTube Library Track 293,YouTube Creator Artist 14,2024,no,YouTube Audio Library,2026-08-26T07:44:26.417475
daf088b4-f899-4551-b2bc-fe30aeada0d2,YouTube Library Track 301,YouTube Creator Artist 2,2024,no,YouTube Audio Library,2026-08-26T07:44:26.417599
5d1ab1b7-18b6-4efe-9400-ff0d77e35861,YouTube Library Track 292,YouTube Creator Artist 13,2024,no,YouTube Audio Library,2026-08-26T07:44:26.417697
6b8fdc15-e41e-4a4d-974f-7789e4c555df,YouTube Library Track 302,YouTube Creator Artist 3,2024,no,YouTube Audio Library,2026-08-26T07:44:26.417778
c887258a-00e2-434b-b844-08220d5514b4,YouTube Library Track 308,YouTube Creator Artist 9,2024,no,YouTube Audio Library,2026-08-26T07:44:26.417861
8992002f-42d9-4bb1-80a4-6371f7290ca3,YouTube Library Track 309,YouTube Creator Artist 10,2024,no,YouTube Audio Library,2026-08-26T07:44:26.417938
e2102069-018b-4ec8-97b3-1ec3da562bcd,YouTube Library Track 300,YouTube Creator Artist 1,2024,no,YouTube Audio Library,2026-08-26T07:44:26.418013
b735d4d2-cea3-4d39-8f0b-a8b47880c4b1,YouTube Library Track 303,YouTube Creator Artist 4,2024,no,YouTube Audio Library,2026-08-26T07:44:26.418089
d1e5ca20-3709-4bbb-8cba-d99b6c06a5fd,YouTube Library Track 310,YouTube Creator Artist 11,2024,no,YouTube Audio Library,2026-08-26T07:44:26.418196
0c523829-f01d-4ee9-8418-bba4d469e4a0,YouTube Library Track 306,YouTube Creator Artist 7,2024,no,YouTube Audio Library,2026-08-26T07:44:26.418286
f3ceec73-c3c7-4fd4-acee-903b6922c8c8,YouTube Library Track 311,YouTube Creator Artist 12,2024,no,YouTube Audio Library,2026-08-26T07:44:26.418364
18f324a0-6576-4d68-bb57-2fe04085e05f,YouTube Library Track 312,YouTube Creator Artist 13,2024,no,YouTube Audio Library,2026-08-26T07:44:26.418442
00e529de-f93d-4c6c-ad2c-699c430dbcce,YouTube Library Track 313,YouTube Creator Artist 14,2024,no,YouTube Audio Library,2026-08-26T07:44:26.418517
7eec8a1a-a23a-4e78-9702-f4f6efbda324,YouTube Library Track 307,YouTube Creator Artist 8,2024,no,YouTube Audio Library,2026-08-26T07:44:26.418595
ffefb9f0-6d11-415e-87d6-53e7208b698f,YouTube Library Track 314,YouTube Creator Artist 15,2024,no,YouTube Audio Library,2026-08-26T07:44:26.418684
3368ef2d-b0be-40d9-a5d1-e251aea85250,YouTube Library Track 316,YouTube Creator Artist 17,2024,no,YouTube Audio Library,2026-08-26T07:44:26.418764
7fe7c5af-3971-4056-8456-9ee7f35d72d4,YouTube Library Track 305,YouTube Creator Artist 6,2024,no,YouTube Audio Library,2026-08-26T07:44:26.418841
992a8570-c433-4faa-b883-d74e25a14dfa,YouTube Library Track 315,YouTube Creator Artist 16,2024,no,YouTube Audio Library,2026-08-26T07:44:26.418918
570722a1-01ef-48de-88d7-2be24ac8d412,YouTube Library Track 317,YouTube Creator Artist 18,2024,no,YouTube Audio Library,2026-08-26T07:44:26.418994
3cf88a66-a432-46c1-9bf3-f57baa1c0ae0,YouTube Library Track 304,YouTube Creator Artist 5,2024,no,YouTube Audio Library,2026-08-26T07:44:26.419072
c22e0893-8a48-404d-beb4-96a48747b6e1,YouTube Library Track 318,YouTube Creator Artist 19,2024,no,YouTube Audio Library,2026-08-26T07:44:26.419150
632346d3-6228-46a2-a7b4-603f8897162d,YouTube Library Track 319,YouTube Creator Artist 20,2024,no,YouTube Audio Library,2026-08-26T07:44:26.419257
a372c5d6-9e50-4d2f-9ef9-fc65406d4069,YouTube Library Track 320,YouTube Creator Artist 1,2024,no,YouTube Audio Library,2026-08-26T07:44:26.419335
0627aa42-ac70-4c51-bf06-7df7be2162b6,YouTube Library Track 322,YouTube Creator Artist 3,2024,no,YouTube Audio Library,2026-08-26T07:44:26.419411
51784ac5-bdc8-4d74-8221-c12fcf79b392,YouTube Library Track 321,YouTube Creator Artist 2,2024,no,YouTube Audio Library,2026-08-26T07:44:26.419487
6e2002cb-e6c7-473e-adf3-790e3fe9fd44,YouTube Library Track 323,YouTube Creator Artist 4,2024,no,YouTube Audio Library,2026-08-26T07:44:26.419561
bbc328e8-8e80-4e12-964c-fcf46e0499f1,YouTube Library Track 325,YouTube Creator Artist 6,2024,no,YouTube Audio Library,2026-08-26T07:44:26.419646
f703d98f-c390-463d-a883-bc3968cfe1f3,YouTube Library Track 324,YouTube Creator Artist 5,2024,no,YouTube Audio Library,2026-08-26T07:44:26.419732
ddb05c3c-400e-4332-9462-ec9651f8140d,YouTube Library Track 327,YouTube Creator Artist 8,2024,no,YouTube Audio Library,2026-08-26T07:44:26.419810
20a919cb-168f-499c-b551-c70cc9cc41ac,YouTube Library Track 326,YouTube Creator Artist 7,2024,no,YouTube Audio Library,2026-08-26T07:44:26.419884
f5aaa5bf-5291-49f5-afe4-b5c1a7463ada,YouTube Library Track 328,YouTube Creator Artist 9,2024,no,YouTube Audio Library,2026-08-26T07:44:26.419959
0bf86621-797b-45fb-8a86-9f0c1f7eb1a6,YouTube Library Track 329,YouTube Creator Artist 10,2024,no,YouTube Audio Library,2026-08-26T07:44:26.420033
a70503fc-53d5-4692-ba65-0abf40b45353,YouTube Library Track 333,YouTube Creator Artist 14,2024,no,YouTube Audio Library,2026-08-26T07:44:26.420107
f131d53b-6b3a-4a1a-a936-5917dc8ebd00,YouTube Library Track 330,YouTube Creator Artist 11,2024,no,YouTube Audio Library,2026-08-26T07:44:26.420206
01ab15f2-4975-48cc-bbca-4a39fb83acbd,YouTube Library Track 339,YouTube Creator Artist 20,2024,no,YouTube Audio Library,2026-08-26T07:44:26.420291
e15796b8-a7c9-4101-b70c-4b247c3156fa,YouTube Library Track 331,YouTube Creator Artist 12,2024,no,YouTube Audio Library,2026-08-26T07:44:26.420368
62f654bd-45d1-4acf-ac9d-d41b2a5aa7f5,YouTube Library Track 336,YouTube Creator Artist 17,2024,no,YouTube Audio Library,2026-08-26T07:44:26.420443
7b5fe14e-57e7-4419-b10e-06216e275bca,YouTube Library Track 332,YouTube Creator Artist 13,2024,no,YouTube Audio Library,2026-08-26T07:44:26.420517
a343a5fb-c722-4203-8b67-69576f561cb9,YouTube Library Track 334,YouTube Creator Artist 15,2024,no,YouTube Audio Library,2026-08-26T07:44:26.420593
c88be3a3-662d-4758-baa5-1dd95e1c8423,YouTube Library Track 337,YouTube Creator Artist 18,2024,no,YouTube Audio Library,2026-08-26T07:44:26.420684
aa916732-44e4-4b38-981f-e88e3468d574,YouTube Library Track 335,YouTube Creator Artist 16,2024,no,YouTube Audio Library,2026-08-26T07:44:26.420764
83db9ba8-f301-4643-8bd3-06fcac2114d9,YouTube Library Track 340,YouTube Creator Artist 1,2024,no,YouTube Audio Library,2026-08-26T07:44:26.420841
805c70ad-8398-4617-9a9d-32c02bb22f47,YouTube Library Track 341,YouTube Creator Artist 2,2024,no,YouTube Audio Library,2026-08-26T07:44:26.420918
0a363bc9-9af3-47fa-b02e-5d65cd3c73f6,YouTube Library Track 343,YouTube Creator Artist 4,2024,no,YouTube Audio Library,2026-08-26T07:44:26.420993
004b0760-924d-4304-a2b1-8e90f7030dc3,YouTube Library Track 342,YouTube Creator Artist 3,2024,no,YouTube Audio Library,2026-08-26T07:44:26.421069
cfdef318-0c42-405e-84b2-046e809a1ed3,YouTube Library Track 344,YouTube Creator Artist 5,2024,no,YouTube Audio Library,2026-08-26T07:44:26.421314
4d6cccb2-8579-4614-a568-dd500b42d1f1,YouTube Library Track 338,YouTube Creator Artist 19,2024,no,YouTube Audio Library,2026-08-26T07:44:26.421490
c34d822d-270a-432f-bd51-7d270c557741,YouTube Library Track 346,YouTube Creator Artist 7,2024,no,YouTube Audio Library,2026-08-26T07:44:26.421601
620ce01f-44bd-4fcb-be92-944b87776b7f,YouTube Library Track 345,YouTube Creator Artist 6,2024,no,YouTube Audio Library,2026-08-26T07:44:26.421705
578a88c3-9635-4f67-a94a-76cf9d3d597e,YouTube Library Track 347,YouTube Creator Artist 8,2024,no,YouTube Audio Library,2026-08-26T07:44:26.421794
762e4088-be46-4b56-82c4-7abaf3f727b2,YouTube Library Track 348,YouTube Creator Artist 9,2024,no,YouTube Audio Library,2026-08-26T07:44:26.421876
7dce5ab4-3c42-46e2-8920-7d55c02a7353,YouTube Library Track 349,YouTube Creator Artist 10,2024,no,YouTube Audio Library,2026-08-26T07:44:26.421956
2f203b0c-0dde-4e96-a02c-1f6fdc06d642,YouTube Library Track 350,YouTube Creator Artist 11,2024,no,YouTube Audio Library,2026-08-26T07:44:26.422040
4a2987f2-a0cb-45bf-b990-f4350855e42a,YouTube Library Track 354,YouTube Creator Artist 15,2024,no,YouTube Audio Library,2026-08-26T07:44:26.422121
0321227b-eacc-4a94-9f2e-c687ea5ffeb9,YouTube Library Track 355,YouTube Creator Artist 16,2024,no,YouTube Audio Library,2026-08-26T07:44:26.422224
21deb92b-0813-4334-9be7-b10be9aee614,YouTube Library Track 357,YouTube Creator Artist 18,2024,no,YouTube Audio Library,2026-08-26T07:44:26.422309
f9c6e008-a9a5-4eea-9f87-45d14be73156,YouTube Library Track 353,YouTube Creator Artist 14,2024,no,YouTube Audio Library,2026-08-26T07:44:26.422390
90e919fb-b75f-4fdd-aef0-037b59161bc4,YouTube Library Track 356,YouTube Creator Artist 17,2024,no,YouTube Audio Library,2026-08-26T07:44:26.422472
1fa3b589-569c-4f63-b487-aecec04b749d,YouTube Library Track 358,YouTube Creator Artist 19,2024,no,YouTube Audio Library,2026-08-26T07:44:26.422550
cb680a46-e78f-491d-b2fe-4fb93a617b30,YouTube Library Track 359,YouTube Creator Artist 20,2024,no,YouTube Audio Library,2026-08-26T07:44:26.422625
dafb27ed-161d-4545-8dc5-446f7ecb6c92,YouTube Library Track 363,YouTube Creator Artist 4,2024,no,YouTube Audio Library,2026-08-26T07:44:26.422730
cb14bd4f-414b-4e98-b0ae-9ac219206fab,YouTube Library Track 352,YouTube Creator Artist 13,2024,no,YouTube Audio Library,2026-08-26T07:44:26.422810
db0ab7a0-1bf0-462f-adb6-383afcacd462,YouTube Library Track 364,YouTube Creator Artist 5,2024,no,YouTube Audio Library,2026-08-26T07:44:26.422886
e794a98e-1655-4152-888c-04141b38f696,YouTube Library Track 366,YouTube Creator Artist 7,2024,no,YouTube Audio Library,2026-08-26T07:44:26.422962
f19b0065-214f-4f1d-9b4c-6e9f167466d3,YouTube Library Track 360,YouTube Creator Artist 1,2024,no,YouTube Audio Library,2026-08-26T07:44:26.423038
e2be4ea8-4ff2-4bf6-bce1-d007a5a0c7d9,YouTube Library Track 351,YouTube Creator Artist 12,2024,no,YouTube Audio Library,2026-08-26T07:44:26.423113
99feb83f-4afa-4cd8-bd8b-1ca4bcbf3633,YouTube Library Track 365,YouTube Creator Artist 6,2024,no,YouTube Audio Library,2026-08-26T07:44:26.423218
2064c006-0155-408e-82d3-fba8d343a7a6,YouTube Library Track 361,YouTube Creator Artist 2,2024,no,YouTube Audio Library,2026-08-26T07:44:26.423303
2251c514-039f-472d-8c61-ed770ae430b2,YouTube Library Track 368,YouTube Creator Artist 9,2024,no,YouTube Audio Library,2026-08-26T07:44:26.423382
2d50c01a-2db6-4d8d-bf56-0fa0f1274fe1,YouTube Library Track 362,YouTube Creator Artist 3,2024,no,YouTube Audio Library,2026-08-26T07:44:26.423462
22c3146f-ccf8-4220-8b3f-effadc5765d2,YouTube Library Track 370,YouTube Creator Artist 11,2024,no,YouTube Audio Library,2026-08-26T07:44:26.423540
73d5b4c2-5b3f-47d0-9e8e-a0cfcb20ce32,YouTube Library Track 375,YouTube Creator Artist 16,2024,no,YouTube Audio Library,2026-08-26T07:44:26.423616
e664935f-2c7c-4daf-94f3-c9d6bb9d1ef0,YouTube Library Track 374,YouTube Creator Artist 15,2024,no,YouTube Audio Library,2026-08-26T07:44:26.423706
1d409340-3e67-454e-8cc7-b3df31501cc6,YouTube Library Track 367,YouTube Creator Artist 8,2024,no,YouTube Audio Library,2026-08-26T07:44:26.423784
f8d36d28-5613-4a50-b87d-90d20e99f8c6,YouTube Library Track 371,YouTube Creator Artist 12,2024,no,YouTube Audio Library,2026-08-26T07:44:26.423860
ee45fd92-9e52-40b7-8181-948f620c3b45,YouTube Library Track 376,YouTube Creator Artist 17,2024,no,YouTube Audio Library,2026-08-26T07:44:26.423938
108153e5-b40b-49fd-ac7a-c8b245598538,YouTube Library Track 372,YouTube Creator Artist 13,2024,no,YouTube Audio Library,2026-08-26T07:44:26.424017
b8bc7dbe-339a-417e-a084-d02035f80790,YouTube Library Track 377,YouTube Creator Artist 18,2024,no,YouTube Audio Library,2026-08-26T07:44:26.424095
4fe3013d-c197-4c95-9cdb-2a1a26c0d394,YouTube Library Track 380,YouTube Creator Artist 1,2024,no,YouTube Audio Library,2026-08-26T07:44:26.424193
6a3beab3-8877-4344-b217-ebccccc1b2af,YouTube Library Track 379,YouTube Creator Artist 20,2024,no,YouTube Audio Library,2026-08-26T07:44:26.424278
8cafc67b-453f-4cac-b2a6-7ed7412a4e7d,YouTube Library Track 369,YouTube Creator Artist 10,2024,no,YouTube Audio Library,2026-08-26T07:44:26.424356
9ba24bd2-d866-4287-8aa1-e47f4e558f01,YouTube Library Track 373,YouTube Creator Artist 14,2024,no,YouTube Audio Library,2026-08-26T07:44:26.424432
f501795b-4455-45f3-85bc-b13b6fe4da73,YouTube Library Track 382,YouTube Creator Artist 3,2024,no,YouTube Audio Library,2026-08-26T07:44:26.424507
2a183195-f2de-48ed-8545-8bc36d28c420,YouTube Library Track 381,YouTube Creator Artist 2,2024,no,YouTube Audio Library,2026-08-26T07:44:26.424582
6109624a-dcdf-4217-a722-c9b7a6ac1ea7,YouTube Library Track 383,YouTube Creator Artist 4,2024,no,YouTube Audio Library,2026-08-26T07:44:26.424671
a3fd0f70-8bae-4bcd-b43c-519e37de6d2d,YouTube Library Track 384,YouTube Creator Artist 5,2024,no,YouTube Audio Library,2026-08-26T07:44:26.424749
bb2e14fe-9827-4319-bc96-cb9ad641c40a,YouTube Library Track 386,YouTube Creator Artist 7,2024,no,YouTube Audio Library,2026-08-26T07:44:26.424833
69b76b22-3ea7-4d0e-a6b2-93918bab0d43,YouTube Library Track 387,YouTube Creator Artist 8,2024,no,YouTube Audio Library,2026-08-26T07:44:26.424909
712c64f7-3835-4ed0-87ca-d68141c6f952,YouTube Library Track 389,YouTube Creator Artist 10,2024,no,YouTube Audio Library,2026-08-26T07:44:26.424983
e5850fa8-d671-44bf-bb7b-32cae9e5a53c,YouTube Library Track 378,YouTube Creator Artist 19,2024,no,YouTube Audio Library,2026-08-26T07:44:26.425060
0e85e5bb-a179-429a-883f-b9dcabf85604,YouTube Library Track 388,YouTube Creator Artist 9,2024,no,YouTube Audio Library,2026-08-26T07:44:26.425142
94b75461-46ff-4f12-bd22-ce7fc44ef383,YouTube Library Track 385,YouTube Creator Artist 6,2024,no,YouTube Audio Library,2026-08-26T07:44:26.425251
8758178d-0716-41b0-94c1-28da5b31819e,YouTube Library Track 391,YouTube Creator Artist 12,2024,no,YouTube Audio Library,2026-08-26T07:44:26.425333
b8699ba8-b287-44f6-a548-3d106fb85a7f,YouTube Library Track 393,YouTube Creator Artist 14,2024,no,YouTube Audio Library,2026-08-26T07:44:26.425408
aa9d880c-5c8a-45fa-9217-b146d9b8286f,YouTube Library Track 390,YouTube Creator Artist 11,2024,no,YouTube Audio Library,2026-08-26T07:44:26.425482
b4eb5216-3c11-4baf-b9e3-41ff880a55bc,YouTube Library Track 398,YouTube Creator Artist 19,2024,no,YouTube Audio Library,2026-08-26T07:44:26.425556
68e47e1e-8f7c-48e0-bc0b-621b7a7de7b5,YouTube Library Track 395,YouTube Creator Artist 16,2024,no,YouTube Audio Library,2026-08-26T07:44:26.425659
81776e99-5378-4238-9de4-69a9f4473173,YouTube Library Track 396,YouTube Creator Artist 17,2024,no,YouTube Audio Library,2026-08-26T07:44:26.425740
8729e12a-3d50-4874-92c2-b2471cc5326c,YouTube Library Track 397,YouTube Creator Artist 18,2024,no,YouTube Audio Library,2026-08-26T07:44:26.425817
c13cf290-b7a1-447f-bdf6-806b6d467cfb,YouTube Library Track 400,YouTube Creator Artist 1,2024,no,YouTube Audio Library,2026-08-26T07:44:26.425891
f591ba12-147c-42c3-bf42-59350dfae646,YouTube Library Track 399,YouTube Creator Artist 20,2024,no,YouTube Audio Library,2026-08-26T07:44:26.425967
8c2aec54-1cf9-4c0f-8872-f71e8fe98800,YouTube Library Track 392,YouTube Creator Artist 13,2024,no,YouTube Audio Library,2026-08-26T07:44:26.426042
75965d86-754a-47bd-ae27-33f4073901cd,YouTube Library Track 394,YouTube Creator Artist 15,2024,no,YouTube Audio Library,2026-08-26T07:44:26.426117
7ce3083d-3739-4f66-9599-ff34d97552e3,FMA Track 000212,FMA Artist,2023,no,FMA,2026-08-26T07:44:26.426219
4a1c73f0-8250-4cb8-87c7-f8da5ba8982a,FMA Track 000255,FMA Artist,2023,no,FMA,2026-08-26T07:44:26.426309
836f0333-a2a4-4422-9dc9-ead7368f268d,FMA Track 000459,FMA Artist,2023,no,FMA,2026-08-26T07:44:26.426393
7e556cc7-3eed-4b90-81bb-b15d933aa7ab,FMA Track 000666,FMA Artist,2023,no,FMA,2026-08-26T07:44:26.426473
acfe7e3d-8a2c-473b-be79-234741ba3bab,FMA Track 000694,FMA Artist,2023,no,FMA,2026-08-26T07:44:26.426549
c04853a1-f422-4769-b977-68dad4c7ef91,FMA Track 000706,FMA Artist,2023,no,FMA,2026-08-26T07:44:26.426624
649ea362-b78b-40ec-944f-bbe02663c3ad,FMA Track 000814,FMA Artist,2023,no,FMA,2026-08-26T07:44:26.426712
179d6d22-4410-4536-8d86-f0a4faa4aacf,FMA Track 000892,FMA Artist,2023,no,FMA,2026-08-26T07:44:26.426789
df6ade2d-1548-4526-9052-aeedcb208343,FMA Track 000998,FMA Artist,2023,no,FMA,2026-08-26T07:44:26.426864
1dae32bd-4a26-4df8-a3ce-65d4b1373a3e,FMA Track 001069,FMA Artist,2023,no,FMA,2026-08-26T07:44:26.426940
986e0ea5-f7c9-4919-8036-777f251b9abb,FMA Track 001083,FMA Artist,2023,no,FMA,2026-08-26T07:44:26.427014
fceaf0c2-1066-4866-b8f2-7660f10079df,FMA Track 001276,FMA Artist,2023,no,FMA,2026-08-26T07:44:26.427092
6fe6d05d-f7b7-41a9-b5e9-cc3df3a64337,FMA Track 001277,FMA Artist,2023,no,FMA,2026-08-26T07:44:26.427194
ed14a713-c9d2-41f8-9ec5-c2da5a9e6276,FMA Track 001544,FMA Artist,2023,no,FMA,2026-08-26T07:44:26.427283
bedb37a7-7640-4703-b66e-7cde9314a0e6,FMA Track 001680,FMA Artist,2023,no,FMA,2026-08-26T07:44:26.427361
5c215bb8-23c2-4ec5-b212-2cd5a8aa3621,FMA Track 001686,FMA Artist,2023,no,FMA,2026-08-26T07:44:26.427437
5dc8e7e9-d078-47b3-a14a-09e19ad4a4d7,FMA Track 001924,FMA Artist,2023,no,FMA,2026-08-26T07:44:26.427513
bfc5cc61-c366-49ae-8dea-c51f1386d62a,FMA Track 003272,FMA Artist,2023,no,FMA,2026-08-26T07:44:26.427587
f5b343eb-e417-4560-ac35-0baacfc263b1,FMA Track 003722,FMA Artist,2023,no,FMA,2026-08-26T07:44:26.427672
001656b0-41f6-45e4-8402-fbd342ee02f5,FMA Track 003775,FMA Artist,2023,no,FMA,2026-08-26T07:44:26.427757
9546aaff-a71d-44be-a90a-e81925d7c367,FMA Track 003905,FMA Artist,2023,no,FMA,2026-08-26T07:44:26.427834
a8ecef2b-d23d-450c-ac9d-8b3972619870,FMA Track 003920,FMA Artist,2023,no,FMA,2026-08-26T07:44:26.427915
31c6d0d8-6d18-4808-a7ee-14d847ecf57d,FMA Track 003950,FMA Artist,2023,no,FMA,2026-08-26T07:44:26.427993
c7544bdb-3b4e-4416-a825-3dcda333af4d,FMA Track 004017,FMA Artist,2023,no,FMA,2026-08-26T07:44:26.428069
3163799f-11ea-4438-ba48-2557d1577a7e,FMA Track 004067,FMA Artist,2023,no,FMA,2026-08-26T07:44:26.428147
afbe25b9-f3f3-4fa6-b27f-e6b0195abf53,FMA Track 004236,FMA Artist,2023,no,FMA,2026-08-26T07:44:26.428253
346ec056-320a-4da4-a64d-cc184b6aeb72,FMA Track 004509,FMA Artist,2023,no,FMA,2026-08-26T07:44:26.428331
6b97fb4f-248d-48bc-9b84-821be59d0e9b,FMA Track 004684,FMA Artist,2023,no,FMA,2026-08-26T07:44:26.428405
672fc28b-f57f-490a-91de-2e007220d1ab,FMA Track 004777,FMA Artist,2023,no,FMA,2026-08-26T07:44:26.428479
269b5ccb-891e-4877-a4e1-9ce91f2f45d7,FMA Track 004784,FMA Artist,2023,no,FMA,2026-08-26T07:44:26.428553
0de9ea87-3ffa-4ac6-8534-1c35b29856c6,FMA Track 004835,FMA Artist,2023,no,FMA,2026-08-26T07:44:26.428627
3358f9e4-204b-412f-9f2a-53d736092e69,FMA Track 005006,FMA Artist,2023,no,FMA,2026-08-26T07:44:26.428716
e2ea85ca-1078-451f-bc7e-ce97dea903f0,FMA Track 005170,FMA Artist,2023,no,FMA,2026-08-26T07:44:26.428804
75098787-99fc-47e9-a326-b7e338166542,FMA Track 005381,FMA Artist,2023,no,FMA,2026-08-26T07:44:26.428891
d78986e3-3ecb-4023-bafc-f5d4da389e5b,FMA Track 006467,FMA Artist,2023,no,FMA,2026-08-26T07:44:26.428969
391dd635-990a-407b-b30c-f25cc2d55acb,FMA Track 006607,FMA Artist,2023,no,FMA,2026-08-26T07:44:26.429049
1ce58e7f-5245-42b6-9a19-7d4a2adc28c1,FMA Track 006610,FMA Artist,2023,no,FMA,2026-08-26T07:44:26.429146
0f2013d3-410e-4633-8d7a-426943d28ba8,FMA Track 006611,FMA Artist,2023,no,FMA,2026-08-26T07:44:26.429291
a140d8d8-8791-459b-8177-e332b4e9d945,FMA Track 006778,FMA Artist,2023,no,FMA,2026-08-26T07:44:26.429380
f0cf59d0-e7d1-4f4d-ae06-7666f762ad52,FMA Track 006788,FMA Artist,2023,no,FMA,2026-08-26T07:44:26.429469
b4e27044-e2c1-472d-8e25-57467e44f995,FMA Track 006803,FMA Artist,2023,no,FMA,2026-08-26T07:44:26.429568
005484e5-47bf-4ed8-9029-c2282e910ec4,FMA Track 007385,FMA Artist,2023,no,FMA,2026-08-26T07:44:26.429681
17f69ce8-dcae-4bc7-a706-a2a979a65f69,FMA Track 007393,FMA Artist,2023,no,FMA,2026-08-26T07:44:26.429770
0cde8df8-4791-4cf3-82a5-a05791893534,FMA Track 008345,FMA Artist,2023,no,FMA,2026-08-26T07:44:26.429865
53c529d0-ba87-4fb3-abab-edb30918d760,FMA Track 009511,FMA Artist,2023,no,FMA,2026-08-26T07:44:26.429958
a0d0d87b-600b-413b-98f0-b7cb0c57318f,FMA Track 009962,FMA Artist,2023,no,FMA,2026-08-26T07:44:26.430051
3aa27e86-6b4c-47f7-9bb2-7e3a1c8723bf,FMA Track 010441,FMA Artist,2023,no,FMA,2026-08-26T07:44:26.430141
beadb9e5-6958-48d8-abe1-bab54576681d,FMA Track 010669,FMA Artist,2023,no,FMA,2026-08-26T07:44:26.430266
7de606eb-6f54-43ff-a315-8dcdd4930288,FMA Track 010677,FMA Artist,2023,no,FMA,2026-08-26T07:44:26.430373
4766f437-5dfe-4666-8fc6-550583eebdc5,FMA Track 010684,FMA Artist,2023,no,FMA,2026-08-26T07:44:26.430475
e7b86c9b-e8ee-497a-b850-39ec08225ab7,FMA Track 010805,FMA Artist,2023,no,FMA,2026-08-26T07:44:26.430571
d285af4c-eb96-43ec-8b25-481644b2e601,FMA Track 010808,FMA Artist,2023,no,FMA,2026-08-26T07:44:26.430690
e29c8667-2b56-4d3e-8829-42647487706f,FMA Track 010992,FMA Artist,2023,no,FMA,2026-08-26T07:44:26.430797
1221b70a-08e0-4496-9a1c-98b51fcb7e95,FMA Track 011059,FMA Artist,2023,no,FMA,2026-08-26T07:44:26.430898
93f1e4f7-3cb4-43f6-9ebd-c7ff44194835,FMA Track 011237,FMA Artist,2023,no,FMA,2026-08-26T07:44:26.430998
5d7a6eac-7a48-4781-a6eb-94b3b045b173,FMA Track 011262,FMA Artist,2023,no,FMA,2026-08-26T07:44:26.431102
7559b5c9-0646-4190-8562-4d53abafa9be,FMA Track 011504,FMA Artist,2023,no,FMA,2026-08-26T07:44:26.431237
a6be4433-de95-45ce-aaf7-c597f9b5d3b2,FMA Track 011673,FMA Artist,2023,no,FMA,2026-08-26T07:44:26.431347
1ac38e9a-50bd-409d-8473-23cad794d062,FMA Track 011682,FMA Artist,2023,no,FMA,2026-08-26T07:44:26.431449
bb488d7f-becf-418b-8c18-4d264819257d,FMA Track 011770,FMA Artist,2023,no,FMA,2026-08-26T07:44:26.431548
542c24fd-f93d-4fed-961d-e2f5b54d068c,FMA Track 011785,FMA Artist,2023,no,FMA,2026-08-26T07:44:26.431652
a550ec47-0bcd-4e52-b6d4-add280c486d8,FMA Track 011790,FMA Artist,2023,no,FMA,2026-08-26T07:44:26.431764
54309e04-8a45-41bd-ac35-f21c00bf74eb,FMA Track 011792,FMA Artist,2023,no,FMA,2026-08-26T07:44:26.431866
57baf113-5282-4a96-a881-c7922ce320ae,FMA Track 011795,FMA Artist,2023,no,FMA,2026-08-26T07:44:26.431975
069a5a03-ddd9-447f-abf4-b7e407c5a6c3,FMA Track 011803,FMA Artist,2023,no,FMA,2026-08-26T07:44:26.432085
71b2366e-08bf-47b6-806b-8ac940bf21c3,FMA Track 011919,FMA Artist,2023,no,FMA,2026-08-26T07:44:26.432641
3ac33ea5-997d-433b-8042-b6e33b7830d0,FMA Track 012061,FMA Artist,2023,no,FMA,2026-08-26T07:44:26.433010
7b6c488b-ba48-49b9-b872-480baedd3c9a,FMA Track 012174,FMA Artist,2023,no,FMA,2026-08-26T07:44:26.433151
329a4c16-bb92-4a51-a12c-51d4406f3652,FMA Track 012394,FMA Artist,2023,no,FMA,2026-08-26T07:44:26.433300
d3aede3d-ab7c-41f5-9ac6-4ab59ab185d7,FMA Track 012690,FMA Artist,2023,no,FMA,2026-08-26T07:44:26.433411
3ac15799-fa8a-43d0-95ef-99ec3643e541,FMA Track 013474,FMA Artist,2023,no,FMA,2026-08-26T07:44:26.433518
cea1f61b-3064-43eb-931e-bfb2185005f3,FMA Track 013561,FMA Artist,2023,no,FMA,2026-08-26T07:44:26.433628
4d59ca11-33ee-449d-abf3-316d1b7079d6,FMA Track 014315,FMA Artist,2023,no,FMA,2026-08-26T07:44:26.433737
88a23e75-1f32-454b-838f-58acd1e63318,FMA Track 014344,FMA Artist,2023,no,FMA,2026-08-26T07:44:26.433854
75bd5bd1-ac3d-4409-b1af-a1b895acd3ca,FMA Track 014358,FMA Artist,2023,no,FMA,2026-08-26T07:44:26.433970
0f97d765-b5ef-467e-a7d7-94be7fb9553a,FMA Track 014572,FMA Artist,2023,no,FMA,2026-08-26T07:44:26.434077
5a6e8e03-7693-41d0-b5f7-d0fc9d26c559,FMA Track 014586,FMA Artist,2023,no,FMA,2026-08-26T07:44:26.434211
59c8e183-f08e-4e37-9a6d-477b266c2472,FMA Track 014601,FMA Artist,2023,no,FMA,2026-08-26T07:44:26.434325
ee1a6d0f-0486-48c4-a871-128ba93e176f,FMA Track 014603,FMA Artist,2023,no,FMA,2026-08-26T07:44:26.434427
c963cccd-29f4-46a1-b6fa-51789cc515e3,FMA Track 014809,FMA Artist,2023,no,FMA,2026-08-26T07:44:26.434530
5a207318-6024-4a1e-80ec-e51e13f18264,FMA Track 015210,FMA Artist,2023,no,FMA,2026-08-26T07:44:26.434641
61176fd6-b078-4b51-bee6-c339528c2c1d,FMA Track 015464,FMA Artist,2023,no,FMA,2026-08-26T07:44:26.434747
8b989d3d-4c86-4359-83af-e49fe6a7388e,FMA Track 015487,FMA Artist,2023,no,FMA,2026-08-26T07:44:26.434866
af30eac0-450f-4374-ba07-13724a8e38ec,FMA Track 015488,FMA Artist,2023,no,FMA,2026-08-26T07:44:26.434982
c3d46565-950c-4e96-a00d-f79d74a87f07,FMA Track 015625,FMA Artist,2023,no,FMA,2026-08-26T07:44:26.435084
d3534b2d-2db7-4ccb-95b5-7213c2fdadef,FMA Track 016339,FMA Artist,2023,no,FMA,2026-08-26T07:44:26.435228
cfb87cb3-9fd6-4277-bad3-ee81b5e27c49,FMA Track 016822,FMA Artist,2023,no,FMA,2026-08-26T07:44:26.435340
211ea3bb-31d0-4b66-8f75-c60ed0e06ac9,FMA Track 017608,FMA Artist,2023,no,FMA,2026-08-26T07:44:26.435437
c89e5456-fa66-49be-935c-a6a9de24d56f,FMA Track 017633,FMA Artist,2023,no,FMA,2026-08-26T07:44:26.435525
c8f827ad-23be-4e52-b66e-5c2d2607c5f1,FMA Track 018032,FMA Artist,2023,no,FMA,2026-08-26T07:44:26.435617
8d811a13-c8fd-4fab-87ec-38fe75da6a5a,FMA Track 018611,FMA Artist,2023,no,FMA,2026-08-26T07:44:26.435707
6b42e2ea-8435-4a95-b4da-109e3ca5bab7,FMA Track 019689,FMA Artist,2023,no,FMA,2026-08-26T07:44:26.435790
f46e0fe2-05ce-463e-a823-4dd5be1c6724,FMA Track 020050,FMA Artist,2023,no,FMA,2026-08-26T07:44:26.435886
6ee67c21-ea6c-4e11-b74c-8c31ecb2e1c7,FMA Track 020424,FMA Artist,2023,no,FMA,2026-08-26T07:44:26.435989
e0bf8ccb-fe71-42a7-b8c5-5357df49f731,FMA Track 021859,FMA Artist,2023,no,FMA,2026-08-26T07:44:26.436082
c26c21bd-2c7e-4a97-bc02-3749f29b4b69,FMA Track 022296,FMA Artist,2023,no,FMA,2026-08-26T07:44:26.436233
ec37a316-1a46-4a6d-8a68-42835d7b0ccb,FMA Track 023010,FMA Artist,2023,no,FMA,2026-08-26T07:44:26.436337
ab222427-1015-4fa6-a7c9-850dd3ff21d6,FMA Track 023505,FMA Artist,2023,no,FMA,2026-08-26T07:44:26.436422
32620dd6-409c-4bff-9fed-d8f0d0f2b013,FMA Track 024370,FMA Artist,2023,no,FMA,2026-08-26T07:44:26.436515
0b9a4e95-4abe-4c81-9b4d-21e721677064,FMA Track 024720,FMA Artist,2023,no,FMA,2026-08-26T07:44:26.436615
022169d8-ebf2-4c27-8177-73ee52205af9,FMA Track 024739,FMA Artist,2023,no,FMA,2026-08-26T07:44:26.436719
f35e9ea7-d193-4527-b75a-338d71190caa,FMA Track 024747,FMA Artist,2023,no,FMA,2026-08-26T07:44:26.436820
512c73e1-7af7-45f7-98f0-cb4d14056c50,FMA Track 024842,FMA Artist,2023,no,FMA,2026-08-26T07:44:26.436929
d9a175de-08c5-435b-be55-5e7ed66740b0,FMA Track 024912,FMA Artist,2023,no,FMA,2026-08-26T07:44:26.437020
cfa2123b-8bc7-4f9c-92c9-3e9474ccbdb8,FMA Track 024915,FMA Artist,2023,no,FMA,2026-08-26T07:44:26.437123
de607ea0-c269-4fd6-b4bf-9e18949dcf0f,FMA Track 025030,FMA Artist,2023,no,FMA,2026-08-26T07:44:26.437271
443e54ca-7a4d-417f-b377-30f4e9c1cd33,FMA Track 025031,FMA Artist,2023,no,FMA,2026-08-26T07:44:26.437372
49230db8-fa53-4747-b377-5c0930526965,FMA Track 025063,FMA Artist,2023,no,FMA,2026-08-26T07:44:26.437463
4d8ee189-f49d-4dde-9531-a1ee7cd616f1,FMA Track 025124,FMA Artist,2023,no,FMA,2026-08-26T07:44:26.437531
2cf71e83-0670-4bcb-aa48-997b1fe5bd87,FMA Track 025216,FMA Artist,2023,no,FMA,2026-08-26T07:44:26.437589
41618ed5-5188-4fce-b688-4386afc683c1,FMA Track 025378,FMA Artist,2023,no,FMA,2026-08-26T07:44:26.437652
21485db9-b225-4c92-90a0-cab95000e651,FMA Track 025669,FMA Artist,2023,no,FMA,2026-08-26T07:44:26.437712
6cfbde8d-dfff-4bbf-a095-3c993006cb3f,FMA Track 025795,FMA Artist,2023,no,FMA,2026-08-26T07:44:26.437768
41514edb-6006-4f31-a198-8a8f3255cb1e,FMA Track 025797,FMA Artist,2023,no,FMA,2026-08-26T07:44:26.437824
de306c3f-d05a-459a-8a1d-8ce76db22f90,FMA Track 026012,FMA Artist,2023,no,FMA,2026-08-26T07:44:26.437878
10bde625-fbd3-4131-889b-67d98efe5999,FMA Track 026014,FMA Artist,2023,no,FMA,2026-08-26T07:44:26.437936
c759ee77-3193-4efb-851a-566680005f40,FMA Track 026016,FMA Artist,2023,no,FMA,2026-08-26T07:44:26.437992
094ade18-fac7-4260-903b-33a621fdd2a4,FMA Track 026017,FMA Artist,2023,no,FMA,2026-08-26T07:44:26.438047
93310d61-e0e5-4731-bb62-09e97f4e4821,FMA Track 026025,FMA Artist,2023,no,FMA,2026-08-26T07:44:26.438102
4a89aedd-5f86-4af6-9578-8d0d0fa821b9,FMA Track 026465,FMA Artist,2023,no,FMA,2026-08-26T07:44:26.438358
3635c0d8-dee1-48ca-b28f-8e024395f519,FMA Track 026466,FMA Artist,2023,no,FMA,2026-08-26T07:44:26.438493
9084f5b8-bfa2-45a0-a36e-b49bd04f3a39,FMA Track 026605,FMA Artist,2023,no,FMA,2026-08-26T07:44:26.438601
fdc0f91a-be18-4701-9cd1-da986dbd9c53,FMA Track 026642,FMA Artist,2023,no,FMA,2026-08-26T07:44:26.438725
ee68957e-a780-47ce-b8ff-aab203948854,FMA Track 027610,FMA Artist,2023,no,FMA,2026-08-26T07:44:26.438843
d6cc68cc-2c12-43e0-a855-3321849451a1,FMA Track 027667,FMA Artist,2023,no,FMA,2026-08-26T07:44:26.438949
d7570662-badd-4cc0-a8b8-6a3adda7a491,FMA Track 027978,FMA Artist,2023,no,FMA,2026-08-26T07:44:26.439064
baf0e799-90f8-474d-969a-c388a9f83bee,FMA Track 027987,FMA Artist,2023,no,FMA,2026-08-26T07:44:26.439196
d3aef4ed-c7fc-470e-ba71-8030036deaf9,FMA Track 028546,FMA Artist,2023,no,FMA,2026-08-26T07:44:26.439317
94e55727-7a4d-4cef-9496-fa08f02026f0,FMA Track 028692,FMA Artist,2023,no,FMA,2026-08-26T07:44:26.439430
107ee1a8-e5d7-4922-93db-5321c8485d54,FMA Track 029044,FMA Artist,2023,no,FMA,2026-08-26T07:44:26.439542
e2f08734-194c-45df-9fa3-65ab3a655115,FMA Track 029271,FMA Artist,2023,no,FMA,2026-08-26T07:44:26.439665
41d84307-6bd9-431f-bac2-cd1664eca304,FMA Track 029587,FMA Artist,2023,no,FMA,2026-08-26T07:44:26.439790
19190019-f37b-4e4e-8e76-af6ac6340d68,FMA Track 029719,FMA Artist,2023,no,FMA,2026-08-26T07:44:26.439900
40f22216-3052-404c-8131-170f9a1e4afa,FMA Track 030059,FMA Artist,2023,no,FMA,2026-08-26T07:44:26.440002
6597b439-d5a5-4161-a0b0-d7744cbda02f,FMA Track 031040,FMA Artist,2023,no,FMA,2026-08-26T07:44:26.440099
1b2f6c04-a722-49c9-bac8-09cfe8798296,FMA Track 031042,FMA Artist,2023,no,FMA,2026-08-26T07:44:26.440249
e5d09a42-b7e2-4cd3-8c44-bea9b3c782f8,FMA Track 032075,FMA Artist,2023,no,FMA,2026-08-26T07:44:26.440355
1253d52a-7754-436a-ac7d-d2e83a81bcde,FMA Track 032218,FMA Artist,2023,no,FMA,2026-08-26T07:44:26.440447
656cfcd6-3fb2-4e6e-a3d1-437560260881,FMA Track 032338,FMA Artist,2023,no,FMA,2026-08-26T07:44:26.440550
1b194231-dee5-4850-af7d-5c324ca24a96,FMA Track 032435,FMA Artist,2023,no,FMA,2026-08-26T07:44:26.440682
c06fcdb2-e7cc-4943-820c-317ef658275c,FMA Track 032760,FMA Artist,2023,no,FMA,2026-08-26T07:44:26.440811
2f1cef77-c1ca-449a-b2ac-4967725ea19b,FMA Track 032882,FMA Artist,2023,no,FMA,2026-08-26T07:44:26.440919
de630a96-87da-4998-b832-414ed0c8aab7,FMA Track 033422,FMA Artist,2023,no,FMA,2026-08-26T07:44:26.441008
e41407f5-34a9-4997-9e93-5279dc8d78f8,FMA Track 033460,FMA Artist,2023,no,FMA,2026-08-26T07:44:26.441089
e91a4be6-ab7e-4fb2-ac32-408ecf3c5522,FMA Track 033465,FMA Artist,2023,no,FMA,2026-08-26T07:44:26.441205
23d0ef83-9b6a-4d43-a165-95938355c9cb,FMA Track 033477,FMA Artist,2023,no,FMA,2026-08-26T07:44:26.441300
481ab8af-2993-4585-ba22-ab874ee9a492,FMA Track 034147,FMA Artist,2023,no,FMA,2026-08-26T07:44:26.441382
0b69222d-db79-4740-b38a-2f62b96faed7,FMA Track 034257,FMA Artist,2023,no,FMA,2026-08-26T07:44:26.441470
4263bb5a-2c15-4b51-a723-b2459d4eca40,FMA Track 035008,FMA Artist,2023,no,FMA,2026-08-26T07:44:26.441547
421a9101-795c-4dd0-bc09-aeb1d483c613,FMA Track 035296,FMA Artist,2023,no,FMA,2026-08-26T07:44:26.441623
5da0e7ab-4943-4652-9eec-52948b051583,FMA Track 035299,FMA Artist,2023,no,FMA,2026-08-26T07:44:26.441786
9d48160f-e6a1-42ea-ae23-5fda09f80274,FMA Track 036257,FMA Artist,2023,no,FMA,2026-08-26T07:44:26.441879
2e6fadf3-3318-42e1-9e43-878499256799,FMA Track 036322,FMA Artist,2023,no,FMA,2026-08-26T07:44:26.441971
11f707f5-3dab-483d-9069-cf63c96858aa,FMA Track 036983,FMA Artist,2023,no,FMA,2026-08-26T07:44:26.442063
e4a56bbf-f768-43a7-a165-2b83b43bcd1e,FMA Track 036984,FMA Artist,2023,no,FMA,2026-08-26T07:44:26.442156
3b61888d-549b-4012-a58b-424a13135d73,FMA Track 036985,FMA Artist,2023,no,FMA,2026-08-26T07:44:26.442619
7e2fcd43-83c6-421c-a484-7061d01f00d6,FMA Track 036997,FMA Artist,2023,no,FMA,2026-08-26T07:44:26.442761
e5af2fe4-2bcd-44b6-87de-3efdc949e516,FMA Track 037121,FMA Artist,2023,no,FMA,2026-08-26T07:44:26.442880
2c335516-6625-4e21-b3b8-0c3f985ff7e6,FMA Track 037324,FMA Artist,2023,no,FMA,2026-08-26T07:44:26.442997
448f7e8e-a277-4aff-be36-af5365fbcf27,FMA Track 037369,FMA Artist,2023,no,FMA,2026-08-26T07:44:26.443103
23501c3f-9514-4b4b-9692-44bb4a769cd5,FMA Track 037416,FMA Artist,2023,no,FMA,2026-08-26T07:44:26.443239
21669104-65b8-4154-b66d-0aaf3bb81135,FMA Track 038777,FMA Artist,2023,no,FMA,2026-08-26T07:44:26.443351
40e5f9c0-1466-43e5-b551-98bd62aa094b,FMA Track 038822,FMA Artist,2023,no,FMA,2026-08-26T07:44:26.443457
ff9adf6e-ee43-468d-a2fe-c6cd018ca58f,FMA Track 038826,FMA Artist,2023,no,FMA,2026-08-26T07:44:26.443574
54955875-0af4-4dd8-835f-112c0283dff1,FMA Track 038891,FMA Artist,2023,no,FMA,2026-08-26T07:44:26.443691
ae54a023-b5ef-40b5-9417-a71387950ff7,FMA Track 038899,FMA Artist,2023,no,FMA,2026-08-26T07:44:26.443802
66e9a537-2ea7-4e9f-a75b-5d95a62d5c8b,FMA Track 038901,FMA Artist,2023,no,FMA,2026-08-26T07:44:26.443919
cf2818d9-440b-4280-80e4-34910c2e1343,FMA Track 038906,FMA Artist,2023,no,FMA,2026-08-26T07:44:26.444026
84030550-ec01-4c68-af1f-aa17014bcb03,FMA Track 039318,FMA Artist,2023,no,FMA,2026-08-26T07:44:26.444140
da75eb64-074e-404c-b8de-28a4ff8ae715,FMA Track 039659,FMA Artist,2023,no,FMA,2026-08-26T07:44:26.444285
dbf85caa-f592-417c-98ed-4eb7d01a7f26,FMA Track 039664,FMA Artist,2023,no,FMA,2026-08-26T07:44:26.444396
1260ccf4-68b6-4a9e-8b70-e4ec997e6581,FMA Track 039875,FMA Artist,2023,no,FMA,2026-08-26T07:44:26.444508
fb709560-252e-45e5-91fc-0b65ea185f38,FMA Track 040139,FMA Artist,2023,no,FMA,2026-08-26T07:44:26.444600
181207a7-9727-43ed-a51d-36e3834768bb,FMA Track 040230,FMA Artist,2023,no,FMA,2026-08-26T07:44:26.444713
13a0bd72-b93a-486c-97b9-f953f176f273,FMA Track 040938,FMA Artist,2023,no,FMA,2026-08-26T07:44:26.444812
f3fc9232-0a29-4f8c-8878-94ec7e25c2f4,FMA Track 041020,FMA Artist,2023,no,FMA,2026-08-26T07:44:26.444907
538d2cae-9052-4303-9082-271d8346ff5a,FMA Track 041147,FMA Artist,2023,no,FMA,2026-08-26T07:44:26.445003
a29cfed5-e774-4d88-b550-10b4a4f68a66,FMA Track 041825,FMA Artist,2023,no,FMA,2026-08-26T07:44:26.445104
84f26ba9-766e-406a-8df6-a2bd731b6b28,FMA Track 042044,FMA Artist,2023,no,FMA,2026-08-26T07:44:26.445241
8ab9809b-80cf-480f-82f3-2ca5d1b1f1b0,FMA Track 042129,FMA Artist,2023,no,FMA,2026-08-26T07:44:26.445343
7c1f9304-a250-4196-b391-5cba062d6e29,FMA Track 042234,FMA Artist,2023,no,FMA,2026-08-26T07:44:26.445432
5e89a355-cebd-4a5b-a829-c1f0322ac95a,FMA Track 042245,FMA Artist,2023,no,FMA,2026-08-26T07:44:26.445525
351a3c46-e407-401f-b6d6-1b52ec471a6b,FMA Track 042247,FMA Artist,2023,no,FMA,2026-08-26T07:44:26.445648
6241663e-c1af-48d6-9ade-9c590e992ef5,FMA Track 042372,FMA Artist,2023,no,FMA,2026-08-26T07:44:26.445740
780008b1-629f-4125-8fed-d14bfce51e77,FMA Track 042377,FMA Artist,2023,no,FMA,2026-08-26T07:44:26.445818
232da360-721a-4275-8104-435ef991f122,FMA Track 043023,FMA Artist,2023,no,FMA,2026-08-26T07:44:26.445893
b3c2b102-0f0d-4eed-afe4-58f405c832fd,FMA Track 043025,FMA Artist,2023,no,FMA,2026-08-26T07:44:26.445970
96d90803-3f04-48b5-8243-03000f2c3629,FMA Track 043027,FMA Artist,2023,no,FMA,2026-08-26T07:44:26.446065
ef37d927-c6f5-4847-b9e6-ec4ece75674b,FMA Track 043594,FMA Artist,2023,no,FMA,2026-08-26T07:44:26.446197
a7bed972-2638-4b0f-ba84-fdda3f4faf47,FMA Track 043595,FMA Artist,2023,no,FMA,2026-08-26T07:44:26.446302
7f72d2b4-609f-4861-91f3-43222f4a3ead,FMA Track 043599,FMA Artist,2023,no,FMA,2026-08-26T07:44:26.446399
7da14943-c7e8-494a-b345-366daac6ae1c,FMA Track 043691,FMA Artist,2023,no,FMA,2026-08-26T07:44:26.446481
b5e51ee1-cdab-4ad8-9a17-d6c1a752ec00,FMA Track 043697,FMA Artist,2023,no,FMA,2026-08-26T07:44:26.446542
81e2d5f8-8421-4c1c-ba0a-2bb714d42389,FMA Track 043698,FMA Artist,2023,no,FMA,2026-08-26T07:44:26.446599
c2a9e88d-2739-4492-974f-784849b2f838,FMA Track 043765,FMA Artist,2023,no,FMA,2026-08-26T07:44:26.447003
03b1e87d-2920-41d1-8e4c-0f7921c8e912,FMA Track 043883,FMA Artist,2023,no,FMA,2026-08-26T07:44:26.447428
d55c222f-3fee-4ade-824e-8a0b7d62f1da,FMA Track 044792,FMA Artist,2023,no,FMA,2026-08-26T07:44:26.447594
df5271a6-5a98-42e6-a871-04c6445b61c1,FMA Track 044796,FMA Artist,2023,no,FMA,2026-08-26T07:44:26.447704
5cb58bcb-46fa-41c7-ba5d-dac195695910,FMA Track 044849,FMA Artist,2023,no,FMA,2026-08-26T07:44:26.447790
3c2bec91-7fdd-42c8-9649-958e010dffb9,FMA Track 044854,FMA Artist,2023,no,FMA,2026-08-26T07:44:26.447858
b0285ca6-bbbd-4883-877a-f0131b211886,FMA Track 044949,FMA Artist,2023,no,FMA,2026-08-26T07:44:26.447919
1607ae0a-4aa6-4da5-b333-6b0c81c0e1f0,FMA Track 045151,FMA Artist,2023,no,FMA,2026-08-26T07:44:26.447990
28c2f52f-1b61-43e4-a919-02ecf5e655ea,FMA Track 045335,FMA Artist,2023,no,FMA,2026-08-26T07:44:26.448048
fd443020-5507-4bc8-9c9d-b106179f1429,FMA Track 045387,FMA Artist,2023,no,FMA,2026-08-26T07:44:26.448107
5ab67a0b-4c80-469e-9361-0ebf63823449,FMA Track 045513,FMA Artist,2023,no,FMA,2026-08-26T07:44:26.448208
3bb565f8-94f0-4e5b-b204-389161157896,FMA Track 045941,FMA Artist,2023,no,FMA,2026-08-26T07:44:26.448314
a0e7673a-fa93-4f61-ae3b-be76ae1afa74,FMA Track 046840,FMA Artist,2023,no,FMA,2026-08-26T07:44:26.448379
63e1537e-c850-4e16-900a-9cb1768d2b60,FMA Track 047075,FMA Artist,2023,no,FMA,2026-08-26T07:44:26.448438
ff152849-e706-45f2-826f-f4a68274657d,FMA Track 047195,FMA Artist,2023,no,FMA,2026-08-26T07:44:26.448495
141ef428-c76a-4982-9314-ba2d4d02bd8c,FMA Track 047202,FMA Artist,2023,no,FMA,2026-08-26T07:44:26.448551
aeb94b85-3e6e-48e9-a3a0-65b13993fff6,FMA Track 047506,FMA Artist,2023,no,FMA,2026-08-26T07:44:26.448607
128b918f-065c-4693-8f05-0ce7492b689f,FMA Track 047659,FMA Artist,2023,no,FMA,2026-08-26T07:44:26.448663
bdf06a9d-1915-4c22-8111-f5ac1fc1dad7,FMA Track 047666,FMA Artist,2023,no,FMA,2026-08-26T07:44:26.448718
d88de0e4-62cf-4daa-9c23-78c69020d30f,FMA Track 047897,FMA Artist,2023,no,FMA,2026-08-26T07:44:26.448788
3646c00a-1a69-4492-9164-01bee5872655,FMA Track 048293,FMA Artist,2023,no,FMA,2026-08-26T07:44:26.448846
dbb66a5e-3ce3-4c17-9d0b-b9523835bbb2,FMA Track 048446,FMA Artist,2023,no,FMA,2026-08-26T07:44:26.448902
8a666117-204d-4a36-a315-139ae375c737,FMA Track 048457,FMA Artist,2023,no,FMA,2026-08-26T07:44:26.448955
2408bdc8-c0d2-48dc-94e8-64fad235b69b,FMA Track 049812,FMA Artist,2023,no,FMA,2026-08-26T07:44:26.449017
c0187f85-c4da-4864-a766-d4b504c99748,FMA Track 049842,FMA Artist,2023,no,FMA,2026-08-26T07:44:26.449074
782f5d7c-eeeb-4361-ab9f-40ca563c922b,FMA Track 049844,FMA Artist,2023,no,FMA,2026-08-26T07:44:26.449130
22904725-18b8-46a1-a673-e57dd4f7cd09,FMA Track 049857,FMA Artist,2023,no,FMA,2026-08-26T07:44:26.449228
e518097c-594b-4fa6-bd1f-58b4b8ffe825,FMA Track 050272,FMA Artist,2023,no,FMA,2026-08-26T07:44:26.449304
55e6e5fb-0a48-493c-8852-fc3e5ff90329,FMA Track 051292,FMA Artist,2023,no,FMA,2026-08-26T07:44:26.449361
fea459e4-7a45-4bc2-9374-c042cf9d2a9f,FMA Track 051999,FMA Artist,2023,no,FMA,2026-08-26T07:44:26.449415
c6ab4393-ce2a-4de2-989a-ae87ffa1ef32,FMA Track 052041,FMA Artist,2023,no,FMA,2026-08-26T07:44:26.449469
b1578e18-4757-4f93-8653-067bccb0b82a,FMA Track 052045,FMA Artist,2023,no,FMA,2026-08-26T07:44:26.449522
bbc89aad-207d-41c4-b040-9f6e613401e6,FMA Track 052118,FMA Artist,2023,no,FMA,2026-08-26T07:44:26.449602
ca22f4d6-a691-4d73-98cc-9ea461b60402,FMA Track 052119,FMA Artist,2023,no,FMA,2026-08-26T07:44:26.449702
94551542-6af9-4b4b-9620-738c25d1e71e,FMA Track 052121,FMA Artist,2023,no,FMA,2026-08-26T07:44:26.449809
ddda80b4-be81-47b7-b936-3c5595323e91,FMA Track 052125,FMA Artist,2023,no,FMA,2026-08-26T07:44:26.449903
5fce0954-9508-4921-b73d-6a591822edbc,FMA Track 052375,FMA Artist,2023,no,FMA,2026-08-26T07:44:26.449999
edfda95b-a512-40a9-98b3-cfbb0c2ccd54,FMA Track 052449,FMA Artist,2023,no,FMA,2026-08-26T07:44:26.450088
ee805658-1775-4036-b739-cad869ad7d75,FMA Track 052508,FMA Artist,2023,no,FMA,2026-08-26T07:44:26.450210
90b051e2-264b-4601-aba5-29b0830b40f1,FMA Track 052636,FMA Artist,2023,no,FMA,2026-08-26T07:44:26.450315
4211c3e5-26e1-4331-ad2b-7a5972b4ab4f,FMA Track 052861,FMA Artist,2023,no,FMA,2026-08-26T07:44:26.450406
610c42cb-5a13-4db2-8b60-b628bfa792a1,FMA Track 052954,FMA Artist,2023,no,FMA,2026-08-26T07:44:26.450511
3240cee9-2d41-4a51-ba11-8b5f1d845e5c,FMA Track 053228,FMA Artist,2023,no,FMA,2026-08-26T07:44:26.450607
f90666a4-240c-4dfa-a4fd-7a87e883b7b4,FMA Track 053299,FMA Artist,2023,no,FMA,2026-08-26T07:44:26.450694
ff90509d-d348-4cc3-accf-b496874b3519,FMA Track 053592,FMA Artist,2023,no,FMA,2026-08-26T07:44:26.450810
63242edc-301a-4b5c-a239-20df973ee5d8,FMA Track 053807,FMA Artist,2023,no,FMA,2026-08-26T07:44:26.450904
32502c1a-be72-4141-9715-cc492e626d7c,FMA Track 054033,FMA Artist,2023,no,FMA,2026-08-26T07:44:26.451002
9bb05fe3-ae7b-4999-a2ff-d9928d8a6347,FMA Track 054063,FMA Artist,2023,no,FMA,2026-08-26T07:44:26.451096
c562934f-45fb-48d4-ac9f-cbceb757d835,FMA Track 054149,FMA Artist,2023,no,FMA,2026-08-26T07:44:26.451207
cfcf2c20-f024-41a9-a411-2844b9dd2ec8,FMA Track 054155,FMA Artist,2023,no,FMA,2026-08-26T07:44:26.451318
9c9c69a3-ea9b-4e57-9a0d-81f90321f942,FMA Track 054160,FMA Artist,2023,no,FMA,2026-08-26T07:44:26.451418
97c57e48-d97a-4bea-a220-8e49299b0524,FMA Track 054437,FMA Artist,2023,no,FMA,2026-08-26T07:44:26.451521
01df6022-f921-48d7-ad44-ba395875300b,FMA Track 054465,FMA Artist,2023,no,FMA,2026-08-26T07:44:26.451622
4562ee9e-eae5-40dd-80d8-1342b35a2bea,FMA Track 054466,FMA Artist,2023,no,FMA,2026-08-26T07:44:26.451721
8c85c447-0cb2-4ef1-8624-fffc762148bf,FMA Track 054570,FMA Artist,2023,no,FMA,2026-08-26T07:44:26.451833
2763c65e-edf7-45a0-a999-156d183cf1e1,FMA Track 055097,FMA Artist,2023,no,FMA,2026-08-26T07:44:26.451934
ee6d3982-e989-4225-b6eb-596e796bb088,FMA Track 055232,FMA Artist,2023,no,FMA,2026-08-26T07:44:26.452022
746d6ec3-015c-45e6-bb7f-443eabd33ff1,FMA Track 055236,FMA Artist,2023,no,FMA,2026-08-26T07:44:26.452102
62cbc7e8-13f4-4bfe-b46b-a3ddedcd999e,FMA Track 055716,FMA Artist,2023,no,FMA,2026-08-26T07:44:26.452227
f2f84030-cf90-43b0-a592-5fce1f65d0b9,FMA Track 055786,FMA Artist,2023,no,FMA,2026-08-26T07:44:26.452308
f8986ee1-4ecb-4ef3-a7ab-a7c17d11427b,FMA Track 055807,FMA Artist,2023,no,FMA,2026-08-26T07:44:26.452385
ab7770ad-5858-48b2-b94a-d3a1943afa0c,FMA Track 055827,FMA Artist,2023,no,FMA,2026-08-26T07:44:26.452463
135bad82-28d1-4ba3-8396-ceeb2678e57d,FMA Track 056465,FMA Artist,2023,no,FMA,2026-08-26T07:44:26.452539
e623f75b-c340-4272-a074-2b63691fd598,FMA Track 056645,FMA Artist,2023,no,FMA,2026-08-26T07:44:26.452620
3867d19c-02cc-47a4-a36d-e7a9eef7ab83,FMA Track 056649,FMA Artist,2023,no,FMA,2026-08-26T07:44:26.452713
c08ec64c-7417-4e50-9008-a62c077e7df9,FMA Track 057175,FMA Artist,2023,no,FMA,2026-08-26T07:44:26.452817
afd904f7-1bad-49b6-a7a6-f634050b2505,FMA Track 057178,FMA Artist,2023,no,FMA,2026-08-26T07:44:26.452912
9c67acb2-20c9-4448-bb6c-ede912884a33,FMA Track 057439,FMA Artist,2023,no,FMA,2026-08-26T07:44:26.453008
02023765-f750-40f5-8265-1c1c88e454a2,FMA Track 057500,FMA Artist,2023,no,FMA,2026-08-26T07:44:26.453096
69c25a54-b7c0-4ab9-a71a-dadefadb8573,FMA Track 057640,FMA Artist,2023,no,FMA,2026-08-26T07:44:26.453216
0c750770-4d56-453c-a41a-2aa33c05d75c,FMA Track 057665,FMA Artist,2023,no,FMA,2026-08-26T07:44:26.453326
2f469e30-37e8-4f00-92c4-f53915a6ee8c,FMA Track 057697,FMA Artist,2023,no,FMA,2026-08-26T07:44:26.453422
2c024989-ce8e-4b7f-a326-ea4391ccd2cc,FMA Track 057823,FMA Artist,2023,no,FMA,2026-08-26T07:44:26.453524
ec803586-517d-4d5a-8836-ec31fa6d3f7c,FMA Track 058052,FMA Artist,2023,no,FMA,2026-08-26T07:44:26.453617
37bffb95-9575-43f0-b45e-38573a1bf094,FMA Track 059562,FMA Artist,2023,no,FMA,2026-08-26T07:44:26.453706
31a4dce7-8576-4a5a-939a-81d71c31ca83,FMA Track 059660,FMA Artist,2023,no,FMA,2026-08-26T07:44:26.453814
8014318e-7c71-407d-8db1-cc09a5b7198b,FMA Track 059675,FMA Artist,2023,no,FMA,2026-08-26T07:44:26.453903
9957b0aa-2d08-42e7-8e02-24fafdf68c51,FMA Track 059679,FMA Artist,2023,no,FMA,2026-08-26T07:44:26.453992
e440f202-2374-4678-bd29-69d69e89455d,FMA Track 059718,FMA Artist,2023,no,FMA,2026-08-26T07:44:26.454087
b7de15b1-78cf-4fa6-ba39-523d9fe0dfee,FMA Track 059720,FMA Artist,2023,no,FMA,2026-08-26T07:44:26.454201
1ee54145-107a-4d87-8fbc-fb1ef1d0e75f,FMA Track 059726,FMA Artist,2023,no,FMA,2026-08-26T07:44:26.454301
9c20f6b1-26f1-4806-bc85-8685c4359b72,FMA Track 059876,FMA Artist,2023,no,FMA,2026-08-26T07:44:26.454400
2a2a3fb6-7ef6-42fa-9304-4f8f81a4c6b6,FMA Track 060038,FMA Artist,2023,no,FMA,2026-08-26T07:44:26.454490
be1ef2da-4c19-4193-9ca9-921a574d9657,FMA Track 060041,FMA Artist,2023,no,FMA,2026-08-26T07:44:26.454584
283b76e9-d284-40bc-9609-cf746967275b,FMA Track 060472,FMA Artist,2023,no,FMA,2026-08-26T07:44:26.454682
da79b1e9-4277-44f8-a58b-afb0d1a1f7e6,FMA Track 060510,FMA Artist,2023,no,FMA,2026-08-26T07:44:26.454786
56128b48-0bcf-47bd-ac0a-efebed71bcf5,FMA Track 060544,FMA Artist,2023,no,FMA,2026-08-26T07:44:26.454880
96fe8206-ecd6-4c3c-998a-9d13c3d99025,FMA Track 060873,FMA Artist,2023,no,FMA,2026-08-26T07:44:26.454967
ed28b060-58d9-487b-af1e-866e1f8476a1,FMA Track 061592,FMA Artist,2023,no,FMA,2026-08-26T07:44:26.455055
9ebc1708-91e7-42f3-a871-dde484e249cc,FMA Track 061679,FMA Artist,2023,no,FMA,2026-08-26T07:44:26.455141
534183db-0d5b-4cdf-9867-d7b99e8bd8d6,FMA Track 062001,FMA Artist,2023,no,FMA,2026-08-26T07:44:26.455272
f1b12638-4b65-47c0-a99e-5e39ad6589d0,FMA Track 062187,FMA Artist,2023,no,FMA,2026-08-26T07:44:26.455369
2d687eeb-3f4f-40da-926c-3b5eb339d95d,FMA Track 062191,FMA Artist,2023,no,FMA,2026-08-26T07:44:26.455457
70eb7cc5-a91b-4fdf-a753-2e7ff7b8b747,FMA Track 062526,FMA Artist,2023,no,FMA,2026-08-26T07:44:26.455548
30087252-209f-4637-b2c6-59662db34512,FMA Track 062749,FMA Artist,2023,no,FMA,2026-08-26T07:44:26.455637
08421e4e-4467-457b-a1a6-e1b7cc70fe3f,FMA Track 063471,FMA Artist,2023,no,FMA,2026-08-26T07:44:26.455734
f6442b30-e1fd-4f30-97a5-6b44b43aa97c,FMA Track 063655,FMA Artist,2023,no,FMA,2026-08-26T07:44:26.455852
7544c85f-eb7c-48e8-966c-1ef23716961b,FMA Track 063757,FMA Artist,2023,no,FMA,2026-08-26T07:44:26.455943
a75581dd-c583-435a-8aa9-13e45f9b4253,FMA Track 064008,FMA Artist,2023,no,FMA,2026-08-26T07:44:26.456032
91b8e741-a7dc-4f02-9aeb-8b7554338919,FMA Track 064009,FMA Artist,2023,no,FMA,2026-08-26T07:44:26.456122
242067ea-22e9-45a5-b83c-7bcf71d1f815,FMA Track 064093,FMA Artist,2023,no,FMA,2026-08-26T07:44:26.456233
d0ac417a-dacd-4015-b74a-211353c6d096,FMA Track 064516,FMA Artist,2023,no,FMA,2026-08-26T07:44:26.456345
7f36f309-2a33-4a0a-829e-402a58aeb8cf,FMA Track 064535,FMA Artist,2023,no,FMA,2026-08-26T07:44:26.456439
9a621874-911d-4063-afba-ab3dc5560515,FMA Track 064553,FMA Artist,2023,no,FMA,2026-08-26T07:44:26.456528
ee49cff7-db99-42cc-bb30-1329b1c0e9a6,FMA Track 064592,FMA Artist,2023,no,FMA,2026-08-26T07:44:26.456617
40ade5a7-916e-4ec3-93ac-0ec3a93e0702,FMA Track 064601,FMA Artist,2023,no,FMA,2026-08-26T07:44:26.456716
1c44898c-d1f9-4ffe-a0ed-5c91b700a5d0,FMA Track 064856,FMA Artist,2023,no,FMA,2026-08-26T07:44:26.456823
119c0200-83b1-4a27-92f7-8b1002c17a3d,FMA Track 064860,FMA Artist,2023,no,FMA,2026-08-26T07:44:26.456914
bd971309-f77b-492c-aada-c822ba0d4077,FMA Track 064893,FMA Artist,2023,no,FMA,2026-08-26T07:44:26.457002
c25656b0-2bc6-48ec-8b70-7187305e3b63,FMA Track 064995,FMA Artist,2023,no,FMA,2026-08-26T07:44:26.457092
775e8e65-dd49-4749-b20b-14f585792029,FMA Track 065752,FMA Artist,2023,no,FMA,2026-08-26T07:44:26.457200
b8677ea3-e2a7-4331-addf-700b5ae6e8d2,FMA Track 065780,FMA Artist,2023,no,FMA,2026-08-26T07:44:26.457306
49e895a3-d6a1-4af7-8e85-46ebe295478c,FMA Track 066058,FMA Artist,2023,no,FMA,2026-08-26T07:44:26.457403
751d644e-7b00-489a-ae88-953617cea98a,FMA Track 066394,FMA Artist,2023,no,FMA,2026-08-26T07:44:26.457494
85f2d268-56f2-4706-af43-c0aa1b22ebfb,FMA Track 066469,FMA Artist,2023,no,FMA,2026-08-26T07:44:26.457584
9ae2319c-8330-44ce-9f4e-55bf5d1c49df,FMA Track 066525,FMA Artist,2023,no,FMA,2026-08-26T07:44:26.457671
e3126bcf-547d-4009-a8fd-70dbbb767121,FMA Track 066650,FMA Artist,2023,no,FMA,2026-08-26T07:44:26.457777
56840fca-f684-4d09-8f9a-944bb7f59010,FMA Track 067010,FMA Artist,2023,no,FMA,2026-08-26T07:44:26.457876
f81e8530-f0ba-4b16-af50-bdaff127c0e8,FMA Track 067011,FMA Artist,2023,no,FMA,2026-08-26T07:44:26.457968
0633048d-59e3-4ea2-9ded-2ec15b9ce9d5,FMA Track 067121,FMA Artist,2023,no,FMA,2026-08-26T07:44:26.458061
007b4b03-bcfe-4776-ad9e-d62dd2b38d7e,FMA Track 067235,FMA Artist,2023,no,FMA,2026-08-26T07:44:26.458182
067c8c3e-6c5b-4862-aade-2c93fe758ea0,FMA Track 067363,FMA Artist,2023,no,FMA,2026-08-26T07:44:26.458292
86a5dc1a-a698-41b5-a3f7-6839ca3ce4bc,FMA Track 067661,FMA Artist,2023,no,FMA,2026-08-26T07:44:26.458395
63f7d877-bcf1-4ce0-9796-1c0793fde3d8,FMA Track 067763,FMA Artist,2023,no,FMA,2026-08-26T07:44:26.458491
25ebec0b-0e63-4bfc-a794-1d3bb2334089,FMA Track 067766,FMA Artist,2023,no,FMA,2026-08-26T07:44:26.458583
620be805-c43f-41df-9c07-22da1cdbda44,FMA Track 068536,FMA Artist,2023,no,FMA,2026-08-26T07:44:26.458674
621d7d6a-9abb-465f-a32e-b76cb3b5d761,FMA Track 068537,FMA Artist,2023,no,FMA,2026-08-26T07:44:26.458805
f4ba2f02-d6a8-4ff0-8baf-ffa3bd8233e6,FMA Track 068538,FMA Artist,2023,no,FMA,2026-08-26T07:44:26.458892
f499f766-b1cc-4bf6-a76f-e3622aeb730b,FMA Track 068541,FMA Artist,2023,no,FMA,2026-08-26T07:44:26.458981
8228afaf-eee3-49aa-a82a-c66f107d1c53,FMA Track 068837,FMA Artist,2023,no,FMA,2026-08-26T07:44:26.459092
aaa546a7-4205-483e-92eb-a7d13bebd3ef,FMA Track 068842,FMA Artist,2023,no,FMA,2026-08-26T07:44:26.459214
dbcef98b-b9c4-4f86-acc6-a873b41b50d1,FMA Track 068891,FMA Artist,2023,no,FMA,2026-08-26T07:44:26.459316
a129c0ab-3e7c-418d-8204-7fae2283e2d1,FMA Track 068893,FMA Artist,2023,no,FMA,2026-08-26T07:44:26.459395
4995e5e7-6e57-4e0d-a3c6-a3c53322ac63,FMA Track 069197,FMA Artist,2023,no,FMA,2026-08-26T07:44:26.459465
63e6a075-c4dc-4fa2-8171-80203214de20,FMA Track 069747,FMA Artist,2023,no,FMA,2026-08-26T07:44:26.459534
6a24c8be-5e81-43e1-a26c-b8110a0d8a7b,FMA Track 069788,FMA Artist,2023,no,FMA,2026-08-26T07:44:26.459602
067bbdd7-af59-4e4d-8bcd-514633b2a1ea,FMA Track 069792,FMA Artist,2023,no,FMA,2026-08-26T07:44:26.459681
f0926dd1-cef4-43d2-8b9d-c5e4a4436ba9,FMA Track 070409,FMA Artist,2023,no,FMA,2026-08-26T07:44:26.459762
116f92ab-d887-4429-b5ea-02207886d818,FMA Track 070873,FMA Artist,2023,no,FMA,2026-08-26T07:44:26.459835
247607c7-6f60-4ac3-8511-73b91c5cb13d,FMA Track 071157,FMA Artist,2023,no,FMA,2026-08-26T07:44:26.459905
484386b1-c77f-40c5-8abd-c48d67195abc,FMA Track 071247,FMA Artist,2023,no,FMA,2026-08-26T07:44:26.459980
de9c5ca1-3b8a-40f8-80c0-1079758894ff,FMA Track 071508,FMA Artist,2023,no,FMA,2026-08-26T07:44:26.460052
119899e3-38f2-4d26-b443-7043f96d858b,FMA Track 071509,FMA Artist,2023,no,FMA,2026-08-26T07:44:26.460747
fd76f6bb-816a-4bbf-93b6-6a7b0a5a6261,FMA Track 071514,FMA Artist,2023,no,FMA,2026-08-26T07:44:26.461034
50628286-4007-4861-a141-2d2ee266fd3a,FMA Track 071822,FMA Artist,2023,no,FMA,2026-08-26T07:44:26.461269
1d3678b8-fd83-4f14-9db5-b55270aae783,FMA Track 071884,FMA Artist,2023,no,FMA,2026-08-26T07:44:26.461421
5dec6e53-a664-4717-a71b-0d50a3c3d18f,FMA Track 071938,FMA Artist,2023,no,FMA,2026-08-26T07:44:26.461531
fe03ea25-1bcf-48ce-a4cb-fffed7ee2677,FMA Track 072056,FMA Artist,2023,no,FMA,2026-08-26T07:44:26.461638
387103f0-24ed-456a-89d7-2448461e6fe3,FMA Track 072288,FMA Artist,2023,no,FMA,2026-08-26T07:44:26.461736
94421335-c4af-4b44-8e6b-fcc10c61bf46,FMA Track 072290,FMA Artist,2023,no,FMA,2026-08-26T07:44:26.461829
4383c7c3-a731-4f49-8d72-cab3577c197b,FMA Track 072605,FMA Artist,2023,no,FMA,2026-08-26T07:44:26.461918
4dc2ee14-e16f-4b06-8e8a-e8b032c62ca5,FMA Track 072782,FMA Artist,2023,no,FMA,2026-08-26T07:44:26.462020
a831da50-7421-4880-9a52-6881f983941f,FMA Track 072783,FMA Artist,2023,no,FMA,2026-08-26T07:44:26.462111
86960cfe-4348-45c1-bcbb-587cb77abec7,FMA Track 072930,FMA Artist,2023,no,FMA,2026-08-26T07:44:26.462236
c0badeb8-db3c-4cfd-b935-3555f9cbd3fe,FMA Track 073175,FMA Artist,2023,no,FMA,2026-08-26T07:44:26.462324
1908bb2e-f942-4651-b777-f67c2c3a895c,FMA Track 073193,FMA Artist,2023,no,FMA,2026-08-26T07:44:26.462399
cd8709f7-3139-40a4-803e-695202718b3b,FMA Track 073309,FMA Artist,2023,no,FMA,2026-08-26T07:44:26.462474
58d500a9-68c6-4af2-88d9-cfaacea5742b,FMA Track 073365,FMA Artist,2023,no,FMA,2026-08-26T07:44:26.462549
2d104191-1ff4-4955-acca-898fa9118e6c,FMA Track 073371,FMA Artist,2023,no,FMA,2026-08-26T07:44:26.462625
b32afb45-f884-45f7-9dd9-f2572bf1d6a6,FMA Track 073486,FMA Artist,2023,no,FMA,2026-08-26T07:44:26.463321
78ff5d5d-e122-4dc7-ba13-ea3714f52d4d,FMA Track 073551,FMA Artist,2023,no,FMA,2026-08-26T07:44:26.464130
ea3d05bd-ec3b-4e68-a2f7-900c19b4627f,FMA Track 073561,FMA Artist,2023,no,FMA,2026-08-26T07:44:26.464488
148a50bf-229b-43d8-a8a5-1899dc2335a6,FMA Track 073587,FMA Artist,2023,no,FMA,2026-08-26T07:44:26.464609
1546cde0-f93e-429a-9f98-ec9d8821df4b,FMA Track 074002,FMA Artist,2023,no,FMA,2026-08-26T07:44:26.465063
3f934c36-b4fc-4f39-b818-02f6408fa6c5,FMA Track 074381,FMA Artist,2023,no,FMA,2026-08-26T07:44:26.465551
a3bd99c7-d521-4e63-9cab-55ebbe9dfeaf,FMA Track 074445,FMA Artist,2023,no,FMA,2026-08-26T07:44:26.465777
74070d73-b332-45d7-9ac5-a5729d9e2a34,FMA Track 074706,FMA Artist,2023,no,FMA,2026-08-26T07:44:26.465901
31944944-7a21-4dff-b5b3-fd850324a05f,FMA Track 075376,FMA Artist,2023,no,FMA,2026-08-26T07:44:26.466013
5c0e4a95-c45d-4fdc-a3c3-2d361d2ca49e,FMA Track 075380,FMA Artist,2023,no,FMA,2026-08-26T07:44:26.466130
73f8807c-03ed-40d8-906b-7cd807a1e95a,FMA Track 075391,FMA Artist,2023,no,FMA,2026-08-26T07:44:26.466268
d219ca93-31b5-4365-852e-f76cd171f3c0,FMA Track 075393,FMA Artist,2023,no,FMA,2026-08-26T07:44:26.466369
774a8f13-9e61-450d-b917-38c4acf86ebd,FMA Track 075417,FMA Artist,2023,no,FMA,2026-08-26T07:44:26.466457
3ccace23-e9bf-44eb-96e9-3817e574cc1a,FMA Track 075418,FMA Artist,2023,no,FMA,2026-08-26T07:44:26.466540
6ada6f42-f060-4f73-b4a5-407c9a03bd45,FMA Track 075764,FMA Artist,2023,no,FMA,2026-08-26T07:44:26.466620
e2a35506-ca3c-4ba7-85ba-e664f26f0852,FMA Track 075788,FMA Artist,2023,no,FMA,2026-08-26T07:44:26.466711
4103c560-2935-48eb-b8d7-8336f8d23f63,FMA Track 076128,FMA Artist,2023,no,FMA,2026-08-26T07:44:26.466797
9d794e1b-8ed0-4ed5-842b-4365c8582e31,FMA Track 076375,FMA Artist,2023,no,FMA,2026-08-26T07:44:26.466879
8792fb7e-b937-46a6-8ebe-8374bc657a9c,FMA Track 077952,FMA Artist,2023,no,FMA,2026-08-26T07:44:26.466961
4614ec09-9d12-4870-a846-b074c085bde9,FMA Track 078038,FMA Artist,2023,no,FMA,2026-08-26T07:44:26.467042
5ebdc1f4-275d-464f-8edf-955c1b9bae3f,FMA Track 078841,FMA Artist,2023,no,FMA,2026-08-26T07:44:26.467136
4ce7e460-f353-4d8e-a2fd-450c5e618725,FMA Track 079575,FMA Artist,2023,no,FMA,2026-08-26T07:44:26.467252
c7e0fbd5-a011-406a-a7d5-94a8354e1936,FMA Track 079610,FMA Artist,2023,no,FMA,2026-08-26T07:44:26.467328
87136e44-c0b2-42a2-a48b-7e19ea071324,FMA Track 079988,FMA Artist,2023,no,FMA,2026-08-26T07:44:26.467401
d0095525-9409-4190-a73b-52053b4d9af7,FMA Track 080341,FMA Artist,2023,no,FMA,2026-08-26T07:44:26.467471
715d3b9d-7e9e-49ae-a1a5-60700b6aefeb,FMA Track 080834,FMA Artist,2023,no,FMA,2026-08-26T07:44:26.467543
95761c84-c7d7-427a-bdd6-852665c7e92d,FMA Track 081033,FMA Artist,2023,no,FMA,2026-08-26T07:44:26.467615
9bdf0f3a-cec3-479c-8674-14a62b4f7761,FMA Track 081945,FMA Artist,2023,no,FMA,2026-08-26T07:44:26.467697
7d31d564-b5f8-4d68-999c-9933f8dfe4e6,FMA Track 082462,FMA Artist,2023,no,FMA,2026-08-26T07:44:26.467771
69a61fd8-dee6-406a-b73a-9332b2e3ae40,FMA Track 082917,FMA Artist,2023,no,FMA,2026-08-26T07:44:26.467843
c73800a9-1fe2-4a6d-a879-2fac0e388a3b,FMA Track 083600,FMA Artist,2023,no,FMA,2026-08-26T07:44:26.467915
1ed58696-2962-4ac9-a2bb-25673e36e0ce,FMA Track 083911,FMA Artist,2023,no,FMA,2026-08-26T07:44:26.467984
6eb81a3c-01d1-42b6-b650-1bd7828345b7,FMA Track 084135,FMA Artist,2023,no,FMA,2026-08-26T07:44:26.468053
8247f43e-6950-4f8f-894a-658260112529,FMA Track 084605,FMA Artist,2023,no,FMA,2026-08-26T07:44:26.468123
de2bb64c-7d4c-4e80-997a-859c4cb73738,FMA Track 084788,FMA Artist,2023,no,FMA,2026-08-26T07:44:26.468219
58317d7b-ada3-46dc-ae73-f65156fa96d6,FMA Track 085318,FMA Artist,2023,no,FMA,2026-08-26T07:44:26.468322
a265ec9a-9fb6-4e67-b680-ced2e39b7b96,FMA Track 085346,FMA Artist,2023,no,FMA,2026-08-26T07:44:26.468397
6c8240f5-49f6-4714-88b1-e0a593132ca3,FMA Track 085482,FMA Artist,2023,no,FMA,2026-08-26T07:44:26.468477
e4a317a0-66cf-4531-8e43-a48f4ee30c1d,FMA Track 085489,FMA Artist,2023,no,FMA,2026-08-26T07:44:26.468553
c8445077-6d28-4aa6-bc5b-39cc6223df1b,FMA Track 085490,FMA Artist,2023,no,FMA,2026-08-26T07:44:26.468632
1b5b0640-6075-40c6-8e0c-dc60f46cb960,FMA Track 085595,FMA Artist,2023,no,FMA,2026-08-26T07:44:26.468714
bff07bda-5395-4435-a8ca-77a11e39e131,FMA Track 085817,FMA Artist,2023,no,FMA,2026-08-26T07:44:26.468785
cbe79c0d-8761-4762-b778-c188bb811f24,FMA Track 085833,FMA Artist,2023,no,FMA,2026-08-26T07:44:26.468853
cc4386ab-eea3-4217-9413-f991add6e6d1,FMA Track 086117,FMA Artist,2023,no,FMA,2026-08-26T07:44:26.468919
608762c0-faa6-4365-872f-8c30548ffb67,FMA Track 086416,FMA Artist,2023,no,FMA,2026-08-26T07:44:26.468987
0643a54b-f331-46d7-b1d0-201d7a33b472,FMA Track 086483,FMA Artist,2023,no,FMA,2026-08-26T07:44:26.469058
c5fcd8ba-f879-4953-95f6-99f5482f0ac7,FMA Track 086720,FMA Artist,2023,no,FMA,2026-08-26T07:44:26.469128
d61dd666-1455-4940-95ef-1392eaf92af9,FMA Track 086993,FMA Artist,2023,no,FMA,2026-08-26T07:44:26.469238
5d3fd486-f23a-44a8-8bcc-a73147e7c3ec,FMA Track 087101,FMA Artist,2023,no,FMA,2026-08-26T07:44:26.469323
8e3231d6-8da6-4723-9f97-3bbc31cf4e6a,FMA Track 087106,FMA Artist,2023,no,FMA,2026-08-26T07:44:26.469394
bf30f71a-e592-43ba-b0b3-79604890eca2,FMA Track 087107,FMA Artist,2023,no,FMA,2026-08-26T07:44:26.469465
c5c38798-ffc8-4d78-9d42-ec92fe5c2431,FMA Track 087160,FMA Artist,2023,no,FMA,2026-08-26T07:44:26.469534
416dc889-1928-4240-83c1-c4ddaa4fe142,FMA Track 087185,FMA Artist,2023,no,FMA,2026-08-26T07:44:26.469601
e92293eb-6063-440c-80ca-a205037d41bf,FMA Track 087188,FMA Artist,2023,no,FMA,2026-08-26T07:44:26.469669
75778258-f341-49ba-ac0e-af48da5e9646,FMA Track 087190,FMA Artist,2023,no,FMA,2026-08-26T07:44:26.469751
20f6ae29-9eed-47b1-b88a-4e5428ec5d6a,FMA Track 087363,FMA Artist,2023,no,FMA,2026-08-26T07:44:26.469821
de94fd0b-d8d1-4549-9401-7220e4212812,FMA Track 087968,FMA Artist,2023,no,FMA,2026-08-26T07:44:26.469897
63dbc7ef-12a4-4c5d-a06d-cbb082eff4c5,FMA Track 088848,FMA Artist,2023,no,FMA,2026-08-26T07:44:26.469968
4d6f419f-b518-4b54-933e-fc1298012390,FMA Track 088876,FMA Artist,2023,no,FMA,2026-08-26T07:44:26.470038
d135b0f5-d8d8-40f0-8d12-30ef88d76945,FMA Track 089376,FMA Artist,2023,no,FMA,2026-08-26T07:44:26.470115
19ae6ac2-baa1-4334-83bc-7ba999db424b,FMA Track 089447,FMA Artist,2023,no,FMA,2026-08-26T07:44:26.470209
e9166b1e-179a-42d6-8d74-7bfc2121468c,FMA Track 089841,FMA Artist,2023,no,FMA,2026-08-26T07:44:26.470294
2ad5ed9e-f779-4b19-a63e-6104a781ee56,FMA Track 090582,FMA Artist,2023,no,FMA,2026-08-26T07:44:26.470366
5e27e054-1c67-4b39-8b3b-de1daa336eff,FMA Track 090826,FMA Artist,2023,no,FMA,2026-08-26T07:44:26.470435
72802027-25b6-45b9-80eb-8435279f0a43,FMA Track 091160,FMA Artist,2023,no,FMA,2026-08-26T07:44:26.470503
99748368-afc1-47f7-915e-430913ec1fa1,FMA Track 091162,FMA Artist,2023,no,FMA,2026-08-26T07:44:26.470572
fd128137-6f0f-4718-a4e7-4d75e94fd127,FMA Track 091179,FMA Artist,2023,no,FMA,2026-08-26T07:44:26.470642
483e995f-91e4-4363-b902-4867e89db16d,FMA Track 091181,FMA Artist,2023,no,FMA,2026-08-26T07:44:26.470727
5ae78508-d930-44ee-a7ee-2f5d3276d9fa,FMA Track 091619,FMA Artist,2023,no,FMA,2026-08-26T07:44:26.470799
5eb2dc1b-3933-420b-8bfe-23ab9b16948b,FMA Track 091622,FMA Artist,2023,no,FMA,2026-08-26T07:44:26.470869
1d95c177-71b0-4ba1-86f9-ae930ee86ffe,FMA Track 092366,FMA Artist,2023,no,FMA,2026-08-26T07:44:26.470939
43f5b0bd-53ab-4a42-9003-eec9fa54a40c,FMA Track 092881,FMA Artist,2023,no,FMA,2026-08-26T07:44:26.471016
54aae72f-5c4c-4ff1-bca0-1b47f71fd534,FMA Track 092886,FMA Artist,2023,no,FMA,2026-08-26T07:44:26.471090
9be33a69-d006-4097-ad03-94f5205ea750,FMA Track 092951,FMA Artist,2023,no,FMA,2026-08-26T07:44:26.471182
99230688-ccd6-4908-b761-5799e87b3c59,FMA Track 093522,FMA Artist,2023,no,FMA,2026-08-26T07:44:26.471269
840b321a-e58a-45c6-a8e0-70b10b882f4c,FMA Track 093981,FMA Artist,2023,no,FMA,2026-08-26T07:44:26.471341
88f38151-9ba8-44c8-9ba0-89a21ac1ed8c,FMA Track 094036,FMA Artist,2023,no,FMA,2026-08-26T07:44:26.471411
b81c9710-fe1d-4578-8dbc-25a28422ffd0,FMA Track 094037,FMA Artist,2023,no,FMA,2026-08-26T07:44:26.471480
c03fc9f4-5239-4f65-bca4-27b8bac31439,FMA Track 094468,FMA Artist,2023,no,FMA,2026-08-26T07:44:26.471554
a5dd2afd-6527-400c-8c08-fd092f70dc12,FMA Track 095251,FMA Artist,2023,no,FMA,2026-08-26T07:44:26.471624
c3f15f5f-9c95-4fc1-82c5-98fa4d98d57e,FMA Track 095452,FMA Artist,2023,no,FMA,2026-08-26T07:44:26.471701
31af5867-b395-4845-a29f-17c87b3d1d52,FMA Track 095486,FMA Artist,2023,no,FMA,2026-08-26T07:44:26.471773
d976aee7-efe5-45e4-aa1a-fa6da099d598,FMA Track 095564,FMA Artist,2023,no,FMA,2026-08-26T07:44:26.471844
9f0dce1c-80fd-4392-9b8b-e3b597f135c2,FMA Track 096403,FMA Artist,2023,no,FMA,2026-08-26T07:44:26.471914
a5ac43b4-7ade-4550-8bcf-563a2d4d60eb,FMA Track 096408,FMA Artist,2023,no,FMA,2026-08-26T07:44:26.471984
26406219-6157-406c-b282-9294d4778dd1,FMA Track 096678,FMA Artist,2023,no,FMA,2026-08-26T07:44:26.472054
a371d7a0-0f41-4f0f-9430-2ea067f24dbb,FMA Track 096935,FMA Artist,2023,no,FMA,2026-08-26T07:44:26.472124
ecc86f43-8cee-4264-b7b1-8a48ca5fe63a,FMA Track 097283,FMA Artist,2023,no,FMA,2026-08-26T07:44:26.472217
bdb16a3d-b776-42ae-a29c-e6ab6fc881d7,FMA Track 097542,FMA Artist,2023,no,FMA,2026-08-26T07:44:26.472295
c0021a8a-d35c-41ed-bf7d-17766d7b5730,FMA Track 097544,FMA Artist,2023,no,FMA,2026-08-26T07:44:26.472367
aebdccb6-8b9f-4c19-bf9b-963eb7e58b7c,FMA Track 097568,FMA Artist,2023,no,FMA,2026-08-26T07:44:26.472437
f1235919-d314-4074-ba86-ddb8d23d12e2,FMA Track 097587,FMA Artist,2023,no,FMA,2026-08-26T07:44:26.472507
7433e201-ac99-4a55-95b4-15f90e0fe9ab,FMA Track 097845,FMA Artist,2023,no,FMA,2026-08-26T07:44:26.472575
49e6201b-dbda-4954-9ad1-219faecd24a3,FMA Track 098206,FMA Artist,2023,no,FMA,2026-08-26T07:44:26.472644
5eb777cd-ac17-461e-8ed8-8a9e37bee018,FMA Track 098227,FMA Artist,2023,no,FMA,2026-08-26T07:44:26.472727
247ff156-fc85-4eee-bf60-1b1cf00e3aa8,FMA Track 098549,FMA Artist,2023,no,FMA,2026-08-26T07:44:26.472799
4bbb9792-5680-4650-91e3-ef2683d51fd6,FMA Track 098552,FMA Artist,2023,no,FMA,2026-08-26T07:44:26.472867
603cd6cc-c95f-468c-bf1b-698b559d4c56,FMA Track 098556,FMA Artist,2023,no,FMA,2026-08-26T07:44:26.472936
76d60b15-d22e-49ad-9e12-de4ef2d1ebb3,FMA Track 098567,FMA Artist,2023,no,FMA,2026-08-26T07:44:26.473013
633e9ddf-0149-4520-ae4d-6b552bd2309c,FMA Track 098585,FMA Artist,2023,no,FMA,2026-08-26T07:44:26.473088
621a4d48-7d3a-431e-b1a2-5ca837301c04,FMA Track 098619,FMA Artist,2023,no,FMA,2026-08-26T07:44:26.473158
cf4059b4-1ee4-4575-a0d1-bd88f790cd94,FMA Track 099440,FMA Artist,2023,no,FMA,2026-08-26T07:44:26.473259
1c85b6d2-1ffc-4f28-a521-29fa061daae1,FMA Track 099704,FMA Artist,2023,no,FMA,2026-08-26T07:44:26.473333
a9564581-baef-4dbc-9bd1-c77b4294ea33,So On and Yo!,LOWdown,2023,no,FMA,2026-08-26T07:44:26.473406
5e288457-0eaf-4077-8ee6-dfe7de0d4975,Lyrikil Tranzportashun,LOWdown,2023,no,FMA,2026-08-26T07:44:26.473478
680a7fd8-0c59-4658-913d-e5a6539c8b44,Electron,Megatone,2023,no,FMA,2026-08-26T07:44:26.473548
1c304da8-d4b6-482a-ab53-3b2659a77033,The Rebel Youth,DJ Def Chad,2023,no,FMA,2026-08-26T07:44:26.473621
343102e1-d49a-4b96-9ede-bf1ad25a6279,Kill The Flesh,Dyman,2023,no,FMA,2026-08-26T07:44:26.473703
b40a62c9-0882-4944-adf4-b809753ac7bd,Este Sol,La Sabrosa Sabrosura,2023,no,FMA,2026-08-26T07:44:26.473775
45c05592-50e1-430e-927d-e289bf65fa25,Sound Mind,Alexei Borisov and Anton Mobin,2023,no,FMA,2026-08-26T07:44:26.473847
6e306766-45bf-4f2f-9733-0fb12ea50aca,Young Girls,Novi Split,2023,no,FMA,2026-08-26T07:44:26.473916
e7eb0057-7f4f-46b0-b795-895436aa8151,You Already Know,SKGB,2023,no,FMA,2026-08-26T07:44:26.473985
7164ab4c-f246-487d-bac2-787877a448a2,Thollem McDonas,Noise Problems Selections,2023,no,FMA,2026-08-26T07:44:26.474052
1c405c02-233a-40c6-8e4a-9b5cae4b756e,Vulve,Egg Nebula,2023,no,FMA,2026-08-26T07:44:26.474128
26a0d769-2cf5-4237-954b-76c6d4b46443,Beta,All Urban Outfield,2023,no,FMA,2026-08-26T07:44:26.474222
719b6023-f56a-49ab-8911-93a684d9f9a7,Cold Steel,Matt Sowell,2023,no,FMA,2026-08-26T07:44:26.474298
72da01cc-e630-42ff-beb0-ac961daa7b47,South Pacific Pt. II,Night Rally,2023,no,FMA,2026-08-26T07:44:26.474368
ba9299de-e6ba-4f57-9502-fe6bd9c753cf,By Request,Apache Tomcat,2023,no,FMA,2026-08-26T07:44:26.474444
621cbd09-cbe9-475c-abe2-9602f4f939ee,Victoria's Son,Apache Tomcat,2023,no,FMA,2026-08-26T07:44:26.474515
e2ebae5e-c81b-401e-9e18-2ce8117fa3d8,Tube Top Language,Apache Tomcat,2023,no,FMA,2026-08-26T07:44:26.474586
8adc4674-750c-4094-a3db-1da9b4ec06b2,Windfall,Westy Reflector,2023,no,FMA,2026-08-26T07:44:26.474771
01ede7bb-b499-4f69-b479-2a5379ed4085,STM LIGNE MAUVE PART 1,Alaclair Ensemble,2023,no,FMA,2026-08-26T07:44:26.475308
0ad6913c-b93d-4ca7-96ae-c2bf3c4c1227,LICORNES,Alaclair Ensemble,2023,no,FMA,2026-08-26T07:44:26.475508
b0a89db0-e67d-43a8-bffe-3f037579d670,VARIETTE (avec Jam),Alaclair Ensemble,2023,no,FMA,2026-08-26T07:44:26.475643
6a5f2217-fdd3-41e2-b964-472fedd0a1e2,BACKSTAGE,Alaclair Ensemble,2023,no,FMA,2026-08-26T07:44:26.475750
3f7d2b5a-3972-40d1-b710-093839955bf1,Dem a Sin Melodica Cut (ft I-lodica),Don Goliath mmet I-lodica,2023,no,FMA,2026-08-26T07:44:26.475846
06af3072-9c06-4bee-bcb4-c8bf3be3f6a4,Ises to Jah Saxophone cut (ft Samson Benji),Don Goliath meet Samson Benji,2023,no,FMA,2026-08-26T07:44:26.475938
2707c97d-a27b-4e06-b1f8-d1a41df372ce,Guiding star Dub,Don Goliath,2023,no,FMA,2026-08-26T07:44:26.476027
ad77c2bb-dbbf-4545-a2c6-46788fa9d93f,On a qu'à se dire que l'on s'en fout,Aussitôt Mort / MORT MORT MORT,2023,no,FMA,2026-08-26T07:44:26.476118
85920310-adcc-49b1-80d7-5b52a0b1e4af,Piano Piano,CRTVTR,2023,no,FMA,2026-08-26T07:44:26.476240
f2a355f4-7107-4a1e-a716-62a7e2da740d,Rain 1,Vägskäl,2023,no,FMA,2026-08-26T07:44:26.476331
ab64f7e1-6e46-4c11-939d-c3938bfd121c,Ode to Diving Pelicans (Reprise),Kelly Latimore,2023,no,FMA,2026-08-26T07:44:26.476409
6b0af8e6-ceae-4f69-9c93-e65a002e842d,Ode to the Beloved Basement Saints,Kelly Latimore,2023,no,FMA,2026-08-26T07:44:26.476484
713d0f4e-3b98-44b5-9d82-dfab0a54022d,Fields of Phosphene,Kelly Latimore,2023,no,FMA,2026-08-26T07:44:26.476558
65db0dd4-f3b0-4089-b1aa-93b9dfeb607e,I Know His Blood,Vienna Ditto,2023,no,FMA,2026-08-26T07:44:26.476641
61c0f539-9bea-4376-9bb2-6a131ca3f0d4,Space horror,Radioactive Sparrow,2023,no,FMA,2026-08-26T07:44:26.476720
38519ea6-698a-4794-8803-9c1af23cb363,Pahuutta sydän,Marlaja Virta & ono,2023,no,FMA,2026-08-26T07:44:26.476796
4a8ea6b3-5b0f-472d-8f52-b210d6034372,Beast Mode,Azureflux,2023,no,FMA,2026-08-26T07:44:26.476898
aea742bc-50c3-4646-9f1e-bd3e5bcaa5c4,"No Hope, No Salvation",Alex Mason,2023,no,FMA,2026-08-26T07:44:26.476980
07fa8087-99a6-4981-be29-5062f188ee10,Everything in you,Sun Sunych,2023,no,FMA,2026-08-26T07:44:26.477058
060bb9ac-8fbd-42f3-ba72-a66f61f3ce2f,Get Ready,Ghost By Nature,2023,no,FMA,2026-08-26T07:44:26.477137
956e5bd8-b54f-4538-8ec8-00f3db0f3ada,Faraway (4 Mike & Annie),Tha Silent Partner,2023,no,FMA,2026-08-26T07:44:26.477243
29e949a2-6a9f-491e-b5f8-e952dfd3a784,"Trendafilcheto, Karamfilcheto",Black Sea Hotel,2023,no,FMA,2026-08-26T07:44:26.477320
f8106e48-2344-4a6c-b25a-6225cf204e71,Mr. Person,The Mystery Artist,2023,no,FMA,2026-08-26T07:44:26.477393
26b7824f-b65f-4ac6-bbc8-fc089d03a8c0,Sha Na,Vicky and The Vengents,2023,no,FMA,2026-08-26T07:44:26.477464
c06e9267-4eda-461c-9623-5b6fe9c26d62,Tonight We Will Rise,Stephen Bartolomei,2023,no,FMA,2026-08-26T07:44:26.477533
d2961303-954a-49f7-b527-344ea6b15e24,Sick Joke,Doom,2023,no,FMA,2026-08-26T07:44:26.477602
e4f8d980-75b0-4aea-a4f0-13444a0ddaa4,"Big, Bad, And Heavy (Intro)",CM & Tha Silent Partner,2023,no,FMA,2026-08-26T07:44:26.477693
ad24c11d-003c-4fea-a64f-9120f8f331ce,Symmetrical,Tiruset,2023,no,FMA,2026-08-26T07:44:26.477764
aece4260-a66a-4019-aed9-2731db86bde2,London,Debby Schwartz,2023,no,FMA,2026-08-26T07:44:26.477831
9f13c707-cb2e-4afe-aa8c-4efda5c3aa5e,"shanti devi golden child, bluhd",Phemale,2023,no,FMA,2026-08-26T07:44:26.477900
04618399-cca9-4047-a31b-605c5b20f293,"au retarde , ferox",Phemale,2023,no,FMA,2026-08-26T07:44:26.477969
68639dab-789a-40b2-97d7-a13b97fa1b02,Eat My Chips,Azureflux,2023,no,FMA,2026-08-26T07:44:26.478035
69af1ff2-23c9-45ac-8dc0-b814bfd2b54e,La tapa del viernes,Circus Marcus,2023,no,FMA,2026-08-26T07:44:26.478102
9234df33-2284-4e45-8737-4ad44a033302,Big Plans (J. Glaze Remix),Kellee Maize & J. Glaze Productions,2023,no,FMA,2026-08-26T07:44:26.478198
bd1083b5-65f3-466d-9f8e-ab2ad723128c,Catch Me (J. Glaze Remix),Kellee Maize & J. Glaze Productions,2023,no,FMA,2026-08-26T07:44:26.478277
e460512d-8a13-400c-91f9-731670fa3448,Punkinhead Ahoy!,Il Sogno Del Marinaio,2023,no,FMA,2026-08-26T07:44:26.478356
905fdc5f-e07d-4689-9597-36a6742c4174,Il Sogno Del Fienile,Il Sogno Del Marinaio,2023,no,FMA,2026-08-26T07:44:26.478431
1c1394d3-1baa-4766-ad9d-520040c45add,Spirit of the Valley (feat. M-PeX),Anima,2023,no,FMA,2026-08-26T07:44:26.478502
f9798afe-db39-46ab-9657-e7016e7fa3d2,"Bloc Party 2 (Accapella) (Featuring CM aka Creative, C-Doc, The Honorable Sleaze, L-Mega & Pot-C)",D3Zs,2023,no,FMA,2026-08-26T07:44:26.478570
9a19f634-36ef-40c7-9ba4-92d11f8a6345,Treppe 3,Rod Hamilton,2023,no,FMA,2026-08-26T07:44:26.478649
298912cf-3c28-4319-84f4-dd1e0d412b20,Zoeloe,JTPE,2023,no,FMA,2026-08-26T07:44:26.478723
3ef89c04-787a-4538-bec3-986716a7f548,Sin By Sin (severe illusions - MOAN remix),MULTIPOINT INJECTOR,2023,no,FMA,2026-08-26T07:44:26.478792
1e18079b-5189-4cc9-99af-00359d0dcda0,Earthquake,Gal Pals,2023,no,FMA,2026-08-26T07:44:26.478861
f60fff8d-c6d0-439b-82ca-5fd81e420268,She,Still Pluto,2023,no,FMA,2026-08-26T07:44:26.478928
d7873532-95ce-4a88-a133-ad95746910a4,1+i,Martin Rach,2023,no,FMA,2026-08-26T07:44:26.478996
68849440-3191-4e11-9eb7-8305a609f7b0,Chameleon,Cloudkicker,2023,no,FMA,2026-08-26T07:44:26.479063
0e1deadd-17ec-4faa-9481-f6f2ce18a235,Forsaken,Is,2023,no,FMA,2026-08-26T07:44:26.479130
ed9fc0de-100b-4be1-a48f-0a23c3794717,WAR ON CRISIS,ODOR BABY,2023,no,FMA,2026-08-26T07:44:26.479231
b395bb50-c1d0-47e7-a9d3-e5528c86a97f,GLOBAL DEATH MATCH,ODOR BABY,2023,no,FMA,2026-08-26T07:44:26.479315
76c4d3c3-ca99-45c9-adac-af4a6f3a436b,All Eventualities,Gillicuddy,2023,no,FMA,2026-08-26T07:44:26.479386
1730ded2-e12b-4eec-b0f6-4c4ba0b3d5a7,I Told Jesus ft. Sharam Shahbazi,One S.P.,2023,no,FMA,2026-08-26T07:44:26.479459
09da88ad-ab46-4f5c-9f33-7d2194f4f2a7,1 A. I (with Danish National Symphony Orchestra),Periskop,2023,no,FMA,2026-08-26T07:44:26.479529
17e28d58-46fe-49d0-9c9d-288424f32bfd,Once the Sky,A Crooked Pulse,2023,no,FMA,2026-08-26T07:44:26.479599
f2973812-33a4-49e9-a0ba-e4c9002f9a08,One Thing,Brett Saxon,2023,no,FMA,2026-08-26T07:44:26.479687
1df4e299-d969-4448-b3c9-a9a08e2a2bb7,Clover,Little Glass Men,2023,no,FMA,2026-08-26T07:44:26.479767
85fa9f35-6e13-442f-9a7e-2e9f1168ee94,Gotta Believe,Aviscerall,2023,no,FMA,2026-08-26T07:44:26.479866
7c002d35-83e7-448c-a24f-3360b90aa607,Union Square (Anthony Seeha Remix),Decktonic,2023,no,FMA,2026-08-26T07:44:26.479943
23ddea19-f572-4397-9539-aca087884fc9,Any Time Any Place,Decktonic,2023,no,FMA,2026-08-26T07:44:26.480013
6a1f0aea-34c6-46e6-b319-0d756e596611,Sweetly,Blue Dot Sessions,2023,no,FMA,2026-08-26T07:44:26.480083
ff3172cd-d6ac-4d29-bac4-75ceed8c7422,Winter Theme,Blue Dot Sessions,2023,no,FMA,2026-08-26T07:44:26.480154
bd086e43-57b8-4726-b918-5f6e7e4c5567,Ruggles (ft epsilon not),Uncle Milk,2023,no,FMA,2026-08-26T07:44:26.480256
a0d5efde-c704-4bd4-a206-978762a2d0e3,Boss Ass Bits,Azureflux,2023,no,FMA,2026-08-26T07:44:26.480332
a4394a98-9a99-4a4b-975e-96b746f91d47,Quantum Leaper (feat. Lady Parsec),Azureflux,2023,no,FMA,2026-08-26T07:44:26.480405
7c3f5098-4608-4d2e-84bd-cac356ae659b,Origin l,Scott Holmes,2023,no,FMA,2026-08-26T07:44:26.480474
682c7c09-e660-4339-ac4b-7be6a46015cc,Feather,Scott Holmes,2023,no,FMA,2026-08-26T07:44:26.480542
40c31801-6887-4b9d-94b5-9ebd0e05d953,Ikn hob ongehoybn shplin a libe,Zingeray!,2023,no,FMA,2026-08-26T07:44:26.480610
2cb08566-09d1-455e-8e21-a1d22ff99b3b,Squire Tuck - Homage to John Carpenter,Squire Tuck,2023,no,FMA,2026-08-26T07:44:26.481285
b9fa0ea0-73c9-45a8-99d4-c084e129a50f,Neli Storime,Niva,2023,no,FMA,2026-08-26T07:44:26.481578
904a0d55-60d0-4a89-ab3c-c46094fed719,Čoček of Vranje,Catherine Foster Brass Band,2023,no,FMA,2026-08-26T07:44:26.481715
786aa9e4-9ea7-4c58-8204-bdea930a5395,Squire Tuck - Rush to the Head,Squire Tuck,2023,no,FMA,2026-08-26T07:44:26.481821
b0cdb29f-d3a0-499d-9ba7-0bc51ebee788,Farsical - Thematic,Blue Dot Sessions,2023,no,FMA,2026-08-26T07:44:26.481911
8ed90419-303a-43d5-97f1-036174bd8e68,Lost Star,Jelsonic,2023,no,FMA,2026-08-26T07:44:26.481987
14867b4c-4302-4e04-a5d3-7bda7a309df1,OST 01 Tutorial,sawsquarenoise,2023,no,FMA,2026-08-26T07:44:26.482060
55e53f5d-f7dc-4295-873b-8fb79f284eb1,11am,Dead Peoples Records,2023,no,FMA,2026-08-26T07:44:26.482130
01286b09-fb33-4ddc-a207-3a1e98e877f4,Story Four - The Method,Blue Dot Sessions,2023,no,FMA,2026-08-26T07:44:26.482281
4193170b-8832-4793-bfde-dcbd6b33a6b7,Bonus Life,Radarsat-1,2023,no,FMA,2026-08-26T07:44:26.482383
5a2b1730-8687-484d-aa51-60dcc21e500c,Electronica 3,Asthmatic Astronaut,2023,no,FMA,2026-08-26T07:44:26.482459
a034ef19-ee18-4ef1-8dfb-4083eea242d5,December Mourning,Montana Skies,2023,no,FMA,2026-08-26T07:44:26.482533
d2960f9d-fe4b-4c00-a1ef-47978338e76f,Transit,Blue Dot Sessions,2023,no,FMA,2026-08-26T07:44:26.482606
676958bb-1580-4a22-ac45-07208fff9279,R.A.H.M.A.V.N. [221],SULCUS,2023,no,FMA,2026-08-26T07:44:26.482686
78118775-379b-429b-b8ad-f06ca31963f4,Ray Gun - FasterFasterBrighter,Blue Dot Sessions,2023,no,FMA,2026-08-26T07:44:26.482760
6daf2643-4c89-49fd-8010-5315ec802fe6,Fortsetzung Folgt,Gumbel,2023,no,FMA,2026-08-26T07:44:26.482837
0689c72a-8368-4d7d-be91-76c83d4d9788,Reptile Theme,Blue Dot Sessions,2023,no,FMA,2026-08-26T07:44:26.482910
068f5fdd-1c6f-4346-8822-8ce4e2494286,bonus - La jeune Pierre - alt piano mix,Ulrike Mod,2023,no,FMA,2026-08-26T07:44:26.482979
3d746b5a-f7ee-4ffd-b2e2-84796cc7035d,Fayah,La Inédita,2023,no,FMA,2026-08-26T07:44:26.483047
8831d16c-3936-4da9-841e-40593f4164fc,After Dark,Project 5am,2023,no,FMA,2026-08-26T07:44:26.483117
037169a8-47d0-4416-9e87-fadf95fa8174,Ave,PC-ONE,2023,no,FMA,2026-08-26T07:44:26.483214
efe1c8b3-e24a-44a0-9f70-76861ec4103a,Nature World Love,FortyOne,2023,no,FMA,2026-08-26T07:44:26.483316
32a66249-97bc-4e5f-b729-3a894ce7f848,Battle Hymn Of The Children,FortyOne,2023,no,FMA,2026-08-26T07:44:26.483396
1234719e-0f1f-4334-8c82-e5bf9f22f7e2,"A. And Now! More News, Debate, And Let's Not Forget Their Opinions / B. Commercial Break",Nicholas Smith,2023,no,FMA,2026-08-26T07:44:26.483469
066ac737-7110-4b32-ab1a-dc47f68b1d83,Dash and Slope,Blue Dot Sessions,2023,no,FMA,2026-08-26T07:44:26.483539
6eae5d87-84c1-42bc-b15e-66ad2c0c7411,Goals,J Mano,2023,no,FMA,2026-08-26T07:44:26.483608
624f4e12-bf82-47eb-83fc-425042634ae7,Kids Say The Darndest Things,Cassette Tape Bandits,2023,no,FMA,2026-08-26T07:44:26.483679
d990d3cb-eddb-4681-8a44-14562386e78a,ET The Extra Testicle,Cassette Tape Bandits,2023,no,FMA,2026-08-26T07:44:26.483747
516ea112-f077-4037-83b7-3a2a88f68ca3,Do The Food,The Nourishment,2023,no,FMA,2026-08-26T07:44:26.483834
248e7292-fd2e-44bb-93fa-2148c15bdedd,Old Long Sin,The Slate Pipe Banjo Draggers,2023,no,FMA,2026-08-26T07:44:26.483904
f25f7e00-f0d3-4a95-a640-c8e8e0c61b74,Comfort Stand Records Remix Project : Song #2,FortyOne,2023,no,FMA,2026-08-26T07:44:26.483974
3f5ff455-8c9a-4d0c-8c55-bb84c220d763,Doctor 1,Cory Gray,2023,no,FMA,2026-08-26T07:44:26.484043
d5fcce6d-2ea9-424a-a57f-22bb0779c586,One Shot Charlie,Cory Gray,2023,no,FMA,2026-08-26T07:44:26.484112
6678d344-1e4d-40be-b378-69831bed82a6,Quoting Dead Comedians,Cory Gray,2023,no,FMA,2026-08-26T07:44:26.484204
8b9156cc-0085-443e-8e95-0a5bf867b4fa,Rosie,Cory Gray,2023,no,FMA,2026-08-26T07:44:26.484294
b8aab5f5-9bc7-41ab-be24-8d5f29fa5809,Walls Of The World,Cory Gray,2023,no,FMA,2026-08-26T07:44:26.484368
0d0b77a9-e145-43c7-879a-b9f75d311465,Wrecking Ball,Cory Gray,2023,no,FMA,2026-08-26T07:44:26.484440
1119cae8-1d71-4a4c-a061-9f9e6fcb5b6a,Stratoskop,SPCZ,2023,no,FMA,2026-08-26T07:44:26.484508
91af0aa4-597e-47e6-9697-dc336f66f444,Sphere,SPCZ,2023,no,FMA,2026-08-26T07:44:26.484576
3ffc419e-a331-466e-a9f1-fc869bdd93ea,Zaczek,Kotúče DM,2023,no,FMA,2026-08-26T07:44:26.484646
59c60b62-288c-40ff-8610-5c755796edff,Time-Scene #2,Running Point,2023,no,FMA,2026-08-26T07:44:26.484719
340028f6-d2f8-40bf-9f9c-c4b07e116e1a,sollerod fascists,Coin Locker Kid,2023,no,FMA,2026-08-26T07:44:26.484802
b92efeb6-622b-4f76-95bd-f7636cdd4a07,AVIATION CRAB ORCHESTRA (HARSH NOISE POSER),ODOR BABY,2023,no,FMA,2026-08-26T07:44:26.484875
95b57426-ca20-44ef-b24c-ac5e43f7936b,Three Pianos,Satellite Ensemble,2023,no,FMA,2026-08-26T07:44:26.484942
13f122d7-ce13-4f0c-8067-3155497af2f8,Japanese Vacation,Spider Bags,2023,no,FMA,2026-08-26T07:44:26.485009
9e7f95e8-c21f-419c-962b-8e705f54ed6f,Sunken Lighthouse,happiness in aeroplanes,2023,no,FMA,2026-08-26T07:44:26.485077
2c5f8b69-87a5-44ad-a472-843f17d662f0,Birmingham Road Birthday Song featuring Lucy Hill,Frozen Houses,2023,no,FMA,2026-08-26T07:44:26.485146
e14b6ceb-fbd2-41d8-af4e-be6c4781f5a0,finished enconomic survivor,Frozen Houses,2023,no,FMA,2026-08-26T07:44:26.485262
6d664acd-6eda-4b46-8fc4-cf0571dafc17,Perfect Day,The Britemores,2023,no,FMA,2026-08-26T07:44:26.485341
e867b5d8-b9ef-4bdf-9e7c-6cf05c212a4a,Babylon fall dubwize ft Jam York,Negritage,2023,no,FMA,2026-08-26T07:44:26.485411
ecc1286e-ebb3-4a05-b83f-8997d4f727e5,Guetto Rockers in dub,Negritage,2023,no,FMA,2026-08-26T07:44:26.485482
9d1edfa5-e330-4887-ae00-64e23039f8be,Genome Chomsky (pt I),Anthony Donovan & Jaan Patterson,2023,no,FMA,2026-08-26T07:44:26.485551
2e25f991-9a60-4c25-9eb7-ae44999f750f,"""Point of no return""",Menion,2023,no,FMA,2026-08-26T07:44:26.485646
c9faf0fb-cd37-49b1-9ce6-7e3a8d78d2be,Rivers And Mountains,Josh Spacek,2023,no,FMA,2026-08-26T07:44:26.485718
9ccb8cc6-b4a8-41d2-b057-05964b50cf35,Zeffa,Hicham Chahidi,2023,no,FMA,2026-08-26T07:44:26.485790
776f397b-7de1-4bfd-9f5e-b8eb8d284dd9,Incubating In Ice,Anima,2023,no,FMA,2026-08-26T07:44:26.485862
83a21e68-43a3-4b5e-b8e4-722df149ead4,Lullaby To Myself,Joanna Sternberg,2023,no,FMA,2026-08-26T07:44:26.485931
efabd9b8-0f3a-473c-a9d9-d65058a61b76,One Million Ways,K3N,2023,no,FMA,2026-08-26T07:44:26.485998
de8f3e5f-eb03-44fa-9921-ab48d6b238d4,Wheels Of Fortune (411),The Dread,2023,no,FMA,2026-08-26T07:44:26.486066
441156b8-7ad9-47ed-810e-bb3d90455f61,Let Her Go - Studio Tape Track 4,Ian Alex Mac,2023,no,FMA,2026-08-26T07:44:26.486133
eced084b-05b7-4761-b5db-c4f5a5b2bb67,Carol Annes Crunch - Studio Tape Track 5,Ian Alex Mac,2023,no,FMA,2026-08-26T07:44:26.486225
6da08b60-aa81-45d1-a895-f5cd84a73c4b,Ketchup,David Mumford,2023,no,FMA,2026-08-26T07:44:26.486318
81f83726-8d0f-4099-9880-37d8b788c337,Sustos (Azureflux Remix),Dragão Inkomodo,2023,no,FMA,2026-08-26T07:44:26.486389
92e0b482-d0e5-4468-b0d6-1a02a7755fce,Side B: Hall Of Dope / Chaos On The One (Part 2) / Old Snow,C-Doc,2023,no,FMA,2026-08-26T07:44:26.486457
05c1c6ff-ec36-4251-ba98-d102433470fd,Freestyle 32,BenJamin Banger,2023,no,FMA,2026-08-26T07:44:26.486525
208be310-97cc-41ba-85b0-3dcacadfbcab,"Fuck Yall, Im Goin Pop",BenJamin Banger,2023,no,FMA,2026-08-26T07:44:26.486593
c0eaa96b-dfac-4386-86e7-7bf5bc4f3f38,Wrecking Ball Surprise,Bloodgod,2023,no,FMA,2026-08-26T07:44:26.486661
c5c07cdb-ff7b-40b6-9c38-4da2d39a51a8,'n Wind fuatan,Josef Nadek,2023,no,FMA,2026-08-26T07:44:26.486737
74414589-ec26-4687-98f7-4e8b30bb48fd,Mindship,Sergey Cheremisinov,2023,no,FMA,2026-08-26T07:44:26.486814
4d56282d-ad7d-49b1-8881-e89cee113551,Big Fatty,Gorowski,2023,no,FMA,2026-08-26T07:44:26.486884
079bf30f-4d96-46e6-af39-d5ec2a5d535c,Marvelous,Derek Clegg,2023,no,FMA,2026-08-26T07:44:26.486953
0d8eb245-826a-4a0b-9921-3b4c4b4b4329,Too Late,Derek Clegg,2023,no,FMA,2026-08-26T07:44:26.487020
19516e95-141d-4349-b0cf-4857bfe19e1c,Iglesia de Nuestra Señora de Fatima,Derek Baron,2023,no,FMA,2026-08-26T07:44:26.487091
76cb196c-872e-4476-9de8-9b1ab123e81c,Tokay,Dengue Fever,2023,no,FMA,2026-08-26T07:44:26.487182
8d93d0a7-d1fb-4ada-b4b5-3afdc882fdf4,Hopper's Encore,Attic Ted,2023,no,FMA,2026-08-26T07:44:26.487271
61eb7724-d99a-43b0-8fe2-2bbff7d237f9,Haunted Beach Party,The Pandoras,2023,no,FMA,2026-08-26T07:44:26.487345
d5a59724-d7ed-4e26-9ad3-a0a002f38f64,Drifting Spade,Blue Dot Sessions,2023,no,FMA,2026-08-26T07:44:26.487418
dc3be3c0-aa21-4ac8-94ab-a80e2c529265,Gondola Blue,Blue Dot Sessions,2023,no,FMA,2026-08-26T07:44:26.487490
e91788fe-1b53-45ea-b5a1-cfffc3206269,Pickers,Blue Dot Sessions,2023,no,FMA,2026-08-26T07:44:26.487560
24c48cb1-706c-469b-9f5a-82c2ccb7327c,Just Dream,Joao Picoito,2023,no,FMA,2026-08-26T07:44:26.487632
9e6d8f20-7f41-4263-afe9-6a098ec141b2,Cumbia Masonica,Ø+yn + GMC,2023,no,FMA,2026-08-26T07:44:26.487700
ec9f35bc-a145-46c2-8f7d-734d2736d70b,الغول,Ø+yn + GMC,2023,no,FMA,2026-08-26T07:44:26.487772
1802d24d-75c5-4bb9-b6b7-1d9022c2e8f8,Javan,Blue Dot Sessions,2023,no,FMA,2026-08-26T07:44:26.487851
41a9a65f-b649-45c9-bc1b-980295e5f5ba,Silent Passing,Janneh,2023,no,FMA,2026-08-26T07:44:26.487920
fc7fb98c-46b8-4981-9e6b-26b372ab2427,Distress Call,Janneh,2023,no,FMA,2026-08-26T07:44:26.487990
abae336c-abb3-4f47-b8e1-b1da31088091,Baldwin,Shy Kids,2023,no,FMA,2026-08-26T07:44:26.488062
fa93063c-33a3-4429-8c27-1365af4fdf6f,A Simple Shroud,Blue Dot Sessions,2023,no,FMA,2026-08-26T07:44:26.488137
16d03607-d77d-41a3-8d1e-2d0bfa3f5715,Stop motion,Shy and the Fight,2023,no,FMA,2026-08-26T07:44:26.488233
fab5bde4-f6ec-4f59-811e-15be16c6fe46,Agia Kore,Autumna X Triage,2023,no,FMA,2026-08-26T07:44:26.488317
7001fcf4-42e7-43c4-811f-54639f005639,Sixes Are Silent (Alternate Version),Skyjelly,2023,no,FMA,2026-08-26T07:44:26.488387
e2439b44-f61a-4034-aed3-cf2b29763672,The Taylor Swift Capitalist Death Cult,Fields Ohio,2023,no,FMA,2026-08-26T07:44:26.488455
06eccc6c-0f5d-417c-9cb9-f08156794302,To Ruin,Sleep Out,2023,no,FMA,2026-08-26T07:44:26.488522
689c36c6-c3b9-499a-8e7e-a90029f616d8,Blue Jay,Blue Dot Sessions,2023,no,FMA,2026-08-26T07:44:26.488589
db3c05a6-7367-4d1a-b03f-f4aad2c51926,Best Of Me,Derek Clegg,2023,no,FMA,2026-08-26T07:44:26.488662
c049ac20-dc7b-41b8-b5da-f7353ff3e023,Mirror,Robin Mitchell,2023,no,FMA,2026-08-26T07:44:26.488729
cca9771b-2d87-4cb8-9d11-9fb6cf482d98,Careful,Wintermitts,2023,no,FMA,2026-08-26T07:44:26.488804
1a3a5842-826e-40e9-90ec-cc893a37b37f,Hvis du ser mig går det skidt,Stærosaurus,2023,no,FMA,2026-08-26T07:44:26.488876
6d7093bf-b5df-4b6d-aed1-9fcfbe5b3fbc,The Chamber,Satori Ensemble,2023,no,FMA,2026-08-26T07:44:26.488943
0fe6b745-c058-47d9-99a8-beb3087a8073,Shin A-lam,Hissing Fauna,2023,no,FMA,2026-08-26T07:44:26.489010
6dc4d4f5-cebf-4cbb-8224-955e8328f503,Roundtrip,"Oh Yeah, the Future",2023,no,FMA,2026-08-26T07:44:26.489078
3899822e-848a-4526-9f44-70d78e7848c9,Nine Stones,Andrew Howes,2023,no,FMA,2026-08-26T07:44:26.489145
6dd8f0a6-677c-4fc8-8364-03d548081890,Violoncello Intermezzo,Mal Occhio,2023,no,FMA,2026-08-26T07:44:26.489237
06c5cb19-507b-4dce-982e-3a2f0150cfad,Mama Medusa,HighWay17,2023,no,FMA,2026-08-26T07:44:26.489322
5bd63f60-2f62-4c4d-9c2f-e0aafb3c1715,Entrap,Blue Dot Sessions,2023,no,FMA,2026-08-26T07:44:26.489393
63eea55e-8b7c-4f0b-835b-b0eb034c3a25,In Other Times,Blue Dot Sessions,2023,no,FMA,2026-08-26T07:44:26.489463
64ad1934-54e1-43c9-8a5a-d6cbeaa0961e,No Brain,Space Monkey Death Sequence,2023,no,FMA,2026-08-26T07:44:26.489530
10cb1ab4-7e5a-4f9f-8b7c-903ec1621b40,Ein Art Einleitung,Music for Rabbits,2023,no,FMA,2026-08-26T07:44:26.489607
a7ddfdbe-7f61-4dbd-9401-d5844f036c59,Rich Albertoni / Stinge,Mellow Harsher,2023,no,FMA,2026-08-26T07:44:26.489676
e7eee060-f462-4442-b899-ad9484d432c6,See You Cry,Gingerlys,2023,no,FMA,2026-08-26T07:44:26.489745
76c37c8c-3edd-49dd-8e2c-a4621a5e0e62,Flattered,Blue Dot Sessions,2023,no,FMA,2026-08-26T07:44:26.489821
b13819b9-59e3-4af5-99a9-d75e646b6adc,A Burst of Light,Blue Dot Sessions,2023,no,FMA,2026-08-26T07:44:26.489891
a7d5a35f-6059-419b-ab14-8960596ab986,GO!GO!GO!,Emerald Park,2023,no,FMA,2026-08-26T07:44:26.489959
80ecb65d-a20c-481c-bf92-a898564ca8a9,We Can Talk About That (Instrumental),Ant The Symbol,2023,no,FMA,2026-08-26T07:44:26.490026
b3203c83-d07d-4e03-b640-a876dc6fa345,Lathe,Blue Dot Sessions,2023,no,FMA,2026-08-26T07:44:26.490094
d348db02-c651-4660-855f-b7d774b6f3bc,Festive Felicitations,Squire Tuck,2023,no,FMA,2026-08-26T07:44:26.490178
2d510e94-cd10-44c5-a3b9-670c3f60b4a2,Bringing Joy at Christmas,Squire Tuck,2023,no,FMA,2026-08-26T07:44:26.490265
2680113b-03bc-4b9c-a336-1ef63cb3ed48,Sad Times,Squire Tuck,2023,no,FMA,2026-08-26T07:44:26.490339
23f0c28b-84dc-42e3-b1c2-1f54e5281107,The Last Goodbyes of Planet Earth,Squire Tuck,2023,no,FMA,2026-08-26T07:44:26.490416
9637f872-8028-40de-9e94-5150ec073940,Streamer,Blue Dot Sessions,2023,no,FMA,2026-08-26T07:44:26.490488
f4e58ae3-b328-4781-af6e-24842958cf3a,Duane Stomp,The Vivisectors,2023,no,FMA,2026-08-26T07:44:26.490555
d1b8a911-2e09-481b-b876-8e98bcdf1bde,To The Wind,A la Mode,2023,no,FMA,2026-08-26T07:44:26.490625
dec2f74d-c86c-4dc5-bc64-667251e5d2b8,Rock This Session,Jerry Harris,2023,no,FMA,2026-08-26T07:44:26.490694
0f749730-561f-4e5c-8fde-5a3e417f9c03,Should I,Trevor Flowers and Iheka-Chama,2023,no,FMA,2026-08-26T07:44:26.490769
be15998e-2706-4384-95fe-c56bee24517b,Tentacle Hentaij - Core Noisetone,Ralph Brown,2023,no,FMA,2026-08-26T07:44:26.490849
aa24e145-fd87-401c-b76e-f1bee19fec00,Penny17,Captive Portal,2023,no,FMA,2026-08-26T07:44:26.490919
6dd1d5b4-a62a-4a03-b9cc-02202745222a,Cali,Tzelalot,2023,no,FMA,2026-08-26T07:44:26.490991
f455a984-7b2e-44b1-b3c5-6df1259854b1,In Da Trap,Dollar Boyz,2023,no,FMA,2026-08-26T07:44:26.491060
e550ef84-7f53-47c2-990b-1043a66eeb8c,Soul Survivor,Dollar Boyz,2023,no,FMA,2026-08-26T07:44:26.491129
2da0522b-9d81-465c-889f-6202dc4efa74,Picnic at the reactor,Michett,2023,no,FMA,2026-08-26T07:44:26.491217
e96e86be-0be7-4bde-a89f-9a1d4f0e490b,Funky Motion,Cheese N Pot-C,2023,no,FMA,2026-08-26T07:44:26.491300
6e3b6118-be70-4045-8106-ae5b5b8f571a,The Friendly Monster Shop,The Zombie Dandies,2023,no,FMA,2026-08-26T07:44:26.491371
abaf4e83-d290-4d8a-b270-1dca6b55a258,Twenty Somethin',Jimmy & The Threats,2023,no,FMA,2026-08-26T07:44:26.491438
d279261a-4b64-42a4-b41e-76dce34954ce,The Stars Look Different (Ziggy Stardust Mix),spinningmerkaba,2023,no,FMA,2026-08-26T07:44:26.491508
7ffadcf1-699a-4179-8ad5-018ca0631a47,All The Stupid Things You Say,Albin Andersson,2023,no,FMA,2026-08-26T07:44:26.491576
c073fe12-3f99-4019-b23b-6ed1bbc9b679,Turning,Blue Dot Sessions,2023,no,FMA,2026-08-26T07:44:26.491643
96825dc3-39e2-4712-875f-7e11a8e706d3,Zombies,Pot-C,2023,no,FMA,2026-08-26T07:44:26.491711
cbe2527f-ea0d-4d67-afe1-68963c55b593,The Silver Hatch,Blue Dot Sessions,2023,no,FMA,2026-08-26T07:44:26.491783
a8374d6d-4bba-41ae-b727-443a6278a761,B08 Mario,Mom Jeans,2023,no,FMA,2026-08-26T07:44:26.491854
e980e1c8-a73a-4035-867e-524c0e4b432c,Let Me Rock,The Flamin' Groovies,2023,no,FMA,2026-08-26T07:44:26.491922
fc398e37-599e-41c4-af96-d9d66a7bee38,Above Us,David Szesztay,2023,no,FMA,2026-08-26T07:44:26.491989
10dd1e5d-2e73-4f57-a69b-922b01c6b549,Open Windows,David Szesztay,2023,no,FMA,2026-08-26T07:44:26.492057
ccc3874f-b216-43b9-87da-3fdfc6845bf4,Tsangala,Yale Women's Slavic Chorus,2023,no,FMA,2026-08-26T07:44:26.492132
e08e8e3e-d9fc-4fc4-a95c-9788399ca4b2,Credit Where Credit Is Due,Timezone LaFontaine,2023,no,FMA,2026-08-26T07:44:26.492222
8d51cbc5-b0bf-4db8-9f2f-ada62fbd6973,Not Quite There,Ava Zandieh,2023,no,FMA,2026-08-26T07:44:26.492307
fa5d7adf-2579-45f8-bb56-cb7e25c083fb,Bosa Nova,Gardenella,2023,no,FMA,2026-08-26T07:44:26.492379
0acf17e1-9020-48ae-813d-f287080457ff,Fuck Texas,Gardenella,2023,no,FMA,2026-08-26T07:44:26.492453
e01439d9-35c5-4385-8b57-676cae954d98,She,Gardenella,2023,no,FMA,2026-08-26T07:44:26.492523
feeff83e-e6b4-499e-8acb-4623efcb644f,Pulse,SPCZ,2023,no,FMA,2026-08-26T07:44:26.492592
8e1b786e-a8e5-4571-a875-61cd8f0a5d84,Horse ride 2,TRG Banks,2023,no,FMA,2026-08-26T07:44:26.492661
648b97ed-a9a0-4483-8e4c-8020e61deac9,Extravaganza,TRG Banks,2023,no,FMA,2026-08-26T07:44:26.492728
d40059e2-9bde-4a07-b487-a5e9c2b740da,Flying,TRG Banks,2023,no,FMA,2026-08-26T07:44:26.492798
aa9035e3-cb67-4cff-afe5-2929730dca87,Chains Down,David Szesztay,2023,no,FMA,2026-08-26T07:44:26.492869
3658f1d2-60b1-4d58-8072-d13e085cd757,Wake Up,David Szesztay,2023,no,FMA,2026-08-26T07:44:26.492938
123d98f2-1870-429b-b2e7-f56eed2c2d31,66,Bonnie 'Prince' Billy,2023,no,FMA,2026-08-26T07:44:26.493005
6c3439bd-1bca-4983-86b0-5640f3f8ebec,The Ball is Round,David Rovics,2023,no,FMA,2026-08-26T07:44:26.493073
90af2985-e0ce-408e-859f-6fdb9f97675d,Quiet Raga,Nimisha Shankar,2023,no,FMA,2026-08-26T07:44:26.493143
5b242ae1-193b-469a-8629-c6a06c13196b,Plan II,Raul Diaz Palomar,2023,no,FMA,2026-08-26T07:44:26.493234
8616a15e-6541-4d2e-a389-7ae5918e95a9,The Journey,Marcos H. Bolanos,2023,no,FMA,2026-08-26T07:44:26.493318
7adf5055-ba96-4882-8100-1c8a536c260a,Instrumental,Purling Hiss (Solo),2023,no,FMA,2026-08-26T07:44:26.493388
e5be79e2-72a1-43de-877f-76770a1e8ba6,Needy Ass,Tha Silent Partner,2023,no,FMA,2026-08-26T07:44:26.493455
c5ae065d-ba80-47d1-976e-1f7f8d1ddd97,-Sheydaii,"Turku, Nomads of the Silk Road",2023,no,FMA,2026-08-26T07:44:26.493523
34633350-832c-4c37-82d7-c61e252ccf7f,-Yesilim,"Turku, Nomads of the Silk Road",2023,no,FMA,2026-08-26T07:44:26.493591
90f81f0e-830b-44c4-9f8c-a04e2ec228df,-Bir Demet Yasemen,"Turku, Nomads of the Silk Road",2023,no,FMA,2026-08-26T07:44:26.493660
e4bb1b40-074b-4efb-bdc9-4a3b69be4aa3,Penceresi Yola Karsi,"Turku, Nomads of the Silk Road",2023,no,FMA,2026-08-26T07:44:26.493726
1a398665-d13a-4f3b-807e-dd589dbc3d22,L'herbe verte,Anga,2023,no,FMA,2026-08-26T07:44:26.493808
23f82661-6fdf-479d-a471-86c8cd86429e,Nihavent Longa,Ehl-i Keyif,2023,no,FMA,2026-08-26T07:44:26.493880
fda80df7-cfbf-4c2b-b3fc-1d131ad5fe0a,The Coldest Winter,Caleb Lemond,2023,no,FMA,2026-08-26T07:44:26.493950
f9c66fdb-342b-4d89-9595-3657cb0be220,Colour,Lamprey,2023,no,FMA,2026-08-26T07:44:26.494017
b9dd7184-8b83-4070-9bf1-495db4148d33,Grethel,Lamprey,2023,no,FMA,2026-08-26T07:44:26.494085
f5055c34-e86b-4527-b9e5-3f640d561e6c,Parasite,Lamprey,2023,no,FMA,2026-08-26T07:44:26.494153
4077e1b7-83ca-4c06-a2a7-b1034e845b6d,Daydreamin' feat. Knwlan Ryn,Marquice Turner,2023,no,FMA,2026-08-26T07:44:26.494247
1f136ac5-04b0-4e2f-a3ef-f99ef1ddff38,I Hate The Weekend,Tacocat,2023,no,FMA,2026-08-26T07:44:26.494335
35824f96-4b53-4657-aac6-f76053b0d8e3,NAMAEWANAINAMAEGANAI,Urban Predator,2023,no,FMA,2026-08-26T07:44:26.494405
d0ea6ce6-a4e3-4c28-9a3b-198ca0eb08ee,The Party,Monkey Mind,2023,no,FMA,2026-08-26T07:44:26.494473
b85b0098-3ee8-4448-8a1c-dcf51e55c2e7,Sunpowered Surfboard,The Vivisectors,2023,no,FMA,2026-08-26T07:44:26.494546
09a4d2d9-12a8-478a-a6b8-832b62c372c5,Redemption,The Vivisectors,2023,no,FMA,2026-08-26T07:44:26.494616
41144964-fef1-4a96-8aeb-7850a3cd5ed2,Russki Psycho,The Vivisectors,2023,no,FMA,2026-08-26T07:44:26.494687
a0455996-ff81-43a8-867b-228be9277778,Childhood Memories (DocSonic Mixx) featuring D3Zs,C-Doc,2023,no,FMA,2026-08-26T07:44:26.494757
4d629125-f430-45a8-8b10-ab0c87891536,One Knife,Every Now and Every Then,2023,no,FMA,2026-08-26T07:44:26.494831
96f24aaf-0407-491a-834c-3b9441f376ad,Dark Angel,Black Flamingo,2023,no,FMA,2026-08-26T07:44:26.494898
4f2f07fd-a2a4-4c73-bb1f-1c7605b086b8,Zombie,Black Flamingo,2023,no,FMA,2026-08-26T07:44:26.494966
70613073-0ef0-4a5f-9f28-4dee4cdcb651,Drifting,Black Flamingo,2023,no,FMA,2026-08-26T07:44:26.495034
1f703579-4fd1-408f-8c63-dd893fec30bc,2/3 Straight Edge,Angstbreaker,2023,no,FMA,2026-08-26T07:44:26.495101
01e0e919-c04b-4bc9-a199-330e0513a654,At The Leaving Star Lounge,dadala,2023,no,FMA,2026-08-26T07:44:26.495184
65f02eaa-9a10-4897-91c5-9aea74ba658a,Freeway,Dave Nelson,2023,no,FMA,2026-08-26T07:44:26.495274
c30e6ce6-2844-4d6b-ac7a-a4fd02d0accb,Special K,Resonancedj,2023,no,FMA,2026-08-26T07:44:26.495348
6799043e-3ec0-4b20-839d-1e4567e9ed9b,Coco,Jorge Mario Zuleta,2023,no,FMA,2026-08-26T07:44:26.495417
325a86f0-b369-4528-a2be-0fb32326bba5,No Country For Old Men (D's Muddy Water Breakfix Mixx),The Impossebulls,2023,no,FMA,2026-08-26T07:44:26.495486
406422f6-0759-420f-b962-cd5db80e0ef7,Morning Bell,Nihilore,2023,no,FMA,2026-08-26T07:44:26.495552
297e361f-acfb-45f2-bb29-747348c00a46,Fly Blackbird Fly : rewrite,-ono-,2023,no,FMA,2026-08-26T07:44:26.495620
8c61d06a-6b25-4928-8b1a-1b877c8caf8f,So Sad : rewrite,-ono-,2023,no,FMA,2026-08-26T07:44:26.495687
c5cf3a01-31ff-4a67-ae50-f6ed5b4bf720,Seis,Corazones service,2023,no,FMA,2026-08-26T07:44:26.495756
8ae1b99e-01ff-4e2b-a9e2-5b6d32c2d9c5,Stay (Teknique Remix) (Featuring Jeff Barringer),Simple CUT,2023,no,FMA,2026-08-26T07:44:26.495830
cae25013-c9c5-4156-820c-3a91d2ff7cf7,Podcast Theme,Kevin Hartnell,2023,no,FMA,2026-08-26T07:44:26.495899
0600b347-ba0f-490a-b087-6ddd1646c25c,Dope Man,Yshwa,2023,no,FMA,2026-08-26T07:44:26.495969
83579673-7fa9-4f3d-b672-05893782ba52,Dub For Gaza,Mikuś,2023,no,FMA,2026-08-26T07:44:26.496039
777c5d15-4e00-4c1f-aa46-98d911838935,Refinery,Remain,2023,no,FMA,2026-08-26T07:44:26.496110
6dccb0a7-41c5-46f5-8c84-ffc11018476a,Tinderstix and Russian River,We Is Shore Dedicated,2023,no,FMA,2026-08-26T07:44:26.496198
a3f84ede-2738-4e85-93a6-55413b5eeb73,woke up feeling blessed,SK,2023,no,FMA,2026-08-26T07:44:26.496292
dcefb42c-4799-43e4-98db-59384033a62d,Collapse,Sioum,2023,no,FMA,2026-08-26T07:44:26.496366
1717918f-7df0-4f12-8385-dcd699f3ede9,El mig amic,Terratombats,2023,no,FMA,2026-08-26T07:44:26.496485
0935d705-6484-41b5-82e4-6479fc87a4a5,Vull viure d'aventures,Terratombats,2023,no,FMA,2026-08-26T07:44:26.496584
48f53f1b-c81a-47c1-91db-6c9ba8aca674,Come to Me,Rony Friedman,2023,no,FMA,2026-08-26T07:44:26.496658
a36441fd-0557-4a67-a7fd-07caddff8a04,Senegal,GOYMAMBA,2023,no,FMA,2026-08-26T07:44:26.496734
914974c7-36f0-4983-b955-73e66647c45e,Silverdirt,J1*,2023,no,FMA,2026-08-26T07:44:26.496817
321d19f7-33e3-46dd-ab4c-d5aab28d82e7,Apollo,Mystery Mammal,2023,no,FMA,2026-08-26T07:44:26.496900
3a516f69-4d25-42c0-93e0-814871ac154b,There Is Something Wrong,Mystery Mammal,2023,no,FMA,2026-08-26T07:44:26.496972
1a78e277-5049-4ae0-bd1a-47a0380f09b9,Living In A Dream,Twin Guns,2023,no,FMA,2026-08-26T07:44:26.497043
bfc35788-bc3a-43f9-8ca4-1acb10dd9101,March Of The Undead,The Invasion,2023,no,FMA,2026-08-26T07:44:26.497115
3527d838-4731-4ef6-ab7e-8cedad31d213,Swanhead,TRG Banks,2023,no,FMA,2026-08-26T07:44:26.497203
34c48c4f-d344-42f3-b741-1ca278da2b59,Take Your Pills,Chase Alan Willis,2023,no,FMA,2026-08-26T07:44:26.497293
2285e2e2-48dd-4e7a-aaef-81cd3dfe3502,Escape from Carpinteria Island,Chase Alan Willis,2023,no,FMA,2026-08-26T07:44:26.497367
90cf8f32-3e58-4ac5-8535-0e07f9096d8c,Henna Negra,J-K,2023,no,FMA,2026-08-26T07:44:26.497436
e4dfb435-4ea7-4065-949f-dd54c273e988,New Moon,Dave Keifer,2023,no,FMA,2026-08-26T07:44:26.497506
f9988835-cad4-4da8-8242-0db3201401ab,Lantern (Acoustic),Wildlight,2023,no,FMA,2026-08-26T07:44:26.497576
3777a689-444c-4353-9a05-5678f0de502b,Move Like The Ocean (Acoustic),Wildlight,2023,no,FMA,2026-08-26T07:44:26.497644
1d5df7c1-9b0b-4104-a273-27ba635bc71e,Bea6 (Oelek dromer rmx),Richard Jonas,2023,no,FMA,2026-08-26T07:44:26.497711
b50af2da-16f5-451b-85b7-76ad87ffaf61,Soundtrack 2. Act 6,Steve Burnett,2023,no,FMA,2026-08-26T07:44:26.497779
0949b563-af89-4212-b439-cd3bc53776c5,Opening the Mouth/ Salt,Conduit,2023,no,FMA,2026-08-26T07:44:26.497853
ca20e4ab-d531-4397-8100-0388cc5d9c98,Tabea (Live at Galleri Bleue),Ars Sonor,2023,no,FMA,2026-08-26T07:44:26.497923
225e1ac4-5763-40d7-98aa-31ead0d229fc,Homage to John Carpenter's Halloween Soundtrack,Squire Tuck,2023,no,FMA,2026-08-26T07:44:26.497991
a4d5d830-eba1-4ef7-a125-901a612f8061,Roommates (Piano Version by AGPB),This Mess is Mine,2023,no,FMA,2026-08-26T07:44:26.498059
9e86a198-4f84-4393-87d6-b63ec1c0ea61,SELF EXPLORER,North Cape Lights,2023,no,FMA,2026-08-26T07:44:26.498127
366bc611-bd09-440f-b71a-ef7c79f9388d,Godspeed (Lyndon Scarfe Remix),Maxwell Powers,2023,no,FMA,2026-08-26T07:44:26.498221
037878e8-efcb-4149-b2a2-914cfea3b5db,So On and Yo! (D.A.I.S.Y. Age Instrumental),LOWdown,2023,no,FMA,2026-08-26T07:44:26.498309
c6022216-0fba-4a96-a902-4d1471cd640a,The BizBoxx,The Impossebulls,2023,no,FMA,2026-08-26T07:44:26.498388
e4909e8d-dfee-4525-8af4-75c75db3ddac,Liars & Conmen,The Impossebulls,2023,no,FMA,2026-08-26T07:44:26.498458
68905d13-104b-48f2-8bcb-6004e67760f0,Facing Inwards,Squire Tuck,2023,no,FMA,2026-08-26T07:44:26.498525
bb149751-8a8b-4080-aa91-2259d3bcc9d5,The Cross,A-Grav Lab,2023,no,FMA,2026-08-26T07:44:26.498596
7d180b8e-601f-4933-a80a-e1355f22b283,The Cavern,Langax,2023,no,FMA,2026-08-26T07:44:26.498667
caf0d86e-544c-4858-93c5-ce822005321d,Majestic Magnets (Headsnack Remix),Regenerated Headpiece,2023,no,FMA,2026-08-26T07:44:26.498737
3cc86ccc-357e-4783-a3c4-35b20df56551,"Extraordinary League of HipHop Dads (Featuring Headsnack, Brash, Phashara & Venomous 2000)",ILLUS & ICBM,2023,no,FMA,2026-08-26T07:44:26.498820
69401f4e-a709-44cc-aee7-c1de30cb9531,ALLMACKS (Drunken Masters Version) (Live),Regenerated Headpiece,2023,no,FMA,2026-08-26T07:44:26.498890
d9063a9f-52a3-4bf7-b864-c47c5e90c7a2,Reaces Peaces,Derek Clegg,2023,no,FMA,2026-08-26T07:44:26.498959
0c0216a7-3ab9-4d91-818d-69ec04d8df64,So Is She,Derek Clegg,2023,no,FMA,2026-08-26T07:44:26.499027
8cdea185-01be-493f-8323-b5ebbf3c9457,Depravity,Lozo Musico,2023,no,FMA,2026-08-26T07:44:26.499094
f4473d15-1972-44e5-8a20-8775fea898db,Niceness,Red Star Martyrs,2023,no,FMA,2026-08-26T07:44:26.499174
afbbfcdd-d5a9-45c1-9e63-b397a6bf319b,Hots For Brooklyn Instrumental,Ryan Cullinane,2023,no,FMA,2026-08-26T07:44:26.499261
a53745ee-7ce4-430f-aec8-603080764fbf,Hand of The Hunter,Josh Armistead,2023,no,FMA,2026-08-26T07:44:26.499341
aad371dc-d2f6-48c4-b48f-48e12a377b62,Lovefingers,Silver Apples,2023,no,FMA,2026-08-26T07:44:26.499411
81faa079-deb4-4443-a0fb-54067a61abc8,Main Course,LoveyDove,2023,no,FMA,2026-08-26T07:44:26.499480
67c5d374-95f7-4982-815f-05d7ab2f29da,Un truc 5,Nicolas Carras,2023,no,FMA,2026-08-26T07:44:26.499548
8a72c42e-2369-471f-a205-02ba278d4f21,No lyrics,In De Nadfin,2023,no,FMA,2026-08-26T07:44:26.499622
a4b145bb-e4ab-452f-a35a-4bd2157a5abe,Arid Badlands,No Human,2023,no,FMA,2026-08-26T07:44:26.499693
06de9a0f-9097-49eb-b538-ee43551fd3e9,Talking To My Own Mirage,Carroll,2023,no,FMA,2026-08-26T07:44:26.499766
ac6b72c7-6489-4dd7-a31f-8e43bdc664b9,Elise en analyse,Le Manque,2023,no,FMA,2026-08-26T07:44:26.499845
e8c1322a-a354-46e6-bec1-1b32de627ed2,My Deviance,Red Crickets,2023,no,FMA,2026-08-26T07:44:26.499914
90a5eada-aa31-4483-974d-7ff7146542d0,A Mess,Red Crickets,2023,no,FMA,2026-08-26T07:44:26.499983
9f243a03-72d7-4f33-ba03-09acb65457e8,Blue Piano,K. Sparks,2023,no,FMA,2026-08-26T07:44:26.500053
ed674355-e93b-46eb-a252-a9d104ad7c82,Celestial Navigation,Blue Dot Sessions,2023,no,FMA,2026-08-26T07:44:26.500365
0125d614-1532-4d00-a1b2-b572fc979bba,Rising Heart,Sro,2023,no,FMA,2026-08-26T07:44:26.500809
5c0500d2-ff57-4bb8-b34a-88de061a3c8f,Answering M,Sro,2023,no,FMA,2026-08-26T07:44:26.500995
808ce8fe-8abb-42b8-bc7d-f2d0c66da89a,Step One,Fatal Injection,2023,no,FMA,2026-08-26T07:44:26.501151
0cacdb30-6e16-40e8-a552-e723980510a3,Dark November #12,Wayne Kinos,2023,no,FMA,2026-08-26T07:44:26.501299
39c66069-2f42-43db-b9a0-f4ee29417e74,Inner Mental Cage,Controlled Insanity,2023,no,FMA,2026-08-26T07:44:26.501396
86c29ac2-9340-4b1a-8173-6d6ca2800906,B4-C'est gratuit (et ça le restera toujours),Manuel Duval,2023,no,FMA,2026-08-26T07:44:26.501486
b6fd0cc7-242d-40c0-8b2c-48d97d31db0c,Opa Tsupa,Peter Lyster,2023,no,FMA,2026-08-26T07:44:26.501583
6f10e473-f9c8-4e08-8eca-7897e00061d6,La Samba (en public),Trotski Nautique,2023,no,FMA,2026-08-26T07:44:26.501682
a95473fe-bccc-430c-b2f0-dda3bfff1198,Métal Province,Trotski Nautique,2023,no,FMA,2026-08-26T07:44:26.501777
7aefe09a-5d97-43b0-935a-354376036acd,Calm Flight,Fleslit,2023,no,FMA,2026-08-26T07:44:26.501865
5515c9e3-d0f6-493b-8590-6c6cbc94eec1,Lo-Fi Beats Vol.1,The Synthetics,2024,no,Creator Music,2026-08-26T07:44:26.608938
daaceadb-48f4-41b9-bbbc-70462daa656c,Cyberpunk Dreams Vol.2,DJ Shadow,2024,no,Creator Music,2026-08-26T07:44:26.609008
663cd92a-9516-4102-b816-97e01e139d94,Lo-Fi Beats Vol.3,Acoustic Duo,2024,no,Creator Music,2026-08-26T07:44:26.609075
8696572c-c7ea-4249-82b9-008237629c50,Lo-Fi Beats Vol.4,Acoustic Duo,2024,no,Creator Music,2026-08-26T07:44:26.609145
ba0a8fc2-6c71-443a-8bd8-68b56d7258f9,Midnight City Vol.5,BeatMaker Pro,2024,no,Creator Music,2026-08-26T07:44:26.609240
026d8d79-76e8-42d7-87c9-86b8440b259a,Golden Hour Vol.6,BeatMaker Pro,2024,no,Creator Music,2026-08-26T07:44:26.609312
73fb052f-7f8e-4941-b107-d593cc006b7f,Summer Vibe Vol.7,Acoustic Duo,2024,no,Creator Music,2026-08-26T07:44:26.609390
b7c82154-b3d7-41d3-971e-710beee7fd8e,Golden Hour Vol.8,The Synthetics,2024,no,Creator Music,2026-08-26T07:44:26.609462
ec63cd9e-6ef5-456b-b3c6-1f9e1ccd2298,Midnight City Vol.9,The Synthetics,2024,no,Creator Music,2026-08-26T07:44:26.609529
916d0212-b180-4acc-8eb2-c7252d1cf245,Acoustic Journey Vol.10,BeatMaker Pro,2024,no,Creator Music,2026-08-26T07:44:26.609596
46047d65-9215-4fc7-80f7-ffa80b2151f5,Golden Hour Vol.11,DJ Shadow,2024,no,Creator Music,2026-08-26T07:44:26.609678
42c4652e-e5e6-419c-9b83-62fc6e69c9cb,Acoustic Journey Vol.12,The Synthetics,2024,no,Creator Music,2026-08-26T07:44:26.609757
40c2089f-bfab-49fd-ac3d-7fd28220f7b6,Cyberpunk Dreams Vol.13,Luna Vance,2024,no,Creator Music,2026-08-26T07:44:26.609827
903684d3-5f11-46a2-9ac1-8cd78d45066b,Summer Vibe Vol.14,BeatMaker Pro,2024,no,Creator Music,2026-08-26T07:44:26.609896
d3a20d33-2cf3-4751-914d-83d60dd8fba5,Cyberpunk Dreams Vol.15,The Synthetics,2024,no,Creator Music,2026-08-26T07:44:26.609968
bb4125f3-9631-4209-a117-85657b1c8d1e,Summer Vibe Vol.16,Acoustic Duo,2024,no,Creator Music,2026-08-26T07:44:26.610035
c7142b9a-d38e-4b33-b553-11734d58ec4c,Midnight City Vol.17,Acoustic Duo,2024,no,Creator Music,2026-08-26T07:44:26.610102
8ceae917-e677-4961-8492-e0b28a68c645,Neon Lights Vol.18,Acoustic Duo,2024,no,Creator Music,2026-08-26T07:44:26.610190
b767c9b6-1b85-4853-9803-68a396cb2c07,Acoustic Journey Vol.19,The Synthetics,2024,no,Creator Music,2026-08-26T07:44:26.610270
d5cdc77d-343d-40fc-aee0-d8d3661fa3cf,Golden Hour Vol.20,Luna Vance,2024,no,Creator Music,2026-08-26T07:44:26.610341
78127d5d-2356-42b5-bedb-4865d619fb9d,Cyberpunk Dreams Vol.21,The Synthetics,2024,no,Creator Music,2026-08-26T07:44:26.610409
5fb1c451-997f-4282-a571-d18a54ec8204,Lo-Fi Beats Vol.22,Luna Vance,2024,no,Creator Music,2026-08-26T07:44:26.610482
4f7a8897-c4a4-4d5b-a317-80e6039afd0b,Lo-Fi Beats Vol.23,Luna Vance,2024,no,Creator Music,2026-08-26T07:44:26.610552
7024a144-2234-413e-ae4d-673a1b4b70c9,Golden Hour Vol.24,BeatMaker Pro,2024,no,Creator Music,2026-08-26T07:44:26.610622
127d9ceb-1176-4f60-83aa-66ae449ac1d5,Summer Vibe Vol.25,The Synthetics,2024,no,Creator Music,2026-08-26T07:44:26.610707
3e611721-9341-4c0d-aa46-e41a1b226b22,Lo-Fi Beats Vol.26,The Synthetics,2024,no,Creator Music,2026-08-26T07:44:26.610780
17295740-e24e-458e-967a-43f59945dd77,Lo-Fi Beats Vol.27,DJ Shadow,2024,no,Creator Music,2026-08-26T07:44:26.610850
65ad8ec6-04da-4966-b35a-6df13526c602,Acoustic Journey Vol.28,BeatMaker Pro,2024,no,Creator Music,2026-08-26T07:44:26.610920
5c526509-8920-4aef-bc3e-4960405654ed,Acoustic Journey Vol.29,Acoustic Duo,2024,no,Creator Music,2026-08-26T07:44:26.610992
31a1efae-9072-4d63-a162-9030dacc5f0f,Acoustic Journey Vol.30,The Synthetics,2024,no,Creator Music,2026-08-26T07:44:26.611060
ac750b69-3a0a-4a00-bc40-b3d7c65df95a,Summer Vibe Vol.31,The Synthetics,2024,no,Creator Music,2026-08-26T07:44:26.611135
595afcaa-9d38-4e10-976b-93213f661c4d,Golden Hour Vol.32,BeatMaker Pro,2024,no,Creator Music,2026-08-26T07:44:26.611229
1357076e-0e7d-49ff-aebe-1e4dedc4210c,Acoustic Journey Vol.33,BeatMaker Pro,2024,no,Creator Music,2026-08-26T07:44:26.611304
68666d67-f4c7-4f49-b0a7-1a9b4008765e,Cyberpunk Dreams Vol.34,BeatMaker Pro,2024,no,Creator Music,2026-08-26T07:44:26.611373
207bc02a-42ee-4a0e-a655-00f1d1d08e28,Summer Vibe Vol.35,The Synthetics,2024,no,Creator Music,2026-08-26T07:44:26.611441
e9895438-92c7-4a64-b9fe-81395de592fd,Summer Vibe Vol.36,DJ Shadow,2024,no,Creator Music,2026-08-26T07:44:26.611508
fbe76909-b9e8-4ec7-b5c6-03aba203678e,Neon Lights Vol.37,Luna Vance,2024,no,Creator Music,2026-08-26T07:44:26.611577
4bcb27f2-9189-4f37-82ec-5d94183dc7ac,Golden Hour Vol.38,Acoustic Duo,2024,no,Creator Music,2026-08-26T07:44:26.611653
9493ffcd-d827-4922-94e1-c8bc33d6ed07,Golden Hour Vol.39,Acoustic Duo,2024,no,Creator Music,2026-08-26T07:44:26.611725
c091ef0e-bc5b-4864-ae56-c5c81bbe285b,Midnight City Vol.40,The Synthetics,2024,no,Creator Music,2026-08-26T07:44:26.611793
0c992d12-ba00-4a5c-b547-5d2b2125f6a6,Acoustic Journey Vol.41,The Synthetics,2024,no,Creator Music,2026-08-26T07:44:26.611859
cea4781c-6b7e-42c8-baa6-04d75d09c45b,Midnight City Vol.42,BeatMaker Pro,2024,no,Creator Music,2026-08-26T07:44:26.611927
96ec160e-911e-453e-8b15-ba2aa4ff3bed,Summer Vibe Vol.43,Acoustic Duo,2024,no,Creator Music,2026-08-26T07:44:26.612001
da463a62-1636-46a1-807b-234e38411b54,Lo-Fi Beats Vol.44,BeatMaker Pro,2024,no,Creator Music,2026-08-26T07:44:26.612070
0e8b82ab-40a0-4eb1-8233-64f6e4aa58da,Golden Hour Vol.45,The Synthetics,2024,no,Creator Music,2026-08-26T07:44:26.612140
7baf02ba-52f7-4982-aa9c-3812038c60b7,Summer Vibe Vol.46,DJ Shadow,2024,no,Creator Music,2026-08-26T07:44:26.612250
d2de25e9-79ff-42c4-b9a9-5df66fc910d4,Neon Lights Vol.47,Luna Vance,2024,no,Creator Music,2026-08-26T07:44:26.612323
87c12281-4f49-4845-941b-5ba2b0bffd14,Lo-Fi Beats Vol.48,DJ Shadow,2024,no,Creator Music,2026-08-26T07:44:26.612392
7865c318-add6-45ed-8d96-50a60ceb640b,Golden Hour Vol.49,The Synthetics,2024,no,Creator Music,2026-08-26T07:44:26.612460
7edcc64a-b8b8-45e8-bb69-8d07abfff73b,Summer Vibe Vol.50,DJ Shadow,2024,no,Creator Music,2026-08-26T07:44:26.612528
08a1e451-a1d5-44a7-9751-cdfd850fabb2,Acoustic Journey Vol.51,The Synthetics,2024,no,Creator Music,2026-08-26T07:44:26.612601
2015770d-0f68-4f22-b572-ffe465ed5f65,Golden Hour Vol.52,DJ Shadow,2024,no,Creator Music,2026-08-26T07:44:26.612683
d54b071a-5de2-45e4-baac-faaeced3a91d,Golden Hour Vol.53,BeatMaker Pro,2024,no,Creator Music,2026-08-26T07:44:26.612753
96e8d752-26f9-4468-9d4b-80fd9a8b7ff7,Golden Hour Vol.54,Luna Vance,2024,no,Creator Music,2026-08-26T07:44:26.612821
0b680efe-4cb9-4404-bf74-adb25e66a840,Acoustic Journey Vol.55,Luna Vance,2024,no,Creator Music,2026-08-26T07:44:26.612888
c6e5250b-da5c-4ad2-a41b-3bfe983ddf06,Cyberpunk Dreams Vol.56,Acoustic Duo,2024,no,Creator Music,2026-08-26T07:44:26.612957
400ab690-5056-41ec-b610-be1233187a48,Acoustic Journey Vol.57,Luna Vance,2024,no,Creator Music,2026-08-26T07:44:26.613025
d7d63639-56e6-4846-833b-22b599b4848a,Golden Hour Vol.58,The Synthetics,2024,no,Creator Music,2026-08-26T07:44:26.613093
1ea4d9dc-fbee-485e-ba2d-f8a4e0f2502c,Lo-Fi Beats Vol.59,DJ Shadow,2024,no,Creator Music,2026-08-26T07:44:26.613178
84df424d-1a18-4c40-95e0-ea35b4a1c691,Golden Hour Vol.60,BeatMaker Pro,2024,no,Creator Music,2026-08-26T07:44:26.613256
7b468a1d-9ade-498d-89c3-d2021d5efd1f,Neon Lights Vol.61,BeatMaker Pro,2024,no,Creator Music,2026-08-26T07:44:26.613332
88ca05c4-5d5c-4934-aa7f-2b505f113f88,Midnight City Vol.62,The Synthetics,2024,no,Creator Music,2026-08-26T07:44:26.613409
1a76dd7f-ae90-4ab7-910e-c443dabbf64b,Midnight City Vol.63,The Synthetics,2024,no,Creator Music,2026-08-26T07:44:26.613477
cdd3d2cd-bfaa-44be-8e0e-f0314ffb1b56,Acoustic Journey Vol.64,Acoustic Duo,2024,no,Creator Music,2026-08-26T07:44:26.613545
5a391c2e-f292-4e9d-9ff3-b7b0137a6ee4,Lo-Fi Beats Vol.65,The Synthetics,2024,no,Creator Music,2026-08-26T07:44:26.613613
016ffa6f-0e5c-45f6-9a6c-0825679536ad,Lo-Fi Beats Vol.66,The Synthetics,2024,no,Creator Music,2026-08-26T07:44:26.613693
fa143d55-dca8-47d2-8671-86e9a9f1db25,Lo-Fi Beats Vol.67,DJ Shadow,2024,no,Creator Music,2026-08-26T07:44:26.613764
585d2d3d-fa9d-4d3f-8f78-80d9a5283f2f,Neon Lights Vol.68,Luna Vance,2024,no,Creator Music,2026-08-26T07:44:26.613831
b755df71-6d74-494d-94b2-a035db970fce,Lo-Fi Beats Vol.69,Acoustic Duo,2024,no,Creator Music,2026-08-26T07:44:26.613898
4fc9f11b-f86e-434d-9763-00fb0274ae65,Summer Vibe Vol.70,Luna Vance,2024,no,Creator Music,2026-08-26T07:44:26.613974
2edb0781-0b37-43e5-a916-c68f8aad6807,Summer Vibe Vol.71,BeatMaker Pro,2024,no,Creator Music,2026-08-26T07:44:26.614043
8a332a2f-51f1-4591-a888-8c2ab825396c,Golden Hour Vol.72,BeatMaker Pro,2024,no,Creator Music,2026-08-26T07:44:26.614110
6398ee40-9706-4a0b-97d9-9f50b11e1c84,Cyberpunk Dreams Vol.73,Luna Vance,2024,no,Creator Music,2026-08-26T07:44:26.614199
694843b0-a2c3-4ef3-b4b7-f34bdb0320e2,Midnight City Vol.74,The Synthetics,2024,no,Creator Music,2026-08-26T07:44:26.614276
e0a33237-bca7-45ee-9895-596e045a65e6,Acoustic Journey Vol.75,DJ Shadow,2024,no,Creator Music,2026-08-26T07:44:26.614347
acfdddd2-6f37-4181-a03e-7a4d8f1f18fb,Midnight City Vol.76,Luna Vance,2024,no,Creator Music,2026-08-26T07:44:26.614415
a9557a5a-176a-4b49-98e4-4d6237d20abc,Acoustic Journey Vol.77,The Synthetics,2024,no,Creator Music,2026-08-26T07:44:26.614503
193b7bc7-09be-40c5-a34f-5f7f058cba51,Summer Vibe Vol.78,Acoustic Duo,2024,no,Creator Music,2026-08-26T07:44:26.614577
55f87f8c-3204-468e-a8fc-8e297c053760,Cyberpunk Dreams Vol.79,Luna Vance,2024,no,Creator Music,2026-08-26T07:44:26.614660
e0778b91-e84d-4196-acb4-c8fdee657fc3,Golden Hour Vol.80,Luna Vance,2024,no,Creator Music,2026-08-26T07:44:26.614733
3172cdaf-04e4-4a4c-be70-9c88cec4a1b1,Neon Lights Vol.81,DJ Shadow,2024,no,Creator Music,2026-08-26T07:44:26.614802
d023019a-a905-45b2-875a-02dcc794767b,Lo-Fi Beats Vol.82,DJ Shadow,2024,no,Creator Music,2026-08-26T07:44:26.614869
e51c7d0f-350c-4665-ae24-72fbf4cb2104,Lo-Fi Beats Vol.83,The Synthetics,2024,no,Creator Music,2026-08-26T07:44:26.614938
dadfc3cd-0d70-46e1-98fa-dde780e3efab,Golden Hour Vol.84,BeatMaker Pro,2024,no,Creator Music,2026-08-26T07:44:26.615006
541110b0-d114-40b6-aad1-5ad0fb7d6cc6,Acoustic Journey Vol.85,The Synthetics,2024,no,Creator Music,2026-08-26T07:44:26.615081
9c42c01d-2297-4e6a-90e0-30075ca78cd2,Cyberpunk Dreams Vol.86,The Synthetics,2024,no,Creator Music,2026-08-26T07:44:26.615152
496717d0-bb5f-4727-9e04-2bdc9771f970,Golden Hour Vol.87,Luna Vance,2024,no,Creator Music,2026-08-26T07:44:26.615247
603ebce4-80da-403b-8ced-fd94eb89d606,Golden Hour Vol.88,DJ Shadow,2024,no,Creator Music,2026-08-26T07:44:26.615320
fcfdcb97-76b6-4952-9d27-537ef2c281e6,Midnight City Vol.89,BeatMaker Pro,2024,no,Creator Music,2026-08-26T07:44:26.615391
7a004aba-b0d9-4c74-9353-82afafba2750,Summer Vibe Vol.90,Acoustic Duo,2024,no,Creator Music,2026-08-26T07:44:26.615465
a7754e27-1c90-415f-a4b0-1c957d585109,Cyberpunk Dreams Vol.91,BeatMaker Pro,2024,no,Creator Music,2026-08-26T07:44:26.615536
a3f42d8f-0924-4b1a-b656-eb820e4b01c7,Midnight City Vol.92,BeatMaker Pro,2024,no,Creator Music,2026-08-26T07:44:26.615603
50ad8b7d-253a-434d-ace5-46e0116d15a6,Cyberpunk Dreams Vol.93,BeatMaker Pro,2024,no,Creator Music,2026-08-26T07:44:26.615689
868782ce-602d-4f6d-b0be-0defb3ad6186,Summer Vibe Vol.94,BeatMaker Pro,2024,no,Creator Music,2026-08-26T07:44:26.615761
c84b26dd-3680-4ea2-b0fc-d87fad4a5e24,Lo-Fi Beats Vol.95,Acoustic Duo,2024,no,Creator Music,2026-08-26T07:44:26.615830
d7927936-9cf9-4271-9817-a3b90edaac61,Cyberpunk Dreams Vol.96,Acoustic Duo,2024,no,Creator Music,2026-08-26T07:44:26.615897
47c98e3c-55f2-436a-92b9-8e89fe3ef0df,Acoustic Journey Vol.97,Luna Vance,2024,no,Creator Music,2026-08-26T07:44:26.615965
28e9f4da-7990-4425-a610-618485b4ff53,Golden Hour Vol.98,DJ Shadow,2024,no,Creator Music,2026-08-26T07:44:26.616036
654a390a-1fe4-41fd-84f8-e6ba8b2dcafe,Acoustic Journey Vol.99,The Synthetics,2024,no,Creator Music,2026-08-26T07:44:26.616107
a12448ea-182d-4dc8-8667-85900704ffdb,Lo-Fi Beats Vol.100,BeatMaker Pro,2024,no,Creator Music,2026-08-26T07:44:26.616450
8a8bfbb1-9d61-4c72-b2d5-d4b6f3c9454a,Cover Track TRSHS00013,Cover Artist,2024,no,SecondHandSongs / Cover Set,2026-08-26T07:44:26.616597
e5cd7d4c-0e42-48bb-bd0c-79016bc9abd8,Cover Track TRSHS00024,Cover Artist,2024,no,SecondHandSongs / Cover Set,2026-08-26T07:44:26.616710
9e06928d-152c-45c9-bc8f-f8d4586795a7,Cover Track TRSHS00033,Cover Artist,2024,no,SecondHandSongs / Cover Set,2026-08-26T07:44:26.616791
9d33f25a-1eb0-4dd4-b0cc-2310095ccf63,Cover Track TRSHS00021,Cover Artist,2024,no,SecondHandSongs / Cover Set,2026-08-26T07:44:26.616907
45548068-9f7b-462c-bd44-c4acc5819630,Cover Track TRSHS00031,Cover Artist,2024,no,SecondHandSongs / Cover Set,2026-08-26T07:44:26.617023
3f01161a-e6d2-4513-a187-82ed44a44cc2,Cover Track TRSHS00022,Cover Artist,2024,no,SecondHandSongs / Cover Set,2026-08-26T07:44:26.617109
018c14a8-5d2f-4eb8-a5cd-86a8fd0a4f9d,Cover Track TRSHS00032,Cover Artist,2024,no,SecondHandSongs / Cover Set,2026-08-26T07:44:26.617223
c5e6a7a1-04d3-44fa-8e05-2ed3fba7c4da,Cover Track TRSHS00023,Cover Artist,2024,no,SecondHandSongs / Cover Set,2026-08-26T07:44:26.617310
6f27f99e-1e44-4017-8d3e-d90aa46548ab,Cover Track TRSHS00012,Cover Artist,2024,no,SecondHandSongs / Cover Set,2026-08-26T07:44:26.617391
21c70e7b-238a-44e3-981f-cc2dff2ccb7d,Cover Track TRSHS00011,Cover Artist,2024,no,SecondHandSongs / Cover Set,2026-08-26T07:44:26.617472
18dc3dbc-b39a-4338-b61e-b96f557403c5,Cover Track TRSHS00034,Cover Artist,2024,no,SecondHandSongs / Cover Set,2026-08-26T07:44:26.617549
0fa0df22-44a6-40ba-941e-a72636b829f1,Cover Track TRSHS00041,Cover Artist,2024,no,SecondHandSongs / Cover Set,2026-08-26T07:44:26.617648
df9c37f9-8d5f-43fb-ba5a-197d49263ca8,Cover Track TRSHS00042,Cover Artist,2024,no,SecondHandSongs / Cover Set,2026-08-26T07:44:26.617744
603cc229-8b9f-4346-9c69-e4164c326c24,Cover Track TRSHS00035,Cover Artist,2024,no,SecondHandSongs / Cover Set,2026-08-26T07:44:26.617834
c0bfab4c-165d-4832-bd08-d722dd2de91f,Cover Track TRSHS00052,Cover Artist,2024,no,SecondHandSongs / Cover Set,2026-08-26T07:44:26.617927
b044c13f-de60-4351-aca7-c851d0f84625,Cover Track TRSHS00061,Cover Artist,2024,no,SecondHandSongs / Cover Set,2026-08-26T07:44:26.618024
720bce6f-a4dc-49a8-961c-f2f11c715dbe,Cover Track TRSHS00051,Cover Artist,2024,no,SecondHandSongs / Cover Set,2026-08-26T07:44:26.618123
b7a2b1c9-d39e-4cda-a693-877311c44303,Cover Track TRSHS00062,Cover Artist,2024,no,SecondHandSongs / Cover Set,2026-08-26T07:44:26.618247
22b3c342-0468-4302-953e-1c7a06bc4b7a,Cover Track TRSHS00063,Cover Artist,2024,no,SecondHandSongs / Cover Set,2026-08-26T07:44:26.618351
246c6cec-6145-468e-b521-f13758826406,Cover Track TRSHS00053,Cover Artist,2024,no,SecondHandSongs / Cover Set,2026-08-26T07:44:26.618451
5a50a11c-8aca-4567-98df-710681733dfc,Cover Track TRSHS00064,Cover Artist,2024,no,SecondHandSongs / Cover Set,2026-08-26T07:44:26.618552
a53605f7-7ce8-45f6-84a4-4829a06db69d,Cover Track TRSHS00071,Cover Artist,2024,no,SecondHandSongs / Cover Set,2026-08-26T07:44:26.618662
38e04bd0-6f05-45e6-83b1-db9930f09d79,Cover Track TRSHS00075,Cover Artist,2024,no,SecondHandSongs / Cover Set,2026-08-26T07:44:26.618770
411f7325-f4ee-47fe-97bb-8e8c1967271b,Cover Track TRSHS00072,Cover Artist,2024,no,SecondHandSongs / Cover Set,2026-08-26T07:44:26.618855
c7e20dda-1b11-4107-8967-b12906b9b05c,Cover Track TRSHS00073,Cover Artist,2024,no,SecondHandSongs / Cover Set,2026-08-26T07:44:26.618935
d9ba87cd-31cf-4b48-b71d-d7a993549a79,Cover Track TRSHS00082,Cover Artist,2024,no,SecondHandSongs / Cover Set,2026-08-26T07:44:26.619007
6b873e29-1f44-469d-9fa5-f3a8747e97a6,Cover Track TRSHS00074,Cover Artist,2024,no,SecondHandSongs / Cover Set,2026-08-26T07:44:26.619078
68205557-6568-42ea-ae66-4251e71b2d90,Cover Track TRSHS00081,Cover Artist,2024,no,SecondHandSongs / Cover Set,2026-08-26T07:44:26.619152
5f583d7d-7e7c-4090-862c-79db969e47e5,Cover Track TRSHS00091,Cover Artist,2024,no,SecondHandSongs / Cover Set,2026-08-26T07:44:26.619271
9ea83eba-864a-40a5-8dec-e846789a11a1,Cover Track TRSHS00092,Cover Artist,2024,no,SecondHandSongs / Cover Set,2026-08-26T07:44:26.619346
73ca893e-a626-4fbe-ba1c-ae0d5cd41631,Cover Track TRSHS00093,Cover Artist,2024,no,SecondHandSongs / Cover Set,2026-08-26T07:44:26.619417
20852245-10f1-4d3b-8bb7-e26388620042,Cover Track TRSHS00102,Cover Artist,2024,no,SecondHandSongs / Cover Set,2026-08-26T07:44:26.619487
45fc3f71-ae19-4bf9-b189-530522d1a586,Cover Track TRSHS00101,Cover Artist,2024,no,SecondHandSongs / Cover Set,2026-08-26T07:44:26.619557
2df4ed85-1438-42e5-9a44-c893f676e8e7,Cover Track TRSHS00103,Cover Artist,2024,no,SecondHandSongs / Cover Set,2026-08-26T07:44:26.619634
a112b3f0-1c0b-48bb-927d-b69e43b282c9,Cover Track TRSHS00104,Cover Artist,2024,no,SecondHandSongs / Cover Set,2026-08-26T07:44:26.619708
584addad-a3b1-4bfa-b6d5-8802ed566b3d,Cover Track TRSHS00112,Cover Artist,2024,no,SecondHandSongs / Cover Set,2026-08-26T07:44:26.619779
c6398c7d-39cf-4986-a90d-1b7810379e78,Cover Track TRSHS00111,Cover Artist,2024,no,SecondHandSongs / Cover Set,2026-08-26T07:44:26.619856
382960df-b87f-4280-bb61-3d2872252a43,Cover Track TRSHS00114,Cover Artist,2024,no,SecondHandSongs / Cover Set,2026-08-26T07:44:26.619933
52c879f8-6607-48a9-99d4-90d92255df08,Cover Track TRSHS00115,Cover Artist,2024,no,SecondHandSongs / Cover Set,2026-08-26T07:44:26.620007
12c3bfe0-8018-4ad8-b59e-5ad0b90b70bf,Cover Track TRSHS00121,Cover Artist,2024,no,SecondHandSongs / Cover Set,2026-08-26T07:44:26.620081
099987c1-a67f-433a-a273-1d9c11a227bc,Cover Track TRSHS00113,Cover Artist,2024,no,SecondHandSongs / Cover Set,2026-08-26T07:44:26.620155
f05eebc5-1ebc-405d-ab15-b0596b26eea2,Cover Track TRSHS00122,Cover Artist,2024,no,SecondHandSongs / Cover Set,2026-08-26T07:44:26.620257
9f7b650d-50f0-4737-abaf-3d59198cebbf,Cover Track TRSHS00131,Cover Artist,2024,no,SecondHandSongs / Cover Set,2026-08-26T07:44:26.620333
b30aabae-14cd-4a5a-90e9-5f51a121af55,Cover Track TRSHS00132,Cover Artist,2024,no,SecondHandSongs / Cover Set,2026-08-26T07:44:26.620417
6b7a5edb-cb93-4a4a-a399-1f82f75ae6ca,Cover Track TRSHS00133,Cover Artist,2024,no,SecondHandSongs / Cover Set,2026-08-26T07:44:26.621051
fb9c73c2-e27c-4856-a326-d1bbb7e1199c,Cover Track TRSHS00144,Cover Artist,2024,no,SecondHandSongs / Cover Set,2026-08-26T07:44:26.621221
0440a0ed-4315-4ed9-a11d-4eaef879d0fd,Cover Track TRSHS00142,Cover Artist,2024,no,SecondHandSongs / Cover Set,2026-08-26T07:44:26.621333
28814c2b-b5dd-4fbc-b230-eded41890dd2,Cover Track TRSHS00143,Cover Artist,2024,no,SecondHandSongs / Cover Set,2026-08-26T07:44:26.621447
951e5d10-5846-48bd-9e28-20e435e467fb,Cover Track TRSHS00141,Cover Artist,2024,no,SecondHandSongs / Cover Set,2026-08-26T07:44:26.621557
3708fef7-815a-4870-a495-9bcc60d7c5b4,Cover Track TRSHS00151,Cover Artist,2024,no,SecondHandSongs / Cover Set,2026-08-26T07:44:26.621672
e1548551-7df4-4b9f-bc85-811a5e14a6d7,Cover Track TRSHS00152,Cover Artist,2024,no,SecondHandSongs / Cover Set,2026-08-26T07:44:26.621776
bfef2d78-2820-4876-9f69-803f83ce590a,Cover Track TRSHS00153,Cover Artist,2024,no,SecondHandSongs / Cover Set,2026-08-26T07:44:26.621880
4c2ea567-2ed5-4dd0-9e34-a8fe899d08a1,Cover Track TRSHS00154,Cover Artist,2024,no,SecondHandSongs / Cover Set,2026-08-26T07:44:26.621992
411b6d51-36da-4bff-9642-c4d6ec6fb74f,Cover Track TRSHS00155,Cover Artist,2024,no,SecondHandSongs / Cover Set,2026-08-26T07:44:26.622103
a6444c4a-1605-4b47-9af1-9605c81cc0be,Cover Track TRSHS00182,Cover Artist,2024,no,SecondHandSongs / Cover Set,2026-08-26T07:44:26.622224
39d370d1-91ad-46ba-a4d9-69dff3f5e28f,Cover Track TRSHS00191,Cover Artist,2024,no,SecondHandSongs / Cover Set,2026-08-26T07:44:26.622318
a3daa9f3-0fc5-4ae4-b650-777795a21dee,Cover Track TRSHS00181,Cover Artist,2024,no,SecondHandSongs / Cover Set,2026-08-26T07:44:26.622404
5c6a173e-9b66-4b94-8b42-08ea957c72a9,Cover Track TRSHS00183,Cover Artist,2024,no,SecondHandSongs / Cover Set,2026-08-26T07:44:26.622498
d8ac9956-b062-42e5-af4c-c41bd0b70723,Cover Track TRSHS00172,Cover Artist,2024,no,SecondHandSongs / Cover Set,2026-08-26T07:44:26.622588
02ee0ea6-1d10-4c9e-86e1-210df09ca778,Cover Track TRSHS00171,Cover Artist,2024,no,SecondHandSongs / Cover Set,2026-08-26T07:44:26.622691
3ae409b0-5f87-434f-80b6-81045c444611,Cover Track TRSHS00173,Cover Artist,2024,no,SecondHandSongs / Cover Set,2026-08-26T07:44:26.622777
d427510f-7b6d-4068-9b4e-c6e306428fbd,Cover Track TRSHS00184,Cover Artist,2024,no,SecondHandSongs / Cover Set,2026-08-26T07:44:26.622864
c3532f5c-2756-4f77-a25d-9396538fcc88,Cover Track TRSHS00211,Cover Artist,2024,no,SecondHandSongs / Cover Set,2026-08-26T07:44:26.622945
9e815cc3-51b5-4235-a6ef-a0c229a4d0af,Cover Track TRSHS00212,Cover Artist,2024,no,SecondHandSongs / Cover Set,2026-08-26T07:44:26.623032
163db53d-4d8f-48ca-825f-b98ccb2f8953,Cover Track TRSHS00192,Cover Artist,2024,no,SecondHandSongs / Cover Set,2026-08-26T07:44:26.623127
40c881e0-0c9c-4253-96df-88a781301ef9,Cover Track TRSHS00161,Cover Artist,2024,no,SecondHandSongs / Cover Set,2026-08-26T07:44:26.623276
f58f1a81-5f77-44ac-92e0-bb5cd253cfaf,Cover Track TRSHS00213,Cover Artist,2024,no,SecondHandSongs / Cover Set,2026-08-26T07:44:26.623382
d93792af-3387-40c4-a113-bf9e14daaae0,Cover Track TRSHS00162,Cover Artist,2024,no,SecondHandSongs / Cover Set,2026-08-26T07:44:26.623492
3471ff70-80fb-4534-a9a3-ff139a474b8f,Cover Track TRSHS00221,Cover Artist,2024,no,SecondHandSongs / Cover Set,2026-08-26T07:44:26.623595
c6474ea4-3054-45dd-966d-7f91eb72a2a8,Cover Track TRSHS00222,Cover Artist,2024,no,SecondHandSongs / Cover Set,2026-08-26T07:44:26.623716
638d5b7e-d7a9-4464-94bd-aaa3eaa4b090,Cover Track TRSHS00195,Cover Artist,2024,no,SecondHandSongs / Cover Set,2026-08-26T07:44:26.623827
38ae2276-c3e2-4863-bc9f-c80bee856534,Cover Track TRSHS00194,Cover Artist,2024,no,SecondHandSongs / Cover Set,2026-08-26T07:44:26.623929
8551b106-e91c-4991-84b6-1cb82356afdd,Cover Track TRSHS00223,Cover Artist,2024,no,SecondHandSongs / Cover Set,2026-08-26T07:44:26.624034
4ad9a54f-68ab-4fd7-bd8d-d92c7b318c99,Cover Track TRSHS00193,Cover Artist,2024,no,SecondHandSongs / Cover Set,2026-08-26T07:44:26.624134
39a96fea-b037-48df-9913-3d3d47a91190,Cover Track TRSHS00224,Cover Artist,2024,no,SecondHandSongs / Cover Set,2026-08-26T07:44:26.624263
c7f94c92-9eca-4977-b5fd-868c47e12a15,Cover Track TRSHS00231,Cover Artist,2024,no,SecondHandSongs / Cover Set,2026-08-26T07:44:26.624366
d5f47560-94d2-408a-a514-60fad2f5a1e8,Cover Track TRSHS00232,Cover Artist,2024,no,SecondHandSongs / Cover Set,2026-08-26T07:44:26.624462
3fd9de58-b1e7-4b41-84c8-08cc804e12bb,Cover Track TRSHS00233,Cover Artist,2024,no,SecondHandSongs / Cover Set,2026-08-26T07:44:26.624557
d1b337f8-865e-4052-955c-c6aba4983d36,Cover Track TRSHS00234,Cover Artist,2024,no,SecondHandSongs / Cover Set,2026-08-26T07:44:26.625007
b79656f2-50c6-4e44-a778-ea19bf4aa833,Cover Track TRSHS00235,Cover Artist,2024,no,SecondHandSongs / Cover Set,2026-08-26T07:44:26.625639
86528247-b152-40ed-a155-ce309fdb3ce5,Cover Track TRSHS00201,Cover Artist,2024,no,SecondHandSongs / Cover Set,2026-08-26T07:44:26.626011
98e6937b-2417-4058-bb80-97b8ada11f1c,Cover Track TRSHS00202,Cover Artist,2024,no,SecondHandSongs / Cover Set,2026-08-26T07:44:26.626347
53ef963a-a466-48ff-9c6e-d3ccea77f4c9,Cover Track TRSHS00241,Cover Artist,2024,no,SecondHandSongs / Cover Set,2026-08-26T07:44:26.626582
e48c716a-5c2f-4a4d-bf30-0ffd7034c151,Cover Track TRSHS00253,Cover Artist,2024,no,SecondHandSongs / Cover Set,2026-08-26T07:44:26.626754
1857b1ed-a2fa-4d21-aee0-5e1e224cf2f1,Cover Track TRSHS00262,Cover Artist,2024,no,SecondHandSongs / Cover Set,2026-08-26T07:44:26.626931
51bd4aeb-0df1-456a-a4e2-30b5c1a0890b,Cover Track TRSHS00261,Cover Artist,2024,no,SecondHandSongs / Cover Set,2026-08-26T07:44:26.627091
dca524c4-b62a-4ac7-9a2a-332aa81800fe,Cover Track TRSHS00263,Cover Artist,2024,no,SecondHandSongs / Cover Set,2026-08-26T07:44:26.627292
131dc12a-1d6b-48d9-8198-751ca6776886,Cover Track TRSHS00271,Cover Artist,2024,no,SecondHandSongs / Cover Set,2026-08-26T07:44:26.627432
d010472d-4354-4d6c-a1a4-b56380e55117,Cover Track TRSHS00264,Cover Artist,2024,no,SecondHandSongs / Cover Set,2026-08-26T07:44:26.627570
c3e32d04-efb1-4763-af97-48fb0783cfea,Cover Track TRSHS00272,Cover Artist,2024,no,SecondHandSongs / Cover Set,2026-08-26T07:44:26.627687
62d41a44-a1b3-4ea1-98e0-2e07350fd076,Cover Track TRSHS00273,Cover Artist,2024,no,SecondHandSongs / Cover Set,2026-08-26T07:44:26.627805
83c35570-d4ee-457b-9a6e-a2d08607505f,Cover Track TRSHS00242,Cover Artist,2024,no,SecondHandSongs / Cover Set,2026-08-26T07:44:26.627939
d6c38006-2cf3-4959-a7a1-db2a999a8ac2,Cover Track TRSHS00274,Cover Artist,2024,no,SecondHandSongs / Cover Set,2026-08-26T07:44:26.628057
a53a9705-8c57-403b-a8ed-0d14bc7469b7,Cover Track TRSHS00281,Cover Artist,2024,no,SecondHandSongs / Cover Set,2026-08-26T07:44:26.628202
aa13ff6f-7751-4c8b-8475-cf9fb92024a2,Cover Track TRSHS00275,Cover Artist,2024,no,SecondHandSongs / Cover Set,2026-08-26T07:44:26.628324
3668b739-d9af-426b-b8e5-8e828c729659,Cover Track TRSHS00252,Cover Artist,2024,no,SecondHandSongs / Cover Set,2026-08-26T07:44:26.628426
995c61b4-f614-4f28-9cc2-5a11ca0f5684,Cover Track TRSHS00251,Cover Artist,2024,no,SecondHandSongs / Cover Set,2026-08-26T07:44:26.628525
bd8cacae-c936-4b60-8d3a-387e32a59aef,Cover Track TRSHS00282,Cover Artist,2024,no,SecondHandSongs / Cover Set,2026-08-26T07:44:26.628621
4b92a5e9-efdf-4171-8c5d-d8693006373e,Cover Track TRSHS00291,Cover Artist,2024,no,SecondHandSongs / Cover Set,2026-08-26T07:44:26.628709
e3ea97b8-6d3a-4488-a92b-71ab0ecfb0be,Cover Track TRSHS00304,Cover Artist,2024,no,SecondHandSongs / Cover Set,2026-08-26T07:44:26.628796
38198683-0c87-4a7e-9936-54a23ebb49f6,Cover Track TRSHS00293,Cover Artist,2024,no,SecondHandSongs / Cover Set,2026-08-26T07:44:26.628904
dea2ce44-3a50-4497-8ea5-fa693747a477,Cover Track TRSHS00292,Cover Artist,2024,no,SecondHandSongs / Cover Set,2026-08-26T07:44:26.628988
1d614991-e2e0-42d5-8913-6f53b849f4a2,Cover Track TRSHS00311,Cover Artist,2024,no,SecondHandSongs / Cover Set,2026-08-26T07:44:26.629079
2a4f92e1-1383-4bb9-a6a1-6d1c51a02c83,Cover Track TRSHS00312,Cover Artist,2024,no,SecondHandSongs / Cover Set,2026-08-26T07:44:26.629199
17e9daa6-baa6-4960-a67a-b84f2d32d479,Cover Track TRSHS00301,Cover Artist,2024,no,SecondHandSongs / Cover Set,2026-08-26T07:44:26.629309
f3411615-9a18-4cc8-869a-6db74a8e3cbd,Cover Track TRSHS00314,Cover Artist,2024,no,SecondHandSongs / Cover Set,2026-08-26T07:44:26.629408
2638c1c4-43d5-446b-bc92-8d4a1170b0e2,Cover Track TRSHS00313,Cover Artist,2024,no,SecondHandSongs / Cover Set,2026-08-26T07:44:26.629534
26b8381c-97e4-4689-833b-7d8b83938349,Cover Track TRSHS00332,Cover Artist,2024,no,SecondHandSongs / Cover Set,2026-08-26T07:44:26.629641
1730080d-c3a4-4c7a-8884-623ac24474de,Cover Track TRSHS00333,Cover Artist,2024,no,SecondHandSongs / Cover Set,2026-08-26T07:44:26.629744
d0ef3486-dbe6-4383-be33-bed11e7c08c6,Cover Track TRSHS00303,Cover Artist,2024,no,SecondHandSongs / Cover Set,2026-08-26T07:44:26.629861
57065791-ca85-4372-82f9-797f4d3ec59c,Cover Track TRSHS00315,Cover Artist,2024,no,SecondHandSongs / Cover Set,2026-08-26T07:44:26.629968
2a3c33ef-ebe3-477e-8ad8-6db308f2849a,Cover Track TRSHS00302,Cover Artist,2024,no,SecondHandSongs / Cover Set,2026-08-26T07:44:26.630073
d3fdc116-9be4-4c69-b068-ccccfea380ab,Cover Track TRSHS00321,Cover Artist,2024,no,SecondHandSongs / Cover Set,2026-08-26T07:44:26.630204
1a16d6f2-7b27-4d0c-9e72-1b64e4571bd5,Cover Track TRSHS00342,Cover Artist,2024,no,SecondHandSongs / Cover Set,2026-08-26T07:44:26.630325
92a4a11f-3a44-4099-bfff-822d41861f0c,Cover Track TRSHS00343,Cover Artist,2024,no,SecondHandSongs / Cover Set,2026-08-26T07:44:26.630442
86b8fb0b-b9f0-423b-b20a-03e9c61dbb7a,Cover Track TRSHS00341,Cover Artist,2024,no,SecondHandSongs / Cover Set,2026-08-26T07:44:26.630546
d0d1416a-5d34-4aa9-b7f5-712b0ac0f473,Cover Track TRSHS00322,Cover Artist,2024,no,SecondHandSongs / Cover Set,2026-08-26T07:44:26.630641
1dd5af07-a2b2-4672-b187-4f48e5ecbdc3,Cover Track TRSHS00351,Cover Artist,2024,no,SecondHandSongs / Cover Set,2026-08-26T07:44:26.630743
771d2564-f1db-42a4-afc8-749788f8bec8,Cover Track TRSHS00344,Cover Artist,2024,no,SecondHandSongs / Cover Set,2026-08-26T07:44:26.630847
fcd9bc8b-b2a7-4ad8-9a69-56eaf5d60f7f,Cover Track TRSHS00352,Cover Artist,2024,no,SecondHandSongs / Cover Set,2026-08-26T07:44:26.630943
7445a983-742c-4243-ba8d-bf4383ccb3ae,Cover Track TRSHS00353,Cover Artist,2024,no,SecondHandSongs / Cover Set,2026-08-26T07:44:26.631031
fcb44308-47ff-49d4-9b62-bb0c1bb5bd96,Cover Track TRSHS00354,Cover Artist,2024,no,SecondHandSongs / Cover Set,2026-08-26T07:44:26.631118
8d2411e0-30f1-4562-bc12-c40006d9b9cf,Cover Track TRSHS00361,Cover Artist,2024,no,SecondHandSongs / Cover Set,2026-08-26T07:44:26.631248
7022324b-afbc-42de-959c-dcdf5612abe5,Cover Track TRSHS00371,Cover Artist,2024,no,SecondHandSongs / Cover Set,2026-08-26T07:44:26.631355
6da4644a-c18b-4087-9768-b3275ed53e7f,Cover Track TRSHS00331,Cover Artist,2024,no,SecondHandSongs / Cover Set,2026-08-26T07:44:26.631458
4521e678-2749-4fa1-aefa-16ff241ff830,Cover Track TRSHS00372,Cover Artist,2024,no,SecondHandSongs / Cover Set,2026-08-26T07:44:26.631575
e54b0f1e-4767-41b7-bdf4-be27c092676a,Cover Track TRSHS00373,Cover Artist,2024,no,SecondHandSongs / Cover Set,2026-08-26T07:44:26.631709
7ae835a2-7888-4f44-8485-2ba229c889be,Cover Track TRSHS00381,Cover Artist,2024,no,SecondHandSongs / Cover Set,2026-08-26T07:44:26.631858
c2ccc3ac-2dd1-4641-881b-87f6dbb3e82c,Cover Track TRSHS00382,Cover Artist,2024,no,SecondHandSongs / Cover Set,2026-08-26T07:44:26.632000
b100b870-0920-44a1-8f87-59e4bf09b2e0,Cover Track TRSHS00383,Cover Artist,2024,no,SecondHandSongs / Cover Set,2026-08-26T07:44:26.632109
356963e5-f12a-4903-a963-759beef4cae2,Cover Track TRSHS00384,Cover Artist,2024,no,SecondHandSongs / Cover Set,2026-08-26T07:44:26.632269
cfc55190-d5ac-4697-88e7-925272b05c37,Cover Track TRSHS00391,Cover Artist,2024,no,SecondHandSongs / Cover Set,2026-08-26T07:44:26.632388
dd2257d6-0a13-43e0-9ad2-6db1ac2095d5,Cover Track TRSHS00393,Cover Artist,2024,no,SecondHandSongs / Cover Set,2026-08-26T07:44:26.632503
55a546d9-ff51-4a7e-978c-7ebe58a17145,Cover Track TRSHS00395,Cover Artist,2024,no,SecondHandSongs / Cover Set,2026-08-26T07:44:26.632605
586f5bdd-5fe0-4056-8fcf-3996e4d52952,Cover Track TRSHS00401,Cover Artist,2024,no,SecondHandSongs / Cover Set,2026-08-26T07:44:26.632712
92013d9d-7b62-4935-8a42-08130cc7f34a,Cover Track TRSHS00394,Cover Artist,2024,no,SecondHandSongs / Cover Set,2026-08-26T07:44:26.632828
a7a95618-7b58-4188-a8e6-47a9e5fa1182,Cover Track TRSHS00392,Cover Artist,2024,no,SecondHandSongs / Cover Set,2026-08-26T07:44:26.632942
bbb5d684-80bc-4251-beda-bf4d824fcfce,Cover Track TRSHS00402,Cover Artist,2024,no,SecondHandSongs / Cover Set,2026-08-26T07:44:26.633046
3838c00c-7f08-4b3a-975a-7e9a128c1cd3,Cover Track TRSHS00362,Cover Artist,2024,no,SecondHandSongs / Cover Set,2026-08-26T07:44:26.633147
01d4b863-024b-4c82-9fc6-ebd015e6b1f9,Cover Track TRSHS00412,Cover Artist,2024,no,SecondHandSongs / Cover Set,2026-08-26T07:44:26.633857
44171cef-9b18-42c4-a12d-671cefcfb13b,Cover Track TRSHS00411,Cover Artist,2024,no,SecondHandSongs / Cover Set,2026-08-26T07:44:26.634141
3650cfca-13d0-47ca-bff8-4dd80d2d1100,Cover Track TRSHS00355,Cover Artist,2024,no,SecondHandSongs / Cover Set,2026-08-26T07:44:26.634379
9f8def8c-b221-4dda-baa9-e10a00a76b6a,Cover Track TRSHS00413,Cover Artist,2024,no,SecondHandSongs / Cover Set,2026-08-26T07:44:26.634519
10d341fc-f328-44d5-a7a5-48cccf365895,Cover Track TRSHS00421,Cover Artist,2024,no,SecondHandSongs / Cover Set,2026-08-26T07:44:26.634645
74d7bcaa-650a-4c2d-a5b3-d4283f54fdc6,Cover Track TRSHS00424,Cover Artist,2024,no,SecondHandSongs / Cover Set,2026-08-26T07:44:26.634782
3f573592-9a71-4fdd-8fc3-8c1d2846cb12,Cover Track TRSHS00423,Cover Artist,2024,no,SecondHandSongs / Cover Set,2026-08-26T07:44:26.634910
e85fb266-889c-466b-bb33-720c8007d9b4,Cover Track TRSHS00432,Cover Artist,2024,no,SecondHandSongs / Cover Set,2026-08-26T07:44:26.635036
1c011aa3-bdcc-4a18-913a-2ebf8fdb0ef9,Cover Track TRSHS00422,Cover Artist,2024,no,SecondHandSongs / Cover Set,2026-08-26T07:44:26.635150
38b41983-374c-48e0-871e-5bf4a801d6f9,Cover Track TRSHS00433,Cover Artist,2024,no,SecondHandSongs / Cover Set,2026-08-26T07:44:26.635318
5e5f7d34-6c89-4a83-825d-b8eae1f09496,Cover Track TRSHS00434,Cover Artist,2024,no,SecondHandSongs / Cover Set,2026-08-26T07:44:26.635430
f11a9c82-353a-4250-8215-90c416996883,Cover Track TRSHS00431,Cover Artist,2024,no,SecondHandSongs / Cover Set,2026-08-26T07:44:26.635535
10c78255-c1cb-4262-9cad-b224156cfa53,Cover Track TRSHS00452,Cover Artist,2024,no,SecondHandSongs / Cover Set,2026-08-26T07:44:26.635638
982cb2d8-7561-4143-97ff-5c7df8c6f88e,Cover Track TRSHS00451,Cover Artist,2024,no,SecondHandSongs / Cover Set,2026-08-26T07:44:26.636069
1c82fb75-9b29-4a12-9d86-27942a28daec,Cover Track TRSHS00453,Cover Artist,2024,no,SecondHandSongs / Cover Set,2026-08-26T07:44:26.636457
fce82786-481a-467b-a6db-1b11f9bd24c6,Cover Track TRSHS00463,Cover Artist,2024,no,SecondHandSongs / Cover Set,2026-08-26T07:44:26.636646
7e899843-31e5-4e92-8de8-061e97e01993,Cover Track TRSHS00471,Cover Artist,2024,no,SecondHandSongs / Cover Set,2026-08-26T07:44:26.636788
716a7380-5c04-47f9-af42-4af358725348,Cover Track TRSHS00441,Cover Artist,2024,no,SecondHandSongs / Cover Set,2026-08-26T07:44:26.636903
5afc53c5-6949-41c2-8287-c9028695b1d7,Cover Track TRSHS00464,Cover Artist,2024,no,SecondHandSongs / Cover Set,2026-08-26T07:44:26.637013
0001ee3b-cd39-4ad2-afe5-e742da688aba,Cover Track TRSHS00435,Cover Artist,2024,no,SecondHandSongs / Cover Set,2026-08-26T07:44:26.637121
dcefc996-4af5-4b8b-80ea-93d701e1d2b6,Cover Track TRSHS00475,Cover Artist,2024,no,SecondHandSongs / Cover Set,2026-08-26T07:44:26.637293
fc15bc18-9c6b-4098-acb5-c57332389f53,Cover Track TRSHS00472,Cover Artist,2024,no,SecondHandSongs / Cover Set,2026-08-26T07:44:26.637411
bc7786b9-e143-4eda-a6d7-3658318c5604,Cover Track TRSHS00442,Cover Artist,2024,no,SecondHandSongs / Cover Set,2026-08-26T07:44:26.637510
9efcbb61-71f6-4ead-b745-633187bb3079,Cover Track TRSHS00482,Cover Artist,2024,no,SecondHandSongs / Cover Set,2026-08-26T07:44:26.637608
0a640eaa-d694-4b73-99b8-706af0e24e52,Cover Track TRSHS00481,Cover Artist,2024,no,SecondHandSongs / Cover Set,2026-08-26T07:44:26.637711
38e9c667-3f23-4bd4-be9c-f8236c7d80fc,Cover Track TRSHS00462,Cover Artist,2024,no,SecondHandSongs / Cover Set,2026-08-26T07:44:26.637830
4bf83e6e-99cf-4ed7-b8b1-08c317a6bec1,Cover Track TRSHS00461,Cover Artist,2024,no,SecondHandSongs / Cover Set,2026-08-26T07:44:26.637929
86cadbc7-9181-401e-a6f8-e27738555231,Cover Track TRSHS00491,Cover Artist,2024,no,SecondHandSongs / Cover Set,2026-08-26T07:44:26.638015
3bcba8ab-6329-4ca7-a9cf-7532e7e0d906,Cover Track TRSHS00492,Cover Artist,2024,no,SecondHandSongs / Cover Set,2026-08-26T07:44:26.638105
bc69be04-f7a5-4868-8a31-bb0a974fe4d9,Cover Track TRSHS00493,Cover Artist,2024,no,SecondHandSongs / Cover Set,2026-08-26T07:44:26.638272
3c263528-f27d-408e-bc54-97d4a12fa29e,Cover Track TRSHS00473,Cover Artist,2024,no,SecondHandSongs / Cover Set,2026-08-26T07:44:26.638378
610af8b8-c1fd-45a0-b435-15ee013b5dba,Cover Track TRSHS00501,Cover Artist,2024,no,SecondHandSongs / Cover Set,2026-08-26T07:44:26.638484
defb149f-5009-4ed8-9d09-6d0ba053830f,Cover Track TRSHS00504,Cover Artist,2024,no,SecondHandSongs / Cover Set,2026-08-26T07:44:26.638585
e858c3ce-c000-45e0-bf67-4ab8ea203c1e,Cover Track TRSHS00502,Cover Artist,2024,no,SecondHandSongs / Cover Set,2026-08-26T07:44:26.638686
514dbe21-bcd7-40d7-b615-62365f21f958,Cover Track TRSHS00503,Cover Artist,2024,no,SecondHandSongs / Cover Set,2026-08-26T07:44:26.638791
3f6e2d8e-5ab9-45bb-99e1-089ae7295d8f,Cover Track TRSHS00474,Cover Artist,2024,no,SecondHandSongs / Cover Set,2026-08-26T07:44:26.638891
df58befb-b364-4bab-b445-88d037fcd477,Cover Track TRSHS00515,Cover Artist,2024,no,SecondHandSongs / Cover Set,2026-08-26T07:44:26.638994
1758b190-6951-43e2-9ef3-4aeec4aa025e,Cover Track TRSHS00512,Cover Artist,2024,no,SecondHandSongs / Cover Set,2026-08-26T07:44:26.639115
7bbab28a-c3d1-4fd0-8896-6baab9795e97,Cover Track TRSHS00513,Cover Artist,2024,no,SecondHandSongs / Cover Set,2026-08-26T07:44:26.639274
1dd50089-9a40-45c5-8ee7-2a3f087a2d95,Cover Track TRSHS00511,Cover Artist,2024,no,SecondHandSongs / Cover Set,2026-08-26T07:44:26.639401
e45741c6-66fb-4155-9bbc-e85919bf17e2,Cover Track TRSHS00514,Cover Artist,2024,no,SecondHandSongs / Cover Set,2026-08-26T07:44:26.639507
baf40ae7-3d61-4152-8990-377cfe64bb65,Cover Track TRSHS00521,Cover Artist,2024,no,SecondHandSongs / Cover Set,2026-08-26T07:44:26.639608
ae1919d1-65e4-4bd8-8c49-ca79dfc9c107,Cover Track TRSHS00522,Cover Artist,2024,no,SecondHandSongs / Cover Set,2026-08-26T07:44:26.639706
4af04b25-7fbb-4c44-b53d-59934fe3b049,Cover Track TRSHS00531,Cover Artist,2024,no,SecondHandSongs / Cover Set,2026-08-26T07:44:26.639798
7b7eb0d4-c08a-4186-904a-1c56ff775389,Cover Track TRSHS00532,Cover Artist,2024,no,SecondHandSongs / Cover Set,2026-08-26T07:44:26.639886
ae39755d-5d45-4cdb-9804-fd54aeb65b03,Cover Track TRSHS00533,Cover Artist,2024,no,SecondHandSongs / Cover Set,2026-08-26T07:44:26.639980
dfc3f516-a68a-481f-a10e-1c18280d9233,Cover Track TRSHS00541,Cover Artist,2024,no,SecondHandSongs / Cover Set,2026-08-26T07:44:26.640066
bb4dc11e-79bf-4793-8a09-2ae4d25dda64,Cover Track TRSHS00542,Cover Artist,2024,no,SecondHandSongs / Cover Set,2026-08-26T07:44:26.640972
972ffbc6-839d-4ec2-9679-38eab15a0912,Cover Track TRSHS00544,Cover Artist,2024,no,SecondHandSongs / Cover Set,2026-08-26T07:44:26.641985
97a59045-67be-4b1d-b2c9-036411d6024b,Cover Track TRSHS00552,Cover Artist,2024,no,SecondHandSongs / Cover Set,2026-08-26T07:44:26.642285
c1f821d7-1126-475e-ade9-70452c1180b4,Cover Track TRSHS00543,Cover Artist,2024,no,SecondHandSongs / Cover Set,2026-08-26T07:44:26.642793
4d07cc44-1a53-443f-b07f-8d1a1a553488,Cover Track TRSHS00554,Cover Artist,2024,no,SecondHandSongs / Cover Set,2026-08-26T07:44:26.642959
c40a9630-c0b8-4beb-be43-f10b2289d6ff,Cover Track TRSHS00551,Cover Artist,2024,no,SecondHandSongs / Cover Set,2026-08-26T07:44:26.643049
5f270ff1-03fe-4aba-b2d4-f22d205ba136,Cover Track TRSHS00555,Cover Artist,2024,no,SecondHandSongs / Cover Set,2026-08-26T07:44:26.643120
89fb3ecb-b4b0-4a8c-9291-a9fd57c0585f,Cover Track TRSHS00553,Cover Artist,2024,no,SecondHandSongs / Cover Set,2026-08-26T07:44:26.643255
ee187b81-7142-4d7c-a064-9834683ba206,Cover Track TRSHS00562,Cover Artist,2024,no,SecondHandSongs / Cover Set,2026-08-26T07:44:26.643338
9a984467-b3f5-4c81-923f-80cc08f49c74,Cover Track TRSHS00571,Cover Artist,2024,no,SecondHandSongs / Cover Set,2026-08-26T07:44:26.643404
1499d40b-b67f-4f27-8d63-0ee4b12206e5,Cover Track TRSHS00572,Cover Artist,2024,no,SecondHandSongs / Cover Set,2026-08-26T07:44:26.643488
5be87d29-a3cb-47e2-82c6-173884171204,Cover Track TRSHS00584,Cover Artist,2024,no,SecondHandSongs / Cover Set,2026-08-26T07:44:26.643552
1de98f11-d71a-4cac-9064-087a52a919bb,Cover Track TRSHS00561,Cover Artist,2024,no,SecondHandSongs / Cover Set,2026-08-26T07:44:26.643611
c9b4577a-f4bb-4aca-8c7d-4a745ad58663,Cover Track TRSHS00592,Cover Artist,2024,no,SecondHandSongs / Cover Set,2026-08-26T07:44:26.643672
a077125a-a45d-4132-aedb-86d2b743a05d,Cover Track TRSHS00593,Cover Artist,2024,no,SecondHandSongs / Cover Set,2026-08-26T07:44:26.643735
19a5c74e-ef3a-4311-a7c2-1bc7925fd43d,Cover Track TRSHS00594,Cover Artist,2024,no,SecondHandSongs / Cover Set,2026-08-26T07:44:26.643801
dd7954de-9050-4c2a-8e31-d41ceaf9df78,Cover Track TRSHS00583,Cover Artist,2024,no,SecondHandSongs / Cover Set,2026-08-26T07:44:26.643861
d4c39e4d-3934-4772-8c73-d3a2379e0137,Cover Track TRSHS00581,Cover Artist,2024,no,SecondHandSongs / Cover Set,2026-08-26T07:44:26.643928
43011537-c020-4a86-abfc-3a6b0587bb71,Cover Track TRSHS00573,Cover Artist,2024,no,SecondHandSongs / Cover Set,2026-08-26T07:44:26.643987
0925ee7f-d858-48e3-a92d-ca9c34e5eb9e,Cover Track TRSHS00611,Cover Artist,2024,no,SecondHandSongs / Cover Set,2026-08-26T07:44:26.644063
734de570-d153-4b9f-bec1-fb0969ab1b74,Cover Track TRSHS00595,Cover Artist,2024,no,SecondHandSongs / Cover Set,2026-08-26T07:44:26.644130
8c631a42-1f85-42f2-b225-2547b86929e0,Cover Track TRSHS00612,Cover Artist,2024,no,SecondHandSongs / Cover Set,2026-08-26T07:44:26.644248
aa4b29f4-2721-424d-9698-b7e9af080863,Cover Track TRSHS00582,Cover Artist,2024,no,SecondHandSongs / Cover Set,2026-08-26T07:44:26.644357
8f4d4e05-2b62-42ad-92f0-0350c96fcb3d,Cover Track TRSHS00621,Cover Artist,2024,no,SecondHandSongs / Cover Set,2026-08-26T07:44:26.644467
88e56e26-3695-42f3-8e19-067540c08fec,Cover Track TRSHS00613,Cover Artist,2024,no,SecondHandSongs / Cover Set,2026-08-26T07:44:26.644573
e6dd7959-5e79-41eb-903e-30da48ce09e2,Cover Track TRSHS00591,Cover Artist,2024,no,SecondHandSongs / Cover Set,2026-08-26T07:44:26.644681
7cc6079c-42b7-43f2-b0ad-12327e3d0f3a,Cover Track TRSHS00623,Cover Artist,2024,no,SecondHandSongs / Cover Set,2026-08-26T07:44:26.644789
190f5da6-6ee2-4211-b446-c0e6d99adbeb,Cover Track TRSHS00622,Cover Artist,2024,no,SecondHandSongs / Cover Set,2026-08-26T07:44:26.644896
d49e7368-308d-47a1-89f8-1e3940875ffb,Cover Track TRSHS00601,Cover Artist,2024,no,SecondHandSongs / Cover Set,2026-08-26T07:44:26.645008
988941a7-326c-4337-9049-41210d15c073,Cover Track TRSHS00631,Cover Artist,2024,no,SecondHandSongs / Cover Set,2026-08-26T07:44:26.645123
5613b279-c401-4cd0-aace-73aafe44b583,Cover Track TRSHS00624,Cover Artist,2024,no,SecondHandSongs / Cover Set,2026-08-26T07:44:26.645298
0181a6c8-19c5-4f23-8305-81f799f9d121,Cover Track TRSHS00634,Cover Artist,2024,no,SecondHandSongs / Cover Set,2026-08-26T07:44:26.645405
4adc2a41-0de7-4f62-869d-832775794d47,Cover Track TRSHS00633,Cover Artist,2024,no,SecondHandSongs / Cover Set,2026-08-26T07:44:26.645504
b130a154-d291-4cd9-a21b-34516718565a,Cover Track TRSHS00632,Cover Artist,2024,no,SecondHandSongs / Cover Set,2026-08-26T07:44:26.645598
d5544103-10d5-4ff3-9d14-9842faf6b52f,Cover Track TRSHS00635,Cover Artist,2024,no,SecondHandSongs / Cover Set,2026-08-26T07:44:26.645726
91c87822-279d-4316-aefc-0557d275e0a5,Cover Track TRSHS00642,Cover Artist,2024,no,SecondHandSongs / Cover Set,2026-08-26T07:44:26.645826
25bf0ccc-25f0-449c-aa5c-3e9983fcf3c3,Cover Track TRSHS00641,Cover Artist,2024,no,SecondHandSongs / Cover Set,2026-08-26T07:44:26.645911
42da435b-d23f-4a75-ac7c-ff8f7e74a7e8,Cover Track TRSHS00602,Cover Artist,2024,no,SecondHandSongs / Cover Set,2026-08-26T07:44:26.646012
13106b34-23c0-4656-bcd6-6397aef8b7d8,Cover Track TRSHS00653,Cover Artist,2024,no,SecondHandSongs / Cover Set,2026-08-26T07:44:26.646119
17e2f1b5-6f04-4116-aa03-88fea0d6ac62,Cover Track TRSHS00661,Cover Artist,2024,no,SecondHandSongs / Cover Set,2026-08-26T07:44:26.646276
a676be7d-73d1-4707-ae66-74ecd38c7c43,Cover Track TRSHS00651,Cover Artist,2024,no,SecondHandSongs / Cover Set,2026-08-26T07:44:26.646383
324946af-d40a-4886-8750-6fd8c20b1174,Cover Track TRSHS00652,Cover Artist,2024,no,SecondHandSongs / Cover Set,2026-08-26T07:44:26.646486
9e0572dc-2901-414f-a4b3-8ea9599a58a0,Cover Track TRSHS00671,Cover Artist,2024,no,SecondHandSongs / Cover Set,2026-08-26T07:44:26.646586
46d9e64d-fd5a-4297-8a5e-12250e1c6198,Cover Track TRSHS00663,Cover Artist,2024,no,SecondHandSongs / Cover Set,2026-08-26T07:44:26.646680
ee966b74-6c02-4c08-9de8-b71fdd56209f,Cover Track TRSHS00672,Cover Artist,2024,no,SecondHandSongs / Cover Set,2026-08-26T07:44:26.646767
5acf0917-8409-43c5-8037-1a9f85de32ff,Cover Track TRSHS00662,Cover Artist,2024,no,SecondHandSongs / Cover Set,2026-08-26T07:44:26.646868
749d0c29-8911-4179-ac96-8919c936e89b,Cover Track TRSHS00664,Cover Artist,2024,no,SecondHandSongs / Cover Set,2026-08-26T07:44:26.646970
e23cadbd-0019-4e27-b8fd-bc962b1512a8,Cover Track TRSHS00674,Cover Artist,2024,no,SecondHandSongs / Cover Set,2026-08-26T07:44:26.647072
124cb4fa-4ee3-4df8-94f3-d501d4ec72f7,Cover Track TRSHS00673,Cover Artist,2024,no,SecondHandSongs / Cover Set,2026-08-26T07:44:26.647198
64b0a901-3567-4344-b8a3-81f87542a721,Cover Track TRSHS00692,Cover Artist,2024,no,SecondHandSongs / Cover Set,2026-08-26T07:44:26.647329
0ca4b939-392d-480f-89c8-061989a433c2,Cover Track TRSHS00681,Cover Artist,2024,no,SecondHandSongs / Cover Set,2026-08-26T07:44:26.647436
d8410dfb-7290-4693-bf41-9c767c3a7c57,Cover Track TRSHS00693,Cover Artist,2024,no,SecondHandSongs / Cover Set,2026-08-26T07:44:26.647543
06b472d9-1bd1-43ff-bf6b-43ded8a411a9,Cover Track TRSHS00682,Cover Artist,2024,no,SecondHandSongs / Cover Set,2026-08-26T07:44:26.647644
2ce22d5f-de40-4dec-8e28-3fa66ec1ed08,Cover Track TRSHS00701,Cover Artist,2024,no,SecondHandSongs / Cover Set,2026-08-26T07:44:26.647758
bb4812f3-3f08-4180-a3c7-a14849f7dfc3,Cover Track TRSHS00691,Cover Artist,2024,no,SecondHandSongs / Cover Set,2026-08-26T07:44:26.647869
d875392f-3314-45be-aea2-8d25c95d92d9,Cover Track TRSHS00702,Cover Artist,2024,no,SecondHandSongs / Cover Set,2026-08-26T07:44:26.647971
c9448a10-b145-45fd-aada-8709314ffdd4,Cover Track TRSHS00675,Cover Artist,2024,no,SecondHandSongs / Cover Set,2026-08-26T07:44:26.648089
4ef4607a-a8a6-46cc-b81b-03668a9c7ea8,Cover Track TRSHS00703,Cover Artist,2024,no,SecondHandSongs / Cover Set,2026-08-26T07:44:26.648224
0667214f-57f0-4aa7-8e74-7f39b6a05f95,Cover Track TRSHS00704,Cover Artist,2024,no,SecondHandSongs / Cover Set,2026-08-26T07:44:26.648346
0b72e5f9-7f19-4d66-9899-fa4b58acf327,Cover Track TRSHS00713,Cover Artist,2024,no,SecondHandSongs / Cover Set,2026-08-26T07:44:26.648446
fe8ba499-77b4-41ec-a33d-7d7c149838c6,Cover Track TRSHS00711,Cover Artist,2024,no,SecondHandSongs / Cover Set,2026-08-26T07:44:26.648540
a6f490c1-4c3f-4033-b675-453b857cca1a,Cover Track TRSHS00715,Cover Artist,2024,no,SecondHandSongs / Cover Set,2026-08-26T07:44:26.648639
f700d47a-9e0e-4b3c-8073-27bfc23a22fb,Cover Track TRSHS00712,Cover Artist,2024,no,SecondHandSongs / Cover Set,2026-08-26T07:44:26.648809
51bab493-eeba-450a-aa25-5999e7c0ae09,Cover Track TRSHS00722,Cover Artist,2024,no,SecondHandSongs / Cover Set,2026-08-26T07:44:26.648929
a3610855-29ba-4830-b5fa-b4929e943bf7,Cover Track TRSHS00714,Cover Artist,2024,no,SecondHandSongs / Cover Set,2026-08-26T07:44:26.649036
13eabf3e-0f92-42ef-a1e8-958898188c51,Cover Track TRSHS00721,Cover Artist,2024,no,SecondHandSongs / Cover Set,2026-08-26T07:44:26.649144
0ff5652f-7a4b-48ca-8ae7-aae88f080597,Cover Track TRSHS00731,Cover Artist,2024,no,SecondHandSongs / Cover Set,2026-08-26T07:44:26.649302
8d14379c-4733-42a6-9ace-8d3f635f9f12,Cover Track TRSHS00733,Cover Artist,2024,no,SecondHandSongs / Cover Set,2026-08-26T07:44:26.649411
adde702c-5456-46c2-92b7-6457d6f90438,Cover Track TRSHS00732,Cover Artist,2024,no,SecondHandSongs / Cover Set,2026-08-26T07:44:26.649523
0c43248c-3308-43c1-af84-f1eab9f62a5b,Cover Track TRSHS00741,Cover Artist,2024,no,SecondHandSongs / Cover Set,2026-08-26T07:44:26.649630
b6657594-fa20-40ac-a017-d98a1fe26ea0,Cover Track TRSHS00743,Cover Artist,2024,no,SecondHandSongs / Cover Set,2026-08-26T07:44:26.649737
77fc6a0c-99f4-4971-8f69-30f707d6027f,Cover Track TRSHS00762,Cover Artist,2024,no,SecondHandSongs / Cover Set,2026-08-26T07:44:26.649846
7b049b62-0b5e-461e-a9c6-3e005f2d9f2c,Cover Track TRSHS00744,Cover Artist,2024,no,SecondHandSongs / Cover Set,2026-08-26T07:44:26.649953
42b5b029-5a72-4541-a578-f04beceb5ccc,Cover Track TRSHS00751,Cover Artist,2024,no,SecondHandSongs / Cover Set,2026-08-26T07:44:26.650054
c571745d-304c-4ce5-a771-71ebff9b5ff6,Cover Track TRSHS00742,Cover Artist,2024,no,SecondHandSongs / Cover Set,2026-08-26T07:44:26.650176
decee85e-6f02-4105-9072-c1841a3e52c0,Cover Track TRSHS00755,Cover Artist,2024,no,SecondHandSongs / Cover Set,2026-08-26T07:44:26.650299
2d9ffdf5-9694-417e-996d-eab87d557be9,Cover Track TRSHS00761,Cover Artist,2024,no,SecondHandSongs / Cover Set,2026-08-26T07:44:26.650406
254c7c60-46c9-481b-bf83-49b0c4f87323,Cover Track TRSHS00771,Cover Artist,2024,no,SecondHandSongs / Cover Set,2026-08-26T07:44:26.650509
52608418-7746-406f-953d-80931bf06dee,Cover Track TRSHS00772,Cover Artist,2024,no,SecondHandSongs / Cover Set,2026-08-26T07:44:26.650616
516c4f94-a16c-4023-882f-d9f76442e6b1,Cover Track TRSHS00752,Cover Artist,2024,no,SecondHandSongs / Cover Set,2026-08-26T07:44:26.650731
83e54e07-d2aa-4b4a-972c-724259116d2d,Cover Track TRSHS00753,Cover Artist,2024,no,SecondHandSongs / Cover Set,2026-08-26T07:44:26.650847
2b33581a-e735-4971-83ac-1ee328e31b4e,Cover Track TRSHS00773,Cover Artist,2024,no,SecondHandSongs / Cover Set,2026-08-26T07:44:26.650956
6e0d1492-0bc9-4929-91e0-197640456d4a,Cover Track TRSHS00783,Cover Artist,2024,no,SecondHandSongs / Cover Set,2026-08-26T07:44:26.651056
259ae0d1-a64c-443e-95e2-e6f44681d263,Cover Track TRSHS00754,Cover Artist,2024,no,SecondHandSongs / Cover Set,2026-08-26T07:44:26.651178
e75fb9a6-598d-4465-b8aa-ca15092b78b8,Cover Track TRSHS00791,Cover Artist,2024,no,SecondHandSongs / Cover Set,2026-08-26T07:44:26.651297
bb62909e-f94b-4b66-b69b-9d5dedb67958,Cover Track TRSHS00784,Cover Artist,2024,no,SecondHandSongs / Cover Set,2026-08-26T07:44:26.651409
f9bd1398-7914-4457-a9cc-4ad438968959,Cover Track TRSHS00781,Cover Artist,2024,no,SecondHandSongs / Cover Set,2026-08-26T07:44:26.651518
dd5fd278-4a42-48ca-b0d5-db0f600c8dbe,Cover Track TRSHS00782,Cover Artist,2024,no,SecondHandSongs / Cover Set,2026-08-26T07:44:26.651622
6aa4ea51-12f2-4da5-bb14-062b14db1c0f,Cover Track TRSHS00792,Cover Artist,2024,no,SecondHandSongs / Cover Set,2026-08-26T07:44:26.651733
005272d2-3b08-4f82-9e6f-29711eef0b5c,Cover Track TRSHS00793,Cover Artist,2024,no,SecondHandSongs / Cover Set,2026-08-26T07:44:26.651848
19090ca4-d0f8-4af1-8c0e-53b18ac98617,Cover Track TRSHS00794,Cover Artist,2024,no,SecondHandSongs / Cover Set,2026-08-26T07:44:26.652030
be1b6c9e-23d3-4b9f-ac05-5e0971128728,Cover Track TRSHS00801,Cover Artist,2024,no,SecondHandSongs / Cover Set,2026-08-26T07:44:26.652149
071b59e1-6e3f-443e-b629-c3a663f46733,Cover Track TRSHS00802,Cover Artist,2024,no,SecondHandSongs / Cover Set,2026-08-26T07:44:26.652317
0e30f1e9-c03e-4771-9bf3-97af79686b78,Cover Track TRSHS00795,Cover Artist,2024,no,SecondHandSongs / Cover Set,2026-08-26T07:44:26.652437
5b1a49b3-1076-4e31-8ec2-fb807bd6d0eb,Cover Track TRSHS00811,Cover Artist,2024,no,SecondHandSongs / Cover Set,2026-08-26T07:44:26.652555
9e3739e1-341d-438f-9cb6-8ecc871bf98c,Cover Track TRSHS00812,Cover Artist,2024,no,SecondHandSongs / Cover Set,2026-08-26T07:44:26.652674
74909d2a-68ca-4cb4-b809-a94355be212c,Cover Track TRSHS00813,Cover Artist,2024,no,SecondHandSongs / Cover Set,2026-08-26T07:44:26.652778
8386d345-7cf3-49f7-8d90-c3676dcd468f,Cover Track TRSHS00823,Cover Artist,2024,no,SecondHandSongs / Cover Set,2026-08-26T07:44:26.652873
aabd4c87-5faf-44b4-aaa2-bc893bc553fa,Cover Track TRSHS00832,Cover Artist,2024,no,SecondHandSongs / Cover Set,2026-08-26T07:44:26.652964
ac69675c-faab-47e9-b82f-70759e292501,Cover Track TRSHS00822,Cover Artist,2024,no,SecondHandSongs / Cover Set,2026-08-26T07:44:26.653065
54f9a739-017a-4cca-9f28-614334841816,Cover Track TRSHS00833,Cover Artist,2024,no,SecondHandSongs / Cover Set,2026-08-26T07:44:26.653154
af4fde68-1b22-4f44-94bb-25b6499efd67,Cover Track TRSHS00831,Cover Artist,2024,no,SecondHandSongs / Cover Set,2026-08-26T07:44:26.653293
d591ef69-71d7-46eb-852a-ed98a7319b3c,Cover Track TRSHS00824,Cover Artist,2024,no,SecondHandSongs / Cover Set,2026-08-26T07:44:26.653402
cbb6bcd3-cc46-4ba1-960c-9df5fc7b831d,Cover Track TRSHS00834,Cover Artist,2024,no,SecondHandSongs / Cover Set,2026-08-26T07:44:26.653507
2ede3d05-b3ff-4c6c-97ba-17e4f195c2e7,Cover Track TRSHS00835,Cover Artist,2024,no,SecondHandSongs / Cover Set,2026-08-26T07:44:26.653617
800da6f9-d239-4f34-9e85-d307e6e2da58,Cover Track TRSHS00821,Cover Artist,2024,no,SecondHandSongs / Cover Set,2026-08-26T07:44:26.653726
1664f310-0e51-47a5-be30-9d1af6c304fb,Cover Track TRSHS00861,Cover Artist,2024,no,SecondHandSongs / Cover Set,2026-08-26T07:44:26.653840
89c5d985-5f81-4fe2-b45c-580e3b2f866d,Cover Track TRSHS00863,Cover Artist,2024,no,SecondHandSongs / Cover Set,2026-08-26T07:44:26.653947
b2a3c443-03f8-48cb-88d2-6e5a715a94ea,Cover Track TRSHS00841,Cover Artist,2024,no,SecondHandSongs / Cover Set,2026-08-26T07:44:26.654058
265bbd14-3e71-4ffa-9d54-ab42cf6e117b,Cover Track TRSHS00852,Cover Artist,2024,no,SecondHandSongs / Cover Set,2026-08-26T07:44:26.654450
f386080b-95c0-4223-8203-feba834ffbbc,Cover Track TRSHS00853,Cover Artist,2024,no,SecondHandSongs / Cover Set,2026-08-26T07:44:26.654850
6e017559-939d-4434-b518-f9eae3e1020b,Cover Track TRSHS00862,Cover Artist,2024,no,SecondHandSongs / Cover Set,2026-08-26T07:44:26.655037
48800cbb-1ced-403f-86ef-d1525e00976d,Cover Track TRSHS00864,Cover Artist,2024,no,SecondHandSongs / Cover Set,2026-08-26T07:44:26.655240
1241b8a2-fd86-4b4a-a619-92ef33e1fbc9,Cover Track TRSHS00851,Cover Artist,2024,no,SecondHandSongs / Cover Set,2026-08-26T07:44:26.655367
8dbeebc0-e004-40bd-8687-d1845bfebe5b,Cover Track TRSHS00842,Cover Artist,2024,no,SecondHandSongs / Cover Set,2026-08-26T07:44:26.655471
328ceb7e-0e47-4067-bacf-cc3e49000b8e,Cover Track TRSHS00871,Cover Artist,2024,no,SecondHandSongs / Cover Set,2026-08-26T07:44:26.655583
1664b17d-dbda-43f9-b8be-cc726c6d497d,Cover Track TRSHS00872,Cover Artist,2024,no,SecondHandSongs / Cover Set,2026-08-26T07:44:26.655692
7101e385-3d4b-40a2-a670-4dbf2f6b19f2,Cover Track TRSHS00875,Cover Artist,2024,no,SecondHandSongs / Cover Set,2026-08-26T07:44:26.655795
c8008ffb-1497-440a-b78c-6c07b4961ed9,Cover Track TRSHS00892,Cover Artist,2024,no,SecondHandSongs / Cover Set,2026-08-26T07:44:26.655888
d2e3117e-8422-4684-a158-b4476c6e7907,Cover Track TRSHS00881,Cover Artist,2024,no,SecondHandSongs / Cover Set,2026-08-26T07:44:26.655985
ed42b1b9-40f9-4338-aa1c-4d20ef626b5d,Cover Track TRSHS00891,Cover Artist,2024,no,SecondHandSongs / Cover Set,2026-08-26T07:44:26.656084
116b7798-cd9d-47ae-bd99-c19bd6ebcef3,Cover Track TRSHS00874,Cover Artist,2024,no,SecondHandSongs / Cover Set,2026-08-26T07:44:26.656297
8476befd-e05d-40cf-922e-f8dee0895d60,Cover Track TRSHS00893,Cover Artist,2024,no,SecondHandSongs / Cover Set,2026-08-26T07:44:26.656418
be50e623-06aa-4ff2-ac3d-2584083a3955,Cover Track TRSHS00901,Cover Artist,2024,no,SecondHandSongs / Cover Set,2026-08-26T07:44:26.656522
469f54b6-4187-4371-b865-895944fcf886,Cover Track TRSHS00903,Cover Artist,2024,no,SecondHandSongs / Cover Set,2026-08-26T07:44:26.656623
c497c7ae-4430-4a4e-9a01-97424be6ff47,Cover Track TRSHS00902,Cover Artist,2024,no,SecondHandSongs / Cover Set,2026-08-26T07:44:26.656725
ca37f740-ed28-4aa1-845f-221fadde9223,Cover Track TRSHS00873,Cover Artist,2024,no,SecondHandSongs / Cover Set,2026-08-26T07:44:26.656826
9790c132-59da-43d4-86b3-f1e909e80b27,Cover Track TRSHS00922,Cover Artist,2024,no,SecondHandSongs / Cover Set,2026-08-26T07:44:26.656937
bf070450-2e5f-4b9c-812e-7d3e13e2c1a3,Cover Track TRSHS00931,Cover Artist,2024,no,SecondHandSongs / Cover Set,2026-08-26T07:44:26.657039
94be27bc-2017-48b1-afc6-2e7ef22190b0,Cover Track TRSHS00882,Cover Artist,2024,no,SecondHandSongs / Cover Set,2026-08-26T07:44:26.657155
8f30f62f-52e1-4d07-9a50-48d79974652e,Cover Track TRSHS00912,Cover Artist,2024,no,SecondHandSongs / Cover Set,2026-08-26T07:44:26.657294
a5e09282-8755-4432-80b6-710f2b5b26e2,Cover Track TRSHS00932,Cover Artist,2024,no,SecondHandSongs / Cover Set,2026-08-26T07:44:26.657402
3cea6936-c6aa-4c6f-a5ec-a9d0809b6719,Cover Track TRSHS00921,Cover Artist,2024,no,SecondHandSongs / Cover Set,2026-08-26T07:44:26.657506
9ddcbd08-dbf7-493f-8e48-2dce79a3d81c,Cover Track TRSHS00904,Cover Artist,2024,no,SecondHandSongs / Cover Set,2026-08-26T07:44:26.657609
34c965da-6db1-455a-ac3e-040e38ec72c5,Cover Track TRSHS00933,Cover Artist,2024,no,SecondHandSongs / Cover Set,2026-08-26T07:44:26.657729
dcda27fb-2696-4393-89c6-ba4976ddd60c,Cover Track TRSHS00941,Cover Artist,2024,no,SecondHandSongs / Cover Set,2026-08-26T07:44:26.657838
dcdeeddd-d201-48ff-ad06-292a5747ddfe,Cover Track TRSHS00911,Cover Artist,2024,no,SecondHandSongs / Cover Set,2026-08-26T07:44:26.657945
5d69d301-4f20-4180-8ea3-08d6b13136a2,Cover Track TRSHS00913,Cover Artist,2024,no,SecondHandSongs / Cover Set,2026-08-26T07:44:26.658052
177c01fa-b895-4ff0-b72d-2f0e7c73c77d,Cover Track TRSHS00943,Cover Artist,2024,no,SecondHandSongs / Cover Set,2026-08-26T07:44:26.658202
51b53450-32d7-4c80-8306-849bbebc99da,Cover Track TRSHS00944,Cover Artist,2024,no,SecondHandSongs / Cover Set,2026-08-26T07:44:26.658320
2edc5813-962f-4636-9f63-b7fcf68bcb69,Cover Track TRSHS00914,Cover Artist,2024,no,SecondHandSongs / Cover Set,2026-08-26T07:44:26.658431
1d4ad08b-54f3-4d8f-a557-f1cd9e369407,Cover Track TRSHS00952,Cover Artist,2024,no,SecondHandSongs / Cover Set,2026-08-26T07:44:26.658542
54f464a7-e8f0-4a06-93d9-0f5cf782d492,Cover Track TRSHS00951,Cover Artist,2024,no,SecondHandSongs / Cover Set,2026-08-26T07:44:26.658658
cab26c25-6d41-4b8f-b264-8819081f5997,Cover Track TRSHS00915,Cover Artist,2024,no,SecondHandSongs / Cover Set,2026-08-26T07:44:26.658764
70660857-fed2-45ea-8a30-6b4e10289d3b,Cover Track TRSHS00954,Cover Artist,2024,no,SecondHandSongs / Cover Set,2026-08-26T07:44:26.658869
75eef246-74d3-4e67-87a1-b4aa46e66c53,Cover Track TRSHS00942,Cover Artist,2024,no,SecondHandSongs / Cover Set,2026-08-26T07:44:26.658977
68dff3ff-f1d2-45e7-83fa-c93570a08883,Cover Track TRSHS00955,Cover Artist,2024,no,SecondHandSongs / Cover Set,2026-08-26T07:44:26.659083
ca93070e-4628-4356-80cb-54f85681d879,Cover Track TRSHS00961,Cover Artist,2024,no,SecondHandSongs / Cover Set,2026-08-26T07:44:26.659224
c24449bc-249a-44e4-a948-fa7c1cd52108,Cover Track TRSHS00953,Cover Artist,2024,no,SecondHandSongs / Cover Set,2026-08-26T07:44:26.659340
215970b2-c31c-4533-ac5a-74fe23419c22,Cover Track TRSHS00971,Cover Artist,2024,no,SecondHandSongs / Cover Set,2026-08-26T07:44:26.659444
81fe6184-45ca-41e9-b280-f8614ba7ae59,Cover Track TRSHS00972,Cover Artist,2024,no,SecondHandSongs / Cover Set,2026-08-26T07:44:26.659549
a50cce21-1408-4305-8d95-4bad1b3f5e2e,Cover Track TRSHS00981,Cover Artist,2024,no,SecondHandSongs / Cover Set,2026-08-26T07:44:26.659660
27eca45b-12d5-4577-9dff-687663c4ad7f,Cover Track TRSHS00973,Cover Artist,2024,no,SecondHandSongs / Cover Set,2026-08-26T07:44:26.659767
eb0d2169-3a7b-4f04-b091-9e758215af04,Cover Track TRSHS00962,Cover Artist,2024,no,SecondHandSongs / Cover Set,2026-08-26T07:44:26.659877
3c8fd6fd-eabd-49b6-8712-8a91f116549b,Cover Track TRSHS00982,Cover Artist,2024,no,SecondHandSongs / Cover Set,2026-08-26T07:44:26.660005
3e89a60a-5b26-4cee-94b9-8168286563d5,Cover Track TRSHS00991,Cover Artist,2024,no,SecondHandSongs / Cover Set,2026-08-26T07:44:26.660122
889974f3-6260-42d2-8d03-6da6c3c28592,Cover Track TRSHS00983,Cover Artist,2024,no,SecondHandSongs / Cover Set,2026-08-26T07:44:26.660285
c421a85c-6fb6-4c8c-95e0-fbc8e4a646e2,Cover Track TRSHS00984,Cover Artist,2024,no,SecondHandSongs / Cover Set,2026-08-26T07:44:26.660395
9a548d87-f614-4583-8b6c-bc0610aac400,Cover Track TRSHS00992,Cover Artist,2024,no,SecondHandSongs / Cover Set,2026-08-26T07:44:26.660505
0651bfcb-f001-4693-98d2-2af3ca429333,Cover Track TRSHS00993,Cover Artist,2024,no,SecondHandSongs / Cover Set,2026-08-26T07:44:26.660612
337e87cb-fc22-4777-8f39-6cbb5ebe8988,Cover Track TRSHS00994,Cover Artist,2024,no,SecondHandSongs / Cover Set,2026-08-26T07:44:26.660740
e98ef411-8e45-411f-b923-1dcf33382eea,Cover Track TRSHS01011,Cover Artist,2024,no,SecondHandSongs / Cover Set,2026-08-26T07:44:26.660864
2e5fa566-5442-4a6a-ab77-663db76c3861,Cover Track TRSHS01001,Cover Artist,2024,no,SecondHandSongs / Cover Set,2026-08-26T07:44:26.660985
41d4734b-2047-481c-8ae1-2911652640dd,Cover Track TRSHS00995,Cover Artist,2024,no,SecondHandSongs / Cover Set,2026-08-26T07:44:26.661090
2de048ef-8559-43cf-9916-829fb14f3329,Cover Track TRSHS01002,Cover Artist,2024,no,SecondHandSongs / Cover Set,2026-08-26T07:44:26.662012
d381d9ab-9816-43ca-b93c-08062cff00bb,Cover Track TRSHS01012,Cover Artist,2024,no,SecondHandSongs / Cover Set,2026-08-26T07:44:26.662202
65cc83cc-6bb5-4660-a45d-5c15383f50b2,Cover Track TRSHS01021,Cover Artist,2024,no,SecondHandSongs / Cover Set,2026-08-26T07:44:26.662330
60e6452d-f97d-46de-b6ea-1cee0e641d66,Cover Track TRSHS01013,Cover Artist,2024,no,SecondHandSongs / Cover Set,2026-08-26T07:44:26.662453
fed6afca-0ba0-4fea-8639-3819fe4c62c7,Cover Track TRSHS01022,Cover Artist,2024,no,SecondHandSongs / Cover Set,2026-08-26T07:44:26.662565
d31295b7-d147-45bf-8cee-797b74756e92,Cover Track TRSHS01024,Cover Artist,2024,no,SecondHandSongs / Cover Set,2026-08-26T07:44:26.662667
59e5d522-3060-497c-9337-7b634fbcacf5,Cover Track TRSHS01023,Cover Artist,2024,no,SecondHandSongs / Cover Set,2026-08-26T07:44:26.662774
31b68ec3-de88-4ab5-9fc3-0fd42b0a87aa,Cover Track TRSHS01031,Cover Artist,2024,no,SecondHandSongs / Cover Set,2026-08-26T07:44:26.662870
bd4199e8-9d5a-46c6-a469-fe2bf949f4fc,Cover Track TRSHS01033,Cover Artist,2024,no,SecondHandSongs / Cover Set,2026-08-26T07:44:26.662961
e0f31bf8-fb1f-4848-852f-42b8c1ffe6d6,Cover Track TRSHS01034,Cover Artist,2024,no,SecondHandSongs / Cover Set,2026-08-26T07:44:26.663059
da479414-f30d-4341-8798-93780189bf29,Cover Track TRSHS01032,Cover Artist,2024,no,SecondHandSongs / Cover Set,2026-08-26T07:44:26.663177
6d090504-ac91-4ea9-b20e-089e426a1a4c,Cover Track TRSHS01051,Cover Artist,2024,no,SecondHandSongs / Cover Set,2026-08-26T07:44:26.663286
50623469-81bb-4e5e-9da7-4ef5fa304d57,Cover Track TRSHS01035,Cover Artist,2024,no,SecondHandSongs / Cover Set,2026-08-26T07:44:26.663396
ecf30f6c-bf7b-4339-8175-4d85bbc673a2,Cover Track TRSHS01062,Cover Artist,2024,no,SecondHandSongs / Cover Set,2026-08-26T07:44:26.663516
1d0a0aff-967b-4bc2-90f7-0cbb605acde2,Cover Track TRSHS01041,Cover Artist,2024,no,SecondHandSongs / Cover Set,2026-08-26T07:44:26.663624
b87c8d11-e80c-4bd4-9985-ecb4cc056dbb,Cover Track TRSHS01042,Cover Artist,2024,no,SecondHandSongs / Cover Set,2026-08-26T07:44:26.663727
23459217-9fd2-442f-a4d8-0d43e48aeb56,Cover Track TRSHS01071,Cover Artist,2024,no,SecondHandSongs / Cover Set,2026-08-26T07:44:26.663820
731f424a-ad0f-4ef1-ad3f-1d10e000b170,Cover Track TRSHS01063,Cover Artist,2024,no,SecondHandSongs / Cover Set,2026-08-26T07:44:26.663915
d7ba1068-6de8-4312-a087-5c91bb2966cc,Cover Track TRSHS01061,Cover Artist,2024,no,SecondHandSongs / Cover Set,2026-08-26T07:44:26.664009
89b2ddac-c68f-491b-a6c1-2ba378fbeba8,Cover Track TRSHS01053,Cover Artist,2024,no,SecondHandSongs / Cover Set,2026-08-26T07:44:26.664098
3170f5fd-8141-47b1-8a16-bbefd509fa90,Cover Track TRSHS01064,Cover Artist,2024,no,SecondHandSongs / Cover Set,2026-08-26T07:44:26.664243
5f0858c1-abc7-490c-bd9d-71fc5bf07293,Cover Track TRSHS01072,Cover Artist,2024,no,SecondHandSongs / Cover Set,2026-08-26T07:44:26.664353
54101618-a905-4e16-8b91-dc3b92cb5b2a,Cover Track TRSHS01075,Cover Artist,2024,no,SecondHandSongs / Cover Set,2026-08-26T07:44:26.664451
c1a36ec4-f24d-4bce-b4df-d786716d6935,Cover Track TRSHS01074,Cover Artist,2024,no,SecondHandSongs / Cover Set,2026-08-26T07:44:26.664565
56b7209d-4b25-454f-866c-5332b6d4117d,Cover Track TRSHS01073,Cover Artist,2024,no,SecondHandSongs / Cover Set,2026-08-26T07:44:26.664672
a9461cde-dc64-4400-b0b0-1d80375c245b,Cover Track TRSHS01081,Cover Artist,2024,no,SecondHandSongs / Cover Set,2026-08-26T07:44:26.664770
b59a9f1e-3063-4ab3-89a0-049c42bd4646,Cover Track TRSHS01082,Cover Artist,2024,no,SecondHandSongs / Cover Set,2026-08-26T07:44:26.664871
78a58407-26d4-4d97-8ca5-0dcd7d95a7a4,Cover Track TRSHS01091,Cover Artist,2024,no,SecondHandSongs / Cover Set,2026-08-26T07:44:26.664970
c98685ed-a182-432a-970a-2cc08d53c040,Cover Track TRSHS01052,Cover Artist,2024,no,SecondHandSongs / Cover Set,2026-08-26T07:44:26.665038
b5a82f80-8aaf-4681-8b11-3c8af46cdcf5,Cover Track TRSHS01092,Cover Artist,2024,no,SecondHandSongs / Cover Set,2026-08-26T07:44:26.665110
60888cc2-fd7f-4126-8cd4-3eb684416542,Cover Track TRSHS01102,Cover Artist,2024,no,SecondHandSongs / Cover Set,2026-08-26T07:44:26.665237
754d46ea-1c48-4c3c-8977-f61986dcb79c,Cover Track TRSHS01103,Cover Artist,2024,no,SecondHandSongs / Cover Set,2026-08-26T07:44:26.665353
b28328b2-a8d0-4410-be04-8a5b304982b8,Cover Track TRSHS01104,Cover Artist,2024,no,SecondHandSongs / Cover Set,2026-08-26T07:44:26.665467
dcded471-0f27-4129-b4c7-cd19e0baabfa,Cover Track TRSHS01111,Cover Artist,2024,no,SecondHandSongs / Cover Set,2026-08-26T07:44:26.665585
5ce3b604-7b03-4665-9411-8b0680463f80,Cover Track TRSHS01112,Cover Artist,2024,no,SecondHandSongs / Cover Set,2026-08-26T07:44:26.665733
193163e0-06f1-4254-a51f-d28b934eb22c,Cover Track TRSHS01115,Cover Artist,2024,no,SecondHandSongs / Cover Set,2026-08-26T07:44:26.665855
1d9aadf8-64bb-439b-ab03-686ec6372eb2,Cover Track TRSHS01093,Cover Artist,2024,no,SecondHandSongs / Cover Set,2026-08-26T07:44:26.665967
32c39d37-87f4-477b-add3-a50965d7926a,Cover Track TRSHS01114,Cover Artist,2024,no,SecondHandSongs / Cover Set,2026-08-26T07:44:26.666071
8f9f648c-1955-4fd4-93d8-d9fffed1115d,Cover Track TRSHS01113,Cover Artist,2024,no,SecondHandSongs / Cover Set,2026-08-26T07:44:26.666220
86ac6bca-3ee1-440c-ab2d-d4f77047f130,Cover Track TRSHS01122,Cover Artist,2024,no,SecondHandSongs / Cover Set,2026-08-26T07:44:26.666325
ed8a0b33-ebdc-4676-810b-af8cb0050fe7,Cover Track TRSHS01121,Cover Artist,2024,no,SecondHandSongs / Cover Set,2026-08-26T07:44:26.666420
fae4b4c4-6c2f-47c5-b2dc-e59cd50a20a7,Cover Track TRSHS01131,Cover Artist,2024,no,SecondHandSongs / Cover Set,2026-08-26T07:44:26.666509
a75927ab-2b03-4393-9b7c-47eb3a0e8fff,Cover Track TRSHS01132,Cover Artist,2024,no,SecondHandSongs / Cover Set,2026-08-26T07:44:26.666615
3e270402-61dd-4a9d-85fe-38e4a354a2f9,Cover Track TRSHS01141,Cover Artist,2024,no,SecondHandSongs / Cover Set,2026-08-26T07:44:26.666723
97e5e1fa-9460-45e3-a776-ddcf7766b208,Cover Track TRSHS01143,Cover Artist,2024,no,SecondHandSongs / Cover Set,2026-08-26T07:44:26.666826
f872cd38-0c1d-4220-b788-884f4bf51116,Cover Track TRSHS01144,Cover Artist,2024,no,SecondHandSongs / Cover Set,2026-08-26T07:44:26.666935
79cf9bcb-b909-4077-900d-9aae14e02246,Cover Track TRSHS01153,Cover Artist,2024,no,SecondHandSongs / Cover Set,2026-08-26T07:44:26.667031
ee69697c-d836-4276-8b29-c5e0a73ab6f3,Cover Track TRSHS01152,Cover Artist,2024,no,SecondHandSongs / Cover Set,2026-08-26T07:44:26.667144
a69912d9-1943-4f4a-b94d-68b174dab279,Cover Track TRSHS01101,Cover Artist,2024,no,SecondHandSongs / Cover Set,2026-08-26T07:44:26.667277
7b972068-62f8-4b94-b17e-66c86761a7dc,Cover Track TRSHS01151,Cover Artist,2024,no,SecondHandSongs / Cover Set,2026-08-26T07:44:26.667387
0923b3ac-1c64-4f4c-979d-e76a76eed1f0,Cover Track TRSHS01133,Cover Artist,2024,no,SecondHandSongs / Cover Set,2026-08-26T07:44:26.667507
64113e60-5797-4fb3-8d9b-8e141e6adad5,Cover Track TRSHS01155,Cover Artist,2024,no,SecondHandSongs / Cover Set,2026-08-26T07:44:26.667613
d225aa72-7a7f-4ab8-81ea-75a0cd7e15e9,Cover Track TRSHS01162,Cover Artist,2024,no,SecondHandSongs / Cover Set,2026-08-26T07:44:26.667730
6790af17-8c1d-4135-afaf-a7a062e3aab6,Cover Track TRSHS01154,Cover Artist,2024,no,SecondHandSongs / Cover Set,2026-08-26T07:44:26.667842
a7014e59-2746-45e6-81a2-bed2afe97138,Cover Track TRSHS01161,Cover Artist,2024,no,SecondHandSongs / Cover Set,2026-08-26T07:44:26.667944
86ca2193-ea57-44c7-8697-cd76b224d991,Cover Track TRSHS01171,Cover Artist,2024,no,SecondHandSongs / Cover Set,2026-08-26T07:44:26.668057
3bd3d219-da13-4ce7-8d86-8928108e1d6f,Cover Track TRSHS01182,Cover Artist,2024,no,SecondHandSongs / Cover Set,2026-08-26T07:44:26.668216
79eba7ce-f9fc-4066-b447-cb5d642d54d5,Cover Track TRSHS01183,Cover Artist,2024,no,SecondHandSongs / Cover Set,2026-08-26T07:44:26.668342
2019fa50-9f6a-401d-9dca-f82ea87d6204,Cover Track TRSHS01184,Cover Artist,2024,no,SecondHandSongs / Cover Set,2026-08-26T07:44:26.668450
ae3626ae-94be-479d-b063-e74118762efa,Cover Track TRSHS01192,Cover Artist,2024,no,SecondHandSongs / Cover Set,2026-08-26T07:44:26.668549
65ce189f-a317-473c-8171-61634f42f95b,Cover Track TRSHS01173,Cover Artist,2024,no,SecondHandSongs / Cover Set,2026-08-26T07:44:26.668643
af26f6ac-b209-48bb-bee3-d1896d46b1b0,Cover Track TRSHS01172,Cover Artist,2024,no,SecondHandSongs / Cover Set,2026-08-26T07:44:26.668740
173a64c3-b883-40c2-88ab-9396146727b9,Cover Track TRSHS01191,Cover Artist,2024,no,SecondHandSongs / Cover Set,2026-08-26T07:44:26.668833
50b8b99c-9b44-4c35-99c6-7fdf2043a49e,Cover Track TRSHS01142,Cover Artist,2024,no,SecondHandSongs / Cover Set,2026-08-26T07:44:26.668923
410af743-db57-4ec2-bd27-567d97e34af1,Cover Track TRSHS01181,Cover Artist,2024,no,SecondHandSongs / Cover Set,2026-08-26T07:44:26.669024
ce96b89d-9804-4d2f-b5e5-6b3f5b92dc3d,Cover Track TRSHS01194,Cover Artist,2024,no,SecondHandSongs / Cover Set,2026-08-26T07:44:26.669142
7f214394-1cb5-4fae-bce5-25db00dc816a,Cover Track TRSHS01193,Cover Artist,2024,no,SecondHandSongs / Cover Set,2026-08-26T07:44:26.669278
1d9ab881-7450-422f-a472-c1e1064ff831,Cover Track TRSHS01201,Cover Artist,2024,no,SecondHandSongs / Cover Set,2026-08-26T07:44:26.669385
19c34b76-734a-49d6-96d3-7056381d72b9,Cover Track TRSHS01202,Cover Artist,2024,no,SecondHandSongs / Cover Set,2026-08-26T07:44:26.669502
65c8a73f-6946-4286-aa9c-d97f81bb3f2b,Cover Track TRSHS01195,Cover Artist,2024,no,SecondHandSongs / Cover Set,2026-08-26T07:44:26.669616
84ffdcba-cea6-4674-8ff6-8cf825dcba1e,Cover Track TRSHS01211,Cover Artist,2024,no,SecondHandSongs / Cover Set,2026-08-26T07:44:26.669732
7d2cd0df-78a7-4618-9405-2312d1ecfdbe,Cover Track TRSHS01213,Cover Artist,2024,no,SecondHandSongs / Cover Set,2026-08-26T07:44:26.669841
6f5c4781-ec25-4ebe-8c90-515568e8b7b5,Cover Track TRSHS01212,Cover Artist,2024,no,SecondHandSongs / Cover Set,2026-08-26T07:44:26.669947
508a35dd-44e3-461c-923e-f45ad5e50fd1,Cover Track TRSHS01221,Cover Artist,2024,no,SecondHandSongs / Cover Set,2026-08-26T07:44:26.670053
79671980-4423-44be-8471-1421e2a9afe6,Cover Track TRSHS01222,Cover Artist,2024,no,SecondHandSongs / Cover Set,2026-08-26T07:44:26.670192
6dcaf99d-5535-49bb-865e-0885d22d6849,Cover Track TRSHS01223,Cover Artist,2024,no,SecondHandSongs / Cover Set,2026-08-26T07:44:26.670309
6b5de274-5dfd-4dbe-ab92-6c8c3aa92a79,Cover Track TRSHS01231,Cover Artist,2024,no,SecondHandSongs / Cover Set,2026-08-26T07:44:26.670415
0ce212b3-b57f-4297-8492-537e774ad476,Cover Track TRSHS01242,Cover Artist,2024,no,SecondHandSongs / Cover Set,2026-08-26T07:44:26.670518
c9aed95e-7246-4168-8f6e-2b3e1ec919f1,Cover Track TRSHS01232,Cover Artist,2024,no,SecondHandSongs / Cover Set,2026-08-26T07:44:26.670627
26ac15ec-a7e6-4c7b-a11d-4639a172762b,Cover Track TRSHS01224,Cover Artist,2024,no,SecondHandSongs / Cover Set,2026-08-26T07:44:26.670741
ec803209-18c3-4fb1-9d64-414d735c2bba,Cover Track TRSHS01233,Cover Artist,2024,no,SecondHandSongs / Cover Set,2026-08-26T07:44:26.670858
40637aa0-2bb7-432d-b418-b75ad1eb49c9,Cover Track TRSHS01234,Cover Artist,2024,no,SecondHandSongs / Cover Set,2026-08-26T07:44:26.670975
aaca13f1-efd5-4214-bbc1-dbcf964234d7,Cover Track TRSHS01235,Cover Artist,2024,no,SecondHandSongs / Cover Set,2026-08-26T07:44:26.671085
f2dbdb3a-f24b-42a6-abc9-ef690e61b0c9,Cover Track TRSHS01252,Cover Artist,2024,no,SecondHandSongs / Cover Set,2026-08-26T07:44:26.671249
bad71270-5a8f-48e7-9946-ee41719c97e8,Cover Track TRSHS01253,Cover Artist,2024,no,SecondHandSongs / Cover Set,2026-08-26T07:44:26.671369
5d5aaaea-f165-42da-ab5f-98315f323d31,Cover Track TRSHS01241,Cover Artist,2024,no,SecondHandSongs / Cover Set,2026-08-26T07:44:26.671476
fb42757b-56de-4b31-98fd-4ef305caebc4,Cover Track TRSHS01273,Cover Artist,2024,no,SecondHandSongs / Cover Set,2026-08-26T07:44:26.671589
b8129a3a-5cae-41a9-acbb-019cf26c9f6f,Cover Track TRSHS01274,Cover Artist,2024,no,SecondHandSongs / Cover Set,2026-08-26T07:44:26.671717
2a388470-4c21-40a8-b1b7-bd3a5a398e0d,Cover Track TRSHS01263,Cover Artist,2024,no,SecondHandSongs / Cover Set,2026-08-26T07:44:26.671828
cd7be9f8-1ff0-47e4-8864-8e479f825340,Cover Track TRSHS01264,Cover Artist,2024,no,SecondHandSongs / Cover Set,2026-08-26T07:44:26.671933
2ff87617-3d67-4a03-98b5-4d82322c50bb,Cover Track TRSHS01262,Cover Artist,2024,no,SecondHandSongs / Cover Set,2026-08-26T07:44:26.672041
132526c6-b248-446d-a548-0802d5eb795a,Cover Track TRSHS01271,Cover Artist,2024,no,SecondHandSongs / Cover Set,2026-08-26T07:44:26.672176
742f0bd5-1217-49df-93da-8333c6117fd1,Cover Track TRSHS01261,Cover Artist,2024,no,SecondHandSongs / Cover Set,2026-08-26T07:44:26.672298
4bb0e7d4-7797-4ee2-8df8-205cbb7d6cd8,Cover Track TRSHS01281,Cover Artist,2024,no,SecondHandSongs / Cover Set,2026-08-26T07:44:26.672416
e6cf619b-b27e-43ca-a46f-fe65a733bff8,Cover Track TRSHS01251,Cover Artist,2024,no,SecondHandSongs / Cover Set,2026-08-26T07:44:26.672520
1a3e4a1b-40fd-4da1-b756-bdcede51c3dc,Cover Track TRSHS01272,Cover Artist,2024,no,SecondHandSongs / Cover Set,2026-08-26T07:44:26.672616
72c25186-66ce-468b-831a-9fe7b4c19ced,Cover Track TRSHS01282,Cover Artist,2024,no,SecondHandSongs / Cover Set,2026-08-26T07:44:26.672720
8e70ea9d-6641-46f3-aca6-3313568e068a,Cover Track TRSHS01293,Cover Artist,2024,no,SecondHandSongs / Cover Set,2026-08-26T07:44:26.672810
adc3c4cd-a146-4b6e-bebe-c572c8aba405,Cover Track TRSHS01292,Cover Artist,2024,no,SecondHandSongs / Cover Set,2026-08-26T07:44:26.672903
7b12cabf-9d64-4ac5-a0f9-1330daac87c1,Cover Track TRSHS01301,Cover Artist,2024,no,SecondHandSongs / Cover Set,2026-08-26T07:44:26.672992
2b2623a0-8166-4c4d-a33b-c97b472f0fa6,Cover Track TRSHS01302,Cover Artist,2024,no,SecondHandSongs / Cover Set,2026-08-26T07:44:26.673092
5e1add82-1807-40ca-bc63-5fcbbd9a0fcc,Cover Track TRSHS01304,Cover Artist,2024,no,SecondHandSongs / Cover Set,2026-08-26T07:44:26.673245
762c0b85-c4d6-448d-93c4-22731e854b90,Cover Track TRSHS01303,Cover Artist,2024,no,SecondHandSongs / Cover Set,2026-08-26T07:44:26.673361
6574766c-35cd-4e1a-9b02-3c070a2f463f,Cover Track TRSHS01311,Cover Artist,2024,no,SecondHandSongs / Cover Set,2026-08-26T07:44:26.673473
bce034a9-035c-40dc-b767-f687bb2fdb44,Cover Track TRSHS01312,Cover Artist,2024,no,SecondHandSongs / Cover Set,2026-08-26T07:44:26.673578
bc124ba5-456a-47ca-8fed-aac5af08d1f6,Cover Track TRSHS01314,Cover Artist,2024,no,SecondHandSongs / Cover Set,2026-08-26T07:44:26.673684
3431788c-bb2e-4603-a07b-29818d250779,Cover Track TRSHS01275,Cover Artist,2024,no,SecondHandSongs / Cover Set,2026-08-26T07:44:26.673790
942ac879-df94-4aaf-affe-1fb3b69d1574,Cover Track TRSHS01333,Cover Artist,2024,no,SecondHandSongs / Cover Set,2026-08-26T07:44:26.673903
35fe443d-7fd9-4f87-bbc2-af468fc8618f,Cover Track TRSHS01321,Cover Artist,2024,no,SecondHandSongs / Cover Set,2026-08-26T07:44:26.674018
0a46f2ca-10dd-4eb4-a545-bf07c0d7c821,Cover Track TRSHS01315,Cover Artist,2024,no,SecondHandSongs / Cover Set,2026-08-26T07:44:26.674146
784f0c23-a2fa-4db1-b6d1-3991f9a1bfc2,Cover Track TRSHS01322,Cover Artist,2024,no,SecondHandSongs / Cover Set,2026-08-26T07:44:26.674276
15e8dbbf-bc38-460a-9fe6-9f1aaf0e7890,Cover Track TRSHS01331,Cover Artist,2024,no,SecondHandSongs / Cover Set,2026-08-26T07:44:26.674377
1b22e38b-4520-471c-b080-f3393315c784,Cover Track TRSHS01341,Cover Artist,2024,no,SecondHandSongs / Cover Set,2026-08-26T07:44:26.674473
68099584-52ab-4518-ad13-417bc3a5c225,Cover Track TRSHS01342,Cover Artist,2024,no,SecondHandSongs / Cover Set,2026-08-26T07:44:26.674564
f71342c6-120f-468d-8f4c-ed14d23fafdb,Cover Track TRSHS01291,Cover Artist,2024,no,SecondHandSongs / Cover Set,2026-08-26T07:44:26.674658
eff4fe49-b9fe-4f0f-829b-bfce3a438db0,Cover Track TRSHS01344,Cover Artist,2024,no,SecondHandSongs / Cover Set,2026-08-26T07:44:26.674750
85d661ba-135a-4c6f-80e0-7c4737638484,Cover Track TRSHS01355,Cover Artist,2024,no,SecondHandSongs / Cover Set,2026-08-26T07:44:26.674846
774a8ab0-a3da-4dfa-bb4d-78d20ca012fa,Cover Track TRSHS01332,Cover Artist,2024,no,SecondHandSongs / Cover Set,2026-08-26T07:44:26.674951
cf85ba90-d661-43cb-b895-e634511d8e8f,Cover Track TRSHS01343,Cover Artist,2024,no,SecondHandSongs / Cover Set,2026-08-26T07:44:26.675058
cb4dbe9f-cb1a-4bfb-ae15-f07098abbee7,Cover Track TRSHS01351,Cover Artist,2024,no,SecondHandSongs / Cover Set,2026-08-26T07:44:26.675220
9b791731-f20d-473d-9963-7e09866b935f,Cover Track TRSHS01353,Cover Artist,2024,no,SecondHandSongs / Cover Set,2026-08-26T07:44:26.675347
15d999da-9d3a-4e91-a8a2-1b7af45ab9f8,Cover Track TRSHS01352,Cover Artist,2024,no,SecondHandSongs / Cover Set,2026-08-26T07:44:26.675457
3d6bbcf9-8117-4e18-a1b4-b3cc38c779b5,Cover Track TRSHS01313,Cover Artist,2024,no,SecondHandSongs / Cover Set,2026-08-26T07:44:26.675562
829fd046-ae34-4e81-8cc1-6c5f2979e76a,Cover Track TRSHS01362,Cover Artist,2024,no,SecondHandSongs / Cover Set,2026-08-26T07:44:26.675670
566f4346-52a2-4757-a5bd-4bfd28958174,Cover Track TRSHS01354,Cover Artist,2024,no,SecondHandSongs / Cover Set,2026-08-26T07:44:26.675781
c31f46ac-3d8f-49fb-ac44-56783e5c77b3,Cover Track TRSHS01371,Cover Artist,2024,no,SecondHandSongs / Cover Set,2026-08-26T07:44:26.675891
3f230057-5589-4121-91d2-04b456ff836b,Cover Track TRSHS01373,Cover Artist,2024,no,SecondHandSongs / Cover Set,2026-08-26T07:44:26.676003
0d9cc952-d2dc-40b7-9eaf-088c830ad386,Cover Track TRSHS01381,Cover Artist,2024,no,SecondHandSongs / Cover Set,2026-08-26T07:44:26.676105
281958d5-d363-4b9b-8ca6-a6a0682adead,Cover Track TRSHS01383,Cover Artist,2024,no,SecondHandSongs / Cover Set,2026-08-26T07:44:26.676258
25686540-9b8b-47d7-aa27-ce908c55fb7f,Cover Track TRSHS01382,Cover Artist,2024,no,SecondHandSongs / Cover Set,2026-08-26T07:44:26.676374
daf03b0c-b6c5-46ab-976e-9a9c6b8b9343,Cover Track TRSHS01372,Cover Artist,2024,no,SecondHandSongs / Cover Set,2026-08-26T07:44:26.676485
7537f8eb-2241-4ff9-bb1d-78b7e369a0d0,Cover Track TRSHS01384,Cover Artist,2024,no,SecondHandSongs / Cover Set,2026-08-26T07:44:26.676590
9ad7cec6-3398-4895-89ef-98d2ae741df7,Cover Track TRSHS01391,Cover Artist,2024,no,SecondHandSongs / Cover Set,2026-08-26T07:44:26.676707
d89f77d1-5318-4876-8567-1aa12d581ce3,Cover Track TRSHS01392,Cover Artist,2024,no,SecondHandSongs / Cover Set,2026-08-26T07:44:26.676820
5c852b3d-7cff-4b94-b6bc-b9d0b8e699e3,Cover Track TRSHS01394,Cover Artist,2024,no,SecondHandSongs / Cover Set,2026-08-26T07:44:26.676928
4a21074b-29ec-4ee0-b83e-6357b4a1cb7a,Cover Track TRSHS01361,Cover Artist,2024,no,SecondHandSongs / Cover Set,2026-08-26T07:44:26.677034
c8a8d99d-d94b-4c44-adc9-6e3a94394f9a,Cover Track TRSHS01393,Cover Artist,2024,no,SecondHandSongs / Cover Set,2026-08-26T07:44:26.677178
4b9ff31f-10af-4d94-9d72-33108b5c47f1,Cover Track TRSHS01395,Cover Artist,2024,no,SecondHandSongs / Cover Set,2026-08-26T07:44:26.677302
77743b82-6b30-4d83-9dbb-c3f17fd21b02,Cover Track TRSHS01421,Cover Artist,2024,no,SecondHandSongs / Cover Set,2026-08-26T07:44:26.677418
6d219640-ae81-4bb3-bbc5-4db0f30c1f93,Cover Track TRSHS01401,Cover Artist,2024,no,SecondHandSongs / Cover Set,2026-08-26T07:44:26.677525
54f95080-0714-425f-aae8-43c40100c1b9,Cover Track TRSHS01412,Cover Artist,2024,no,SecondHandSongs / Cover Set,2026-08-26T07:44:26.677635
52e2f6cc-5991-465c-80eb-2f7629d77d65,Cover Track TRSHS01402,Cover Artist,2024,no,SecondHandSongs / Cover Set,2026-08-26T07:44:26.677743
2110ca16-6dab-490f-a74b-398ebaaa8df6,Cover Track TRSHS01423,Cover Artist,2024,no,SecondHandSongs / Cover Set,2026-08-26T07:44:26.677854
a362beb6-00d9-4b2f-95ad-8dc69faef70f,Cover Track TRSHS01422,Cover Artist,2024,no,SecondHandSongs / Cover Set,2026-08-26T07:44:26.677962
712dfc86-8e9f-4a78-b221-d1b1435137c0,Cover Track TRSHS01411,Cover Artist,2024,no,SecondHandSongs / Cover Set,2026-08-26T07:44:26.678078
15d449d3-3ce2-473e-9f29-cf190a538091,Cover Track TRSHS01424,Cover Artist,2024,no,SecondHandSongs / Cover Set,2026-08-26T07:44:26.678219
39ea2612-f060-49ad-b947-3521658275e2,Cover Track TRSHS01433,Cover Artist,2024,no,SecondHandSongs / Cover Set,2026-08-26T07:44:26.678340
f118ea48-65e0-452c-8cf6-250633f7ce58,Cover Track TRSHS01434,Cover Artist,2024,no,SecondHandSongs / Cover Set,2026-08-26T07:44:26.678450
1afe5e12-2a13-42c4-aded-8093c8003f95,Cover Track TRSHS01441,Cover Artist,2024,no,SecondHandSongs / Cover Set,2026-08-26T07:44:26.678557
3675045d-cf7c-4f7e-bb97-58d6043aa2e4,Cover Track TRSHS01442,Cover Artist,2024,no,SecondHandSongs / Cover Set,2026-08-26T07:44:26.678666
37be10fb-aa08-4da5-9f25-53ccccdb2ef9,Cover Track TRSHS01435,Cover Artist,2024,no,SecondHandSongs / Cover Set,2026-08-26T07:44:26.678779
43c8b5b2-11a5-49b5-af0a-183aa7dd9291,Cover Track TRSHS01431,Cover Artist,2024,no,SecondHandSongs / Cover Set,2026-08-26T07:44:26.678896
23cc2c96-1123-44ad-a5f8-6ec13341fbe4,Cover Track TRSHS01461,Cover Artist,2024,no,SecondHandSongs / Cover Set,2026-08-26T07:44:26.679006
525b5567-5f95-48d9-88eb-e6e9cd472799,Cover Track TRSHS01462,Cover Artist,2024,no,SecondHandSongs / Cover Set,2026-08-26T07:44:26.679106
8fe82608-8a13-4da6-b48b-800f78d7c04b,Cover Track TRSHS01464,Cover Artist,2024,no,SecondHandSongs / Cover Set,2026-08-26T07:44:26.679252
2d309e06-d3a2-4571-ac8a-157154399b55,Cover Track TRSHS01413,Cover Artist,2024,no,SecondHandSongs / Cover Set,2026-08-26T07:44:26.679364
706ef436-8502-451c-a68a-c3d82442f376,Cover Track TRSHS01471,Cover Artist,2024,no,SecondHandSongs / Cover Set,2026-08-26T07:44:26.679472
f2e9af04-cfb5-452a-b369-219286359af5,Cover Track TRSHS01451,Cover Artist,2024,no,SecondHandSongs / Cover Set,2026-08-26T07:44:26.679581
32003a81-0845-4da0-9e4f-cfec2f34cc81,Cover Track TRSHS01472,Cover Artist,2024,no,SecondHandSongs / Cover Set,2026-08-26T07:44:26.679694
49942779-0311-46e3-90fe-880a2133c1d2,Cover Track TRSHS01452,Cover Artist,2024,no,SecondHandSongs / Cover Set,2026-08-26T07:44:26.679816
fb953a05-2c22-4f74-8246-c5cbff625f3b,Cover Track TRSHS01475,Cover Artist,2024,no,SecondHandSongs / Cover Set,2026-08-26T07:44:26.679930
42a3e481-09c1-465b-aa09-cb5e25ce0c57,Cover Track TRSHS01432,Cover Artist,2024,no,SecondHandSongs / Cover Set,2026-08-26T07:44:26.680033
99416a3c-425d-4827-985d-9e5032023045,Cover Track TRSHS01463,Cover Artist,2024,no,SecondHandSongs / Cover Set,2026-08-26T07:44:26.680140
629cde3f-8291-4e12-b333-f31829131c5f,Cover Track TRSHS01453,Cover Artist,2024,no,SecondHandSongs / Cover Set,2026-08-26T07:44:26.680265
19623e83-efac-49f1-ac6c-584c2aa0f4e7,Cover Track TRSHS01491,Cover Artist,2024,no,SecondHandSongs / Cover Set,2026-08-26T07:44:26.680357
ef06d07e-0d5b-40b2-bc66-b336e55e9a48,Cover Track TRSHS01473,Cover Artist,2024,no,SecondHandSongs / Cover Set,2026-08-26T07:44:26.680453
998a92d8-cb95-4c40-8751-eef2b8c9f473,Cover Track TRSHS01492,Cover Artist,2024,no,SecondHandSongs / Cover Set,2026-08-26T07:44:26.680546
0286d337-a197-497a-92e7-e51c66cdd00d,Cover Track TRSHS01501,Cover Artist,2024,no,SecondHandSongs / Cover Set,2026-08-26T07:44:26.680644
93bfb003-9121-4682-b64d-998ef6b54feb,Cover Track TRSHS01502,Cover Artist,2024,no,SecondHandSongs / Cover Set,2026-08-26T07:44:26.680758
b495e206-c534-4009-9eec-41f6a9a5e52e,Cover Track TRSHS01481,Cover Artist,2024,no,SecondHandSongs / Cover Set,2026-08-26T07:44:26.680866
6a01a615-b408-44a1-9e91-3f8b7b96c16a,Cover Track TRSHS01493,Cover Artist,2024,no,SecondHandSongs / Cover Set,2026-08-26T07:44:26.680970
6869033b-0688-44f0-b91e-8b30042dc7c3,Cover Track TRSHS01503,Cover Artist,2024,no,SecondHandSongs / Cover Set,2026-08-26T07:44:26.681073
cc8aab34-b4b1-417b-9f0a-d111fedddafc,Cover Track TRSHS01504,Cover Artist,2024,no,SecondHandSongs / Cover Set,2026-08-26T07:44:26.681225
2c13a4ea-f709-4ee3-b4b3-c03192ec69fa,Cover Track TRSHS01474,Cover Artist,2024,no,SecondHandSongs / Cover Set,2026-08-26T07:44:26.681347
576e9118-4a99-4db0-a23c-0d92206a7f98,Cover Track TRSHS01482,Cover Artist,2024,no,SecondHandSongs / Cover Set,2026-08-26T07:44:26.681456
01e2ceef-950a-4630-9180-85b71ea288f0,Jamendo Track 243529,Jamendo Artist,2024,no,MTG-Jamendo,2026-08-26T07:44:26.757005
6a6715ff-cf80-453e-84c9-abc6178e3375,Jamendo Track 253892,Jamendo Artist,2024,no,MTG-Jamendo,2026-08-26T07:44:26.757106
0f41abf7-b02b-40cb-ac8b-40c81838af46,Jamendo Track 61202,Jamendo Artist,2024,no,MTG-Jamendo,2026-08-26T07:44:26.757265
d2865a32-316b-4e14-8607-8884a559d2c2,Jamendo Track 164448,Jamendo Artist,2024,no,MTG-Jamendo,2026-08-26T07:44:26.757369
1aba6c3b-411a-4e98-bea6-025b98710bd2,Jamendo Track 178376,Jamendo Artist,2024,no,MTG-Jamendo,2026-08-26T07:44:26.757458
b19996a1-8706-4a0c-b03c-fd85fb164756,Jamendo Track 91925,Jamendo Artist,2024,no,MTG-Jamendo,2026-08-26T07:44:26.757550
8d199501-7ee1-4bde-9a45-efda78a220e5,Jamendo Track 90131,Jamendo Artist,2024,no,MTG-Jamendo,2026-08-26T07:44:26.757700
99cdf20f-97bb-401c-8efd-04d6130fafae,Jamendo Track 153864,Jamendo Artist,2024,no,MTG-Jamendo,2026-08-26T07:44:26.757823
f07bdeee-631b-4194-946a-2839013c4127,Jamendo Track 182155,Jamendo Artist,2024,no,MTG-Jamendo,2026-08-26T07:44:26.757943
478eb34f-8297-4b39-b2a6-d4dd4400a6ae,Jamendo Track 16750,Jamendo Artist,2024,no,MTG-Jamendo,2026-08-26T07:44:26.758043
4ddc76b5-48ab-4dc9-bec8-fcf7b9a4b47d,Jamendo Track 174404,Jamendo Artist,2024,no,MTG-Jamendo,2026-08-26T07:44:26.758180
60fd0697-138c-49d3-a5cc-16f8c7e3c70d,Jamendo Track 245430,Jamendo Artist,2024,no,MTG-Jamendo,2026-08-26T07:44:26.758316
d78990d4-ca1c-4333-8f21-1a20c75d10e0,Jamendo Track 1402623,Jamendo Artist,2024,no,MTG-Jamendo,2026-08-26T07:44:26.759826
4bef74d1-04c1-46b0-b522-4a72e8670aa1,Jamendo Track 113430,Jamendo Artist,2024,no,MTG-Jamendo,2026-08-26T07:44:26.759984
b81204f7-74d2-47ac-b4e4-d2962e04254b,Jamendo Track 454873,Jamendo Artist,2024,no,MTG-Jamendo,2026-08-26T07:44:26.760112
8c9d43b8-f89c-4d2e-9ddc-52a7952d6d17,Jamendo Track 74693,Jamendo Artist,2024,no,MTG-Jamendo,2026-08-26T07:44:26.760287
427b9da5-4753-498b-b35b-c7390ea1d22c,Jamendo Track 1238065,Jamendo Artist,2024,no,MTG-Jamendo,2026-08-26T07:44:26.760414
2121442c-61a4-46b1-9f33-15e96ed48336,Jamendo Track 299297,Jamendo Artist,2024,no,MTG-Jamendo,2026-08-26T07:44:26.760526
eb36a20e-6400-4c3f-a9e8-9ffc57f22b4c,Jamendo Track 208723,Jamendo Artist,2024,no,MTG-Jamendo,2026-08-26T07:44:26.760606
d33fd804-b202-4ddf-9ca8-1c7950c64e2f,Jamendo Track 182619,Jamendo Artist,2024,no,MTG-Jamendo,2026-08-26T07:44:26.760676
b44fd37c-a4ef-4521-b8c2-90863fc77c4c,Jamendo Track 383013,Jamendo Artist,2024,no,MTG-Jamendo,2026-08-26T07:44:26.760751
5adbf9e4-9508-44aa-8ba5-20328f9942b3,Jamendo Track 192676,Jamendo Artist,2024,no,MTG-Jamendo,2026-08-26T07:44:26.760815
02e4893b-757f-4139-82fb-5a8e12474870,Jamendo Track 240723,Jamendo Artist,2024,no,MTG-Jamendo,2026-08-26T07:44:26.760874
0861336a-f08e-4ba5-bdc3-6113a1da2a59,Jamendo Track 1158688,Jamendo Artist,2024,no,MTG-Jamendo,2026-08-26T07:44:26.760935
2188d001-ba39-44bc-85cd-31b45c8a12cc,Jamendo Track 381166,Jamendo Artist,2024,no,MTG-Jamendo,2026-08-26T07:44:26.760996
b7b5edd4-edf5-46d9-ab4f-077966f7c00c,Jamendo Track 135695,Jamendo Artist,2024,no,MTG-Jamendo,2026-08-26T07:44:26.761058
12f238f9-52ea-48ae-ad1a-23a164b64296,Jamendo Track 393247,Jamendo Artist,2024,no,MTG-Jamendo,2026-08-26T07:44:26.761116
b618de92-124c-40fb-a6e9-028c4f19ba40,Jamendo Track 194781,Jamendo Artist,2024,no,MTG-Jamendo,2026-08-26T07:44:26.761226
f4e4ad80-2b95-4573-b102-a42162ff8d1b,Jamendo Track 431499,Jamendo Artist,2024,no,MTG-Jamendo,2026-08-26T07:44:26.761335
38cbddc7-b7cc-4ebb-b39f-f696aa12367e,Jamendo Track 211822,Jamendo Artist,2024,no,MTG-Jamendo,2026-08-26T07:44:26.761452
b2790b08-9fb2-46cf-ac25-d6e0d2b30dd7,Jamendo Track 6699,Jamendo Artist,2024,no,MTG-Jamendo,2026-08-26T07:44:26.761564
873855c2-b80c-41b6-b4fc-85af2e0f71c5,Jamendo Track 318958,Jamendo Artist,2024,no,MTG-Jamendo,2026-08-26T07:44:26.761809
efd1ef34-444f-4b1b-b879-847801963619,Jamendo Track 387394,Jamendo Artist,2024,no,MTG-Jamendo,2026-08-26T07:44:26.761972
9d5cf042-0ef9-4a58-b501-f28ff746df2a,Jamendo Track 39107,Jamendo Artist,2024,no,MTG-Jamendo,2026-08-26T07:44:26.762111
d6ffcd16-c5e3-478f-9195-278f9d37941e,Jamendo Track 20234,Jamendo Artist,2024,no,MTG-Jamendo,2026-08-26T07:44:26.762431
08b5af9c-2b77-48a6-b1f1-36e1f8272c0a,Jamendo Track 181854,Jamendo Artist,2024,no,MTG-Jamendo,2026-08-26T07:44:26.762552
36109e42-9bb3-4a48-ae58-f4c07b24b64c,Jamendo Track 298387,Jamendo Artist,2024,no,MTG-Jamendo,2026-08-26T07:44:26.762662
d6c319af-f68f-4a4b-b6c3-5730f2ff3646,Jamendo Track 138037,Jamendo Artist,2024,no,MTG-Jamendo,2026-08-26T07:44:26.762765
b1983074-fc3f-4cc8-be75-e2b842c049e9,Jamendo Track 423116,Jamendo Artist,2024,no,MTG-Jamendo,2026-08-26T07:44:26.762878
3954f716-223a-487b-a2bd-21629fbb0d58,Jamendo Track 1084715,Jamendo Artist,2024,no,MTG-Jamendo,2026-08-26T07:44:26.762988
6d6cb690-f5f5-48d6-9e10-c64d752886e5,Jamendo Track 783440,Jamendo Artist,2024,no,MTG-Jamendo,2026-08-26T07:44:26.763100
e646ac51-773d-4eac-8de8-deaed1aaee5c,Jamendo Track 1105857,Jamendo Artist,2024,no,MTG-Jamendo,2026-08-26T07:44:26.763286
903d8e50-302b-48aa-80f8-2b38eec17228,Jamendo Track 934002,Jamendo Artist,2024,no,MTG-Jamendo,2026-08-26T07:44:26.763463
deba98e9-568f-40ea-9a7c-3f9b36836ae1,Jamendo Track 250881,Jamendo Artist,2024,no,MTG-Jamendo,2026-08-26T07:44:26.763576
07c9bb36-700c-4dbf-adf9-df2df30da784,Jamendo Track 117407,Jamendo Artist,2024,no,MTG-Jamendo,2026-08-26T07:44:26.763688
273a495c-b641-4feb-9023-1762af373fd2,Jamendo Track 508155,Jamendo Artist,2024,no,MTG-Jamendo,2026-08-26T07:44:26.763799
4372911f-06e5-4264-a4c3-3505e83d4f90,Jamendo Track 753086,Jamendo Artist,2024,no,MTG-Jamendo,2026-08-26T07:44:26.763907
aa7a39d1-8756-4305-9c42-02128a02c8f0,Jamendo Track 31504,Jamendo Artist,2024,no,MTG-Jamendo,2026-08-26T07:44:26.764012
ca0e618a-d6a8-42ce-a2ca-bb311ccbbf20,Jamendo Track 282428,Jamendo Artist,2024,no,MTG-Jamendo,2026-08-26T07:44:26.764122
36e4a56c-77e1-44cc-b2bf-c4ca25a2c47c,Jamendo Track 106563,Jamendo Artist,2024,no,MTG-Jamendo,2026-08-26T07:44:26.764268
4be33c12-b567-4dde-88a6-24513bddb535,Jamendo Track 417474,Jamendo Artist,2024,no,MTG-Jamendo,2026-08-26T07:44:26.764394
264f47af-c721-42bd-81f2-b52bc41e7c75,Jamendo Track 5697,Jamendo Artist,2024,no,MTG-Jamendo,2026-08-26T07:44:26.764509
eba40201-0d75-4972-8a35-0a104b9c8c7c,Jamendo Track 419786,Jamendo Artist,2024,no,MTG-Jamendo,2026-08-26T07:44:26.764627
12e2f2e0-a461-4b0c-897c-203101e7115e,Jamendo Track 285636,Jamendo Artist,2024,no,MTG-Jamendo,2026-08-26T07:44:26.764763
40077152-0825-4c31-92ec-b9b1c7039cab,Jamendo Track 167762,Jamendo Artist,2024,no,MTG-Jamendo,2026-08-26T07:44:26.764873
128d0b5b-5dfd-4a33-be25-f7c6774b6fa9,Jamendo Track 180940,Jamendo Artist,2024,no,MTG-Jamendo,2026-08-26T07:44:26.764974
9bf4fb26-e373-4e1e-ae9b-feb93aeb7273,Jamendo Track 393968,Jamendo Artist,2024,no,MTG-Jamendo,2026-08-26T07:44:26.765070
07774675-9cef-44ee-901f-25cc4a75fe65,Jamendo Track 397829,Jamendo Artist,2024,no,MTG-Jamendo,2026-08-26T07:44:26.765201
0af7a31c-e44a-434d-8146-a5cc9953cfdf,Jamendo Track 455474,Jamendo Artist,2024,no,MTG-Jamendo,2026-08-26T07:44:26.765316
58143633-b6d4-4428-b381-e22fcec2c743,Jamendo Track 1079637,Jamendo Artist,2024,no,MTG-Jamendo,2026-08-26T07:44:26.765411
3c1ead14-8386-4581-91d9-b55e9d69f324,Jamendo Track 250972,Jamendo Artist,2024,no,MTG-Jamendo,2026-08-26T07:44:26.765515
49ef2073-6a8d-49d5-8ccd-86dcd3619722,Jamendo Track 356979,Jamendo Artist,2024,no,MTG-Jamendo,2026-08-26T07:44:26.765635
57ac2a4c-19ae-4b58-983b-de8829e59e15,Jamendo Track 395261,Jamendo Artist,2024,no,MTG-Jamendo,2026-08-26T07:44:26.765809
1cfac1b8-542d-4b42-824e-5202d4b2fa49,Jamendo Track 5339,Jamendo Artist,2024,no,MTG-Jamendo,2026-08-26T07:44:26.765924
4a1b69fe-c9f9-4b1f-8803-81b17f9ca414,Jamendo Track 172108,Jamendo Artist,2024,no,MTG-Jamendo,2026-08-26T07:44:26.766031
29ed648c-c226-430b-b607-ad202b3600bd,Jamendo Track 470551,Jamendo Artist,2024,no,MTG-Jamendo,2026-08-26T07:44:26.766130
d8fd8463-6317-44bb-93fd-4eabc63e56d5,Jamendo Track 1404967,Jamendo Artist,2024,no,MTG-Jamendo,2026-08-26T07:44:26.766263
8d1a52e5-e925-47e5-b0c8-d0c98943c471,Jamendo Track 187955,Jamendo Artist,2024,no,MTG-Jamendo,2026-08-26T07:44:26.766362
3426c3a4-6a65-485d-a7e9-4fb1d05615e4,Jamendo Track 275775,Jamendo Artist,2024,no,MTG-Jamendo,2026-08-26T07:44:26.766472
b367f8e1-2346-4a61-a16c-6a9a5f508b57,Jamendo Track 284264,Jamendo Artist,2024,no,MTG-Jamendo,2026-08-26T07:44:26.766578
0d756c7f-8875-40c8-a079-d555044c09dd,Jamendo Track 265240,Jamendo Artist,2024,no,MTG-Jamendo,2026-08-26T07:44:26.766689
58bcddd9-bb87-4a7d-ac31-4c849800f9b6,Jamendo Track 211829,Jamendo Artist,2024,no,MTG-Jamendo,2026-08-26T07:44:26.766800
28d4228b-7f14-4bf8-a6b3-a213599bb08f,Jamendo Track 397919,Jamendo Artist,2024,no,MTG-Jamendo,2026-08-26T07:44:26.766909
606497ac-f3c8-4381-9316-c16e65b07771,Jamendo Track 279477,Jamendo Artist,2024,no,MTG-Jamendo,2026-08-26T07:44:26.767023
976c7ed2-c976-4319-8c06-5d085f1a15b9,Jamendo Track 973729,Jamendo Artist,2024,no,MTG-Jamendo,2026-08-26T07:44:26.767146
5fe3e54b-deca-47c7-b9ca-79bc9613dfa5,Jamendo Track 1138808,Jamendo Artist,2024,no,MTG-Jamendo,2026-08-26T07:44:26.767300
05560575-ee2a-447a-8b35-cf853ec90d30,Jamendo Track 376283,Jamendo Artist,2024,no,MTG-Jamendo,2026-08-26T07:44:26.767417
590a739c-fe47-482c-9eaa-f260ed318f9b,Jamendo Track 345539,Jamendo Artist,2024,no,MTG-Jamendo,2026-08-26T07:44:26.767521
e2b8ce27-e2b2-44cc-a723-b60abf3b07c1,Jamendo Track 192785,Jamendo Artist,2024,no,MTG-Jamendo,2026-08-26T07:44:26.767618
744b203a-8c38-446a-b05e-a85e79f4d508,Jamendo Track 153568,Jamendo Artist,2024,no,MTG-Jamendo,2026-08-26T07:44:26.767716
2347d385-a8a8-4207-82d4-76c95e705154,Jamendo Track 42316,Jamendo Artist,2024,no,MTG-Jamendo,2026-08-26T07:44:26.767812
649b5f28-363d-4e93-b4f7-38df601a7a9f,Jamendo Track 187928,Jamendo Artist,2024,no,MTG-Jamendo,2026-08-26T07:44:26.767903
ecbc628f-d352-4d6d-8a9b-bcf775b08125,Jamendo Track 142200,Jamendo Artist,2024,no,MTG-Jamendo,2026-08-26T07:44:26.768008
1664f1c0-f1d8-4fbf-8b92-3f37f28804d1,Jamendo Track 1238886,Jamendo Artist,2024,no,MTG-Jamendo,2026-08-26T07:44:26.768113
ca3844e2-5fe2-48b9-89ec-e1e655ca3493,Jamendo Track 1069487,Jamendo Artist,2024,no,MTG-Jamendo,2026-08-26T07:44:26.768254
1839ceac-4afc-4488-b2eb-ea5a89379796,Jamendo Track 1371847,Jamendo Artist,2024,no,MTG-Jamendo,2026-08-26T07:44:26.768367
b888e087-c5cc-4ad7-b75f-cc6102613484,Jamendo Track 261120,Jamendo Artist,2024,no,MTG-Jamendo,2026-08-26T07:44:26.768480
a58da9aa-1756-480a-9d09-e49ea4cb05f7,Jamendo Track 431412,Jamendo Artist,2024,no,MTG-Jamendo,2026-08-26T07:44:26.768590
130c7cc6-1aee-472f-a54f-421874868b7a,Jamendo Track 199877,Jamendo Artist,2024,no,MTG-Jamendo,2026-08-26T07:44:26.768707
f126174c-1069-4f14-836c-8c5952f3d738,Jamendo Track 213223,Jamendo Artist,2024,no,MTG-Jamendo,2026-08-26T07:44:26.768822
acd00adc-82ec-4911-b769-c301e55045a5,Jamendo Track 558416,Jamendo Artist,2024,no,MTG-Jamendo,2026-08-26T07:44:26.768939
89439340-9db0-403f-8258-2cdaddfffca0,Jamendo Track 338022,Jamendo Artist,2024,no,MTG-Jamendo,2026-08-26T07:44:26.769054
c4d32aa5-7ba1-4ece-9d2f-4605f24e8571,Jamendo Track 934007,Jamendo Artist,2024,no,MTG-Jamendo,2026-08-26T07:44:26.769217
c762012e-a723-4676-ae93-574286241947,Jamendo Track 200160,Jamendo Artist,2024,no,MTG-Jamendo,2026-08-26T07:44:26.769342
ef3c5804-e06c-4130-9a9f-469b16946544,Jamendo Track 318508,Jamendo Artist,2024,no,MTG-Jamendo,2026-08-26T07:44:26.769473
7d9133c0-c8fd-488f-b463-28e2ddadfb42,Jamendo Track 20059,Jamendo Artist,2024,no,MTG-Jamendo,2026-08-26T07:44:26.769743
4ce081df-49e6-4ea9-aa7b-2a5d253e50df,Jamendo Track 149533,Jamendo Artist,2024,no,MTG-Jamendo,2026-08-26T07:44:26.769896
f2b68267-7de1-446d-b9a2-8d5c9a0d7bd6,Jamendo Track 167212,Jamendo Artist,2024,no,MTG-Jamendo,2026-08-26T07:44:26.770008
6ae2163f-4ef5-46c6-8be7-8184165695f5,Jamendo Track 1271444,Jamendo Artist,2024,no,MTG-Jamendo,2026-08-26T07:44:26.770115
17373ca0-fa6c-4576-8f01-3992118854ae,Jamendo Track 8455,Jamendo Artist,2024,no,MTG-Jamendo,2026-08-26T07:44:26.770258
bb42839e-1d98-4b5e-9fa2-996fce604ba3,Jamendo Track 1069482,Jamendo Artist,2024,no,MTG-Jamendo,2026-08-26T07:44:26.770382
7c1b592c-92e1-4eb8-8402-e19cef04cd60,Jamendo Track 456531,Jamendo Artist,2024,no,MTG-Jamendo,2026-08-26T07:44:26.770491
a65b825f-ade0-427a-be8c-03e62e38d009,Jamendo Track 475060,Jamendo Artist,2024,no,MTG-Jamendo,2026-08-26T07:44:26.770594
c9a6b17a-bc5a-40e2-ab4b-bb7e04e7ea4b,Jamendo Track 814942,Jamendo Artist,2024,no,MTG-Jamendo,2026-08-26T07:44:26.770800
81843818-0ec7-46df-bd20-4e2b58b8c357,Jamendo Track 693093,Jamendo Artist,2024,no,MTG-Jamendo,2026-08-26T07:44:26.770940
83d8d041-dd8d-4834-b8c9-5ac9b5622a6c,Jamendo Track 133242,Jamendo Artist,2024,no,MTG-Jamendo,2026-08-26T07:44:26.771058
232f8d64-6e8e-4433-ad3d-0a31746895f3,Jamendo Track 315322,Jamendo Artist,2024,no,MTG-Jamendo,2026-08-26T07:44:26.771238
a8c85ff7-777d-4c61-9377-84972ca09894,Jamendo Track 13015,Jamendo Artist,2024,no,MTG-Jamendo,2026-08-26T07:44:26.771358
9f7f3a15-55d6-4552-8d6b-5b26f9f4e4de,Jamendo Track 91941,Jamendo Artist,2024,no,MTG-Jamendo,2026-08-26T07:44:26.771459
f634e903-3afd-44c1-9386-40a152e45cd0,Jamendo Track 192704,Jamendo Artist,2024,no,MTG-Jamendo,2026-08-26T07:44:26.771575
0c806368-a277-4d4b-8f2c-525f3d401202,Jamendo Track 133103,Jamendo Artist,2024,no,MTG-Jamendo,2026-08-26T07:44:26.771693
ac70b3be-d8e3-4e25-a061-1119730f16f6,Jamendo Track 13294,Jamendo Artist,2024,no,MTG-Jamendo,2026-08-26T07:44:26.771798
3b582272-c75d-410e-98da-056cc6eda453,Jamendo Track 1043269,Jamendo Artist,2024,no,MTG-Jamendo,2026-08-26T07:44:26.771905
b682514e-e315-4b97-a65c-b8ff7699346a,Jamendo Track 760,Jamendo Artist,2024,no,MTG-Jamendo,2026-08-26T07:44:26.772011
cd94304c-43ad-443e-a91f-599b8bc5dd95,Jamendo Track 334665,Jamendo Artist,2024,no,MTG-Jamendo,2026-08-26T07:44:26.772122
c3d71cd6-26a8-46ea-8f0f-307f73a117f1,Jamendo Track 667640,Jamendo Artist,2024,no,MTG-Jamendo,2026-08-26T07:44:26.772266
c94a3495-8b53-4704-9214-36804a5c28e4,Jamendo Track 295879,Jamendo Artist,2024,no,MTG-Jamendo,2026-08-26T07:44:26.772387
ffc80601-01de-4977-8020-723f63c737b6,Jamendo Track 217692,Jamendo Artist,2024,no,MTG-Jamendo,2026-08-26T07:44:26.772495
f1f726e0-b926-4b83-803c-0049016c6f8c,Jamendo Track 68460,Jamendo Artist,2024,no,MTG-Jamendo,2026-08-26T07:44:26.772603
78514fd1-5529-45fd-aff9-c91ec59bee45,Jamendo Track 217652,Jamendo Artist,2024,no,MTG-Jamendo,2026-08-26T07:44:26.772714
dcc68564-0463-4595-a90d-bc7ab8db3f24,Jamendo Track 968027,Jamendo Artist,2024,no,MTG-Jamendo,2026-08-26T07:44:26.772823
2fe2a03e-8556-4701-aa5c-d670602e6350,Jamendo Track 392833,Jamendo Artist,2024,no,MTG-Jamendo,2026-08-26T07:44:26.772929
eaf1a882-e03d-47ed-af71-55894044c3c8,Jamendo Track 295898,Jamendo Artist,2024,no,MTG-Jamendo,2026-08-26T07:44:26.773048
664ab65c-93f7-4734-a7a1-ea8ac5fd3b2c,Jamendo Track 3936,Jamendo Artist,2024,no,MTG-Jamendo,2026-08-26T07:44:26.773201
e2c60774-6468-4a11-be54-c72e9684a5a8,Jamendo Track 1160627,Jamendo Artist,2024,no,MTG-Jamendo,2026-08-26T07:44:26.773320
a63cc72b-11d2-4dd3-ae4d-a3005eefb562,Jamendo Track 1302998,Jamendo Artist,2024,no,MTG-Jamendo,2026-08-26T07:44:26.773428
75ef378d-2ad5-407c-9c72-829ff3bf4f16,Jamendo Track 1054378,Jamendo Artist,2024,no,MTG-Jamendo,2026-08-26T07:44:26.773540
812de125-6d2a-40e2-9805-ed088491b073,Jamendo Track 341732,Jamendo Artist,2024,no,MTG-Jamendo,2026-08-26T07:44:26.773648
37030ec4-f5fa-47e8-a756-5eec5a35a7e5,Jamendo Track 182657,Jamendo Artist,2024,no,MTG-Jamendo,2026-08-26T07:44:26.773775
ae7f9404-a40b-45a0-8359-5f8970e88c40,Jamendo Track 1105214,Jamendo Artist,2024,no,MTG-Jamendo,2026-08-26T07:44:26.773894
a8ec1b49-b467-44b5-ba6d-4c14ba5ddbc1,Jamendo Track 454869,Jamendo Artist,2024,no,MTG-Jamendo,2026-08-26T07:44:26.773999
e61c7ffb-f267-4464-9730-d2bf91d27373,Jamendo Track 45559,Jamendo Artist,2024,no,MTG-Jamendo,2026-08-26T07:44:26.774095
834ee285-fc2a-4114-92d0-15f1d439f2de,Jamendo Track 419743,Jamendo Artist,2024,no,MTG-Jamendo,2026-08-26T07:44:26.774271
85c6611f-de75-40c5-9704-cd2150c6d28c,Jamendo Track 973733,Jamendo Artist,2024,no,MTG-Jamendo,2026-08-26T07:44:26.774375
6c13a055-9d9e-4c88-8fe9-caa525dbeec8,Jamendo Track 1251293,Jamendo Artist,2024,no,MTG-Jamendo,2026-08-26T07:44:26.774475
e1d0b923-68c9-4eb7-a0a3-dfe50469ad46,Jamendo Track 308497,Jamendo Artist,2024,no,MTG-Jamendo,2026-08-26T07:44:26.774570
77c2a912-b6cc-4d15-a5ba-622078224103,Jamendo Track 437792,Jamendo Artist,2024,no,MTG-Jamendo,2026-08-26T07:44:26.774678
8c0bb31d-4d77-4950-a98c-7fef7a22a896,Jamendo Track 10574,Jamendo Artist,2024,no,MTG-Jamendo,2026-08-26T07:44:26.774783
c90cd101-a679-488b-850f-589cd0ab161c,Jamendo Track 132935,Jamendo Artist,2024,no,MTG-Jamendo,2026-08-26T07:44:26.774883
28daf61b-083c-4381-bb7c-e6bce543bc2f,Jamendo Track 13282,Jamendo Artist,2024,no,MTG-Jamendo,2026-08-26T07:44:26.774976
91d75606-df1d-4a92-bc77-12e4dc06307e,Jamendo Track 465953,Jamendo Artist,2024,no,MTG-Jamendo,2026-08-26T07:44:26.775068
a85562e8-4c75-4963-a12e-7fa48d438c1e,Jamendo Track 429447,Jamendo Artist,2024,no,MTG-Jamendo,2026-08-26T07:44:26.775264
5c626abd-0d5b-464d-9021-bb42a8905446,Jamendo Track 192151,Jamendo Artist,2024,no,MTG-Jamendo,2026-08-26T07:44:26.775405
61a22865-b512-4ef7-80e4-3f6b5b4cc4e5,Jamendo Track 253236,Jamendo Artist,2024,no,MTG-Jamendo,2026-08-26T07:44:26.775517
85e561c9-3e7c-4db7-9110-22840950bc69,Jamendo Track 8459,Jamendo Artist,2024,no,MTG-Jamendo,2026-08-26T07:44:26.775623
5224a5c7-2405-447b-9ad4-9fb0d941ee14,Jamendo Track 176936,Jamendo Artist,2024,no,MTG-Jamendo,2026-08-26T07:44:26.775731
417ec8df-734c-4d24-88d5-1885c1dfbab7,Jamendo Track 10674,Jamendo Artist,2024,no,MTG-Jamendo,2026-08-26T07:44:26.775852
62782f42-53d7-4189-8758-b76d6da3c8f4,Jamendo Track 503996,Jamendo Artist,2024,no,MTG-Jamendo,2026-08-26T07:44:26.775964
e0300f16-72db-4e11-b913-7db1242bd08d,Jamendo Track 182513,Jamendo Artist,2024,no,MTG-Jamendo,2026-08-26T07:44:26.776079
b805fbde-c93b-453b-95fd-ad5d6cdc9a98,Jamendo Track 240748,Jamendo Artist,2024,no,MTG-Jamendo,2026-08-26T07:44:26.776217
00a67da3-e79e-4dca-89c1-5739f962486b,Jamendo Track 879137,Jamendo Artist,2024,no,MTG-Jamendo,2026-08-26T07:44:26.776336
9269a3df-1a08-402d-a255-2bc93db77b7f,Jamendo Track 386067,Jamendo Artist,2024,no,MTG-Jamendo,2026-08-26T07:44:26.776447
2bc55fb2-004e-4f94-b2cf-8a9baf0694ac,Jamendo Track 153595,Jamendo Artist,2024,no,MTG-Jamendo,2026-08-26T07:44:26.776555
afd16496-1042-4a28-8c25-d81b8d4682d9,Jamendo Track 48596,Jamendo Artist,2024,no,MTG-Jamendo,2026-08-26T07:44:26.776663
cec78ff0-b2d6-4c0a-9fbf-dac86e584bc4,Jamendo Track 429544,Jamendo Artist,2024,no,MTG-Jamendo,2026-08-26T07:44:26.776782
7ec4515f-3e5c-4d70-b1c3-99381226b594,Jamendo Track 182138,Jamendo Artist,2024,no,MTG-Jamendo,2026-08-26T07:44:26.776900
c6a35b5e-4e28-44cf-a75b-ab78a12145cd,Jamendo Track 16557,Jamendo Artist,2024,no,MTG-Jamendo,2026-08-26T07:44:26.777009
fb152fc7-fa77-4108-a010-8cff21fc7e12,Jamendo Track 879146,Jamendo Artist,2024,no,MTG-Jamendo,2026-08-26T07:44:26.777108
d31aef1d-0237-47a6-98cd-2e6d6eafc5ad,Jamendo Track 660456,Jamendo Artist,2024,no,MTG-Jamendo,2026-08-26T07:44:26.777249
4b1b88ca-78b8-4e03-836a-0e0149ed0d06,Jamendo Track 1138302,Jamendo Artist,2024,no,MTG-Jamendo,2026-08-26T07:44:26.777362
20b004d1-b33a-40f7-baea-ef89c172d451,Jamendo Track 1042059,Jamendo Artist,2024,no,MTG-Jamendo,2026-08-26T07:44:26.777474
b72db683-e6bf-4d6f-a829-96dfe118a504,Jamendo Track 240768,Jamendo Artist,2024,no,MTG-Jamendo,2026-08-26T07:44:26.777587
de02366a-a50c-47fa-a7ae-e33583409386,Jamendo Track 791686,Jamendo Artist,2024,no,MTG-Jamendo,2026-08-26T07:44:26.777702
253b5436-8058-46b8-8003-3d97b37b46ad,Jamendo Track 401451,Jamendo Artist,2024,no,MTG-Jamendo,2026-08-26T07:44:26.777821
6d07c740-db43-45aa-b435-1b8ba7e1007d,Jamendo Track 1109349,Jamendo Artist,2024,no,MTG-Jamendo,2026-08-26T07:44:26.777936
dd02dd29-761b-4487-a191-9cd65f4ecc0c,Jamendo Track 290969,Jamendo Artist,2024,no,MTG-Jamendo,2026-08-26T07:44:26.778043
94a54d31-5c58-4eaf-8a6a-70dc022a67e6,Jamendo Track 839319,Jamendo Artist,2024,no,MTG-Jamendo,2026-08-26T07:44:26.778212
1d87ad3b-835e-4e20-bb3d-89e29cfb5647,Jamendo Track 298872,Jamendo Artist,2024,no,MTG-Jamendo,2026-08-26T07:44:26.778328
3d4b577a-cdfe-4774-ab2e-e3d0ae1f096b,Jamendo Track 340491,Jamendo Artist,2024,no,MTG-Jamendo,2026-08-26T07:44:26.778427
272aeb6c-3e38-4013-a3d9-08ad8d3c1b6d,Jamendo Track 15117,Jamendo Artist,2024,no,MTG-Jamendo,2026-08-26T07:44:26.778521
918bfd80-3fdd-4080-8c8f-b3a36f481691,Jamendo Track 1355005,Jamendo Artist,2024,no,MTG-Jamendo,2026-08-26T07:44:26.778626
bcaf83fc-eeaf-4316-8984-eda2b4edf182,Jamendo Track 393242,Jamendo Artist,2024,no,MTG-Jamendo,2026-08-26T07:44:26.778737
022e61f3-97c8-43a4-9299-311c493d0c95,Jamendo Track 22895,Jamendo Artist,2024,no,MTG-Jamendo,2026-08-26T07:44:26.778834
3cc18d56-47f5-4e74-b58e-ea6f53cc085f,Jamendo Track 80407,Jamendo Artist,2024,no,MTG-Jamendo,2026-08-26T07:44:26.778931
1b7459fa-3c68-41e1-8a32-73a767f90fef,Jamendo Track 703356,Jamendo Artist,2024,no,MTG-Jamendo,2026-08-26T07:44:26.779023
2e0ae8cd-40be-4135-a9f9-30de7960f10a,Jamendo Track 141081,Jamendo Artist,2024,no,MTG-Jamendo,2026-08-26T07:44:26.779137
a2ec770b-3135-49bd-b793-5ebd55e1fffd,Jamendo Track 163223,Jamendo Artist,2024,no,MTG-Jamendo,2026-08-26T07:44:26.779283
34568305-6dcc-4dfd-884b-c5d92b728d99,Jamendo Track 260809,Jamendo Artist,2024,no,MTG-Jamendo,2026-08-26T07:44:26.779392
c918b8bb-fc77-4656-a603-3f9d35a11da7,Jamendo Track 24067,Jamendo Artist,2024,no,MTG-Jamendo,2026-08-26T07:44:26.779502
c40c0803-1531-41a9-917b-52cf01dda6bf,Jamendo Track 6148,Jamendo Artist,2024,no,MTG-Jamendo,2026-08-26T07:44:26.779607
33d8bfcf-0993-4efa-8ce8-b64dbe202f71,Jamendo Track 132842,Jamendo Artist,2024,no,MTG-Jamendo,2026-08-26T07:44:26.779724
748d670b-9122-4265-ad08-5ef2e02b3a57,Jamendo Track 284252,Jamendo Artist,2024,no,MTG-Jamendo,2026-08-26T07:44:26.779880
17caa1e2-d92b-4c26-8fb0-3fa95bc2dcc2,Jamendo Track 208191,Jamendo Artist,2024,no,MTG-Jamendo,2026-08-26T07:44:26.779995
d00c3370-a920-4a2e-bfb2-f0db1d461b43,Jamendo Track 301534,Jamendo Artist,2024,no,MTG-Jamendo,2026-08-26T07:44:26.780105
3652eba4-411b-4a45-93d5-d13905418381,Jamendo Track 454870,Jamendo Artist,2024,no,MTG-Jamendo,2026-08-26T07:44:26.780250
9d929ec5-8593-4dad-861d-615b7eaffca0,Jamendo Track 273185,Jamendo Artist,2024,no,MTG-Jamendo,2026-08-26T07:44:26.780372
0fbdcb12-db9b-4961-9ce1-8efb007e3e61,Jamendo Track 242131,Jamendo Artist,2024,no,MTG-Jamendo,2026-08-26T07:44:26.780502
45d54b71-e405-4ce6-8bbf-9393cc81b29b,Jamendo Track 273616,Jamendo Artist,2024,no,MTG-Jamendo,2026-08-26T07:44:26.780619
f927b51a-5385-4722-85e3-f30de50dd9d9,Jamendo Track 767427,Jamendo Artist,2024,no,MTG-Jamendo,2026-08-26T07:44:26.780739
091d4572-d53e-48d7-903f-cf3b183376a1,Jamendo Track 350549,Jamendo Artist,2024,no,MTG-Jamendo,2026-08-26T07:44:26.780837
e680a047-3f01-42ce-9070-7ed57dbc7153,Jamendo Track 173494,Jamendo Artist,2024,no,MTG-Jamendo,2026-08-26T07:44:26.780928
e027307e-a42c-4c3c-8a50-82ee81070e40,Jamendo Track 229028,Jamendo Artist,2024,no,MTG-Jamendo,2026-08-26T07:44:26.781019
e7075832-dc50-4eb6-9866-a1a278fbd39c,Jamendo Track 132153,Jamendo Artist,2024,no,MTG-Jamendo,2026-08-26T07:44:26.781110
207c5f58-5b43-4ad4-a611-4948bfcfd0e9,Jamendo Track 48067,Jamendo Artist,2024,no,MTG-Jamendo,2026-08-26T07:44:26.782302
b059a541-c549-4554-bb9a-4d534d72c4b4,Jamendo Track 337825,Jamendo Artist,2024,no,MTG-Jamendo,2026-08-26T07:44:26.782792
d6f1760f-6ffb-46bc-8654-17e27edf9fd1,Jamendo Track 133094,Jamendo Artist,2024,no,MTG-Jamendo,2026-08-26T07:44:26.783081
b10c1fac-359a-4766-a3c7-db70b424deb1,Jamendo Track 126075,Jamendo Artist,2024,no,MTG-Jamendo,2026-08-26T07:44:26.783364
0bd2ba56-7b5b-43c7-a629-bc3cdcb23b99,Jamendo Track 271094,Jamendo Artist,2024,no,MTG-Jamendo,2026-08-26T07:44:26.783541
380d0e8c-cac3-4f1c-b3a5-c1f755e1cd19,Jamendo Track 133256,Jamendo Artist,2024,no,MTG-Jamendo,2026-08-26T07:44:26.783705
0ce0e4e2-f735-4313-812a-30f54e1e7c78,Jamendo Track 204020,Jamendo Artist,2024,no,MTG-Jamendo,2026-08-26T07:44:26.783851
6edb483e-8602-49ee-ab5c-cf3e035231b4,Jamendo Track 2249,Jamendo Artist,2024,no,MTG-Jamendo,2026-08-26T07:44:26.783964
b1f3f472-0891-4394-82f2-96b0be9eca09,Jamendo Track 171914,Jamendo Artist,2024,no,MTG-Jamendo,2026-08-26T07:44:26.784061
7ed590bd-8787-41a2-bfd4-d05c9a1fdab6,Jamendo Track 1125768,Jamendo Artist,2024,no,MTG-Jamendo,2026-08-26T07:44:26.784191
095356bd-1402-4c0c-bba3-af81b33cb74b,Jamendo Track 218905,Jamendo Artist,2024,no,MTG-Jamendo,2026-08-26T07:44:26.784318
d985339f-5920-4057-9e3e-f3f1606ad26d,Jamendo Track 22892,Jamendo Artist,2024,no,MTG-Jamendo,2026-08-26T07:44:26.784422
046e5f95-1789-4376-a059-218243a21d6c,Jamendo Track 68467,Jamendo Artist,2024,no,MTG-Jamendo,2026-08-26T07:44:26.784520
42ddb24b-1695-4c7a-8cab-4ecd4a2d957c,Jamendo Track 242186,Jamendo Artist,2024,no,MTG-Jamendo,2026-08-26T07:44:26.784628
8b57cea9-a9e0-44fe-afc3-ed8a29e19174,Jamendo Track 45562,Jamendo Artist,2024,no,MTG-Jamendo,2026-08-26T07:44:26.784719
c452108e-8dca-4d26-adbc-d4ecf053965d,Jamendo Track 240437,Jamendo Artist,2024,no,MTG-Jamendo,2026-08-26T07:44:26.784823
7ca27fd0-e65e-41b4-af95-5a61c3e80be7,Jamendo Track 384190,Jamendo Artist,2024,no,MTG-Jamendo,2026-08-26T07:44:26.784947
f78fc771-5432-4eb0-805a-cd4a6214a229,Jamendo Track 208300,Jamendo Artist,2024,no,MTG-Jamendo,2026-08-26T07:44:26.785055
a45f3584-c7c1-4661-ac24-d5bb52a5ff08,Jamendo Track 219681,Jamendo Artist,2024,no,MTG-Jamendo,2026-08-26T07:44:26.785153
711549f1-70a5-4f38-9ced-b69d019dfe6f,Jamendo Track 48595,Jamendo Artist,2024,no,MTG-Jamendo,2026-08-26T07:44:26.785302
e06cfa26-f037-4c5c-b305-4fc8bf8fcd93,Jamendo Track 1271446,Jamendo Artist,2024,no,MTG-Jamendo,2026-08-26T07:44:26.785399
0acd62ee-8220-4c50-9fc1-551cb2067b37,Jamendo Track 31511,Jamendo Artist,2024,no,MTG-Jamendo,2026-08-26T07:44:26.785491
f0a4d099-06b1-4cf7-aeb0-57c24616b9ee,Jamendo Track 131262,Jamendo Artist,2024,no,MTG-Jamendo,2026-08-26T07:44:26.785581
e60a9eb2-c9f3-460f-bd7c-496775e9da46,Jamendo Track 224796,Jamendo Artist,2024,no,MTG-Jamendo,2026-08-26T07:44:26.785696
8ce87dca-703f-4df3-a524-486ae864666f,Jamendo Track 271085,Jamendo Artist,2024,no,MTG-Jamendo,2026-08-26T07:44:26.785811
d417371d-9a33-4870-84e3-e27af3a974ae,Jamendo Track 431444,Jamendo Artist,2024,no,MTG-Jamendo,2026-08-26T07:44:26.785909
e4f74471-9793-45f3-b139-f4c282d3a3c5,Jamendo Track 397093,Jamendo Artist,2024,no,MTG-Jamendo,2026-08-26T07:44:26.785993
437aaee8-2db2-4dc7-acfe-dcc2798526ee,Jamendo Track 102834,Jamendo Artist,2024,no,MTG-Jamendo,2026-08-26T07:44:26.786077
ddae9ce9-016c-43d3-8340-1d074fdfe5e8,Jamendo Track 204021,Jamendo Artist,2024,no,MTG-Jamendo,2026-08-26T07:44:26.786156
1a908b5d-5917-4147-b0c6-9aab0a1cc568,Jamendo Track 476922,Jamendo Artist,2024,no,MTG-Jamendo,2026-08-26T07:44:26.786296
ba72d502-5ee7-47d9-9d6f-914da0df3935,Jamendo Track 48066,Jamendo Artist,2024,no,MTG-Jamendo,2026-08-26T07:44:26.786406
b0d35afd-6cb8-4a4e-829c-75aba2d557ee,Jamendo Track 220929,Jamendo Artist,2024,no,MTG-Jamendo,2026-08-26T07:44:26.787428
fa76e4c0-b2d3-4140-8ef1-34ef37cd8cbe,Jamendo Track 8453,Jamendo Artist,2024,no,MTG-Jamendo,2026-08-26T07:44:26.787993
b69a7e85-5414-46d5-98e4-ba3d76f99864,Jamendo Track 1241870,Jamendo Artist,2024,no,MTG-Jamendo,2026-08-26T07:44:26.788371
cd10f9bc-2a94-4373-90ab-16dd27388d4d,Jamendo Track 791112,Jamendo Artist,2024,no,MTG-Jamendo,2026-08-26T07:44:26.788607
55f8ca92-90dd-47f5-8335-cf95e00ddf53,Jamendo Track 273392,Jamendo Artist,2024,no,MTG-Jamendo,2026-08-26T07:44:26.788767
b1f69af6-f585-4e3d-8be8-67b6b561f435,Jamendo Track 102859,Jamendo Artist,2024,no,MTG-Jamendo,2026-08-26T07:44:26.788935
fce65c39-1665-4d83-97d5-aa5c6ff4a875,Jamendo Track 22158,Jamendo Artist,2024,no,MTG-Jamendo,2026-08-26T07:44:26.789079
e4d2a870-d08c-4e0c-aa7e-acfc01bed5a8,Jamendo Track 1275973,Jamendo Artist,2024,no,MTG-Jamendo,2026-08-26T07:44:26.790254
f885414f-bcfc-4878-b6a9-494812c98bcc,Jamendo Track 16751,Jamendo Artist,2024,no,MTG-Jamendo,2026-08-26T07:44:26.790781
21ba865c-2deb-486c-b721-c5f8bb2b9281,Jamendo Track 288365,Jamendo Artist,2024,no,MTG-Jamendo,2026-08-26T07:44:26.791049
1b739e1d-b10d-4d8b-be11-c30b8626c6e0,Jamendo Track 1163923,Jamendo Artist,2024,no,MTG-Jamendo,2026-08-26T07:44:26.791566
e75cd4e8-4490-4700-8c4d-edea8b7d2073,Jamendo Track 291329,Jamendo Artist,2024,no,MTG-Jamendo,2026-08-26T07:44:26.791961
379594d8-097e-4d0a-9ae3-ad9345d66687,Jamendo Track 1374065,Jamendo Artist,2024,no,MTG-Jamendo,2026-08-26T07:44:26.792200
3c01d2e7-657a-40e5-bda7-b2c52ae2ce8c,Jamendo Track 242889,Jamendo Artist,2024,no,MTG-Jamendo,2026-08-26T07:44:26.792368
49994186-f092-41cb-97cb-d762a7313f66,Jamendo Track 220580,Jamendo Artist,2024,no,MTG-Jamendo,2026-08-26T07:44:26.792504
ca45e958-c9f7-4bc5-847e-e8116cf32b94,Jamendo Track 388232,Jamendo Artist,2024,no,MTG-Jamendo,2026-08-26T07:44:26.792650
765dd152-2ca2-4f91-b185-c206c050b8eb,Jamendo Track 33209,Jamendo Artist,2024,no,MTG-Jamendo,2026-08-26T07:44:26.792773
40c9cbed-2595-42d5-b978-bf3c83253b4a,Jamendo Track 400402,Jamendo Artist,2024,no,MTG-Jamendo,2026-08-26T07:44:26.792890
55deb4a5-478b-42bc-86f1-eaa90d95d818,Jamendo Track 233984,Jamendo Artist,2024,no,MTG-Jamendo,2026-08-26T07:44:26.793012
bbc57a7b-ceaf-4e87-971d-f3e3c47ef606,Jamendo Track 45093,Jamendo Artist,2024,no,MTG-Jamendo,2026-08-26T07:44:26.793130
610ea3ed-0020-40e8-b62b-fce68a4e6ab9,Jamendo Track 676336,Jamendo Artist,2024,no,MTG-Jamendo,2026-08-26T07:44:26.793275
e0e9a56b-76c6-4335-930e-1430170c45be,Jamendo Track 106548,Jamendo Artist,2024,no,MTG-Jamendo,2026-08-26T07:44:26.793400
3e27d245-ca65-4137-ad21-63ca24170271,Jamendo Track 1216559,Jamendo Artist,2024,no,MTG-Jamendo,2026-08-26T07:44:26.793504
bf09f669-ff2b-4f41-b9f7-0a69cd58f61b,Jamendo Track 78185,Jamendo Artist,2024,no,MTG-Jamendo,2026-08-26T07:44:26.793607
0e173d14-3560-43cc-a0a0-49f4b8c64920,Jamendo Track 82881,Jamendo Artist,2024,no,MTG-Jamendo,2026-08-26T07:44:26.793735
b777f9ef-ace2-491c-b395-9ac8adcdb17c,Jamendo Track 329516,Jamendo Artist,2024,no,MTG-Jamendo,2026-08-26T07:44:26.793835
88a9e6af-d77a-4ffc-831c-f412b64eb582,Jamendo Track 1367116,Jamendo Artist,2024,no,MTG-Jamendo,2026-08-26T07:44:26.793931
6000ae58-d12c-47cb-a274-c743141819b1,Jamendo Track 149128,Jamendo Artist,2024,no,MTG-Jamendo,2026-08-26T07:44:26.794037
782be134-c356-47a5-985b-95dd3d48f957,Jamendo Track 1119038,Jamendo Artist,2024,no,MTG-Jamendo,2026-08-26T07:44:26.794140
0ef258f1-b4ae-45bc-a5f0-4defc29fe420,Jamendo Track 191405,Jamendo Artist,2024,no,MTG-Jamendo,2026-08-26T07:44:26.794271
993bc1a2-10e8-47df-b4f9-c8db627ae226,Jamendo Track 208184,Jamendo Artist,2024,no,MTG-Jamendo,2026-08-26T07:44:26.794380
8d9e5ba7-d776-4190-abe8-2ec1a6d8fcb8,Jamendo Track 14343,Jamendo Artist,2024,no,MTG-Jamendo,2026-08-26T07:44:26.794489
3b170c9e-72b5-4609-8768-2b0c72a7b389,Jamendo Track 1086187,Jamendo Artist,2024,no,MTG-Jamendo,2026-08-26T07:44:26.794594
b72c632b-e264-42d0-8e96-5454e41d70f6,Jamendo Track 283117,Jamendo Artist,2024,no,MTG-Jamendo,2026-08-26T07:44:26.794703
8b75ad91-f44b-478f-96c4-5475f45a35f9,Jamendo Track 477081,Jamendo Artist,2024,no,MTG-Jamendo,2026-08-26T07:44:26.794819
fe4b5fc8-002d-421c-87ad-cc0f4c0bf895,Jamendo Track 249289,Jamendo Artist,2024,no,MTG-Jamendo,2026-08-26T07:44:26.794931
3f2eb0f0-f4df-4f42-9d85-7906ccbe2806,Jamendo Track 1129245,Jamendo Artist,2024,no,MTG-Jamendo,2026-08-26T07:44:26.795036
0a9df9c9-7fa3-4cee-a36a-a648a854eaae,Jamendo Track 168674,Jamendo Artist,2024,no,MTG-Jamendo,2026-08-26T07:44:26.795141
9676998a-82f7-4045-8576-0c507fd6028d,Jamendo Track 331589,Jamendo Artist,2024,no,MTG-Jamendo,2026-08-26T07:44:26.795274
500923cc-dcf8-4cd9-afea-b67b77676d50,Jamendo Track 180817,Jamendo Artist,2024,no,MTG-Jamendo,2026-08-26T07:44:26.795380
04642d48-9817-48ba-a3a7-6d14d04fe04c,Jamendo Track 220579,Jamendo Artist,2024,no,MTG-Jamendo,2026-08-26T07:44:26.795482
2a5dac17-2e51-44c3-a244-fd9b106acabf,Jamendo Track 226682,Jamendo Artist,2024,no,MTG-Jamendo,2026-08-26T07:44:26.795597
9edf2b09-4238-4fc4-95af-af1861c56223,Jamendo Track 3097,Jamendo Artist,2024,no,MTG-Jamendo,2026-08-26T07:44:26.795723
a1a078ff-bbed-4658-811a-feb6f1fbdb9c,Jamendo Track 199649,Jamendo Artist,2024,no,MTG-Jamendo,2026-08-26T07:44:26.795838
b92a7c83-661a-4c43-8b51-46b5fd07d569,Jamendo Track 275793,Jamendo Artist,2024,no,MTG-Jamendo,2026-08-26T07:44:26.795956
f9b4d801-f1bd-4fb2-bd3b-842831de2371,Jamendo Track 441945,Jamendo Artist,2024,no,MTG-Jamendo,2026-08-26T07:44:26.796072
9c59f9b8-2b0f-4a3b-8e40-4d17da374f86,Jamendo Track 172025,Jamendo Artist,2024,no,MTG-Jamendo,2026-08-26T07:44:26.796202
96230b4e-53a0-452a-9c97-fa628a2e1aee,Jamendo Track 6017,Jamendo Artist,2024,no,MTG-Jamendo,2026-08-26T07:44:26.796313
6b2c1eff-4176-4c4a-8c2a-68dc975fdfa0,Jamendo Track 395920,Jamendo Artist,2024,no,MTG-Jamendo,2026-08-26T07:44:26.796415
b2d44be8-629e-4ad5-aa4b-0bb8d85fc9d1,Jamendo Track 439180,Jamendo Artist,2024,no,MTG-Jamendo,2026-08-26T07:44:26.796526
1fac54da-c46a-498e-b4ce-4041913d2eb4,Jamendo Track 227479,Jamendo Artist,2024,no,MTG-Jamendo,2026-08-26T07:44:26.796645
2fc7a026-2bf9-41ae-8a6e-b4347418c8a2,Jamendo Track 1164278,Jamendo Artist,2024,no,MTG-Jamendo,2026-08-26T07:44:26.796754
bb4815c1-d60f-41a2-b73a-8a0fc8f52e0f,Jamendo Track 1386831,Jamendo Artist,2024,no,MTG-Jamendo,2026-08-26T07:44:26.796857
3654258a-cce8-4c32-b058-2c513f63c683,Jamendo Track 200175,Jamendo Artist,2024,no,MTG-Jamendo,2026-08-26T07:44:26.796964
8d8f330e-eb88-462c-8c88-810dd5384460,Jamendo Track 39558,Jamendo Artist,2024,no,MTG-Jamendo,2026-08-26T07:44:26.797062
5ac3c377-bd1c-412d-9fa4-c372ff040d68,Jamendo Track 134830,Jamendo Artist,2024,no,MTG-Jamendo,2026-08-26T07:44:26.797193
ab28388d-e6fe-41f9-b568-79489205f471,Jamendo Track 400400,Jamendo Artist,2024,no,MTG-Jamendo,2026-08-26T07:44:26.797311
89e9f873-3c2f-4bce-b7c3-5387bf578432,Jamendo Track 146431,Jamendo Artist,2024,no,MTG-Jamendo,2026-08-26T07:44:26.797424
b7fbdefe-bc2e-48ce-adbb-603e369baa5e,Jamendo Track 211984,Jamendo Artist,2024,no,MTG-Jamendo,2026-08-26T07:44:26.797539
821a78f4-723f-427a-9e24-59ac970b2eee,Jamendo Track 529017,Jamendo Artist,2024,no,MTG-Jamendo,2026-08-26T07:44:26.797667
0323395e-49b6-45d9-838d-693afb9e3397,Jamendo Track 273608,Jamendo Artist,2024,no,MTG-Jamendo,2026-08-26T07:44:26.797796
e8eb66cb-ebd2-43ce-a8b5-e6f5990153f3,Jamendo Track 1124801,Jamendo Artist,2024,no,MTG-Jamendo,2026-08-26T07:44:26.797911
57096653-98d9-4899-b758-9555086ff87d,Jamendo Track 6701,Jamendo Artist,2024,no,MTG-Jamendo,2026-08-26T07:44:26.798016
a505f05d-f4ee-4e54-91a5-a02a141d8a80,Jamendo Track 387116,Jamendo Artist,2024,no,MTG-Jamendo,2026-08-26T07:44:26.798120
bd65159a-0049-4b44-bfb7-43a8c05c2da7,Jamendo Track 239314,Jamendo Artist,2024,no,MTG-Jamendo,2026-08-26T07:44:26.798263
8248add8-fecc-4c73-b85b-c1233371965d,Jamendo Track 23108,Jamendo Artist,2024,no,MTG-Jamendo,2026-08-26T07:44:26.798381
20028f9b-6eee-4d65-b20e-14294cdeb340,Jamendo Track 284293,Jamendo Artist,2024,no,MTG-Jamendo,2026-08-26T07:44:26.798487
83fd551b-b1ed-4998-8481-8d717aebdfe1,Jamendo Track 360553,Jamendo Artist,2024,no,MTG-Jamendo,2026-08-26T07:44:26.798601
c4c75bcd-2ea9-4920-81d4-edbb1051190b,Jamendo Track 175044,Jamendo Artist,2024,no,MTG-Jamendo,2026-08-26T07:44:26.798720
3f2630bb-8604-47f9-a773-c6edd122ef36,Jamendo Track 621370,Jamendo Artist,2024,no,MTG-Jamendo,2026-08-26T07:44:26.798826
da759ba1-9155-4b55-b257-3f91ec11efdb,Jamendo Track 765,Jamendo Artist,2024,no,MTG-Jamendo,2026-08-26T07:44:26.798928
32974c1d-4422-41c4-aa92-a2cc53537350,Jamendo Track 446475,Jamendo Artist,2024,no,MTG-Jamendo,2026-08-26T07:44:26.799104
cdce5f07-bc1e-4b0c-b3f9-5b557375e601,Jamendo Track 1109358,Jamendo Artist,2024,no,MTG-Jamendo,2026-08-26T07:44:26.799408
a08aac89-b503-41ec-8ce0-daa6ad4311bd,Jamendo Track 7546,Jamendo Artist,2024,no,MTG-Jamendo,2026-08-26T07:44:26.799551
5cc067aa-f286-40f0-88d5-ecf296360752,Jamendo Track 200170,Jamendo Artist,2024,no,MTG-Jamendo,2026-08-26T07:44:26.799676
282f9ea2-3cb4-48f5-91e3-1e20992f619e,Jamendo Track 10571,Jamendo Artist,2024,no,MTG-Jamendo,2026-08-26T07:44:26.799791
cdb6cb31-dbff-4169-ad0a-c5add817455a,Jamendo Track 111957,Jamendo Artist,2024,no,MTG-Jamendo,2026-08-26T07:44:26.799899
96940aba-7963-49d3-a596-052ea2fb67ef,Jamendo Track 1375179,Jamendo Artist,2024,no,MTG-Jamendo,2026-08-26T07:44:26.800002
e3bfe591-62cf-4e2e-968f-a2d6904f8167,Jamendo Track 239372,Jamendo Artist,2024,no,MTG-Jamendo,2026-08-26T07:44:26.800106
084a406e-a695-412e-88ef-88741345629a,Jamendo Track 814945,Jamendo Artist,2024,no,MTG-Jamendo,2026-08-26T07:44:26.800231
6c7efb53-ec5a-4771-ba01-11348efa53e1,Jamendo Track 261113,Jamendo Artist,2024,no,MTG-Jamendo,2026-08-26T07:44:26.800350
9c8af8ee-728d-45dc-b8dd-be66c71711f5,Jamendo Track 1182022,Jamendo Artist,2024,no,MTG-Jamendo,2026-08-26T07:44:26.800460
e80ba406-39d4-4223-8fe7-3a5ea542c86f,Jamendo Track 160067,Jamendo Artist,2024,no,MTG-Jamendo,2026-08-26T07:44:26.800566
5fb62ad5-7ec7-4abb-93d9-28b28d4bdda2,Jamendo Track 394064,Jamendo Artist,2024,no,MTG-Jamendo,2026-08-26T07:44:26.800695
40d4f72f-7095-45ca-a6d9-346c29ff28f8,Jamendo Track 490893,Jamendo Artist,2024,no,MTG-Jamendo,2026-08-26T07:44:26.800795
d85ff6ec-c3ed-4c12-a752-8241f5803471,Jamendo Track 381177,Jamendo Artist,2024,no,MTG-Jamendo,2026-08-26T07:44:26.800881
201a2135-d674-48c6-b208-614b5d20f68d,Jamendo Track 146320,Jamendo Artist,2024,no,MTG-Jamendo,2026-08-26T07:44:26.800967
8e98287a-bd13-4319-b561-8ed07988c32c,Jamendo Track 40161,Jamendo Artist,2024,no,MTG-Jamendo,2026-08-26T07:44:26.801050
5a2e226a-60dc-4378-997d-f7ae1d2b600b,Jamendo Track 181606,Jamendo Artist,2024,no,MTG-Jamendo,2026-08-26T07:44:26.801155
5978a8c2-1eda-4738-bf6c-7c9d5879c6ff,Jamendo Track 312426,Jamendo Artist,2024,no,MTG-Jamendo,2026-08-26T07:44:26.801287
5ad6dcf1-00ce-4aef-8f7b-9386c925ad83,Jamendo Track 236259,Jamendo Artist,2024,no,MTG-Jamendo,2026-08-26T07:44:26.801371
2c4a0bfe-613b-45ca-8324-722e31d4596b,Jamendo Track 245173,Jamendo Artist,2024,no,MTG-Jamendo,2026-08-26T07:44:26.801453
a8279d52-fe40-4728-a3b5-7e4158ffe921,Jamendo Track 401457,Jamendo Artist,2024,no,MTG-Jamendo,2026-08-26T07:44:26.801534
3d1309b1-e2f6-4af6-bc2d-6f1a5fc29db0,Jamendo Track 181851,Jamendo Artist,2024,no,MTG-Jamendo,2026-08-26T07:44:26.801613
895a285f-092e-4918-99e8-b17d0c958d21,Jamendo Track 24749,Jamendo Artist,2024,no,MTG-Jamendo,2026-08-26T07:44:26.802147
c7b976e3-c6eb-45f6-9259-05975c7bbf82,Jamendo Track 30231,Jamendo Artist,2024,no,MTG-Jamendo,2026-08-26T07:44:26.802484
825ac661-5a58-40af-9688-b819fb2ad87f,Jamendo Track 192786,Jamendo Artist,2024,no,MTG-Jamendo,2026-08-26T07:44:26.802653
ee28c895-e08c-46ef-8ccc-e859f03800ba,Jamendo Track 382395,Jamendo Artist,2024,no,MTG-Jamendo,2026-08-26T07:44:26.802792
97658be1-6e85-4f6d-a79a-3962538da609,Jamendo Track 199623,Jamendo Artist,2024,no,MTG-Jamendo,2026-08-26T07:44:26.802888
ae662052-d241-4b6b-b81f-5cbb3f8e3be6,Jamendo Track 316547,Jamendo Artist,2024,no,MTG-Jamendo,2026-08-26T07:44:26.802993
afb0b4ca-9160-488b-b94e-bb8a32cc237a,Jamendo Track 381164,Jamendo Artist,2024,no,MTG-Jamendo,2026-08-26T07:44:26.803101
8f68856f-118c-4ffe-9541-05138fd10b99,Jamendo Track 285434,Jamendo Artist,2024,no,MTG-Jamendo,2026-08-26T07:44:26.803239
4e279412-5d79-4092-96e1-892655f8aeb2,Jamendo Track 199334,Jamendo Artist,2024,no,MTG-Jamendo,2026-08-26T07:44:26.803336
7862317d-33f0-41b2-b4c3-a19e641090dc,Jamendo Track 340073,Jamendo Artist,2024,no,MTG-Jamendo,2026-08-26T07:44:26.803432
754316b1-8188-4ec0-b993-305a48dea9cc,Jamendo Track 446473,Jamendo Artist,2024,no,MTG-Jamendo,2026-08-26T07:44:26.803544
b643b161-ee01-4a12-ad40-c9e143e7ce73,Jamendo Track 215759,Jamendo Artist,2024,no,MTG-Jamendo,2026-08-26T07:44:26.803659
b7499be5-2455-4e01-bc39-09ca84cdc6c9,Jamendo Track 370673,Jamendo Artist,2024,no,MTG-Jamendo,2026-08-26T07:44:26.803785
190b4c6b-2090-47fd-837c-68341cc43a8c,Jamendo Track 1421464,Jamendo Artist,2024,no,MTG-Jamendo,2026-08-26T07:44:26.803891
7148913b-b89e-4382-a268-7b6d5fa083e3,Jamendo Track 45095,Jamendo Artist,2024,no,MTG-Jamendo,2026-08-26T07:44:26.803996
53339277-2e0f-4bb4-836a-3f8fcc3133e1,Jamendo Track 401455,Jamendo Artist,2024,no,MTG-Jamendo,2026-08-26T07:44:26.804100
af7db1da-2fe4-49ae-a0f0-0e89665f707a,Jamendo Track 208841,Jamendo Artist,2024,no,MTG-Jamendo,2026-08-26T07:44:26.804226
fc97b257-8721-4867-9606-1cc27cca518d,Jamendo Track 168644,Jamendo Artist,2024,no,MTG-Jamendo,2026-08-26T07:44:26.804345
42f5ea62-ce41-4f62-b1e0-da512759a162,Jamendo Track 6698,Jamendo Artist,2024,no,MTG-Jamendo,2026-08-26T07:44:26.804461
3883ad27-1d3c-4be5-8ba0-12e98c0703b0,Jamendo Track 13290,Jamendo Artist,2024,no,MTG-Jamendo,2026-08-26T07:44:26.804571
19300348-c5ed-4067-9dda-b2507a19aa29,Jamendo Track 229487,Jamendo Artist,2024,no,MTG-Jamendo,2026-08-26T07:44:26.804685
ca557533-8b0a-478c-95d4-e035b42f75a1,Jamendo Track 181805,Jamendo Artist,2024,no,MTG-Jamendo,2026-08-26T07:44:26.804789
45ac95bf-4b93-4313-b726-9764dabc13c7,Jamendo Track 145992,Jamendo Artist,2024,no,MTG-Jamendo,2026-08-26T07:44:26.804888
5947f26f-644d-4659-9181-16193fdb8ba3,Jamendo Track 1420800,Jamendo Artist,2024,no,MTG-Jamendo,2026-08-26T07:44:26.804995
da076d7b-7724-4d0a-94f3-c9ebf1b64f3a,Jamendo Track 342493,Jamendo Artist,2024,no,MTG-Jamendo,2026-08-26T07:44:26.805104
b7e41985-23b0-4d15-a16c-56efc4d5113d,Jamendo Track 44420,Jamendo Artist,2024,no,MTG-Jamendo,2026-08-26T07:44:26.805767
9adc3ea5-ec3e-409e-bdbf-bceefa80e68e,Jamendo Track 383978,Jamendo Artist,2024,no,MTG-Jamendo,2026-08-26T07:44:26.805921
ed299741-148b-4799-b645-21ee25614bd5,Jamendo Track 153607,Jamendo Artist,2024,no,MTG-Jamendo,2026-08-26T07:44:26.806030
3daf99f4-d42d-4e81-ab75-5d41352e1fe0,Jamendo Track 213184,Jamendo Artist,2024,no,MTG-Jamendo,2026-08-26T07:44:26.806132
9b314c6a-244c-410b-ad21-6ff894fbd039,Jamendo Track 508978,Jamendo Artist,2024,no,MTG-Jamendo,2026-08-26T07:44:26.806268
91e424c1-891b-458b-b4fc-53fcb1b65752,Jamendo Track 285659,Jamendo Artist,2024,no,MTG-Jamendo,2026-08-26T07:44:26.806369
bafd614c-22b4-4e51-9142-57933ae08f77,Jamendo Track 454896,Jamendo Artist,2024,no,MTG-Jamendo,2026-08-26T07:44:26.806461
03bb7b1b-3dd5-4838-b89e-7d31813a3592,Jamendo Track 443374,Jamendo Artist,2024,no,MTG-Jamendo,2026-08-26T07:44:26.806551
45549f6a-1120-4dbd-a0a6-45aadb2347fb,Jamendo Track 278938,Jamendo Artist,2024,no,MTG-Jamendo,2026-08-26T07:44:26.806642
ee168ae9-6b1c-44e8-b91c-67e671d86fac,Jamendo Track 126078,Jamendo Artist,2024,no,MTG-Jamendo,2026-08-26T07:44:26.806747
d5cf2ff6-aa6d-4041-a042-22357e93d50c,Jamendo Track 114664,Jamendo Artist,2024,no,MTG-Jamendo,2026-08-26T07:44:26.806836
918a92f2-ef65-4247-8e1f-81a206db035e,Jamendo Track 190869,Jamendo Artist,2024,no,MTG-Jamendo,2026-08-26T07:44:26.806949
b38c616a-ea49-4fe9-ac44-cf82645b01ed,Jamendo Track 229049,Jamendo Artist,2024,no,MTG-Jamendo,2026-08-26T07:44:26.807070
cf029c0c-dec3-478d-91cd-c4ff8c2ff42d,Jamendo Track 273617,Jamendo Artist,2024,no,MTG-Jamendo,2026-08-26T07:44:26.807293
e93a8dff-e993-4a02-9029-bd0a0fbd4f57,Jamendo Track 48064,Jamendo Artist,2024,no,MTG-Jamendo,2026-08-26T07:44:26.807430
86df6c8a-f8da-4e53-ab23-3c4a7b9987f7,Jamendo Track 508920,Jamendo Artist,2024,no,MTG-Jamendo,2026-08-26T07:44:26.807535
cf74d019-6561-499e-9a8b-f706a4b895c3,Jamendo Track 269979,Jamendo Artist,2024,no,MTG-Jamendo,2026-08-26T07:44:26.807639
0e6b059d-0fdc-4a66-ba43-e85872e2acdd,Jamendo Track 82879,Jamendo Artist,2024,no,MTG-Jamendo,2026-08-26T07:44:26.807759
a02c8400-217d-407b-a16c-aeb9c3463f0b,Jamendo Track 199254,Jamendo Artist,2024,no,MTG-Jamendo,2026-08-26T07:44:26.807864
df488a0a-ce72-4e5a-96ba-a6a8477ece13,Jamendo Track 17941,Jamendo Artist,2024,no,MTG-Jamendo,2026-08-26T07:44:26.807981
f076c6c5-6654-4d51-a14b-e9b794b07eeb,Jamendo Track 176548,Jamendo Artist,2024,no,MTG-Jamendo,2026-08-26T07:44:26.808085
00408cf1-ed67-4499-a327-c47ea0a325c3,Jamendo Track 781633,Jamendo Artist,2024,no,MTG-Jamendo,2026-08-26T07:44:26.808216
3003d681-ac85-4470-9cca-c7588c7d1be0,Jamendo Track 123505,Jamendo Artist,2024,no,MTG-Jamendo,2026-08-26T07:44:26.808332
895905fc-2e48-46ff-9715-804c27d27271,Jamendo Track 1169133,Jamendo Artist,2024,no,MTG-Jamendo,2026-08-26T07:44:26.808431
02fe53a2-1a58-45ab-9a41-1f7037071806,Jamendo Track 443977,Jamendo Artist,2024,no,MTG-Jamendo,2026-08-26T07:44:26.808534
f891150d-1578-4fd8-b5c8-e362cfca6a73,Jamendo Track 431490,Jamendo Artist,2024,no,MTG-Jamendo,2026-08-26T07:44:26.808658
7cd05681-1908-4fcb-a7f9-9be27959713d,Jamendo Track 72961,Jamendo Artist,2024,no,MTG-Jamendo,2026-08-26T07:44:26.808788
21a0ab1b-75ac-4b7e-b764-5a3735f3b534,Jamendo Track 261117,Jamendo Artist,2024,no,MTG-Jamendo,2026-08-26T07:44:26.808892
398cf788-1b30-4956-a795-1d699d0a76b8,Jamendo Track 379712,Jamendo Artist,2024,no,MTG-Jamendo,2026-08-26T07:44:26.808976
11ebf25b-434f-4ea1-a7f0-ad543449f9de,Jamendo Track 6736,Jamendo Artist,2024,no,MTG-Jamendo,2026-08-26T07:44:26.809054
946c8a09-0f94-4e1e-a4ec-494c5e084763,Jamendo Track 1182036,Jamendo Artist,2024,no,MTG-Jamendo,2026-08-26T07:44:26.809132
d2a550a0-e7ab-492e-ac2d-6c99e5e6833e,Jamendo Track 558418,Jamendo Artist,2024,no,MTG-Jamendo,2026-08-26T07:44:26.809238
bf0b95b0-f461-4292-8d1b-d74379b5a0c6,Jamendo Track 471393,Jamendo Artist,2024,no,MTG-Jamendo,2026-08-26T07:44:26.809319
f5912ad5-a8a7-4460-b387-3f837ec0e679,Jamendo Track 10563,Jamendo Artist,2024,no,MTG-Jamendo,2026-08-26T07:44:26.809394
dd58fac4-3b1a-4941-8b64-2d93d818bb03,Jamendo Track 153608,Jamendo Artist,2024,no,MTG-Jamendo,2026-08-26T07:44:26.809468
c5131b97-5d4e-434c-b10a-c46d1397fb43,Jamendo Track 81916,Jamendo Artist,2024,no,MTG-Jamendo,2026-08-26T07:44:26.809543
d5f380cd-5b88-49fd-bdf1-0f9c9f14d5a1,Jamendo Track 287503,Jamendo Artist,2024,no,MTG-Jamendo,2026-08-26T07:44:26.809619
3bc73068-1c2b-41d2-bd51-56def09c8f25,Jamendo Track 256508,Jamendo Artist,2024,no,MTG-Jamendo,2026-08-26T07:44:26.809707
f7291c67-e1c4-403f-8535-1a153f477763,Jamendo Track 966303,Jamendo Artist,2024,no,MTG-Jamendo,2026-08-26T07:44:26.809786
93acf750-611d-428a-9412-15769276b509,Jamendo Track 775770,Jamendo Artist,2024,no,MTG-Jamendo,2026-08-26T07:44:26.809872
f06051e5-5676-438e-abcb-2f49c94ab026,Jamendo Track 362054,Jamendo Artist,2024,no,MTG-Jamendo,2026-08-26T07:44:26.809950
604e46e8-323e-4ba4-9f08-1213fc57ee74,Jamendo Track 212074,Jamendo Artist,2024,no,MTG-Jamendo,2026-08-26T07:44:26.810027
d717e782-2802-488b-a265-4b1987bb502c,Jamendo Track 470547,Jamendo Artist,2024,no,MTG-Jamendo,2026-08-26T07:44:26.810186
fcebb22e-7210-4bed-b819-52bd2ffa7b06,Jamendo Track 492107,Jamendo Artist,2024,no,MTG-Jamendo,2026-08-26T07:44:26.810327
9dbb3640-0d14-4a95-96ea-e9649c93e92f,Jamendo Track 465950,Jamendo Artist,2024,no,MTG-Jamendo,2026-08-26T07:44:26.810430
e925ae77-abfd-4af3-ac8e-f03e97abfd01,Jamendo Track 967149,Jamendo Artist,2024,no,MTG-Jamendo,2026-08-26T07:44:26.810529
3443ebab-2e9b-4f04-85ff-77f75b859fcd,Jamendo Track 160071,Jamendo Artist,2024,no,MTG-Jamendo,2026-08-26T07:44:26.810633
28e83373-0a51-4882-8246-043315361571,Jamendo Track 313068,Jamendo Artist,2024,no,MTG-Jamendo,2026-08-26T07:44:26.810755
0079d560-1ffa-45a2-8ca1-994cd0f80536,Jamendo Track 10573,Jamendo Artist,2024,no,MTG-Jamendo,2026-08-26T07:44:26.810855
f260e59d-7691-4ddc-8b82-bdc5f488cabc,Jamendo Track 1057890,Jamendo Artist,2024,no,MTG-Jamendo,2026-08-26T07:44:26.810960
fc0540a1-4ec5-442d-930b-8a8caee50df9,Jamendo Track 1420793,Jamendo Artist,2024,no,MTG-Jamendo,2026-08-26T07:44:26.811061
a504bac8-e850-45e5-8282-658d88714a72,Jamendo Track 1081411,Jamendo Artist,2024,no,MTG-Jamendo,2026-08-26T07:44:26.811536
08d41417-622c-425b-8dfd-27ae4313a302,Jamendo Track 287766,Jamendo Artist,2024,no,MTG-Jamendo,2026-08-26T07:44:26.811798
1fd6a1f4-1827-4b21-a30f-4e5b90869452,Jamendo Track 297184,Jamendo Artist,2024,no,MTG-Jamendo,2026-08-26T07:44:26.811967
21aac6cc-7077-4f11-87d5-87451f575577,Jamendo Track 568192,Jamendo Artist,2024,no,MTG-Jamendo,2026-08-26T07:44:26.812102
00fcfcd0-d287-4466-99c6-175cffe96c22,Jamendo Track 1352637,Jamendo Artist,2024,no,MTG-Jamendo,2026-08-26T07:44:26.812279
ef8ef0f4-66b3-4487-a520-92725893bcb1,Jamendo Track 190670,Jamendo Artist,2024,no,MTG-Jamendo,2026-08-26T07:44:26.812409
523e9ed6-2c54-4c0b-ac4e-fcf959c7611b,Jamendo Track 321231,Jamendo Artist,2024,no,MTG-Jamendo,2026-08-26T07:44:26.813011
222edc50-e6a5-4d74-b8b6-320a893040e2,Jamendo Track 317772,Jamendo Artist,2024,no,MTG-Jamendo,2026-08-26T07:44:26.813215
be0c914b-eeda-40de-9838-c71efe6d1289,Jamendo Track 450311,Jamendo Artist,2024,no,MTG-Jamendo,2026-08-26T07:44:26.813335
26e208b3-8c6e-464d-88a5-c1f02555950c,Jamendo Track 470557,Jamendo Artist,2024,no,MTG-Jamendo,2026-08-26T07:44:26.813442
3213b8e0-d74c-46dc-9e04-f2f75ad68cf1,Jamendo Track 1241867,Jamendo Artist,2024,no,MTG-Jamendo,2026-08-26T07:44:26.813559
7138651c-3063-4c65-a3d8-bcbfeb924d73,Jamendo Track 137429,Jamendo Artist,2024,no,MTG-Jamendo,2026-08-26T07:44:26.813674
2d567bd7-a05c-4081-86a6-ecb828345f77,Jamendo Track 36325,Jamendo Artist,2024,no,MTG-Jamendo,2026-08-26T07:44:26.813793
fd5cc448-00da-451d-b10d-fd8509e5cada,Jamendo Track 644062,Jamendo Artist,2024,no,MTG-Jamendo,2026-08-26T07:44:26.813993
bac2a71e-3f23-4478-8320-ad7756051256,Jamendo Track 379710,Jamendo Artist,2024,no,MTG-Jamendo,2026-08-26T07:44:26.814137
d005ac43-cc22-4f96-ade1-46968c065bdc,Jamendo Track 1108,Jamendo Artist,2024,no,MTG-Jamendo,2026-08-26T07:44:26.814268
8ffae091-88f9-4986-8889-7f4771d7e764,Jamendo Track 167484,Jamendo Artist,2024,no,MTG-Jamendo,2026-08-26T07:44:26.814375
bfff6417-928f-4e12-9573-978648f47898,Jamendo Track 743967,Jamendo Artist,2024,no,MTG-Jamendo,2026-08-26T07:44:26.814476
44829005-d9d0-4bb3-96fb-8da9ab7f1db4,Jamendo Track 147206,Jamendo Artist,2024,no,MTG-Jamendo,2026-08-26T07:44:26.814572
aec80eb6-f8f3-440c-8ab5-e1aa6b852562,Jamendo Track 240941,Jamendo Artist,2024,no,MTG-Jamendo,2026-08-26T07:44:26.814667
559ca8f2-73d1-46f7-8980-4da618841180,Jamendo Track 144383,Jamendo Artist,2024,no,MTG-Jamendo,2026-08-26T07:44:26.814838
e6d53565-9c4d-42e3-85e3-e21480e53cfe,Jamendo Track 767511,Jamendo Artist,2024,no,MTG-Jamendo,2026-08-26T07:44:26.814954
73451169-2613-4451-ae3c-bd04a363d444,Jamendo Track 165326,Jamendo Artist,2024,no,MTG-Jamendo,2026-08-26T07:44:26.815223
419e2805-7304-4f35-b120-8e8942119b09,Jamendo Track 307928,Jamendo Artist,2024,no,MTG-Jamendo,2026-08-26T07:44:26.815345
082a6dd1-95ac-4a87-b6bd-a25c1f7e6f23,Jamendo Track 48587,Jamendo Artist,2024,no,MTG-Jamendo,2026-08-26T07:44:26.815444
886c8e4c-994d-431e-bcab-82d72d6a079a,Jamendo Track 16833,Jamendo Artist,2024,no,MTG-Jamendo,2026-08-26T07:44:26.815540
61124c36-3467-42ce-9f25-7286ad6d3914,Jamendo Track 20586,Jamendo Artist,2024,no,MTG-Jamendo,2026-08-26T07:44:26.815639
57d1eb40-5c34-464d-a89c-09ea899dd7bb,Jamendo Track 76751,Jamendo Artist,2024,no,MTG-Jamendo,2026-08-26T07:44:26.815739
82da01a6-f59b-403f-97a6-52e1a6f5d1e5,Jamendo Track 248052,Jamendo Artist,2024,no,MTG-Jamendo,2026-08-26T07:44:26.815835
3e71d27f-7204-4589-9623-9de0af785bd5,Jamendo Track 660436,Jamendo Artist,2024,no,MTG-Jamendo,2026-08-26T07:44:26.815931
04f20ea1-3b3b-4a4d-b7d1-4391f04b5f29,Jamendo Track 660451,Jamendo Artist,2024,no,MTG-Jamendo,2026-08-26T07:44:26.816024
ef967cae-4762-41ee-8004-09cc15bbc9a5,Jamendo Track 240530,Jamendo Artist,2024,no,MTG-Jamendo,2026-08-26T07:44:26.816103
45578e1f-6222-4b61-b302-2fc3b6360680,Jamendo Track 465944,Jamendo Artist,2024,no,MTG-Jamendo,2026-08-26T07:44:26.816219
79569576-9dbe-4ad9-bd8a-dbd1a22b4f54,Jamendo Track 192075,Jamendo Artist,2024,no,MTG-Jamendo,2026-08-26T07:44:26.816304
d503cf5b-a10c-4a6f-ad5e-14c31296fe29,Jamendo Track 452585,Jamendo Artist,2024,no,MTG-Jamendo,2026-08-26T07:44:26.816382
7371ff6c-48ce-439a-868e-8bb6c07b6d0f,Jamendo Track 191217,Jamendo Artist,2024,no,MTG-Jamendo,2026-08-26T07:44:26.816457
8a4e1adb-b23c-42ab-acad-0b62b317d8b9,Jamendo Track 7543,Jamendo Artist,2024,no,MTG-Jamendo,2026-08-26T07:44:26.816533
77cef4db-6642-4a73-a7d7-c647d17a16ea,Jamendo Track 322083,Jamendo Artist,2024,no,MTG-Jamendo,2026-08-26T07:44:26.816618
6ba433c4-b7d3-4287-b467-e6111b928dbd,Jamendo Track 1397900,Jamendo Artist,2024,no,MTG-Jamendo,2026-08-26T07:44:26.816701
09558620-3eaf-49a7-9806-0e945eed1e84,Jamendo Track 170523,Jamendo Artist,2024,no,MTG-Jamendo,2026-08-26T07:44:26.816785
bd96db91-a8e5-4096-9711-b39de27a2155,Jamendo Track 40162,Jamendo Artist,2024,no,MTG-Jamendo,2026-08-26T07:44:26.816859
def7f2fa-5656-444b-aed7-e202cdd1e9f4,Jamendo Track 1397896,Jamendo Artist,2024,no,MTG-Jamendo,2026-08-26T07:44:26.816938
1fdcf626-55ab-4370-b0b1-2bb6308e223b,Jamendo Track 1393668,Jamendo Artist,2024,no,MTG-Jamendo,2026-08-26T07:44:26.817014
e1ec808c-1861-4f97-aad5-bb8138c259ac,Jamendo Track 3935,Jamendo Artist,2024,no,MTG-Jamendo,2026-08-26T07:44:26.817087
b9f3a8d3-89e6-4a78-ade7-d40b4dbb6cf2,Jamendo Track 508156,Jamendo Artist,2024,no,MTG-Jamendo,2026-08-26T07:44:26.817235
dfc3700f-4325-4ed9-b2dd-682bbf595d6e,Jamendo Track 165070,Jamendo Artist,2024,no,MTG-Jamendo,2026-08-26T07:44:26.817339
ed39ef48-212c-435f-9bbe-9e67ba6571c4,Jamendo Track 387111,Jamendo Artist,2024,no,MTG-Jamendo,2026-08-26T07:44:26.817426
7cc248f3-e187-4838-8e30-dfdce2016eb4,Jamendo Track 492232,Jamendo Artist,2024,no,MTG-Jamendo,2026-08-26T07:44:26.817501
acccfbd0-d7f5-4cb4-a54c-f475b892752c,Jamendo Track 492099,Jamendo Artist,2024,no,MTG-Jamendo,2026-08-26T07:44:26.817572
588b82ed-6557-4a26-9d1c-e6e142083ee0,Jamendo Track 454898,Jamendo Artist,2024,no,MTG-Jamendo,2026-08-26T07:44:26.817645
20111e30-4263-40dc-9434-593273781efa,Jamendo Track 224786,Jamendo Artist,2024,no,MTG-Jamendo,2026-08-26T07:44:26.817720
4185071d-82c0-475e-81e0-08a2b153c1eb,Jamendo Track 202635,Jamendo Artist,2024,no,MTG-Jamendo,2026-08-26T07:44:26.817793
815235ee-37df-4bcf-9cce-7d388d5d6a8f,Jamendo Track 46717,Jamendo Artist,2024,no,MTG-Jamendo,2026-08-26T07:44:26.817867
a8c73971-85f8-476a-a01a-110e724638a1,Jamendo Track 361273,Jamendo Artist,2024,no,MTG-Jamendo,2026-08-26T07:44:26.817942
d148428b-5273-49c5-91dd-e3e1e13e8191,Jamendo Track 219012,Jamendo Artist,2024,no,MTG-Jamendo,2026-08-26T07:44:26.818013
f4529118-096e-4435-99b2-347289100168,Jamendo Track 191397,Jamendo Artist,2024,no,MTG-Jamendo,2026-08-26T07:44:26.818083
9c18c484-e96e-4c60-b104-3318b3038a09,Jamendo Track 431151,Jamendo Artist,2024,no,MTG-Jamendo,2026-08-26T07:44:26.818180
9555ca02-9645-40b7-bb28-c9bab2343725,Jamendo Track 167748,Jamendo Artist,2024,no,MTG-Jamendo,2026-08-26T07:44:26.818271
2116dbe0-6ef4-438f-8112-414d2ded92d4,Jamendo Track 4570,Jamendo Artist,2024,no,MTG-Jamendo,2026-08-26T07:44:26.818371
cfbe9778-4a76-4f30-8a33-255683dcb66b,Jamendo Track 212009,Jamendo Artist,2024,no,MTG-Jamendo,2026-08-26T07:44:26.818453
d5638b60-e721-4b84-a268-d83cc72e6444,Jamendo Track 1129363,Jamendo Artist,2024,no,MTG-Jamendo,2026-08-26T07:44:26.818527
02d7e8bf-395e-44e0-b68d-bd5dfd83bdc9,Jamendo Track 1069493,Jamendo Artist,2024,no,MTG-Jamendo,2026-08-26T07:44:26.818737
a99e2a0d-ae1c-4e68-801e-64cb3642df50,Jamendo Track 175334,Jamendo Artist,2024,no,MTG-Jamendo,2026-08-26T07:44:26.818876
9dcf44d2-c244-443f-ae63-9f4e3d8f2875,Jamendo Track 1379450,Jamendo Artist,2024,no,MTG-Jamendo,2026-08-26T07:44:26.818964
6556c6ec-b634-4e23-b9c8-3a0714eccd25,Jamendo Track 558408,Jamendo Artist,2024,no,MTG-Jamendo,2026-08-26T07:44:26.819042
820701fa-a104-479c-80f3-f3bcf5513985,Jamendo Track 141017,Jamendo Artist,2024,no,MTG-Jamendo,2026-08-26T07:44:26.819180
88447bf2-5703-4c58-8d53-b16a973bfbb6,Jamendo Track 208842,Jamendo Artist,2024,no,MTG-Jamendo,2026-08-26T07:44:26.819322
47a7159f-1074-4e72-bae0-c2e0002cb79f,Jamendo Track 644056,Jamendo Artist,2024,no,MTG-Jamendo,2026-08-26T07:44:26.819409
70e7b97c-7230-4c6f-bc22-89ab5cc2d9d0,Jamendo Track 137438,Jamendo Artist,2024,no,MTG-Jamendo,2026-08-26T07:44:26.819515
61e3ce0a-f990-4753-a94f-fd8d7f5fb662,Jamendo Track 1129584,Jamendo Artist,2024,no,MTG-Jamendo,2026-08-26T07:44:26.819603
e5122c61-1c35-4177-83ca-b504496c2491,Jamendo Track 13016,Jamendo Artist,2024,no,MTG-Jamendo,2026-08-26T07:44:26.819698
88d0ff2f-2db1-43d6-87fa-367a9543af09,Jamendo Track 25795,Jamendo Artist,2024,no,MTG-Jamendo,2026-08-26T07:44:26.819779
0fedfbf4-ede7-449e-afaf-fc9b69cd5e77,Jamendo Track 264221,Jamendo Artist,2024,no,MTG-Jamendo,2026-08-26T07:44:26.819855
f69a043a-d6a1-41e2-a4bc-2dfba4976e66,Jamendo Track 401447,Jamendo Artist,2024,no,MTG-Jamendo,2026-08-26T07:44:26.819928
5eea31cd-aca8-4167-8557-538dfd5dc194,Jamendo Track 334659,Jamendo Artist,2024,no,MTG-Jamendo,2026-08-26T07:44:26.820000
f91c1f1f-0746-4abc-8cd8-87c4914c280c,Jamendo Track 240345,Jamendo Artist,2024,no,MTG-Jamendo,2026-08-26T07:44:26.820071
070daea2-dae6-4be1-aee6-e013f829cf66,Jamendo Track 251276,Jamendo Artist,2024,no,MTG-Jamendo,2026-08-26T07:44:26.820151
d0ac5da7-7131-4cd1-b06f-9b5df00b9c01,Jamendo Track 387113,Jamendo Artist,2024,no,MTG-Jamendo,2026-08-26T07:44:26.820249
613b863b-7e5a-46f6-9a82-6767278eebd2,Jamendo Track 332395,Jamendo Artist,2024,no,MTG-Jamendo,2026-08-26T07:44:26.820328
c0384162-a21b-496f-9252-de0bf94cf6c7,Jamendo Track 26736,Jamendo Artist,2024,no,MTG-Jamendo,2026-08-26T07:44:26.820402
48855470-5ab3-4f88-b7ba-7dce53233e98,Jamendo Track 260822,Jamendo Artist,2024,no,MTG-Jamendo,2026-08-26T07:44:26.820477
b89961c7-884c-4a73-9c1d-4f9fb096ea18,Jamendo Track 145730,Jamendo Artist,2024,no,MTG-Jamendo,2026-08-26T07:44:26.820552
f541a7d7-904f-4564-bc65-f3184a5f20fb,Jamendo Track 1121871,Jamendo Artist,2024,no,MTG-Jamendo,2026-08-26T07:44:26.820676
5d7305e8-3171-4a07-b016-fac542ec62eb,Jamendo Track 537851,Jamendo Artist,2024,no,MTG-Jamendo,2026-08-26T07:44:26.820796
ddc720d2-0390-4636-97f6-4f633bf520df,Jamendo Track 43895,Jamendo Artist,2024,no,MTG-Jamendo,2026-08-26T07:44:26.820894
0d3bfb18-2fd2-45da-8819-6e523376be0a,Jamendo Track 197855,Jamendo Artist,2024,no,MTG-Jamendo,2026-08-26T07:44:26.820995
f195fe72-f5d5-45c5-a683-cea9109923b9,Jamendo Track 26013,Jamendo Artist,2024,no,MTG-Jamendo,2026-08-26T07:44:26.821101
def2f2d6-ca00-4bae-b64e-b4b46ceab83a,Jamendo Track 294056,Jamendo Artist,2024,no,MTG-Jamendo,2026-08-26T07:44:26.821296
ecfc3e35-2e1a-4e0e-adcb-752200280fdd,Jamendo Track 133675,Jamendo Artist,2024,no,MTG-Jamendo,2026-08-26T07:44:26.821411
e1399733-d92a-4ae5-b544-355f3f7b01cb,Jamendo Track 345265,Jamendo Artist,2024,no,MTG-Jamendo,2026-08-26T07:44:26.821517
8b655200-0a61-44e2-86ee-a917a160c7ae,Jamendo Track 1385569,Jamendo Artist,2024,no,MTG-Jamendo,2026-08-26T07:44:26.821621
7c261509-c0af-48ca-a31f-33fc750530b1,Jamendo Track 698498,Jamendo Artist,2024,no,MTG-Jamendo,2026-08-26T07:44:26.821724
70251f72-bb79-4f5c-83c8-9cfaa62352c9,Jamendo Track 1397898,Jamendo Artist,2024,no,MTG-Jamendo,2026-08-26T07:44:26.821906
abb9f2dd-e0f0-4fe1-9acb-e8b79b7b3027,Jamendo Track 236679,Jamendo Artist,2024,no,MTG-Jamendo,2026-08-26T07:44:26.822054
e9e70c4b-0afa-4ba2-88e1-6ce5c8de40e2,Jamendo Track 435297,Jamendo Artist,2024,no,MTG-Jamendo,2026-08-26T07:44:26.822585
f73f9ef5-4382-4409-9908-bd0345abd52f,Jamendo Track 364839,Jamendo Artist,2024,no,MTG-Jamendo,2026-08-26T07:44:26.823023
a4691db0-c154-4f8f-9f51-487f653fd507,Jamendo Track 753087,Jamendo Artist,2024,no,MTG-Jamendo,2026-08-26T07:44:26.823311
37b608d3-bfd0-4417-9376-7cb9ee05c68c,Jamendo Track 48598,Jamendo Artist,2024,no,MTG-Jamendo,2026-08-26T07:44:26.823483
a8b8ef3f-6db8-408c-b8ef-161134a0300f,Jamendo Track 165077,Jamendo Artist,2024,no,MTG-Jamendo,2026-08-26T07:44:26.823617
9269df36-3bfc-4db5-93f8-b29b62a235df,Jamendo Track 234661,Jamendo Artist,2024,no,MTG-Jamendo,2026-08-26T07:44:26.823741
a8fac82a-6134-43d5-9d4a-c68391fd5c88,Jamendo Track 322106,Jamendo Artist,2024,no,MTG-Jamendo,2026-08-26T07:44:26.823863
24cac5fa-9e67-49f4-b05a-34b5b54464af,Jamendo Track 298393,Jamendo Artist,2024,no,MTG-Jamendo,2026-08-26T07:44:26.823984
8cf9ce5c-2f87-4425-b2be-52ff4631a2c8,Jamendo Track 45098,Jamendo Artist,2024,no,MTG-Jamendo,2026-08-26T07:44:26.824091
0c9be386-baf5-4ea4-88a8-7892e4432ad3,Jamendo Track 182668,Jamendo Artist,2024,no,MTG-Jamendo,2026-08-26T07:44:26.824215
0d3b1d28-a11b-4747-b7f8-973d84521c1e,Jamendo Track 3909,Jamendo Artist,2024,no,MTG-Jamendo,2026-08-26T07:44:26.824353
330ecb7e-c73f-4617-8ebf-079b3c4e9d8f,Jamendo Track 238535,Jamendo Artist,2024,no,MTG-Jamendo,2026-08-26T07:44:26.824486
181cdd8f-6e86-47d8-a001-5a404cf909ac,Jamendo Track 431438,Jamendo Artist,2024,no,MTG-Jamendo,2026-08-26T07:44:26.824602
df283ed8-fb2c-4ab8-80ca-7e5d5f9fd5b9,Jamendo Track 134848,Jamendo Artist,2024,no,MTG-Jamendo,2026-08-26T07:44:26.824702
06c30483-d326-4b51-a70f-4a90f4dd7443,Jamendo Track 187044,Jamendo Artist,2024,no,MTG-Jamendo,2026-08-26T07:44:26.824898
abc68bf7-fbc5-4062-a1f3-157704555411,Jamendo Track 362417,Jamendo Artist,2024,no,MTG-Jamendo,2026-08-26T07:44:26.825030
66793dd0-32d7-4c70-93d3-48de1d2b2d3f,Jamendo Track 934006,Jamendo Artist,2024,no,MTG-Jamendo,2026-08-26T07:44:26.825129
876db23f-b3e8-43b5-badc-510752d76682,Jamendo Track 324772,Jamendo Artist,2024,no,MTG-Jamendo,2026-08-26T07:44:26.825257
0df795fd-75e6-47b8-8145-492eb3ad8569,Jamendo Track 446479,Jamendo Artist,2024,no,MTG-Jamendo,2026-08-26T07:44:26.825371
d68db04c-7048-40e6-b7c7-b3e6bc547d2e,Jamendo Track 295920,Jamendo Artist,2024,no,MTG-Jamendo,2026-08-26T07:44:26.825472
3edaef75-73f0-4dc1-a38a-1a8e12a41f84,Jamendo Track 221331,Jamendo Artist,2024,no,MTG-Jamendo,2026-08-26T07:44:26.825570
ef8f3ff2-e12c-43aa-b9f8-1fdf966cccbb,Jamendo Track 492102,Jamendo Artist,2024,no,MTG-Jamendo,2026-08-26T07:44:26.825674
9f60273a-245b-44f5-aad0-44be0686ae6e,Jamendo Track 314366,Jamendo Artist,2024,no,MTG-Jamendo,2026-08-26T07:44:26.825756
cd5e2f57-be23-479f-93e1-328d79a754c6,Jamendo Track 1151147,Jamendo Artist,2024,no,MTG-Jamendo,2026-08-26T07:44:26.825835
725880de-25c9-453e-819f-b9a123e043cd,Jamendo Track 45561,Jamendo Artist,2024,no,MTG-Jamendo,2026-08-26T07:44:26.825914
3e2f4fc9-5743-4fe1-8a7b-eea1f6a28fd1,Jamendo Track 272426,Jamendo Artist,2024,no,MTG-Jamendo,2026-08-26T07:44:26.825990
90f9173f-67b4-4ab8-9bc8-19518d5ef779,Jamendo Track 973751,Jamendo Artist,2024,no,MTG-Jamendo,2026-08-26T07:44:26.826064
f665a0e2-57ab-4516-966b-e17c46be0ed4,Jamendo Track 791109,Jamendo Artist,2024,no,MTG-Jamendo,2026-08-26T07:44:26.826141
828c9272-265e-4142-9203-926e308d72de,Jamendo Track 77541,Jamendo Artist,2024,no,MTG-Jamendo,2026-08-26T07:44:26.826259
90321648-07eb-4943-9a38-6469dc4e06d9,Jamendo Track 10370,Jamendo Artist,2024,no,MTG-Jamendo,2026-08-26T07:44:26.826360
f190e7ca-8934-436e-82b9-03a6c540d922,Jamendo Track 345266,Jamendo Artist,2024,no,MTG-Jamendo,2026-08-26T07:44:26.826451
6f576429-a8dd-4a8e-af83-d69858cc8fff,Jamendo Track 242118,Jamendo Artist,2024,no,MTG-Jamendo,2026-08-26T07:44:26.826528
ebbfb2d7-5442-4e8b-a0db-8a66a9c59ac9,Jamendo Track 933996,Jamendo Artist,2024,no,MTG-Jamendo,2026-08-26T07:44:26.826602
4e4fdec3-4a7f-45db-9f1b-993cf3cc6eba,Jamendo Track 1393701,Jamendo Artist,2024,no,MTG-Jamendo,2026-08-26T07:44:26.826676
7b101f08-cc1f-4d63-b585-f93b1a971d1e,Jamendo Track 520933,Jamendo Artist,2024,no,MTG-Jamendo,2026-08-26T07:44:26.826751
3480fd4d-ef45-4fb8-a90f-bfdc4c855215,Jamendo Track 1111216,Jamendo Artist,2024,no,MTG-Jamendo,2026-08-26T07:44:26.826836
8b724d24-fafb-46ba-bd2b-f9fb6209b0ef,Jamendo Track 616362,Jamendo Artist,2024,no,MTG-Jamendo,2026-08-26T07:44:26.826920
08088a3e-5eb2-419b-ad12-936e11c410f0,Jamendo Track 179784,Jamendo Artist,2024,no,MTG-Jamendo,2026-08-26T07:44:26.826994
ff97cb5d-c7a0-4a13-b69c-cedb88e3b1f8,Jamendo Track 167201,Jamendo Artist,2024,no,MTG-Jamendo,2026-08-26T07:44:26.827065
42cf8e4e-5054-4b2b-8c27-9fa1be08b221,Jamendo Track 1385573,Jamendo Artist,2024,no,MTG-Jamendo,2026-08-26T07:44:26.827135
8ade70c7-420c-486b-bbc7-9c91c9c08b8d,Jamendo Track 24747,Jamendo Artist,2024,no,MTG-Jamendo,2026-08-26T07:44:26.827264
229bdf8e-91d6-4a97-8ea4-238c1b82ef25,Jamendo Track 6014,Jamendo Artist,2024,no,MTG-Jamendo,2026-08-26T07:44:26.827376
ffdbd741-069b-46de-8945-385b7085f3c3,Jamendo Track 12112,Jamendo Artist,2024,no,MTG-Jamendo,2026-08-26T07:44:26.827454
e87e638b-c355-4422-8113-e8bd98b591b7,Jamendo Track 339120,Jamendo Artist,2024,no,MTG-Jamendo,2026-08-26T07:44:26.827531
47a3c01d-e620-45b9-8c8a-0a52db57d4a2,Jamendo Track 315321,Jamendo Artist,2024,no,MTG-Jamendo,2026-08-26T07:44:26.827605
ef201630-4b05-4401-a064-9454ea1fd385,Jamendo Track 824796,Jamendo Artist,2024,no,MTG-Jamendo,2026-08-26T07:44:26.827676
873a4d3d-a692-43c7-a859-ba590502a550,Jamendo Track 16848,Jamendo Artist,2024,no,MTG-Jamendo,2026-08-26T07:44:26.827746
e0f04523-3305-41d8-b40a-239f50f00f4a,Jamendo Track 219042,Jamendo Artist,2024,no,MTG-Jamendo,2026-08-26T07:44:26.827818
64e75ab4-6374-4bcd-9e5b-80811e29a610,Jamendo Track 182671,Jamendo Artist,2024,no,MTG-Jamendo,2026-08-26T07:44:26.827893
aa51f42c-1a68-4c60-97e9-e8fc9108395b,Jamendo Track 186577,Jamendo Artist,2024,no,MTG-Jamendo,2026-08-26T07:44:26.827966
8c5f11ae-9390-4592-a3f3-65073d5355a4,Jamendo Track 239530,Jamendo Artist,2024,no,MTG-Jamendo,2026-08-26T07:44:26.828074
780e399e-84a3-47a6-9544-fa16de865d2f,Jamendo Track 33476,Jamendo Artist,2024,no,MTG-Jamendo,2026-08-26T07:44:26.828190
f694ee5b-f6f8-434e-b19c-a89c93ba62df,Jamendo Track 421998,Jamendo Artist,2024,no,MTG-Jamendo,2026-08-26T07:44:26.828302
903a064f-5f19-48fd-8945-f0d98ee0a60a,Jamendo Track 1134781,Jamendo Artist,2024,no,MTG-Jamendo,2026-08-26T07:44:26.828410
24f7d29c-fc3e-4776-bb55-1d1d84bc5c5e,Jamendo Track 1135812,Jamendo Artist,2024,no,MTG-Jamendo,2026-08-26T07:44:26.828509
d093fc29-17fc-4264-a7dc-2c136b36b1cb,Jamendo Track 401667,Jamendo Artist,2024,no,MTG-Jamendo,2026-08-26T07:44:26.828607
a0b47a71-f87d-45ea-b280-92a8e4e1c69b,Jamendo Track 31492,Jamendo Artist,2024,no,MTG-Jamendo,2026-08-26T07:44:26.828701
ced6468f-0ff5-4808-a610-eb4898c1efcf,Jamendo Track 1400504,Jamendo Artist,2024,no,MTG-Jamendo,2026-08-26T07:44:26.828803
4e91122e-1824-439e-ad76-c1da0c0199fa,Jamendo Track 476908,Jamendo Artist,2024,no,MTG-Jamendo,2026-08-26T07:44:26.828907
d7d33a1f-2469-4aef-91dd-c393f6b25f6d,Jamendo Track 284229,Jamendo Artist,2024,no,MTG-Jamendo,2026-08-26T07:44:26.829012
fd4f4457-5b03-4623-9eef-3436cdd318df,Jamendo Track 26742,Jamendo Artist,2024,no,MTG-Jamendo,2026-08-26T07:44:26.829111
2247703e-1a15-4c94-b327-73e5ab1f1a61,Jamendo Track 1138461,Jamendo Artist,2024,no,MTG-Jamendo,2026-08-26T07:44:26.829245
34144ecf-080a-4f4f-b2b3-5486706da19d,Jamendo Track 149459,Jamendo Artist,2024,no,MTG-Jamendo,2026-08-26T07:44:26.829370
bd3b19cb-0d28-4f10-b89d-20be778f88dc,Jamendo Track 388230,Jamendo Artist,2024,no,MTG-Jamendo,2026-08-26T07:44:26.829481
f6295651-9156-44db-8f50-26f5e5a97921,Jamendo Track 90432,Jamendo Artist,2024,no,MTG-Jamendo,2026-08-26T07:44:26.829590
903dc41b-26e1-4437-9774-e58ebac6c2c1,Jamendo Track 824789,Jamendo Artist,2024,no,MTG-Jamendo,2026-08-26T07:44:26.829701
9c35264d-c09b-4915-87ca-9c173d55483c,Jamendo Track 1119032,Jamendo Artist,2024,no,MTG-Jamendo,2026-08-26T07:44:26.829811
bb16b9b7-42a4-4362-9f79-11ad9b5750dc,Jamendo Track 162650,Jamendo Artist,2024,no,MTG-Jamendo,2026-08-26T07:44:26.829912
03f0fb84-761a-4889-8861-a045a0d58ecf,Jamendo Track 35360,Jamendo Artist,2024,no,MTG-Jamendo,2026-08-26T07:44:26.830016
31488d9c-7ce3-4116-ada6-d7e23d15c4c9,Jamendo Track 336139,Jamendo Artist,2024,no,MTG-Jamendo,2026-08-26T07:44:26.830135
eb06eea1-69e3-4cdb-8dd0-a7c140833331,Jamendo Track 376218,Jamendo Artist,2024,no,MTG-Jamendo,2026-08-26T07:44:26.830269
b1c784b9-6549-46e4-b304-6f740153103a,Jamendo Track 334666,Jamendo Artist,2024,no,MTG-Jamendo,2026-08-26T07:44:26.830382
05bd8447-9e38-468f-aa47-0e2bf3c14b96,Jamendo Track 432292,Jamendo Artist,2024,no,MTG-Jamendo,2026-08-26T07:44:26.830466
571b4e63-4060-4860-9d8f-50f3c8b6dc95,Jamendo Track 226,Jamendo Artist,2024,no,MTG-Jamendo,2026-08-26T07:44:26.830545
90b942df-4a85-447a-8a4c-4483cf4965d2,Jamendo Track 45068,Jamendo Artist,2024,no,MTG-Jamendo,2026-08-26T07:44:26.830616
e2ec722d-dacc-42a2-973d-3b5d4db32b2a,Jamendo Track 39101,Jamendo Artist,2024,no,MTG-Jamendo,2026-08-26T07:44:26.830716
2ddd0512-2b16-4303-8b09-10f39d70a5fa,Jamendo Track 211838,Jamendo Artist,2024,no,MTG-Jamendo,2026-08-26T07:44:26.830831
da025948-2cc8-4253-adda-cfd01c8574f6,Jamendo Track 199594,Jamendo Artist,2024,no,MTG-Jamendo,2026-08-26T07:44:26.830947
0bd2f0ab-8ae7-4b8e-b0e1-837915b2c2e0,Jamendo Track 246,Jamendo Artist,2024,no,MTG-Jamendo,2026-08-26T07:44:26.831052
581bd279-51f6-400b-b185-bbaa5f685e3e,Jamendo Track 48585,Jamendo Artist,2024,no,MTG-Jamendo,2026-08-26T07:44:26.831186
19910ac7-22a7-4ed9-9c80-be3e6d914aaa,Jamendo Track 171423,Jamendo Artist,2024,no,MTG-Jamendo,2026-08-26T07:44:26.831334
26cb51a5-c5ff-4f21-9e6f-aea44b49fb20,Jamendo Track 1047956,Jamendo Artist,2024,no,MTG-Jamendo,2026-08-26T07:44:26.831646
e66199e6-4602-49be-bcd2-f0b613cb1e0f,Jamendo Track 235303,Jamendo Artist,2024,no,MTG-Jamendo,2026-08-26T07:44:26.831774
eef175a1-ef4f-4181-bdcc-5c7531eec6fb,Jamendo Track 791113,Jamendo Artist,2024,no,MTG-Jamendo,2026-08-26T07:44:26.831893
e8b7a4cd-1a66-42ca-bea8-17b46aa6c8e5,Jamendo Track 431408,Jamendo Artist,2024,no,MTG-Jamendo,2026-08-26T07:44:26.832003
e56d3874-9b57-49cf-8379-a2ec939ff2fe,Jamendo Track 1167404,Jamendo Artist,2024,no,MTG-Jamendo,2026-08-26T07:44:26.832109
dbd385ae-49c2-476b-8a1d-3c756879a0ac,Jamendo Track 781636,Jamendo Artist,2024,no,MTG-Jamendo,2026-08-26T07:44:26.832257
bcb2a9b1-954c-488c-aae2-9e91913f2360,Jamendo Track 134824,Jamendo Artist,2024,no,MTG-Jamendo,2026-08-26T07:44:26.832388
805df26a-37f5-4bf6-be67-af94c3c97dc3,Jamendo Track 182187,Jamendo Artist,2024,no,MTG-Jamendo,2026-08-26T07:44:26.832497
7f42edbb-2754-46b3-83db-70ef3276e4ec,Jamendo Track 213181,Jamendo Artist,2024,no,MTG-Jamendo,2026-08-26T07:44:26.832861
ff6da199-0cda-499e-9d37-7286a3236f54,Jamendo Track 1374068,Jamendo Artist,2024,no,MTG-Jamendo,2026-08-26T07:44:26.833002
54ac14d1-4330-4b34-83f4-ced7757e2e39,Jamendo Track 1098806,Jamendo Artist,2024,no,MTG-Jamendo,2026-08-26T07:44:26.833107
eaa63783-af3e-4775-82ec-e69b40ac95f0,Jamendo Track 421116,Jamendo Artist,2024,no,MTG-Jamendo,2026-08-26T07:44:26.833241
a873fde7-abd4-490a-8811-07e43706a164,Jamendo Track 435851,Jamendo Artist,2024,no,MTG-Jamendo,2026-08-26T07:44:26.833361
8073005a-b330-48a9-b6df-b2096ef8e664,Jamendo Track 159191,Jamendo Artist,2024,no,MTG-Jamendo,2026-08-26T07:44:26.833467
041a29f4-9ae4-400d-9620-4e8c6e9615f3,Jamendo Track 204022,Jamendo Artist,2024,no,MTG-Jamendo,2026-08-26T07:44:26.834175
a4af82c7-fa83-46b8-84b3-7ee0c5d1394d,Jamendo Track 283382,Jamendo Artist,2024,no,MTG-Jamendo,2026-08-26T07:44:26.834343
3ab37d51-7d8f-4c59-ae14-5d1bef31e5d5,Jamendo Track 259957,Jamendo Artist,2024,no,MTG-Jamendo,2026-08-26T07:44:26.834939
a202e165-58b8-4932-b041-2092baa60db6,Jamendo Track 68463,Jamendo Artist,2024,no,MTG-Jamendo,2026-08-26T07:44:26.835079
91acfcae-2e97-41b5-819e-42e3769873b0,Jamendo Track 334662,Jamendo Artist,2024,no,MTG-Jamendo,2026-08-26T07:44:26.835225
95d6f2fa-7750-42a3-87f3-fe3538f76005,Jamendo Track 397881,Jamendo Artist,2024,no,MTG-Jamendo,2026-08-26T07:44:26.835361
e29e59c6-698d-4ffd-b7e0-8e8dcc0bc54e,Jamendo Track 458685,Jamendo Artist,2024,no,MTG-Jamendo,2026-08-26T07:44:26.835471
27f9ebfb-c8a3-4b4f-8a61-4ad58cb6348b,Jamendo Track 194642,Jamendo Artist,2024,no,MTG-Jamendo,2026-08-26T07:44:26.835580
23cb829f-7d3a-4ea4-89cf-2bc29aa75c76,Jamendo Track 116594,Jamendo Artist,2024,no,MTG-Jamendo,2026-08-26T07:44:26.835669
89276938-fbaa-43b8-b67d-4f43d0ccc617,Jamendo Track 11314,Jamendo Artist,2024,no,MTG-Jamendo,2026-08-26T07:44:26.835777
996942c2-bc38-48e3-a421-c59d30b8a5d3,Jamendo Track 568181,Jamendo Artist,2024,no,MTG-Jamendo,2026-08-26T07:44:26.835890
39d4e044-92ca-4268-b1cc-fea2c6e97629,Jamendo Track 22609,Jamendo Artist,2024,no,MTG-Jamendo,2026-08-26T07:44:26.835998
59267464-b2a7-4214-9403-2bd63c8d7806,Jamendo Track 434919,Jamendo Artist,2024,no,MTG-Jamendo,2026-08-26T07:44:26.836104
594a1738-7f32-49af-b351-5ce51567b77b,Jamendo Track 1139082,Jamendo Artist,2024,no,MTG-Jamendo,2026-08-26T07:44:26.836236
b2c5f82b-1c34-4b6e-b5c5-d5023f1ea6cc,Jamendo Track 15480,Jamendo Artist,2024,no,MTG-Jamendo,2026-08-26T07:44:26.836374
42411fb3-a294-4c4d-a118-3184e8128865,Jamendo Track 3103,Jamendo Artist,2024,no,MTG-Jamendo,2026-08-26T07:44:26.836487
640ca146-9340-43c2-a62b-24357bd5b2b8,Jamendo Track 76528,Jamendo Artist,2024,no,MTG-Jamendo,2026-08-26T07:44:26.836606
993118f4-120e-4407-8dbe-d770fd178255,Jamendo Track 1363401,Jamendo Artist,2024,no,MTG-Jamendo,2026-08-26T07:44:26.836707
2b82143b-a7af-4469-a61f-cef2aa1566bb,Jamendo Track 224798,Jamendo Artist,2024,no,MTG-Jamendo,2026-08-26T07:44:26.836790
b89b252a-e67b-46a3-be49-f47121bc17c2,Jamendo Track 395917,Jamendo Artist,2024,no,MTG-Jamendo,2026-08-26T07:44:26.836874
b97e3148-db95-4592-bb45-4e625126feb8,Jamendo Track 118975,Jamendo Artist,2024,no,MTG-Jamendo,2026-08-26T07:44:26.836948
04a10546-5a82-41f5-a85e-8f960be7b84d,Jamendo Track 43671,Jamendo Artist,2024,no,MTG-Jamendo,2026-08-26T07:44:26.837047
dbd7522e-c113-4144-8f1d-d5b3b57633c8,Jamendo Track 204136,Jamendo Artist,2024,no,MTG-Jamendo,2026-08-26T07:44:26.837477
5c234143-b3d6-47c6-ad4e-f29a93343509,Jamendo Track 3900,Jamendo Artist,2024,no,MTG-Jamendo,2026-08-26T07:44:26.837934
15bc3cc1-aac4-4470-852e-e182a30d059b,Jamendo Track 495556,Jamendo Artist,2024,no,MTG-Jamendo,2026-08-26T07:44:26.838374
49b33cc3-c776-4ca7-afd5-8ea6f0d40f85,Jamendo Track 549222,Jamendo Artist,2024,no,MTG-Jamendo,2026-08-26T07:44:26.838546
cab6671b-7bbd-476f-8583-4d84ea51ce8d,Jamendo Track 154546,Jamendo Artist,2024,no,MTG-Jamendo,2026-08-26T07:44:26.838684
fecf0fcd-2e64-4fd0-bf17-dce6254f55ef,Jamendo Track 34806,Jamendo Artist,2024,no,MTG-Jamendo,2026-08-26T07:44:26.838804
88c39547-004c-4db1-903d-dc4389406ef4,Jamendo Track 947390,Jamendo Artist,2024,no,MTG-Jamendo,2026-08-26T07:44:26.838928
a1324305-de35-4357-955c-b8da0000d56c,Jamendo Track 213204,Jamendo Artist,2024,no,MTG-Jamendo,2026-08-26T07:44:26.839051
dc20dc03-f125-4e16-8960-92119156d516,Jamendo Track 191398,Jamendo Artist,2024,no,MTG-Jamendo,2026-08-26T07:44:26.839221
dd1d060d-ec0e-4310-85fe-067e9889ad0b,Jamendo Track 193603,Jamendo Artist,2024,no,MTG-Jamendo,2026-08-26T07:44:26.839353
b90d137b-f47f-46ae-b990-08da2997a74f,Jamendo Track 775768,Jamendo Artist,2024,no,MTG-Jamendo,2026-08-26T07:44:26.839462
970d7388-8f98-48fa-8f0a-bf951b5101a2,Jamendo Track 406575,Jamendo Artist,2024,no,MTG-Jamendo,2026-08-26T07:44:26.839581
c353feb1-7fc5-4831-9d8d-2ea5bf0dbbf1,Jamendo Track 285908,Jamendo Artist,2024,no,MTG-Jamendo,2026-08-26T07:44:26.839693
edf3159f-9275-4546-b414-3ed571e616c1,Jamendo Track 259917,Jamendo Artist,2024,no,MTG-Jamendo,2026-08-26T07:44:26.839804
baa1c552-9e30-4979-9497-a0038dd0dcf6,Jamendo Track 387117,Jamendo Artist,2024,no,MTG-Jamendo,2026-08-26T07:44:26.839910
f1482b7a-f4a8-45ae-8728-83ae11d58c8b,Jamendo Track 68465,Jamendo Artist,2024,no,MTG-Jamendo,2026-08-26T07:44:26.840017
75f431d2-1e0d-4fa7-a663-38fd432bc91d,Jamendo Track 1032316,Jamendo Artist,2024,no,MTG-Jamendo,2026-08-26T07:44:26.840123
634464a6-9458-414c-8d8f-2a98095fe1b0,Jamendo Track 1069626,Jamendo Artist,2024,no,MTG-Jamendo,2026-08-26T07:44:26.840325
ce055a5f-0117-4e5f-9255-bd9529d7a152,Jamendo Track 429067,Jamendo Artist,2024,no,MTG-Jamendo,2026-08-26T07:44:26.840444
9b500c83-eb71-489e-a51b-a4ce7cd18bae,Jamendo Track 173492,Jamendo Artist,2024,no,MTG-Jamendo,2026-08-26T07:44:26.840558
d091f6d4-bfd4-41f9-a410-aef44c9dad1e,Jamendo Track 360608,Jamendo Artist,2024,no,MTG-Jamendo,2026-08-26T07:44:26.840680
e9ae495b-b0ab-4015-a489-ff223336bfe9,Jamendo Track 261112,Jamendo Artist,2024,no,MTG-Jamendo,2026-08-26T07:44:26.840805
db18f5a9-4673-4497-a4ec-d4f2096df9b4,Jamendo Track 118890,Jamendo Artist,2024,no,MTG-Jamendo,2026-08-26T07:44:26.840913
3ae117ee-950c-43df-b1a8-e41eb6628f07,Jamendo Track 231,Jamendo Artist,2024,no,MTG-Jamendo,2026-08-26T07:44:26.841020
8b1812e9-37d5-4fdd-aeaf-8a81459a369f,Jamendo Track 290936,Jamendo Artist,2024,no,MTG-Jamendo,2026-08-26T07:44:26.841185
9ed050c4-531c-46c9-ad60-37bccd763098,Jamendo Track 401449,Jamendo Artist,2024,no,MTG-Jamendo,2026-08-26T07:44:26.841303
c91e625b-f5b4-471f-8ce1-a6d70e485dc5,Jamendo Track 1054363,Jamendo Artist,2024,no,MTG-Jamendo,2026-08-26T07:44:26.841414
6f29e057-1bce-4a4d-8073-ccde08b3f94e,Jamendo Track 75310,Jamendo Artist,2024,no,MTG-Jamendo,2026-08-26T07:44:26.841524
dfbcd35e-2e0e-4ecc-9a44-0a8f7ee80b6c,Jamendo Track 231866,Jamendo Artist,2024,no,MTG-Jamendo,2026-08-26T07:44:26.841634
fe67c130-c791-40b4-9615-197a60264d70,Jamendo Track 161027,Jamendo Artist,2024,no,MTG-Jamendo,2026-08-26T07:44:26.841748
e834e208-db9a-46bf-a6d5-a070ff0cc9ca,Jamendo Track 171544,Jamendo Artist,2024,no,MTG-Jamendo,2026-08-26T07:44:26.841863
38fd58b5-340d-4e82-bc47-07b144f286e2,Jamendo Track 360641,Jamendo Artist,2024,no,MTG-Jamendo,2026-08-26T07:44:26.841962
db6a8698-3979-49b6-aaa8-7819d3d5984d,Jamendo Track 188216,Jamendo Artist,2024,no,MTG-Jamendo,2026-08-26T07:44:26.842051
b2b83743-8ced-43e4-90d5-5e481b52c63f,Jamendo Track 135833,Jamendo Artist,2024,no,MTG-Jamendo,2026-08-26T07:44:26.842209
2576c939-833a-4876-a29f-410da60b993c,Jamendo Track 349401,Jamendo Artist,2024,no,MTG-Jamendo,2026-08-26T07:44:26.842329
b3204653-16cd-4f48-9941-6840b30943eb,Jamendo Track 330832,Jamendo Artist,2024,no,MTG-Jamendo,2026-08-26T07:44:26.842439
f065ab1e-c51b-4258-8340-d0d72e4a2f23,Jamendo Track 147290,Jamendo Artist,2024,no,MTG-Jamendo,2026-08-26T07:44:26.842545
a21f55c0-361b-406b-a9e5-08110c6e4576,Jamendo Track 431441,Jamendo Artist,2024,no,MTG-Jamendo,2026-08-26T07:44:26.842654
6de6bd32-b1da-4006-964d-ad4466a1fc88,Jamendo Track 173085,Jamendo Artist,2024,no,MTG-Jamendo,2026-08-26T07:44:26.842750
75c97429-70a0-4b36-8eac-e57eb6429067,Jamendo Track 214647,Jamendo Artist,2024,no,MTG-Jamendo,2026-08-26T07:44:26.842831
21f2d141-7d8d-40a4-b614-aa5ac7cb3130,Jamendo Track 91905,Jamendo Artist,2024,no,MTG-Jamendo,2026-08-26T07:44:26.842908
a47eef4e-076e-419f-aacb-42a62dc2505b,Jamendo Track 454874,Jamendo Artist,2024,no,MTG-Jamendo,2026-08-26T07:44:26.842978
a9b88229-9ad3-44cb-a5de-3440a3e85762,Jamendo Track 31494,Jamendo Artist,2024,no,MTG-Jamendo,2026-08-26T07:44:26.843068
202a982e-7d93-4c47-8c6e-cfab04693545,Jamendo Track 1155236,Jamendo Artist,2024,no,MTG-Jamendo,2026-08-26T07:44:26.843795
8783c7f1-29f1-4666-a97e-d6e58f990311,Jamendo Track 233936,Jamendo Artist,2024,no,MTG-Jamendo,2026-08-26T07:44:26.843954
c5d42aab-7064-48e2-9bc5-60e7de1ba21b,Jamendo Track 235304,Jamendo Artist,2024,no,MTG-Jamendo,2026-08-26T07:44:26.844066
8f414749-97cf-41c2-9225-3b500afdc3e1,Jamendo Track 127622,Jamendo Artist,2024,no,MTG-Jamendo,2026-08-26T07:44:26.844217
12222241-45fb-400a-84af-9e21a6985c47,Jamendo Track 436336,Jamendo Artist,2024,no,MTG-Jamendo,2026-08-26T07:44:26.844338
d59278bf-51e0-48e7-83e6-90511ff6a93e,Jamendo Track 156959,Jamendo Artist,2024,no,MTG-Jamendo,2026-08-26T07:44:26.844488
cc1dac8f-bbe9-4ada-937f-f88848c3ed0c,Jamendo Track 181804,Jamendo Artist,2024,no,MTG-Jamendo,2026-08-26T07:44:26.844601
b3404067-d3e8-41eb-a33e-414b713816d1,Jamendo Track 309856,Jamendo Artist,2024,no,MTG-Jamendo,2026-08-26T07:44:26.845265
b0e3cd97-47cc-403b-8657-e8416b564873,Jamendo Track 16749,Jamendo Artist,2024,no,MTG-Jamendo,2026-08-26T07:44:26.845675
719b52e6-1e47-4a46-bd27-cc4cee508016,Jamendo Track 218704,Jamendo Artist,2024,no,MTG-Jamendo,2026-08-26T07:44:26.845896
452d984f-eb6a-4d47-a375-aba493cf2b31,Jamendo Track 386145,Jamendo Artist,2024,no,MTG-Jamendo,2026-08-26T07:44:26.846057
a0430b52-e166-41b5-8229-9bec4fcd26b3,Jamendo Track 879175,Jamendo Artist,2024,no,MTG-Jamendo,2026-08-26T07:44:26.846248
3783ece1-1d37-41bd-93d5-52e054ab3266,Jamendo Track 49012,Jamendo Artist,2024,no,MTG-Jamendo,2026-08-26T07:44:26.846385
6fdcf6eb-949a-4243-be9a-708ed40bdb08,Jamendo Track 221973,Jamendo Artist,2024,no,MTG-Jamendo,2026-08-26T07:44:26.846507
dac703ac-ca3d-4695-9c65-edbec756d091,Jamendo Track 239364,Jamendo Artist,2024,no,MTG-Jamendo,2026-08-26T07:44:26.846625
fb0e8f62-61ee-4ec9-ac39-1d80bee525d6,Jamendo Track 77544,Jamendo Artist,2024,no,MTG-Jamendo,2026-08-26T07:44:26.846728
00ff147c-7a06-41c9-83d9-e6585d558959,Jamendo Track 20492,Jamendo Artist,2024,no,MTG-Jamendo,2026-08-26T07:44:26.846825
6013faf5-c466-4336-bb61-b521a83bc883,Jamendo Track 470559,Jamendo Artist,2024,no,MTG-Jamendo,2026-08-26T07:44:26.846939
4770a33e-e57e-45b1-8fcd-860ed57273fe,Jamendo Track 202382,Jamendo Artist,2024,no,MTG-Jamendo,2026-08-26T07:44:26.847048
68ee41e3-7f3e-410f-87a8-c7a1b388194f,Jamendo Track 274664,Jamendo Artist,2024,no,MTG-Jamendo,2026-08-26T07:44:26.847180
0f7bf7f0-2fe6-467b-b552-a1b3f2aa142c,Jamendo Track 397101,Jamendo Artist,2024,no,MTG-Jamendo,2026-08-26T07:44:26.847316
d8bb2c03-278f-43f0-a612-72ebefc70723,Jamendo Track 239806,Jamendo Artist,2024,no,MTG-Jamendo,2026-08-26T07:44:26.847428
89829428-ee53-41ff-8f90-3003b7f2d9ce,Jamendo Track 236302,Jamendo Artist,2024,no,MTG-Jamendo,2026-08-26T07:44:26.847536
edeee9b7-3e89-47a2-b343-ae875afe868c,Jamendo Track 202840,Jamendo Artist,2024,no,MTG-Jamendo,2026-08-26T07:44:26.847621
7a9d7e1f-d97d-491d-9464-0058ae2b8291,Jamendo Track 225025,Jamendo Artist,2024,no,MTG-Jamendo,2026-08-26T07:44:26.847699
38d181a6-f856-4dba-9567-fac75767a197,Jamendo Track 307875,Jamendo Artist,2024,no,MTG-Jamendo,2026-08-26T07:44:26.847789
34f90194-c784-4e7c-a90a-59aa41286132,Jamendo Track 22607,Jamendo Artist,2024,no,MTG-Jamendo,2026-08-26T07:44:26.847881
7f4b73f9-3f74-4dc3-89ce-30d710a69e5b,Jamendo Track 698573,Jamendo Artist,2024,no,MTG-Jamendo,2026-08-26T07:44:26.847985
6ef1d627-a426-4304-972c-cdc49a44d8f0,Jamendo Track 283380,Jamendo Artist,2024,no,MTG-Jamendo,2026-08-26T07:44:26.848101
e0a5cc8d-cf87-47ba-a32b-03f6e57c8e3e,Jamendo Track 163384,Jamendo Artist,2024,no,MTG-Jamendo,2026-08-26T07:44:26.848256
46debd0d-9058-4e44-8bef-4ab000d6dc3a,Jamendo Track 104523,Jamendo Artist,2024,no,MTG-Jamendo,2026-08-26T07:44:26.848373
74bfe0e5-35fa-4d96-ab94-bf53a868e10c,Jamendo Track 401458,Jamendo Artist,2024,no,MTG-Jamendo,2026-08-26T07:44:26.848481
91496d9a-1f9e-4553-80fe-2ae61f27cc0d,Jamendo Track 42326,Jamendo Artist,2024,no,MTG-Jamendo,2026-08-26T07:44:26.848585
5540b072-dd30-43c2-832e-93bc3bd7b7e5,Jamendo Track 172018,Jamendo Artist,2024,no,MTG-Jamendo,2026-08-26T07:44:26.848689
f0d5a88e-c11b-4a44-9f38-b77d4a0f2dd6,Jamendo Track 289022,Jamendo Artist,2024,no,MTG-Jamendo,2026-08-26T07:44:26.848797
23d0fca4-c22b-4035-b923-af6ab01b2a0a,Jamendo Track 363085,Jamendo Artist,2024,no,MTG-Jamendo,2026-08-26T07:44:26.848922
e20b61f6-c354-45a8-9590-5f7a66943290,Jamendo Track 311398,Jamendo Artist,2024,no,MTG-Jamendo,2026-08-26T07:44:26.849029
6a468636-25ed-4b9d-8ea8-47581b365953,Jamendo Track 365682,Jamendo Artist,2024,no,MTG-Jamendo,2026-08-26T07:44:26.849133
682e7bce-bbdd-46d8-9683-2feec4c94d4b,Jamendo Track 973755,Jamendo Artist,2024,no,MTG-Jamendo,2026-08-26T07:44:26.849281
1d260aa0-a4b0-4e03-b25d-d95e3ea9c6c2,Jamendo Track 274663,Jamendo Artist,2024,no,MTG-Jamendo,2026-08-26T07:44:26.849394
244fedbb-cbbf-4751-8f99-9ed40993a6b4,Jamendo Track 261122,Jamendo Artist,2024,no,MTG-Jamendo,2026-08-26T07:44:26.849500
8c20b1a1-b50d-4eb2-801e-4159d59fd1c6,Jamendo Track 156957,Jamendo Artist,2024,no,MTG-Jamendo,2026-08-26T07:44:26.849607
b062c196-87bb-49b0-b8aa-d7a7ee65af2f,Jamendo Track 180952,Jamendo Artist,2024,no,MTG-Jamendo,2026-08-26T07:44:26.849713
aea37c6a-8843-41a4-bf56-2f24bc02ddb9,Jamendo Track 1135988,Jamendo Artist,2024,no,MTG-Jamendo,2026-08-26T07:44:26.849827
39a0c3b9-3825-4e42-be56-e9d2a3cf32b3,Jamendo Track 240538,Jamendo Artist,2024,no,MTG-Jamendo,2026-08-26T07:44:26.849934
6a5db101-8a47-48ff-8e79-728f94c1524e,Jamendo Track 112442,Jamendo Artist,2024,no,MTG-Jamendo,2026-08-26T07:44:26.850040
96dd6281-5df9-40a0-81f4-ca3aaffec23f,Jamendo Track 273395,Jamendo Artist,2024,no,MTG-Jamendo,2026-08-26T07:44:26.850154
2826645d-d25b-44a0-8425-eaef93e0c1e7,Jamendo Track 220608,Jamendo Artist,2024,no,MTG-Jamendo,2026-08-26T07:44:26.850316
568e4f16-2211-42bf-879d-eb67971c73ed,Jamendo Track 1036235,Jamendo Artist,2024,no,MTG-Jamendo,2026-08-26T07:44:26.850437
6046bd49-fd30-45a5-be0b-39dd5ca46aa9,Jamendo Track 1105455,Jamendo Artist,2024,no,MTG-Jamendo,2026-08-26T07:44:26.850549
1718d29a-a905-4226-933d-c85b074cbfb7,Jamendo Track 1038148,Jamendo Artist,2024,no,MTG-Jamendo,2026-08-26T07:44:26.850661
f214faf1-2db2-417d-9d1b-e3c853ba13c7,Jamendo Track 431500,Jamendo Artist,2024,no,MTG-Jamendo,2026-08-26T07:44:26.850773
eed2f73f-b6a6-4692-99e6-18e0a25227b6,Jamendo Track 265242,Jamendo Artist,2024,no,MTG-Jamendo,2026-08-26T07:44:26.850884
35ef065c-0634-4799-be59-5f03d9c4027e,Jamendo Track 157642,Jamendo Artist,2024,no,MTG-Jamendo,2026-08-26T07:44:26.850993
7257228d-ac3e-4b38-8527-e68cc03b7863,Jamendo Track 38854,Jamendo Artist,2024,no,MTG-Jamendo,2026-08-26T07:44:26.851101
744cfddc-08a0-4e3a-a12e-e6f2bafa87e9,Jamendo Track 132948,Jamendo Artist,2024,no,MTG-Jamendo,2026-08-26T07:44:26.851228
739f6f8a-6158-4251-9650-3f97026de32d,Jamendo Track 1320264,Jamendo Artist,2024,no,MTG-Jamendo,2026-08-26T07:44:26.851355
7221074b-35a7-44c9-bbd5-92649f4dceb4,Jamendo Track 703358,Jamendo Artist,2024,no,MTG-Jamendo,2026-08-26T07:44:26.851461
750ec2b1-b3bd-4687-8b83-2fcc66d06538,Jamendo Track 285978,Jamendo Artist,2024,no,MTG-Jamendo,2026-08-26T07:44:26.851562
0efdcef3-6d33-437c-bf68-9513000c8199,Jamendo Track 42335,Jamendo Artist,2024,no,MTG-Jamendo,2026-08-26T07:44:26.851667
cbc83a09-fc8a-418f-a566-a472081dcda5,Jamendo Track 124984,Jamendo Artist,2024,no,MTG-Jamendo,2026-08-26T07:44:26.851772
28c7183f-05f6-438f-b665-8fb0a9ed1c3e,Jamendo Track 81917,Jamendo Artist,2024,no,MTG-Jamendo,2026-08-26T07:44:26.851881
5f0bef23-2282-4ed1-8e76-857c0801e996,Jamendo Track 15478,Jamendo Artist,2024,no,MTG-Jamendo,2026-08-26T07:44:26.851988
6c8cf440-224a-49cb-bcd9-24945c2522ed,Jamendo Track 455019,Jamendo Artist,2024,no,MTG-Jamendo,2026-08-26T07:44:26.852088
9172a874-e9c1-4164-ab12-150bc8e3eff9,Jamendo Track 191377,Jamendo Artist,2024,no,MTG-Jamendo,2026-08-26T07:44:26.852200
d06ca579-4563-4e6c-8911-3c7297053a14,Jamendo Track 16553,Jamendo Artist,2024,no,MTG-Jamendo,2026-08-26T07:44:26.852308
7a1f8014-b297-4ccf-b727-993ab7d5c507,Jamendo Track 213202,Jamendo Artist,2024,no,MTG-Jamendo,2026-08-26T07:44:26.852447
df3b66c8-c3b3-4a6a-b152-5c331689e00c,Jamendo Track 223901,Jamendo Artist,2024,no,MTG-Jamendo,2026-08-26T07:44:26.852563
dc8843f1-55e4-4f95-980b-4b217392e397,Jamendo Track 428528,Jamendo Artist,2024,no,MTG-Jamendo,2026-08-26T07:44:26.852673
32d50291-c26c-4be2-a554-5f4a9c24e401,Jamendo Track 7199,Jamendo Artist,2024,no,MTG-Jamendo,2026-08-26T07:44:26.852780
fead2f50-8b95-4913-93d8-e2e430611020,Jamendo Track 362492,Jamendo Artist,2024,no,MTG-Jamendo,2026-08-26T07:44:26.852887
89739b95-4898-4785-937e-266cd17decd2,Jamendo Track 240488,Jamendo Artist,2024,no,MTG-Jamendo,2026-08-26T07:44:26.852997
93872653-89e0-4c4f-b6d6-9389e37c6419,Jamendo Track 1064728,Jamendo Artist,2024,no,MTG-Jamendo,2026-08-26T07:44:26.853104
49c055ea-65d4-42ab-b83d-f1cf409c6629,Jamendo Track 916983,Jamendo Artist,2024,no,MTG-Jamendo,2026-08-26T07:44:26.853230
ce353cd5-4a22-40dc-b221-cd5bfcde278b,Jamendo Track 427256,Jamendo Artist,2024,no,MTG-Jamendo,2026-08-26T07:44:26.853357
5ba24d5d-7abf-4f6b-a04b-0ef321295635,Jamendo Track 432290,Jamendo Artist,2024,no,MTG-Jamendo,2026-08-26T07:44:26.853464
682470f8-4dee-4d4d-ad01-40d3d8e6b263,Jamendo Track 503998,Jamendo Artist,2024,no,MTG-Jamendo,2026-08-26T07:44:26.853568
b534ce18-1df7-4095-9c8f-b481066fc023,Jamendo Track 6153,Jamendo Artist,2024,no,MTG-Jamendo,2026-08-26T07:44:26.853674
35cb6ae2-beea-43a9-8e52-62a870acac73,Jamendo Track 284231,Jamendo Artist,2024,no,MTG-Jamendo,2026-08-26T07:44:26.853780
06b1861a-ce1b-4595-aafa-a2de4a4c575f,Jamendo Track 222442,Jamendo Artist,2024,no,MTG-Jamendo,2026-08-26T07:44:26.853888
5f449bcc-e620-4476-bcae-1ece8b8b4485,Jamendo Track 175341,Jamendo Artist,2024,no,MTG-Jamendo,2026-08-26T07:44:26.853999
aaf84a6c-51da-4061-9684-a4a885e42c1f,Jamendo Track 1119033,Jamendo Artist,2024,no,MTG-Jamendo,2026-08-26T07:44:26.854108
31a2b629-64e0-40d8-b573-a3348eb27d7f,Jamendo Track 390814,Jamendo Artist,2024,no,MTG-Jamendo,2026-08-26T07:44:26.854254
f832f8aa-2aca-47d6-8586-3862dd0d9872,Jamendo Track 259287,Jamendo Artist,2024,no,MTG-Jamendo,2026-08-26T07:44:26.854369
b09e0e66-b909-4dc2-bcba-836d87c8136e,Jamendo Track 225782,Jamendo Artist,2024,no,MTG-Jamendo,2026-08-26T07:44:26.854478
1b891d68-a1b7-411d-8a7f-d3e2720497e3,Jamendo Track 568183,Jamendo Artist,2024,no,MTG-Jamendo,2026-08-26T07:44:26.854596
6ad382a7-5acb-4c25-9bb6-ddc01db56765,Jamendo Track 7583,Jamendo Artist,2024,no,MTG-Jamendo,2026-08-26T07:44:26.854702
91a7198c-38ac-4a2f-aaea-5ff84ce9c037,Jamendo Track 1064721,Jamendo Artist,2024,no,MTG-Jamendo,2026-08-26T07:44:26.854810
b35f01a3-1196-49c4-a211-44e7ca9d0279,Jamendo Track 40155,Jamendo Artist,2024,no,MTG-Jamendo,2026-08-26T07:44:26.854918
d0cd7b51-4601-424b-9304-215b685483f8,Jamendo Track 753095,Jamendo Artist,2024,no,MTG-Jamendo,2026-08-26T07:44:26.855021
dcacc89f-7ecc-42ef-be47-6a2e5b8bd5b9,Jamendo Track 149054,Jamendo Artist,2024,no,MTG-Jamendo,2026-08-26T07:44:26.855126
3ae9a3fb-6541-46d4-877f-c66d40eeaffc,Jamendo Track 235455,Jamendo Artist,2024,no,MTG-Jamendo,2026-08-26T07:44:26.855264
cc2ecc80-3e87-4d83-9f55-900f600dabad,Jamendo Track 312445,Jamendo Artist,2024,no,MTG-Jamendo,2026-08-26T07:44:26.855376
c5ba2e25-e6f7-4d4e-9968-3f603022b108,Jamendo Track 153575,Jamendo Artist,2024,no,MTG-Jamendo,2026-08-26T07:44:26.855482
897df4f6-45d5-4584-95a6-999003097eee,Jamendo Track 149529,Jamendo Artist,2024,no,MTG-Jamendo,2026-08-26T07:44:26.855588
84795aad-c787-49b7-bb8b-9079871ef0e2,Jamendo Track 8682,Jamendo Artist,2024,no,MTG-Jamendo,2026-08-26T07:44:26.855691
35f0315d-9851-4cae-a066-4c8606f87b7e,Jamendo Track 308494,Jamendo Artist,2024,no,MTG-Jamendo,2026-08-26T07:44:26.855805
27ddea6a-91ad-428b-ad5f-9a5c0b9fe2df,Jamendo Track 324385,Jamendo Artist,2024,no,MTG-Jamendo,2026-08-26T07:44:26.855912
97f78bd8-2b9e-44a6-ad18-e33a7f5a7b59,Jamendo Track 229014,Jamendo Artist,2024,no,MTG-Jamendo,2026-08-26T07:44:26.856016
8f9c8afe-79ce-4dfd-85e3-99eef9104be1,Jamendo Track 973730,Jamendo Artist,2024,no,MTG-Jamendo,2026-08-26T07:44:26.856123
774f581f-2f6c-45c7-865c-1a8cbb928dc2,Jamendo Track 1095490,Jamendo Artist,2024,no,MTG-Jamendo,2026-08-26T07:44:26.856269
bf346246-166a-4c92-b030-96e462ff75c5,Jamendo Track 45565,Jamendo Artist,2024,no,MTG-Jamendo,2026-08-26T07:44:26.856363
4fff39ab-e8d4-44f6-8fb3-a34105fb36d4,Jamendo Track 453852,Jamendo Artist,2024,no,MTG-Jamendo,2026-08-26T07:44:26.856438
769793cb-2744-4341-b22f-428081290c07,Jamendo Track 48065,Jamendo Artist,2024,no,MTG-Jamendo,2026-08-26T07:44:26.856529
a4f1a4c9-e81f-4f9c-a287-85589812fbb3,Jamendo Track 1067027,Jamendo Artist,2024,no,MTG-Jamendo,2026-08-26T07:44:26.856643
fd1a7292-754e-4401-9c40-236547c9e549,Jamendo Track 133100,Jamendo Artist,2024,no,MTG-Jamendo,2026-08-26T07:44:26.856750
5104d090-dc95-4cfc-a2ea-30a4bc4906a0,Jamendo Track 362419,Jamendo Artist,2024,no,MTG-Jamendo,2026-08-26T07:44:26.856857
ecb5449e-b9d9-4409-af89-a99b424bb80b,Jamendo Track 1095497,Jamendo Artist,2024,no,MTG-Jamendo,2026-08-26T07:44:26.856958
70044c6b-6727-4cac-9a50-f4c0955a9cde,Jamendo Track 10374,Jamendo Artist,2024,no,MTG-Jamendo,2026-08-26T07:44:26.857059
4f1732d6-19ed-4871-8ab3-416e28bddda5,Jamendo Track 167205,Jamendo Artist,2024,no,MTG-Jamendo,2026-08-26T07:44:26.857183
536f19c1-3786-489c-849e-ebeb51671b0d,Jamendo Track 933956,Jamendo Artist,2024,no,MTG-Jamendo,2026-08-26T07:44:26.857352
bcfcb296-2e48-4e52-9e23-274d0d73fd5e,Jamendo Track 285259,Jamendo Artist,2024,no,MTG-Jamendo,2026-08-26T07:44:26.857471
3b97323d-ac51-44c2-8614-161f2149529c,Jamendo Track 10572,Jamendo Artist,2024,no,MTG-Jamendo,2026-08-26T07:44:26.857589
4c4b9930-f828-4e59-acda-b7dee2c7067e,Jamendo Track 242145,Jamendo Artist,2024,no,MTG-Jamendo,2026-08-26T07:44:26.857695
c0517258-1b6b-4248-91c0-fd910703d92f,Jamendo Track 146991,Jamendo Artist,2024,no,MTG-Jamendo,2026-08-26T07:44:26.857811
6402e703-008d-4fcd-bb7c-30b1aa3c04bd,Jamendo Track 768646,Jamendo Artist,2024,no,MTG-Jamendo,2026-08-26T07:44:26.857918
cce00a4c-851e-4b72-9da2-43d970d81689,Jamendo Track 284259,Jamendo Artist,2024,no,MTG-Jamendo,2026-08-26T07:44:26.858023
973f3b88-29d2-46f2-b308-c4a3aa91c806,Jamendo Track 242,Jamendo Artist,2024,no,MTG-Jamendo,2026-08-26T07:44:26.858133
7ac772dd-e074-454f-9f0e-f65617c797f0,Jamendo Track 431453,Jamendo Artist,2024,no,MTG-Jamendo,2026-08-26T07:44:26.858298
e51ff952-c488-41c9-9b51-be457b908e72,Jamendo Track 179686,Jamendo Artist,2024,no,MTG-Jamendo,2026-08-26T07:44:26.858411
17ab06fc-c7f1-455a-a56f-0f3d5f87128f,Jamendo Track 753083,Jamendo Artist,2024,no,MTG-Jamendo,2026-08-26T07:44:26.858518
2914d87c-42db-4545-838e-47e0e9a868fd,Jamendo Track 1163921,Jamendo Artist,2024,no,MTG-Jamendo,2026-08-26T07:44:26.858624
7114bdc2-5761-45da-b5ad-7f5a06448b12,Jamendo Track 18502,Jamendo Artist,2024,no,MTG-Jamendo,2026-08-26T07:44:26.858730
6aef4341-f071-47f1-9b40-f8eeb76cd824,Jamendo Track 668789,Jamendo Artist,2024,no,MTG-Jamendo,2026-08-26T07:44:26.858874
a7d18933-737f-4c5a-a1b6-072a9da41143,Jamendo Track 35353,Jamendo Artist,2024,no,MTG-Jamendo,2026-08-26T07:44:26.858986
e8d2494a-dca0-4d6a-917d-77b09fcd076e,Jamendo Track 532439,Jamendo Artist,2024,no,MTG-Jamendo,2026-08-26T07:44:26.859125
29cadd44-c701-4993-a9b0-bd8bb6bafbc3,Jamendo Track 16838,Jamendo Artist,2024,no,MTG-Jamendo,2026-08-26T07:44:26.859269
75d5d253-933a-4abb-b4de-8ea3ebb40f63,Jamendo Track 443372,Jamendo Artist,2024,no,MTG-Jamendo,2026-08-26T07:44:26.859382
441fc521-1132-46ca-b13f-c8a66797cddf,Jamendo Track 1067034,Jamendo Artist,2024,no,MTG-Jamendo,2026-08-26T07:44:26.859490
41308d80-6580-4df8-b055-c4cf903802bb,Jamendo Track 531182,Jamendo Artist,2024,no,MTG-Jamendo,2026-08-26T07:44:26.859606
38b38b40-956e-414c-b0ed-d1800981fde2,Jamendo Track 1041678,Jamendo Artist,2024,no,MTG-Jamendo,2026-08-26T07:44:26.859728
927c6c86-9a2d-4e28-a2fa-68ab96103e16,Jamendo Track 350430,Jamendo Artist,2024,no,MTG-Jamendo,2026-08-26T07:44:26.859855
0de6b884-f491-427c-bb83-89bbbedd3bdc,Jamendo Track 381188,Jamendo Artist,2024,no,MTG-Jamendo,2026-08-26T07:44:26.860504
59c2d98d-d938-48fa-9b54-20ddc1cfafd9,Jamendo Track 147297,Jamendo Artist,2024,no,MTG-Jamendo,2026-08-26T07:44:26.860769
f5ce4d1e-337e-4d38-8966-6ec0f6c98cc3,Jamendo Track 159197,Jamendo Artist,2024,no,MTG-Jamendo,2026-08-26T07:44:26.860892
421d8a3a-ea62-4c1d-a1cc-13270aa6afff,Jamendo Track 263651,Jamendo Artist,2024,no,MTG-Jamendo,2026-08-26T07:44:26.861032
1431f30c-e5c2-45c1-8781-3b03971b00be,Jamendo Track 967156,Jamendo Artist,2024,no,MTG-Jamendo,2026-08-26T07:44:26.861366
650d6b4e-e3ff-4140-9f56-b580770277da,Jamendo Track 332857,Jamendo Artist,2024,no,MTG-Jamendo,2026-08-26T07:44:26.861548
4fd5c5e5-6419-414d-93d3-5f59b3d833a6,Jamendo Track 7197,Jamendo Artist,2024,no,MTG-Jamendo,2026-08-26T07:44:26.861670
54a02774-a2cc-491c-b38e-0a9090d503ba,Jamendo Track 1129575,Jamendo Artist,2024,no,MTG-Jamendo,2026-08-26T07:44:26.861788
b5e59ba9-88f4-4e6b-99a2-2f61047c1d82,Jamendo Track 44426,Jamendo Artist,2024,no,MTG-Jamendo,2026-08-26T07:44:26.861901
9e5ed74f-5ec4-47cc-b708-14aa952111cb,Jamendo Track 191401,Jamendo Artist,2024,no,MTG-Jamendo,2026-08-26T07:44:26.862010
48c9baa1-8cf6-4e6e-b239-19e50501a8b4,Jamendo Track 182659,Jamendo Artist,2024,no,MTG-Jamendo,2026-08-26T07:44:26.862121
9a75eb69-a539-4603-a42c-855993543002,Jamendo Track 311401,Jamendo Artist,2024,no,MTG-Jamendo,2026-08-26T07:44:26.862295
0775bcd2-f6af-4eed-98e6-5443d82b9c6d,Jamendo Track 271267,Jamendo Artist,2024,no,MTG-Jamendo,2026-08-26T07:44:26.862406
f92e64c4-46e4-401c-8480-6cb386c0194b,Jamendo Track 153599,Jamendo Artist,2024,no,MTG-Jamendo,2026-08-26T07:44:26.862518
204e65c0-1372-4da5-840b-99ff5b4c2e36,Jamendo Track 205385,Jamendo Artist,2024,no,MTG-Jamendo,2026-08-26T07:44:26.862627
2d30bc4d-80fb-4713-8c86-21d701261b4a,Jamendo Track 763,Jamendo Artist,2024,no,MTG-Jamendo,2026-08-26T07:44:26.862735
428341c1-921e-4b37-b8f8-f37ec83e0fed,Jamendo Track 1416872,Jamendo Artist,2024,no,MTG-Jamendo,2026-08-26T07:44:26.862842
ef18ecc2-25cf-4bf7-9562-ac38b5cdf09c,Jamendo Track 236247,Jamendo Artist,2024,no,MTG-Jamendo,2026-08-26T07:44:26.862943
7c9366ff-b70b-4924-9dc5-3c534909239a,Jamendo Track 1112064,Jamendo Artist,2024,no,MTG-Jamendo,2026-08-26T07:44:26.863045
7abe86fd-dd89-40c9-8037-3ffad8dd7c1f,Jamendo Track 133263,Jamendo Artist,2024,no,MTG-Jamendo,2026-08-26T07:44:26.863181
1326b0b7-8a4c-4f26-aefa-7eb265d68963,Jamendo Track 698553,Jamendo Artist,2024,no,MTG-Jamendo,2026-08-26T07:44:26.863294
6dcf6c5e-8703-46ff-af45-217cb0d72072,Jamendo Track 1402642,Jamendo Artist,2024,no,MTG-Jamendo,2026-08-26T07:44:26.863399
1ecdd2fc-a86a-4f00-8ac5-1081f8eae8f0,Jamendo Track 193517,Jamendo Artist,2024,no,MTG-Jamendo,2026-08-26T07:44:26.863503
9af3e4a4-7774-4bba-b838-879983fef31a,Jamendo Track 57061,Jamendo Artist,2024,no,MTG-Jamendo,2026-08-26T07:44:26.863605
376514bf-5b65-40b6-a52e-7da6c24b72f8,Jamendo Track 558410,Jamendo Artist,2024,no,MTG-Jamendo,2026-08-26T07:44:26.863711
6485eeb5-1cc4-4067-9431-3710094ad73d,Jamendo Track 82290,Jamendo Artist,2024,no,MTG-Jamendo,2026-08-26T07:44:26.863816
7ab50152-45cc-4972-a32d-8aeebbee9007,Jamendo Track 3454,Jamendo Artist,2024,no,MTG-Jamendo,2026-08-26T07:44:26.863917
081d08ab-c01a-42a2-96ea-b1d78ce9586f,Jamendo Track 205439,Jamendo Artist,2024,no,MTG-Jamendo,2026-08-26T07:44:26.864018
a732b426-81e8-4e96-af16-fdc1b74dbc1e,Jamendo Track 429043,Jamendo Artist,2024,no,MTG-Jamendo,2026-08-26T07:44:26.864119
bf3dcf13-4001-4b6e-8e10-43a39bb64f89,Jamendo Track 558417,Jamendo Artist,2024,no,MTG-Jamendo,2026-08-26T07:44:26.864276
31759e9d-95b5-4dd1-bd51-2082d496e64e,Jamendo Track 179542,Jamendo Artist,2024,no,MTG-Jamendo,2026-08-26T07:44:26.864389
374dd400-8cd1-46b7-867e-f8ec9964e10e,Jamendo Track 123450,Jamendo Artist,2024,no,MTG-Jamendo,2026-08-26T07:44:26.864504
2060e084-1515-49d4-964a-fbb7cfdef33e,Jamendo Track 253900,Jamendo Artist,2024,no,MTG-Jamendo,2026-08-26T07:44:26.864606
de8a6e40-738f-438f-a642-349c51343499,Jamendo Track 25998,Jamendo Artist,2024,no,MTG-Jamendo,2026-08-26T07:44:26.864715
ca673c10-b9c7-4c51-84a3-9f37a39cd82a,Jamendo Track 660455,Jamendo Artist,2024,no,MTG-Jamendo,2026-08-26T07:44:26.864809
68ea7c56-594b-4394-9669-042c31561e9a,Jamendo Track 698501,Jamendo Artist,2024,no,MTG-Jamendo,2026-08-26T07:44:26.864918
3ae5737a-fec9-47d8-9e72-8d7a1844dd5e,Jamendo Track 443384,Jamendo Artist,2024,no,MTG-Jamendo,2026-08-26T07:44:26.865021
461ea7e0-a8c6-4d8c-8d53-21d3eb7510d7,Jamendo Track 781632,Jamendo Artist,2024,no,MTG-Jamendo,2026-08-26T07:44:26.865125
40999db8-1116-4cf6-bbc8-5dc0a4aa28b3,Jamendo Track 1129605,Jamendo Artist,2024,no,MTG-Jamendo,2026-08-26T07:44:26.865272
df098318-5a9b-425c-a0d5-172c7b25e565,Jamendo Track 129542,Jamendo Artist,2024,no,MTG-Jamendo,2026-08-26T07:44:26.865380
0348611f-6b34-4886-9f54-0c28ded694ab,Jamendo Track 159199,Jamendo Artist,2024,no,MTG-Jamendo,2026-08-26T07:44:26.865470
70eeb986-5b2f-47c6-8d9f-06fc603e0458,Jamendo Track 1374064,Jamendo Artist,2024,no,MTG-Jamendo,2026-08-26T07:44:26.865552
c50bd5b8-7390-4ae4-b840-9eee9ac6e7e3,Jamendo Track 5700,Jamendo Artist,2024,no,MTG-Jamendo,2026-08-26T07:44:26.865660
771dac65-07be-48ad-9c28-a9562b3f3d22,Jamendo Track 220598,Jamendo Artist,2024,no,MTG-Jamendo,2026-08-26T07:44:26.865740
86ecab01-9581-47ed-8a37-35cc9868eeb7,Jamendo Track 94877,Jamendo Artist,2024,no,MTG-Jamendo,2026-08-26T07:44:26.865843
319a2967-4504-496a-897e-f6fa26187bc2,Jamendo Track 430755,Jamendo Artist,2024,no,MTG-Jamendo,2026-08-26T07:44:26.865947
495c5f3f-c29d-456b-a371-bfe2fc667a7c,Jamendo Track 740332,Jamendo Artist,2024,no,MTG-Jamendo,2026-08-26T07:44:26.866050
fd352145-461e-4e14-9ea7-6974f779bff6,Jamendo Track 16558,Jamendo Artist,2024,no,MTG-Jamendo,2026-08-26T07:44:26.866191
3c421c13-46e8-4a33-8b76-03b7d8f520d1,Jamendo Track 396920,Jamendo Artist,2024,no,MTG-Jamendo,2026-08-26T07:44:26.866307
74617363-52d7-4735-837a-340cf75966e4,Jamendo Track 170534,Jamendo Artist,2024,no,MTG-Jamendo,2026-08-26T07:44:26.866421
d9cf79e1-a43a-44b0-847e-a7aeba2bd64a,Jamendo Track 134790,Jamendo Artist,2024,no,MTG-Jamendo,2026-08-26T07:44:26.866533
030f3c93-cc00-450a-b76e-4044f4d9cc80,Jamendo Track 10564,Jamendo Artist,2024,no,MTG-Jamendo,2026-08-26T07:44:26.866848
4da695db-95fd-4983-97e0-05211d691c6d,Jamendo Track 468167,Jamendo Artist,2024,no,MTG-Jamendo,2026-08-26T07:44:26.867359
3bdd9c05-1f78-4321-969c-b29e71827c97,Jamendo Track 159293,Jamendo Artist,2024,no,MTG-Jamendo,2026-08-26T07:44:26.867590
359ff52f-8a54-4ced-b68e-3ef6384b5d32,Jamendo Track 38846,Jamendo Artist,2024,no,MTG-Jamendo,2026-08-26T07:44:26.867776
f6f78496-ca66-479f-b952-f90d20153f62,Jamendo Track 376644,Jamendo Artist,2024,no,MTG-Jamendo,2026-08-26T07:44:26.867913
0ad8181f-238d-4ff2-a7a2-fdf443583fcc,Jamendo Track 90407,Jamendo Artist,2024,no,MTG-Jamendo,2026-08-26T07:44:26.868036
58b84464-ff56-4d2e-8ac2-b64f41e24897,Jamendo Track 233262,Jamendo Artist,2024,no,MTG-Jamendo,2026-08-26T07:44:26.868153
71f4dbbf-caa1-4377-a59b-7ef5a42e84a3,Jamendo Track 173082,Jamendo Artist,2024,no,MTG-Jamendo,2026-08-26T07:44:26.869121
46853553-17e2-4c9f-a863-506703c1110f,Jamendo Track 312678,Jamendo Artist,2024,no,MTG-Jamendo,2026-08-26T07:44:26.869286
5573eccf-fff7-4276-9471-86c20ccd502d,Jamendo Track 180531,Jamendo Artist,2024,no,MTG-Jamendo,2026-08-26T07:44:26.869409
9182f671-36bb-4781-9eda-9bdbe34809db,Jamendo Track 261121,Jamendo Artist,2024,no,MTG-Jamendo,2026-08-26T07:44:26.869526
3bbe43cd-1695-4f7f-9000-0b5e1d3c5379,Jamendo Track 968026,Jamendo Artist,2024,no,MTG-Jamendo,2026-08-26T07:44:26.869638
fbc001fb-4c68-48e2-a765-df6623c455f4,Jamendo Track 16845,Jamendo Artist,2024,no,MTG-Jamendo,2026-08-26T07:44:26.869750
c8c0e104-ddc0-44e3-8b4e-feef254e9fdf,Jamendo Track 26737,Jamendo Artist,2024,no,MTG-Jamendo,2026-08-26T07:44:26.869857
c4ad55e6-b7ce-408c-a7d8-cadb1ec9dcbb,Jamendo Track 324387,Jamendo Artist,2024,no,MTG-Jamendo,2026-08-26T07:44:26.869967
b30e7541-2724-4fcb-bcad-1358da335462,Jamendo Track 165049,Jamendo Artist,2024,no,MTG-Jamendo,2026-08-26T07:44:26.870076
1fa5dede-30eb-4ba5-b547-4275523ee7bd,Jamendo Track 220597,Jamendo Artist,2024,no,MTG-Jamendo,2026-08-26T07:44:26.870220
9415464d-96b4-4a9b-8714-e48130509530,Jamendo Track 337996,Jamendo Artist,2024,no,MTG-Jamendo,2026-08-26T07:44:26.870349
0390f85d-0dc4-4d3e-b932-ff2925a5f12d,Jamendo Track 225773,Jamendo Artist,2024,no,MTG-Jamendo,2026-08-26T07:44:26.870471
7456740a-1972-4704-8418-879942006126,Jamendo Track 44913,Jamendo Artist,2024,no,MTG-Jamendo,2026-08-26T07:44:26.870577
57cc8ee0-ab86-4492-8656-73899d966ae9,Jamendo Track 175092,Jamendo Artist,2024,no,MTG-Jamendo,2026-08-26T07:44:26.870686
c9a28821-ee6f-4994-b3fa-32503bf6c806,Jamendo Track 163767,Jamendo Artist,2024,no,MTG-Jamendo,2026-08-26T07:44:26.871097
22223197-4786-401a-861b-657743a4a953,Jamendo Track 139740,Jamendo Artist,2024,no,MTG-Jamendo,2026-08-26T07:44:26.871346
7af210b2-c4ca-40d6-8a07-8f43d0461372,Jamendo Track 1075101,Jamendo Artist,2024,no,MTG-Jamendo,2026-08-26T07:44:26.871485
70eeef6d-cdd1-42e5-915d-a3dfd812a104,Jamendo Track 395258,Jamendo Artist,2024,no,MTG-Jamendo,2026-08-26T07:44:26.871598
0444b670-808c-44e8-af81-517c2a9ae365,Jamendo Track 106545,Jamendo Artist,2024,no,MTG-Jamendo,2026-08-26T07:44:26.871721
11c7aa77-fc7d-4a55-9c45-8a49769fb7ec,Jamendo Track 44425,Jamendo Artist,2024,no,MTG-Jamendo,2026-08-26T07:44:26.871814
6aa9bec5-faaa-43a5-b1d5-3e3584ed288e,Jamendo Track 1042066,Jamendo Artist,2024,no,MTG-Jamendo,2026-08-26T07:44:26.871905
0731aba8-8b00-493a-af39-41278a2bebd3,Jamendo Track 285256,Jamendo Artist,2024,no,MTG-Jamendo,2026-08-26T07:44:26.871992
4bfbaae4-2f19-4991-82f4-19d7db787bd6,Jamendo Track 208147,Jamendo Artist,2024,no,MTG-Jamendo,2026-08-26T07:44:26.872082
63bdd115-7a2b-452d-b89f-62655cf94e26,Jamendo Track 1060002,Jamendo Artist,2024,no,MTG-Jamendo,2026-08-26T07:44:26.872227
85691fe0-3262-4091-af5f-ea80a3ad9ad5,Jamendo Track 76953,Jamendo Artist,2024,no,MTG-Jamendo,2026-08-26T07:44:26.872332
636dee48-9d08-4bf5-9515-7eab721b2cef,Jamendo Track 215758,Jamendo Artist,2024,no,MTG-Jamendo,2026-08-26T07:44:26.872430
fea2ebd3-ea5d-4a00-b01a-2d13158cc933,Jamendo Track 484443,Jamendo Artist,2024,no,MTG-Jamendo,2026-08-26T07:44:26.872528
4099061c-5f93-4628-a9ac-47b0ab1b4928,Jamendo Track 1377212,Jamendo Artist,2024,no,MTG-Jamendo,2026-08-26T07:44:26.872624
579a9ff5-43ea-45ea-a716-6fcf4b176ff9,Jamendo Track 1169135,Jamendo Artist,2024,no,MTG-Jamendo,2026-08-26T07:44:26.872750
a664f29d-9784-445e-8ed7-20b459490aea,Jamendo Track 285257,Jamendo Artist,2024,no,MTG-Jamendo,2026-08-26T07:44:26.872853
727776b7-91cd-4cdf-bdca-957318c0ef67,Jamendo Track 138034,Jamendo Artist,2024,no,MTG-Jamendo,2026-08-26T07:44:26.872955
af8ae34c-fd71-4c1f-bd62-cf813263f027,Jamendo Track 287669,Jamendo Artist,2024,no,MTG-Jamendo,2026-08-26T07:44:26.873067
49609b67-0c49-48bc-bc49-3dc90488669c,Jamendo Track 396922,Jamendo Artist,2024,no,MTG-Jamendo,2026-08-26T07:44:26.873235
6e35c921-519b-4f8e-acfc-5fdbc03335cf,Jamendo Track 985176,Jamendo Artist,2024,no,MTG-Jamendo,2026-08-26T07:44:26.873355
ebc18520-ffdd-4a3a-a1ed-d551e9891680,Jamendo Track 451267,Jamendo Artist,2024,no,MTG-Jamendo,2026-08-26T07:44:26.873471
ff0b5262-7553-45e9-bc4d-f82188e7698e,Jamendo Track 315320,Jamendo Artist,2024,no,MTG-Jamendo,2026-08-26T07:44:26.873579
d2aa0843-d09e-44c2-b91e-9a052cfcb4cf,Jamendo Track 508896,Jamendo Artist,2024,no,MTG-Jamendo,2026-08-26T07:44:26.873693
11e381f6-c0da-48b3-bfd4-e35db86a17b0,Jamendo Track 449900,Jamendo Artist,2024,no,MTG-Jamendo,2026-08-26T07:44:26.873800
7ac7d671-a533-48b1-a051-a651efb00117,Jamendo Track 254522,Jamendo Artist,2024,no,MTG-Jamendo,2026-08-26T07:44:26.873905
00426a2a-f86a-4976-af47-7376bf69e6e0,Jamendo Track 594846,Jamendo Artist,2024,no,MTG-Jamendo,2026-08-26T07:44:26.874012
0475e28f-1ee4-44e3-acd6-bfc07b5d6be9,Jamendo Track 26024,Jamendo Artist,2024,no,MTG-Jamendo,2026-08-26T07:44:26.874101
4e3ae930-2e80-49a0-9a90-bbc41853dc29,Jamendo Track 284284,Jamendo Artist,2024,no,MTG-Jamendo,2026-08-26T07:44:26.874222
d9d9a08a-3186-48ba-8783-2e9e4cd4ecd6,Jamendo Track 295818,Jamendo Artist,2024,no,MTG-Jamendo,2026-08-26T07:44:26.874337
13d93e6a-7c74-4890-8056-6c3f3b190f40,Jamendo Track 161539,Jamendo Artist,2024,no,MTG-Jamendo,2026-08-26T07:44:26.874433
61426b24-8f16-4cee-b1ad-de7e4dadd90a,Jamendo Track 1069489,Jamendo Artist,2024,no,MTG-Jamendo,2026-08-26T07:44:26.874512
fd0018e9-7a8b-464e-a8c7-43fd82c22183,Jamendo Track 238538,Jamendo Artist,2024,no,MTG-Jamendo,2026-08-26T07:44:26.874584
24efdf48-bcf1-4ffc-966e-d1d515809332,Jamendo Track 190667,Jamendo Artist,2024,no,MTG-Jamendo,2026-08-26T07:44:26.874692
b89d2f7f-c22c-4ff7-8571-e366674f18d1,Jamendo Track 167225,Jamendo Artist,2024,no,MTG-Jamendo,2026-08-26T07:44:26.874804
a9ff5c3b-0ab3-4254-a3b3-dfdd1739fc03,Jamendo Track 276988,Jamendo Artist,2024,no,MTG-Jamendo,2026-08-26T07:44:26.874907
af2eb376-6b21-48b3-95bc-a9ad7ae6eb5e,Jamendo Track 102874,Jamendo Artist,2024,no,MTG-Jamendo,2026-08-26T07:44:26.875016
1a56e1e0-dcd2-4c3f-a887-04633895e18e,Jamendo Track 217416,Jamendo Artist,2024,no,MTG-Jamendo,2026-08-26T07:44:26.875125
4f0d0e4b-a3f9-4c78-b9f9-0f1174291f38,Jamendo Track 259931,Jamendo Artist,2024,no,MTG-Jamendo,2026-08-26T07:44:26.875291
9f153dc6-7009-4cec-a30e-1ef95a7f3b5d,Jamendo Track 7547,Jamendo Artist,2024,no,MTG-Jamendo,2026-08-26T07:44:26.875410
348b03d6-bb88-45bf-a631-2bb3a54bc8d5,Jamendo Track 245461,Jamendo Artist,2024,no,MTG-Jamendo,2026-08-26T07:44:26.875522
a6fff774-de02-4d6d-bbfa-6c18ef98997b,Jamendo Track 95412,Jamendo Artist,2024,no,MTG-Jamendo,2026-08-26T07:44:26.875648
3a082f26-3279-42e7-9d31-449e8a57efb6,Jamendo Track 208287,Jamendo Artist,2024,no,MTG-Jamendo,2026-08-26T07:44:26.875762
0a6a9c45-316f-4ac5-8508-fa370d90c29a,Jamendo Track 3442,Jamendo Artist,2024,no,MTG-Jamendo,2026-08-26T07:44:26.875873
396436f9-3ba8-43ef-a242-c7a8e32dced1,Jamendo Track 3906,Jamendo Artist,2024,no,MTG-Jamendo,2026-08-26T07:44:26.875987
30d82770-0bb8-4bef-ab04-d9201afe9802,Jamendo Track 365563,Jamendo Artist,2024,no,MTG-Jamendo,2026-08-26T07:44:26.876102
676f95af-1994-4602-ae29-8085eb331086,Jamendo Track 239653,Jamendo Artist,2024,no,MTG-Jamendo,2026-08-26T07:44:26.876251
54fe2fba-4913-450e-97e6-81accad15cb3,Jamendo Track 767397,Jamendo Artist,2024,no,MTG-Jamendo,2026-08-26T07:44:26.876372
596d506a-78c5-47c5-8ed5-fa7ea16b88fd,Jamendo Track 273605,Jamendo Artist,2024,no,MTG-Jamendo,2026-08-26T07:44:26.876485
3e573445-cfbd-4299-ab1b-34f7d049890d,Jamendo Track 92633,Jamendo Artist,2024,no,MTG-Jamendo,2026-08-26T07:44:26.876597
9cb061ca-0fee-43dd-8e6e-b1da96f5bd81,Jamendo Track 191383,Jamendo Artist,2024,no,MTG-Jamendo,2026-08-26T07:44:26.876723
525fd8ec-ab1c-401b-a895-43808a9c879b,Jamendo Track 432289,Jamendo Artist,2024,no,MTG-Jamendo,2026-08-26T07:44:26.876834
18038a5c-0df9-48f4-a8cb-a34c2b13228f,Jamendo Track 933953,Jamendo Artist,2024,no,MTG-Jamendo,2026-08-26T07:44:26.876944
e7eb0414-efea-47db-b8f1-fdab6eb41973,Jamendo Track 167559,Jamendo Artist,2024,no,MTG-Jamendo,2026-08-26T07:44:26.877053
97adebc5-7ae6-4cbf-a05e-9e002c6fc8ed,Jamendo Track 318602,Jamendo Artist,2024,no,MTG-Jamendo,2026-08-26T07:44:26.877191
b5f62d58-d385-4656-a55a-c2f6ad88144e,Jamendo Track 133095,Jamendo Artist,2024,no,MTG-Jamendo,2026-08-26T07:44:26.877312
d1d0cc1e-4014-4aca-b5d2-ee7c11b98cf9,Jamendo Track 814953,Jamendo Artist,2024,no,MTG-Jamendo,2026-08-26T07:44:26.877422
de53e127-3901-4aa8-9ea5-3cca52e8a0d4,Jamendo Track 1117791,Jamendo Artist,2024,no,MTG-Jamendo,2026-08-26T07:44:26.877542
5dd8932a-0c8b-44bb-92ed-a35a0bbef076,Jamendo Track 332858,Jamendo Artist,2024,no,MTG-Jamendo,2026-08-26T07:44:26.877668
a3551ed5-5f35-422d-ac0b-1b4999e6199f,Jamendo Track 3098,Jamendo Artist,2024,no,MTG-Jamendo,2026-08-26T07:44:26.877784
ece9617d-6fb1-429e-bb2a-d3989fb89ab1,Jamendo Track 145949,Jamendo Artist,2024,no,MTG-Jamendo,2026-08-26T07:44:26.877902
545f3a46-8616-4276-86a7-d0e97539de71,Jamendo Track 336138,Jamendo Artist,2024,no,MTG-Jamendo,2026-08-26T07:44:26.878018
e2699a3b-070b-417c-b797-79fa8bb818bb,Jamendo Track 146422,Jamendo Artist,2024,no,MTG-Jamendo,2026-08-26T07:44:26.878130
4828cae5-cce1-4c92-bfef-882ae61633c6,Jamendo Track 208125,Jamendo Artist,2024,no,MTG-Jamendo,2026-08-26T07:44:26.878268
fe4b6f9b-284a-40ff-8ba0-bc1b67ecd2e6,Jamendo Track 153577,Jamendo Artist,2024,no,MTG-Jamendo,2026-08-26T07:44:26.878381
79ca8764-7422-424a-8376-1a4c5ffab8fe,Jamendo Track 40158,Jamendo Artist,2024,no,MTG-Jamendo,2026-08-26T07:44:26.878496
7e582616-8abc-4433-9920-3dc62bf05f6d,Jamendo Track 167759,Jamendo Artist,2024,no,MTG-Jamendo,2026-08-26T07:44:26.878608
9a3aaa89-016f-4010-9ce7-ef89bc9203a7,Jamendo Track 48061,Jamendo Artist,2024,no,MTG-Jamendo,2026-08-26T07:44:26.878735
4c534a06-2446-4358-a5ae-21776bc15d43,Jamendo Track 81923,Jamendo Artist,2024,no,MTG-Jamendo,2026-08-26T07:44:26.878846
f71bbf3e-8697-4820-b5c4-e6303133c56a,Jamendo Track 465945,Jamendo Artist,2024,no,MTG-Jamendo,2026-08-26T07:44:26.878957
9a6737b9-b47c-4df8-a508-bfe377083cf0,Jamendo Track 141083,Jamendo Artist,2024,no,MTG-Jamendo,2026-08-26T07:44:26.879064
cbc74b5d-38fc-4c91-8d37-0c3d2aefa2a7,Jamendo Track 101929,Jamendo Artist,2024,no,MTG-Jamendo,2026-08-26T07:44:26.879201
8ab99123-ca41-4f5c-96e8-8051d852e9ab,Jamendo Track 145970,Jamendo Artist,2024,no,MTG-Jamendo,2026-08-26T07:44:26.879324
b72b686c-bf13-4b5e-9261-b7f4161864de,Jamendo Track 235456,Jamendo Artist,2024,no,MTG-Jamendo,2026-08-26T07:44:26.879437
2d56133f-e1ea-486d-8933-8687cbfab6b3,Jamendo Track 125547,Jamendo Artist,2024,no,MTG-Jamendo,2026-08-26T07:44:26.879549
81935a63-c868-489d-8676-a0bb67ad9611,Jamendo Track 285261,Jamendo Artist,2024,no,MTG-Jamendo,2026-08-26T07:44:26.879690
e69f1ab1-2821-4501-ad92-dce3aab4d655,Jamendo Track 320045,Jamendo Artist,2024,no,MTG-Jamendo,2026-08-26T07:44:26.879810
dd61a2dc-12f8-4e76-afe9-51d75b2fff0c,Jamendo Track 23102,Jamendo Artist,2024,no,MTG-Jamendo,2026-08-26T07:44:26.879935
67815e45-0d7d-4a8c-b5ca-194b50167198,Jamendo Track 768,Jamendo Artist,2024,no,MTG-Jamendo,2026-08-26T07:44:26.880048
dcd52ca3-b7ff-4d9c-a80a-8a6b5897a884,Jamendo Track 687693,Jamendo Artist,2024,no,MTG-Jamendo,2026-08-26T07:44:26.880187
c81facb5-699b-44a5-bfd2-e2ecd3a20391,Jamendo Track 322100,Jamendo Artist,2024,no,MTG-Jamendo,2026-08-26T07:44:26.880294
81671c9d-6143-4ac6-9026-ecd803f3a6bd,Jamendo Track 435845,Jamendo Artist,2024,no,MTG-Jamendo,2026-08-26T07:44:26.880415
fcbc6f7e-a107-445e-9a62-5396d941903d,Jamendo Track 406636,Jamendo Artist,2024,no,MTG-Jamendo,2026-08-26T07:44:26.880530
538b4e11-da66-4b11-a759-7fcd403464a5,Jamendo Track 81994,Jamendo Artist,2024,no,MTG-Jamendo,2026-08-26T07:44:26.880654
7d71835f-879e-4eed-b3ed-3207f6388dee,Jamendo Track 42341,Jamendo Artist,2024,no,MTG-Jamendo,2026-08-26T07:44:26.880771
f1e973d8-b50c-431b-ae3c-b926a63ea0c5,Jamendo Track 1374060,Jamendo Artist,2024,no,MTG-Jamendo,2026-08-26T07:44:26.880882
2d0ef73e-c2ab-4955-a255-e8b017fe0460,Jamendo Track 267305,Jamendo Artist,2024,no,MTG-Jamendo,2026-08-26T07:44:26.880992
f444a945-a3af-4b8b-a5c5-1c6bc8c0a17d,Jamendo Track 193514,Jamendo Artist,2024,no,MTG-Jamendo,2026-08-26T07:44:26.881112
59c5d74e-93bd-447b-8d55-a1610614cc41,Jamendo Track 123449,Jamendo Artist,2024,no,MTG-Jamendo,2026-08-26T07:44:26.881864
de2ec557-f2ff-4b79-a7e8-497e922c42ab,Jamendo Track 251181,Jamendo Artist,2024,no,MTG-Jamendo,2026-08-26T07:44:26.882232
d054badd-e58f-41a3-8ead-768f04db3feb,Jamendo Track 215752,Jamendo Artist,2024,no,MTG-Jamendo,2026-08-26T07:44:26.882413
7c1cf12d-6197-4802-be20-1c63abf09f29,Jamendo Track 1336,Jamendo Artist,2024,no,MTG-Jamendo,2026-08-26T07:44:26.882558
bf84bebf-611b-48c0-8279-136daed5724c,Jamendo Track 417213,Jamendo Artist,2024,no,MTG-Jamendo,2026-08-26T07:44:26.882692
2f4925e2-6e2b-4c4b-b217-cc0cef005419,Jamendo Track 1420798,Jamendo Artist,2024,no,MTG-Jamendo,2026-08-26T07:44:26.882835
fda29e67-5041-4bc3-8aa7-8aeeefda2c3a,Jamendo Track 7550,Jamendo Artist,2024,no,MTG-Jamendo,2026-08-26T07:44:26.882965
c33bfb0f-ec80-4dbb-9243-bc4019b23562,Jamendo Track 410466,Jamendo Artist,2024,no,MTG-Jamendo,2026-08-26T07:44:26.883089
2945e6dc-fdff-4952-8175-bf90f4c9fa08,Jamendo Track 418720,Jamendo Artist,2024,no,MTG-Jamendo,2026-08-26T07:44:26.883257
acbda14f-0479-414c-9b68-62dfcd236daf,Jamendo Track 6572,Jamendo Artist,2024,no,MTG-Jamendo,2026-08-26T07:44:26.883388
cee61c26-e339-491d-a54e-5986b6f61fcd,Jamendo Track 171614,Jamendo Artist,2024,no,MTG-Jamendo,2026-08-26T07:44:26.883521
82f5fcb8-d8dc-4648-be61-19a2d42d6ae8,Jamendo Track 292287,Jamendo Artist,2024,no,MTG-Jamendo,2026-08-26T07:44:26.883649
553f655b-e542-4093-8d01-58d57c05bacf,Jamendo Track 558406,Jamendo Artist,2024,no,MTG-Jamendo,2026-08-26T07:44:26.883767
8772d7c1-28c8-4057-9c0f-0acccaa087a9,Jamendo Track 141762,Jamendo Artist,2024,no,MTG-Jamendo,2026-08-26T07:44:26.883903
72a62f6f-4af6-4d47-9249-0a3e1c51b778,Jamendo Track 127568,Jamendo Artist,2024,no,MTG-Jamendo,2026-08-26T07:44:26.884019
712f949c-0d1e-4a19-b35c-d15f3c39070a,Jamendo Track 7545,Jamendo Artist,2024,no,MTG-Jamendo,2026-08-26T07:44:26.884142
169e0e4e-5082-45c2-a30c-95f4a7bcee78,Jamendo Track 1095486,Jamendo Artist,2024,no,MTG-Jamendo,2026-08-26T07:44:26.884284
49595f37-723b-484f-a5f5-14edab7c75b0,Jamendo Track 16863,Jamendo Artist,2024,no,MTG-Jamendo,2026-08-26T07:44:26.884394
f24b6572-b23d-4015-98eb-c499c19d105a,Jamendo Track 208497,Jamendo Artist,2024,no,MTG-Jamendo,2026-08-26T07:44:26.884510
8d2bf5a9-1088-4b5e-b9bc-422c8b501b49,Jamendo Track 1119040,Jamendo Artist,2024,no,MTG-Jamendo,2026-08-26T07:44:26.884620
7c5ec53b-acd1-4d87-8283-c1be14392059,Jamendo Track 117292,Jamendo Artist,2024,no,MTG-Jamendo,2026-08-26T07:44:26.884731
99860fd9-1fc3-476c-ba6e-78e09bb736f3,Jamendo Track 191219,Jamendo Artist,2024,no,MTG-Jamendo,2026-08-26T07:44:26.884857
f25c81d1-53f0-443e-8ec3-3fe7b2ec378d,Jamendo Track 3444,Jamendo Artist,2024,no,MTG-Jamendo,2026-08-26T07:44:26.885005
f5b05279-b105-4dd7-9a13-f0e202123a51,Jamendo Track 1388875,Jamendo Artist,2024,no,MTG-Jamendo,2026-08-26T07:44:26.885121
6f23e20c-82b3-45bc-8001-fe3e41e695d3,Jamendo Track 1374043,Jamendo Artist,2024,no,MTG-Jamendo,2026-08-26T07:44:26.885287
2ff20ab7-171c-43ea-b718-af74a7f68bee,Jamendo Track 187558,Jamendo Artist,2024,no,MTG-Jamendo,2026-08-26T07:44:26.885406
a274235e-5671-4685-ab32-877031392126,Jamendo Track 153658,Jamendo Artist,2024,no,MTG-Jamendo,2026-08-26T07:44:26.885520
b146d3a9-15bf-46f1-8c75-c67b15b97036,Jamendo Track 133097,Jamendo Artist,2024,no,MTG-Jamendo,2026-08-26T07:44:26.885656
3556ac98-dd59-42cb-8180-e7f17cfcc26b,Jamendo Track 401452,Jamendo Artist,2024,no,MTG-Jamendo,2026-08-26T07:44:26.885797
a454f90c-7466-4681-b51c-73876fc6ad80,Jamendo Track 95403,Jamendo Artist,2024,no,MTG-Jamendo,2026-08-26T07:44:26.885916
b4f6f838-3cbc-4c66-aea4-a85939706060,Jamendo Track 176543,Jamendo Artist,2024,no,MTG-Jamendo,2026-08-26T07:44:26.886029
fc8bc062-8c9c-44c6-94b0-317e89b007fd,Jamendo Track 208494,Jamendo Artist,2024,no,MTG-Jamendo,2026-08-26T07:44:26.886141
49298c59-3e12-423a-b921-7c6299f9b0c5,Jamendo Track 443380,Jamendo Artist,2024,no,MTG-Jamendo,2026-08-26T07:44:26.886355
9b05738a-c233-4521-9b6b-3bdc2f69c2fa,Jamendo Track 180998,Jamendo Artist,2024,no,MTG-Jamendo,2026-08-26T07:44:26.886482
1a8f34ff-a572-4603-bf15-be493753034b,Jamendo Track 145371,Jamendo Artist,2024,no,MTG-Jamendo,2026-08-26T07:44:26.886598
e9a215f4-4442-4c2b-b164-9a57fbab5e50,Jamendo Track 295392,Jamendo Artist,2024,no,MTG-Jamendo,2026-08-26T07:44:26.886715
44302c3a-163f-4c5f-aab1-09b1848a3370,Jamendo Track 1263,Jamendo Artist,2024,no,MTG-Jamendo,2026-08-26T07:44:26.886848
0a545cb5-2017-4347-8991-9240825836ff,Jamendo Track 220581,Jamendo Artist,2024,no,MTG-Jamendo,2026-08-26T07:44:26.886963
404bb33b-76b3-4bb4-8cbf-fdcf1e99c441,Jamendo Track 160296,Jamendo Artist,2024,no,MTG-Jamendo,2026-08-26T07:44:26.887076
4755d8b1-1593-49ce-bbd9-7f975e5a0a9d,Jamendo Track 443364,Jamendo Artist,2024,no,MTG-Jamendo,2026-08-26T07:44:26.887224
9d1b0901-f2fd-4b94-98e4-1b2387bd08b5,Jamendo Track 150794,Jamendo Artist,2024,no,MTG-Jamendo,2026-08-26T07:44:26.887350
cd1a344f-9ce2-4f6c-9837-d10a3c20a48d,Jamendo Track 1103,Jamendo Artist,2024,no,MTG-Jamendo,2026-08-26T07:44:26.887463
f8736389-e157-45d0-9a31-11a8b0208872,Jamendo Track 284937,Jamendo Artist,2024,no,MTG-Jamendo,2026-08-26T07:44:26.887574
c8874962-68a2-4805-969f-c1f6e5a8b092,Jamendo Track 78181,Jamendo Artist,2024,no,MTG-Jamendo,2026-08-26T07:44:26.887695
c3995b3a-c2cf-4af1-84fc-3ce99fa3c454,Jamendo Track 783441,Jamendo Artist,2024,no,MTG-Jamendo,2026-08-26T07:44:26.887829
ba430b33-e2d8-4449-a4a5-294dfdf0ba6b,Jamendo Track 199625,Jamendo Artist,2024,no,MTG-Jamendo,2026-08-26T07:44:26.887954
90931971-2d54-49f6-996c-6a52e77c33ff,Jamendo Track 224477,Jamendo Artist,2024,no,MTG-Jamendo,2026-08-26T07:44:26.888063
5461b51c-2670-43cd-9664-7d17caf6c0d0,Jamendo Track 387715,Jamendo Artist,2024,no,MTG-Jamendo,2026-08-26T07:44:26.888213
d22d1c88-c422-428e-8e3e-f1f130044c4e,Jamendo Track 156963,Jamendo Artist,2024,no,MTG-Jamendo,2026-08-26T07:44:26.888340
21b212a4-4abe-4530-9e5c-0c7490e227fa,Jamendo Track 261123,Jamendo Artist,2024,no,MTG-Jamendo,2026-08-26T07:44:26.888455
69dd8402-5ff7-49f1-a73a-bc3fd327db94,Jamendo Track 6016,Jamendo Artist,2024,no,MTG-Jamendo,2026-08-26T07:44:26.888568
9d60cffb-c472-4a3a-b52a-af6ca3f8d2ad,Jamendo Track 305167,Jamendo Artist,2024,no,MTG-Jamendo,2026-08-26T07:44:26.888679
3de3d0b5-7ad0-4690-aca8-1643cee0a2e1,Jamendo Track 191375,Jamendo Artist,2024,no,MTG-Jamendo,2026-08-26T07:44:26.888808
ae7ea816-7461-48d8-8fe6-cefe915cb908,Jamendo Track 149142,Jamendo Artist,2024,no,MTG-Jamendo,2026-08-26T07:44:26.888925
3f7f0151-55d7-45e4-97cb-347363b6fb22,Jamendo Track 370002,Jamendo Artist,2024,no,MTG-Jamendo,2026-08-26T07:44:26.889015
1711f226-8c09-4d49-a7a7-55138151eb27,Jamendo Track 175339,Jamendo Artist,2024,no,MTG-Jamendo,2026-08-26T07:44:26.889122
64ecca77-c179-4819-85ba-83922c84e5d2,Jamendo Track 202750,Jamendo Artist,2024,no,MTG-Jamendo,2026-08-26T07:44:26.889281
040b7064-cc21-4493-be00-20ce2399ec13,Jamendo Track 429443,Jamendo Artist,2024,no,MTG-Jamendo,2026-08-26T07:44:26.889399
cb03f661-b769-420c-978a-fe002f14318a,Jamendo Track 283386,Jamendo Artist,2024,no,MTG-Jamendo,2026-08-26T07:44:26.889515
4b872208-b6f1-4f54-b8cc-093f5fe5e7de,Jamendo Track 363710,Jamendo Artist,2024,no,MTG-Jamendo,2026-08-26T07:44:26.889628
94a74003-4cb0-4762-93ea-9805086bd806,Jamendo Track 108304,Jamendo Artist,2024,no,MTG-Jamendo,2026-08-26T07:44:26.889736
de46bbe4-7cd5-49cc-8e49-dda60af56e2c,Jamendo Track 1420799,Jamendo Artist,2024,no,MTG-Jamendo,2026-08-26T07:44:26.889859
9c56ad21-cc9f-48ae-9e4b-09c4a4457390,Jamendo Track 254512,Jamendo Artist,2024,no,MTG-Jamendo,2026-08-26T07:44:26.889974
23b88ea9-e1a2-4387-a51b-53e5b3ac6963,Jamendo Track 300798,Jamendo Artist,2024,no,MTG-Jamendo,2026-08-26T07:44:26.890081
62520e0b-8336-4496-8f7f-a3ffe03bd709,Jamendo Track 190877,Jamendo Artist,2024,no,MTG-Jamendo,2026-08-26T07:44:26.890219
b5fc6d34-8ca2-401b-9aa9-65aa9f645b63,Jamendo Track 250373,Jamendo Artist,2024,no,MTG-Jamendo,2026-08-26T07:44:26.890333
ee4e307e-0c33-4ff6-b56a-0c084d0843c2,Jamendo Track 395267,Jamendo Artist,2024,no,MTG-Jamendo,2026-08-26T07:44:26.890446
7c72f4be-efa1-46aa-b289-7a276251eea7,Jamendo Track 13293,Jamendo Artist,2024,no,MTG-Jamendo,2026-08-26T07:44:26.890561
5794bc9c-89e3-445b-87b4-a2dc425981ee,Jamendo Track 503999,Jamendo Artist,2024,no,MTG-Jamendo,2026-08-26T07:44:26.890665
13018d19-d29d-40b7-951e-6896b7bfc86e,Jamendo Track 77543,Jamendo Artist,2024,no,MTG-Jamendo,2026-08-26T07:44:26.890775
8ed51124-4027-448d-b548-50ce6fc8bae5,Jamendo Track 3912,Jamendo Artist,2024,no,MTG-Jamendo,2026-08-26T07:44:26.890899
97764fb2-6d70-45d8-9898-5e696917fcd3,Jamendo Track 1397897,Jamendo Artist,2024,no,MTG-Jamendo,2026-08-26T07:44:26.891033
6a1728e1-4b99-4a8e-b6fb-626edff9f710,Jamendo Track 149137,Jamendo Artist,2024,no,MTG-Jamendo,2026-08-26T07:44:26.891148
1c40231c-756c-467f-96af-c7c92e1f0efe,Jamendo Track 1105,Jamendo Artist,2024,no,MTG-Jamendo,2026-08-26T07:44:26.891280
819469d9-40fd-4b27-ac56-efadd7888a40,Jamendo Track 285383,Jamendo Artist,2024,no,MTG-Jamendo,2026-08-26T07:44:26.891386
1292dce1-0813-4f80-a0ea-31170c555f05,Jamendo Track 297762,Jamendo Artist,2024,no,MTG-Jamendo,2026-08-26T07:44:26.891480
17e0ebb6-ec61-4f36-b271-a465f4b53afd,Jamendo Track 429071,Jamendo Artist,2024,no,MTG-Jamendo,2026-08-26T07:44:26.891668
800f074a-c281-45eb-82f4-a4315070729c,Jamendo Track 719782,Jamendo Artist,2024,no,MTG-Jamendo,2026-08-26T07:44:26.892082
891467f0-4827-4c1e-929a-15305dea244e,Jamendo Track 434276,Jamendo Artist,2024,no,MTG-Jamendo,2026-08-26T07:44:26.892579
e40294fd-e04d-47a0-97dc-e28cc79e53a2,Jamendo Track 42343,Jamendo Artist,2024,no,MTG-Jamendo,2026-08-26T07:44:26.892851
a3892e86-8cb7-4cfa-9b89-a2d0116e151b,Jamendo Track 495558,Jamendo Artist,2024,no,MTG-Jamendo,2026-08-26T07:44:26.893037
ce447700-e44d-43e2-9f68-294970648220,Jamendo Track 16556,Jamendo Artist,2024,no,MTG-Jamendo,2026-08-26T07:44:26.893205
dd178dfd-cbec-449e-ac3e-f89fe6c13f17,Jamendo Track 1064351,Jamendo Artist,2024,no,MTG-Jamendo,2026-08-26T07:44:26.893317
9fa034af-6308-43e7-9f33-e1c1c50a7205,Jamendo Track 208190,Jamendo Artist,2024,no,MTG-Jamendo,2026-08-26T07:44:26.893409
58ae6965-2dc7-4674-8a26-6a49178af4bd,Jamendo Track 1334,Jamendo Artist,2024,no,MTG-Jamendo,2026-08-26T07:44:26.893517
67a64ca1-170f-4c6f-a799-920114a09b46,Jamendo Track 463028,Jamendo Artist,2024,no,MTG-Jamendo,2026-08-26T07:44:26.893624
6dabe74a-20e8-4cad-9ef0-bbb294ba47c2,Jamendo Track 483993,Jamendo Artist,2024,no,MTG-Jamendo,2026-08-26T07:44:26.893949
fca3e02e-5eb0-44f0-9355-17576b4e9aac,Jamendo Track 383979,Jamendo Artist,2024,no,MTG-Jamendo,2026-08-26T07:44:26.894400
c75e9c70-2474-4d13-bfce-7ff87e6e6085,Jamendo Track 299261,Jamendo Artist,2024,no,MTG-Jamendo,2026-08-26T07:44:26.894581
a2f9e43e-cb04-4408-87c1-c9411682b892,Jamendo Track 164447,Jamendo Artist,2024,no,MTG-Jamendo,2026-08-26T07:44:26.894792
ac44ef04-bca4-403a-b74d-55ff108e89c0,Jamendo Track 247420,Jamendo Artist,2024,no,MTG-Jamendo,2026-08-26T07:44:26.894929
14364e86-9d80-4338-9dfc-36d402f20ed5,Jamendo Track 37010,Jamendo Artist,2024,no,MTG-Jamendo,2026-08-26T07:44:26.895045
1c388cae-cdc1-491e-ae3a-ffc1344e054e,Jamendo Track 284230,Jamendo Artist,2024,no,MTG-Jamendo,2026-08-26T07:44:26.895219
8a662d5e-d22b-4c0f-9757-0f4a1fc5ee41,Jamendo Track 334664,Jamendo Artist,2024,no,MTG-Jamendo,2026-08-26T07:44:26.896365
1a2d170d-b5a8-453f-b6d3-6e138848d393,Jamendo Track 740342,Jamendo Artist,2024,no,MTG-Jamendo,2026-08-26T07:44:26.896535
59f65f9e-32a7-4247-83a5-50ded6cfd0f5,Jamendo Track 362056,Jamendo Artist,2024,no,MTG-Jamendo,2026-08-26T07:44:26.896665
5b408366-9cd4-49a7-a896-d95f93e475ea,Jamendo Track 112751,Jamendo Artist,2024,no,MTG-Jamendo,2026-08-26T07:44:26.896762
22c9bd4f-fb9f-446d-876c-6424aec7e0cc,Jamendo Track 138944,Jamendo Artist,2024,no,MTG-Jamendo,2026-08-26T07:44:26.896851
db5bf63b-c9d6-46a0-be98-d08cb2776593,Jamendo Track 339113,Jamendo Artist,2024,no,MTG-Jamendo,2026-08-26T07:44:26.896936
ed4a440f-9ae0-4b41-9670-34590de63138,Jamendo Track 28103,Jamendo Artist,2024,no,MTG-Jamendo,2026-08-26T07:44:26.897026
2395c81a-164b-42a4-b240-21d88d24aa49,Jamendo Track 48073,Jamendo Artist,2024,no,MTG-Jamendo,2026-08-26T07:44:26.897108
8b7d5493-82a8-47f6-8eeb-1839f6fa9d10,Jamendo Track 121310,Jamendo Artist,2024,no,MTG-Jamendo,2026-08-26T07:44:26.897240
6b015430-9e93-4fd0-acee-cf456888f87b,Jamendo Track 173497,Jamendo Artist,2024,no,MTG-Jamendo,2026-08-26T07:44:26.897361
8f77b83d-e810-48d0-aca9-7914b4a6e06a,Jamendo Track 402329,Jamendo Artist,2024,no,MTG-Jamendo,2026-08-26T07:44:26.897471
ee98cb65-1fe0-46dd-a0f5-92315a1f59b0,Jamendo Track 1139073,Jamendo Artist,2024,no,MTG-Jamendo,2026-08-26T07:44:26.897577
6a33a0de-1bcf-4b4c-8c52-9f62c809e579,Jamendo Track 284879,Jamendo Artist,2024,no,MTG-Jamendo,2026-08-26T07:44:26.897698
36840281-04ed-45a3-84b7-193f1e9cb999,Jamendo Track 388810,Jamendo Artist,2024,no,MTG-Jamendo,2026-08-26T07:44:26.897818
0e104f31-c9cb-40a7-81e4-28a9e3e980cc,Jamendo Track 135779,Jamendo Artist,2024,no,MTG-Jamendo,2026-08-26T07:44:26.897923
466d9cf3-eca8-4d5b-b7f1-ecfed6bd0354,Jamendo Track 660442,Jamendo Artist,2024,no,MTG-Jamendo,2026-08-26T07:44:26.898020
97bd3932-6bc6-416a-a458-95bea9b0080c,Jamendo Track 393093,Jamendo Artist,2024,no,MTG-Jamendo,2026-08-26T07:44:26.898118
ef337191-99a5-490d-9eb0-240310dff740,Jamendo Track 376240,Jamendo Artist,2024,no,MTG-Jamendo,2026-08-26T07:44:26.898260
c33551f7-d986-44f0-a7c1-29e75c17438c,Jamendo Track 145960,Jamendo Artist,2024,no,MTG-Jamendo,2026-08-26T07:44:26.898370
381f7a6a-714f-4c27-a2d6-350d1b35c47d,Jamendo Track 1129585,Jamendo Artist,2024,no,MTG-Jamendo,2026-08-26T07:44:26.898479
07afb98f-1aa4-42a9-b3c7-024ce8aa09b6,Jamendo Track 201765,Jamendo Artist,2024,no,MTG-Jamendo,2026-08-26T07:44:26.898584
55235f81-919b-439c-bba0-557eedb564b5,Jamendo Track 321107,Jamendo Artist,2024,no,MTG-Jamendo,2026-08-26T07:44:26.898709
3f8981ae-59bb-4717-9a0e-2dc8523c05bf,Jamendo Track 452562,Jamendo Artist,2024,no,MTG-Jamendo,2026-08-26T07:44:26.898815
bdb81414-42aa-4ba1-b9d1-4ad9ed84dabb,Jamendo Track 240691,Jamendo Artist,2024,no,MTG-Jamendo,2026-08-26T07:44:26.898912
cd2583e3-7597-4e7f-beb5-fef2033225b1,Jamendo Track 182770,Jamendo Artist,2024,no,MTG-Jamendo,2026-08-26T07:44:26.899021
61285afd-f26e-485d-9834-bda9772c4415,Jamendo Track 430670,Jamendo Artist,2024,no,MTG-Jamendo,2026-08-26T07:44:26.899126
13989b8c-2a64-4542-a975-fdd59796bc24,Jamendo Track 181603,Jamendo Artist,2024,no,MTG-Jamendo,2026-08-26T07:44:26.899259
ed337ba8-b33c-4d6f-b631-71a6aaafa177,Jamendo Track 68461,Jamendo Artist,2024,no,MTG-Jamendo,2026-08-26T07:44:26.899367
9fb74f65-03c0-4ac1-867c-eb68ec1dfffc,Jamendo Track 1079972,Jamendo Artist,2024,no,MTG-Jamendo,2026-08-26T07:44:26.899457
835fcc57-858b-4aa5-95d7-579f57f4e43e,Jamendo Track 141759,Jamendo Artist,2024,no,MTG-Jamendo,2026-08-26T07:44:26.899535
c084b03c-3081-418f-95f5-3ae5139589e6,Jamendo Track 68464,Jamendo Artist,2024,no,MTG-Jamendo,2026-08-26T07:44:26.899610
3fdc9383-dc95-48dd-95fa-2c5741bb6913,Jamendo Track 435846,Jamendo Artist,2024,no,MTG-Jamendo,2026-08-26T07:44:26.899707
a2b0526e-ff33-46c0-a1d6-f6b8117c4342,Jamendo Track 175332,Jamendo Artist,2024,no,MTG-Jamendo,2026-08-26T07:44:26.899791
81fd24a9-2634-454b-b463-7e9e15ab3846,Jamendo Track 15121,Jamendo Artist,2024,no,MTG-Jamendo,2026-08-26T07:44:26.899865
8c0d036f-4006-4fd4-b659-855ac0711a06,Jamendo Track 94798,Jamendo Artist,2024,no,MTG-Jamendo,2026-08-26T07:44:26.899937
5fa6a0e4-e75e-48c6-a2e5-d623c6f9e702,Jamendo Track 253717,Jamendo Artist,2024,no,MTG-Jamendo,2026-08-26T07:44:26.900028
da6e44b4-364f-4a3d-b717-9c8929203e8f,Jamendo Track 339425,Jamendo Artist,2024,no,MTG-Jamendo,2026-08-26T07:44:26.900139
bfd260c6-49a2-4a76-a770-f1ad73ef85cc,Jamendo Track 1349988,Jamendo Artist,2024,no,MTG-Jamendo,2026-08-26T07:44:26.900339
113d389d-f3e4-4385-8a24-12bcafd2ebf9,Jamendo Track 985180,Jamendo Artist,2024,no,MTG-Jamendo,2026-08-26T07:44:26.900456
47cdb90c-d91c-48f7-ac36-553404a98bb7,Jamendo Track 1098750,Jamendo Artist,2024,no,MTG-Jamendo,2026-08-26T07:44:26.900798
04d6446f-5b25-415c-ac28-45f6d876659d,Jamendo Track 22160,Jamendo Artist,2024,no,MTG-Jamendo,2026-08-26T07:44:26.900951
58b0cffb-cddb-4a8b-ba2b-87362effaa33,Jamendo Track 1119035,Jamendo Artist,2024,no,MTG-Jamendo,2026-08-26T07:44:26.901065
03f810f6-4435-44a2-b8b7-18ca8f7e2e96,Jamendo Track 237843,Jamendo Artist,2024,no,MTG-Jamendo,2026-08-26T07:44:26.901264
5848e90c-c69a-4007-9bdb-3fc74cec1105,Jamendo Track 133288,Jamendo Artist,2024,no,MTG-Jamendo,2026-08-26T07:44:26.901385
2a9e2706-d054-4ea5-9fc7-025533f198cb,Jamendo Track 222,Jamendo Artist,2024,no,MTG-Jamendo,2026-08-26T07:44:26.901492
d712d958-4f36-4dcf-9e48-047e8ae124e2,Jamendo Track 386570,Jamendo Artist,2024,no,MTG-Jamendo,2026-08-26T07:44:26.901597
4603d776-1a09-4c72-a572-c4a77dbce4e9,Jamendo Track 814943,Jamendo Artist,2024,no,MTG-Jamendo,2026-08-26T07:44:26.901729
6ddccf94-2997-4bb7-8c77-b6e278b84bae,Jamendo Track 139747,Jamendo Artist,2024,no,MTG-Jamendo,2026-08-26T07:44:26.901838
9f01a6a2-a93e-45c5-b999-3a094a3c1435,Jamendo Track 329644,Jamendo Artist,2024,no,MTG-Jamendo,2026-08-26T07:44:26.901945
b7274cdc-7856-4745-95ef-8c217f70b1bf,Jamendo Track 320806,Jamendo Artist,2024,no,MTG-Jamendo,2026-08-26T07:44:26.902027
e74721ae-cce3-4ef0-b55e-7cc1b4798ad5,Jamendo Track 42333,Jamendo Artist,2024,no,MTG-Jamendo,2026-08-26T07:44:26.902105
2d1ae854-c60b-4c1e-8086-4de860f68ec5,Jamendo Track 280798,Jamendo Artist,2024,no,MTG-Jamendo,2026-08-26T07:44:26.902219
55ef11b1-2218-4ef8-b10a-de06a80ed370,Jamendo Track 91933,Jamendo Artist,2024,no,MTG-Jamendo,2026-08-26T07:44:26.902320
fa233c2e-9f89-4123-9d09-3d7c92391ab7,Jamendo Track 16836,Jamendo Artist,2024,no,MTG-Jamendo,2026-08-26T07:44:26.902398
f9202874-a4d5-4151-b3b5-0b53a9636090,Jamendo Track 421995,Jamendo Artist,2024,no,MTG-Jamendo,2026-08-26T07:44:26.902475
d99221f2-ac66-4be7-8165-e2f6abb59f09,Jamendo Track 95393,Jamendo Artist,2024,no,MTG-Jamendo,2026-08-26T07:44:26.902572
21578558-ab9c-464b-bb39-580581f3d516,Jamendo Track 1206157,Jamendo Artist,2024,no,MTG-Jamendo,2026-08-26T07:44:26.902699
91586dca-c36f-4909-b64f-c7f0733de7b9,Jamendo Track 26755,Jamendo Artist,2024,no,MTG-Jamendo,2026-08-26T07:44:26.902803
d2e206d4-2ad2-438f-9244-ec26932de7ba,Jamendo Track 10673,Jamendo Artist,2024,no,MTG-Jamendo,2026-08-26T07:44:26.902907
d4f418f9-2af7-457b-9353-38d51a9d08d7,Jamendo Track 255696,Jamendo Artist,2024,no,MTG-Jamendo,2026-08-26T07:44:26.903240
1521af8a-7cfd-451e-8288-262003c9e0f4,Jamendo Track 253721,Jamendo Artist,2024,no,MTG-Jamendo,2026-08-26T07:44:26.903395
e383b456-a60d-4e84-9c55-550349cc9e1d,Jamendo Track 393971,Jamendo Artist,2024,no,MTG-Jamendo,2026-08-26T07:44:26.903521
b0a097c4-f832-44d2-b3c9-755d71408ecd,Jamendo Track 439242,Jamendo Artist,2024,no,MTG-Jamendo,2026-08-26T07:44:26.903647
64a57176-9d9f-4014-ad18-d10fa69ecc33,Jamendo Track 334703,Jamendo Artist,2024,no,MTG-Jamendo,2026-08-26T07:44:26.903765
b0b781e8-db95-432f-9b68-7e0785b0e30b,Jamendo Track 985169,Jamendo Artist,2024,no,MTG-Jamendo,2026-08-26T07:44:26.903868
860d14c0-58c3-4496-a4a9-d873aa263d24,Jamendo Track 213383,Jamendo Artist,2024,no,MTG-Jamendo,2026-08-26T07:44:26.903978
c7c7fcf1-7b19-4172-a6cd-1cdfe19ae916,Jamendo Track 274351,Jamendo Artist,2024,no,MTG-Jamendo,2026-08-26T07:44:26.904086
6c020c8b-84d5-42de-b469-f284cd6e057e,Jamendo Track 491995,Jamendo Artist,2024,no,MTG-Jamendo,2026-08-26T07:44:26.904228
dcb049ca-79dc-4712-bb83-be5466c78d59,Jamendo Track 112899,Jamendo Artist,2024,no,MTG-Jamendo,2026-08-26T07:44:26.904336
c6808cb7-6903-4c1e-b44a-aa7ece19595b,Jamendo Track 130377,Jamendo Artist,2024,no,MTG-Jamendo,2026-08-26T07:44:26.904418
1934bf8c-0761-4de5-ac40-7178ba7ba288,Jamendo Track 134689,Jamendo Artist,2024,no,MTG-Jamendo,2026-08-26T07:44:26.904504
f946a26e-8f13-481d-93fa-9a5bce432eb9,Jamendo Track 223905,Jamendo Artist,2024,no,MTG-Jamendo,2026-08-26T07:44:26.904586
9bd0a0de-cde3-4e2c-8efc-0a58be60648a,Jamendo Track 933999,Jamendo Artist,2024,no,MTG-Jamendo,2026-08-26T07:44:26.904677
d701ea2b-8d78-4ab1-9342-c8a0ca9b552a,Jamendo Track 382416,Jamendo Artist,2024,no,MTG-Jamendo,2026-08-26T07:44:26.904752
a13cdc24-3ade-4213-8b30-5c9d9a39e82a,Jamendo Track 740339,Jamendo Artist,2024,no,MTG-Jamendo,2026-08-26T07:44:26.904824
90044098-8a9c-4980-a5a3-492fb878f13b,Jamendo Track 221328,Jamendo Artist,2024,no,MTG-Jamendo,2026-08-26T07:44:26.904909
3184ee24-aa18-4a9b-ace5-a9a82a7417a2,Jamendo Track 1010663,Jamendo Artist,2024,no,MTG-Jamendo,2026-08-26T07:44:26.905288
c4e86813-8264-4016-9ccb-09b0f73cef3c,Jamendo Track 215581,Jamendo Artist,2024,no,MTG-Jamendo,2026-08-26T07:44:26.905436
ad4bf96c-41bd-42e2-976a-8dcf35158b66,Jamendo Track 131007,Jamendo Artist,2024,no,MTG-Jamendo,2026-08-26T07:44:26.905551
b9620a14-557a-46e2-8b2d-17dd2bec79b3,Jamendo Track 1103273,Jamendo Artist,2024,no,MTG-Jamendo,2026-08-26T07:44:26.905687
f64c9af9-3cf6-40a4-9d30-b60810bb7a00,Jamendo Track 16143,Jamendo Artist,2024,no,MTG-Jamendo,2026-08-26T07:44:26.905795
f1181508-f794-4ec4-ad99-7b40db1bc0e2,Jamendo Track 1067030,Jamendo Artist,2024,no,MTG-Jamendo,2026-08-26T07:44:26.905899
599dad89-6a26-4177-9335-ace7cdb638ea,Jamendo Track 362055,Jamendo Artist,2024,no,MTG-Jamendo,2026-08-26T07:44:26.906009
a1e39f84-567e-4b8b-b743-6a266d7433dd,Jamendo Track 1397899,Jamendo Artist,2024,no,MTG-Jamendo,2026-08-26T07:44:26.906126
4de6c2bb-6f98-4310-9bcb-f47d7db29bc3,Jamendo Track 273614,Jamendo Artist,2024,no,MTG-Jamendo,2026-08-26T07:44:26.906278
19b0b072-44c4-4fb3-b97f-7e3530dac6a6,Jamendo Track 7206,Jamendo Artist,2024,no,MTG-Jamendo,2026-08-26T07:44:26.906393
90121614-e5be-47e2-b383-f326d778887c,Jamendo Track 391425,Jamendo Artist,2024,no,MTG-Jamendo,2026-08-26T07:44:26.906497
70bb6742-5b92-461f-af50-1862820404ed,Jamendo Track 1302443,Jamendo Artist,2024,no,MTG-Jamendo,2026-08-26T07:44:26.906604
6894d0e9-b6d3-4405-b96e-da73491ba4c8,Jamendo Track 495553,Jamendo Artist,2024,no,MTG-Jamendo,2026-08-26T07:44:26.906717
b7ae2a27-e22f-4d62-8356-7a5b16880af6,Jamendo Track 10376,Jamendo Artist,2024,no,MTG-Jamendo,2026-08-26T07:44:26.906824
5e291a4e-6762-4ff1-a02c-ca23e748ee0a,Jamendo Track 458684,Jamendo Artist,2024,no,MTG-Jamendo,2026-08-26T07:44:26.906927
c18ba98f-08f4-40f4-9b28-6e8405b30098,Jamendo Track 225095,Jamendo Artist,2024,no,MTG-Jamendo,2026-08-26T07:44:26.907017
403005cf-76cd-42a2-8b44-785539745473,Jamendo Track 594845,Jamendo Artist,2024,no,MTG-Jamendo,2026-08-26T07:44:26.907097
fb88c682-dc5c-4da3-a65b-dfd7bdaf534f,Jamendo Track 208032,Jamendo Artist,2024,no,MTG-Jamendo,2026-08-26T07:44:26.907264
906d3329-8f0c-459f-b6b9-2acb95aea39d,Jamendo Track 381531,Jamendo Artist,2024,no,MTG-Jamendo,2026-08-26T07:44:26.907358
bd484d58-a3fa-48b2-8c7b-1c2b7ac132b7,Jamendo Track 112948,Jamendo Artist,2024,no,MTG-Jamendo,2026-08-26T07:44:26.907436
7e9192f0-7e59-46ab-b717-c0b533ddb12d,Jamendo Track 973754,Jamendo Artist,2024,no,MTG-Jamendo,2026-08-26T07:44:26.907510
7047c2d4-e1c3-4e72-9a7d-08634cec815d,Jamendo Track 162647,Jamendo Artist,2024,no,MTG-Jamendo,2026-08-26T07:44:26.907593
822f5db9-98a2-4de1-b49c-32b727d3550b,Jamendo Track 235905,Jamendo Artist,2024,no,MTG-Jamendo,2026-08-26T07:44:26.907704
8bedb0e2-98ed-49e9-9088-e497217d0a97,Jamendo Track 773056,Jamendo Artist,2024,no,MTG-Jamendo,2026-08-26T07:44:26.907813
4b8fad5e-96fd-4477-85b7-91945decbf86,Jamendo Track 1158692,Jamendo Artist,2024,no,MTG-Jamendo,2026-08-26T07:44:26.907913
9d8fa450-c7a9-4974-9fef-79d30a14e34e,Jamendo Track 161542,Jamendo Artist,2024,no,MTG-Jamendo,2026-08-26T07:44:26.908023
62d5acd3-0bf8-43d8-837c-a1210b4c0dea,Jamendo Track 353485,Jamendo Artist,2024,no,MTG-Jamendo,2026-08-26T07:44:26.908152
271d85d9-a903-41ca-86c3-e65ae652f850,Jamendo Track 261119,Jamendo Artist,2024,no,MTG-Jamendo,2026-08-26T07:44:26.908286
f3c5eae7-7711-4f57-b793-7b73e10ab726,Jamendo Track 443389,Jamendo Artist,2024,no,MTG-Jamendo,2026-08-26T07:44:26.908394
405660cb-771a-4be9-84b1-de7214f66603,Jamendo Track 217689,Jamendo Artist,2024,no,MTG-Jamendo,2026-08-26T07:44:26.908498
8c061c3b-653b-4e9f-9af9-961f5eea375b,Jamendo Track 165324,Jamendo Artist,2024,no,MTG-Jamendo,2026-08-26T07:44:26.908603
7594189d-d60a-42af-9dce-b9f8e2a57d13,Jamendo Track 1098805,Jamendo Artist,2024,no,MTG-Jamendo,2026-08-26T07:44:26.908713
8234c72d-1bc7-48c7-801d-c19a584a168b,Jamendo Track 190872,Jamendo Artist,2024,no,MTG-Jamendo,2026-08-26T07:44:26.908822
dbafe9fa-7195-4ae7-aeb8-ebf41de29496,Jamendo Track 1947,Jamendo Artist,2024,no,MTG-Jamendo,2026-08-26T07:44:26.908937
a6afb9f7-7e9d-4982-9526-af3bef45e9a8,Jamendo Track 1374054,Jamendo Artist,2024,no,MTG-Jamendo,2026-08-26T07:44:26.909055
6d2787fc-93ce-49b3-8aeb-72e33d1bbef6,Jamendo Track 238537,Jamendo Artist,2024,no,MTG-Jamendo,2026-08-26T07:44:26.909206
66499d51-7a0f-4439-beb9-b9e9935cb3bf,Jamendo Track 42319,Jamendo Artist,2024,no,MTG-Jamendo,2026-08-26T07:44:26.909323
0991d244-4913-4f8f-beba-2844904f70b1,Jamendo Track 26009,Jamendo Artist,2024,no,MTG-Jamendo,2026-08-26T07:44:26.909432
ea6127a3-bc08-455d-b4c4-1c7d96c66e4a,Jamendo Track 167287,Jamendo Artist,2024,no,MTG-Jamendo,2026-08-26T07:44:26.909538
715f8e23-2301-48e4-8e67-e876f2f613a7,Jamendo Track 1095496,Jamendo Artist,2024,no,MTG-Jamendo,2026-08-26T07:44:26.909642
fd2ded48-9bdf-47a4-9894-d6b3fffd67bd,Jamendo Track 305847,Jamendo Artist,2024,no,MTG-Jamendo,2026-08-26T07:44:26.909726
cbdd71d2-61f0-4268-ac32-eaca75325ccb,Jamendo Track 434886,Jamendo Artist,2024,no,MTG-Jamendo,2026-08-26T07:44:26.909803
2429ffb8-6921-48ef-8f33-05f78e8f90da,Jamendo Track 210814,Jamendo Artist,2024,no,MTG-Jamendo,2026-08-26T07:44:26.909879
1318940b-504b-46d9-83f8-1a7e461ab10c,Jamendo Track 768648,Jamendo Artist,2024,no,MTG-Jamendo,2026-08-26T07:44:26.909954
2c223ba1-b5c5-4a4b-9a6f-7e4d0242ada4,Jamendo Track 45557,Jamendo Artist,2024,no,MTG-Jamendo,2026-08-26T07:44:26.910026
accdf920-2a6b-4128-a10c-df3fec6aad7d,Jamendo Track 73058,Jamendo Artist,2024,no,MTG-Jamendo,2026-08-26T07:44:26.910098
651b6952-7188-4ca3-bb0b-347ef944fe3f,Jamendo Track 435491,Jamendo Artist,2024,no,MTG-Jamendo,2026-08-26T07:44:26.910211
10906dd8-d887-4660-85c7-160c95c82a43,Jamendo Track 134121,Jamendo Artist,2024,no,MTG-Jamendo,2026-08-26T07:44:26.910307
f6de8faa-f5ad-45f7-8a49-0e32439f3182,Jamendo Track 248026,Jamendo Artist,2024,no,MTG-Jamendo,2026-08-26T07:44:26.910404
fd161325-ea80-4f85-9ae2-7e5d0bfb0a1b,Jamendo Track 159245,Jamendo Artist,2024,no,MTG-Jamendo,2026-08-26T07:44:26.910512
1b08d3e9-684a-4778-b10d-55a9197d708b,Jamendo Track 1302658,Jamendo Artist,2024,no,MTG-Jamendo,2026-08-26T07:44:26.910621
76b14435-87e3-4abf-9439-5f3ef15c8846,Jamendo Track 10567,Jamendo Artist,2024,no,MTG-Jamendo,2026-08-26T07:44:26.910742
9fd45e80-b418-4994-8c5e-86b27cfdca6b,Jamendo Track 1391859,Jamendo Artist,2024,no,MTG-Jamendo,2026-08-26T07:44:26.910856
808eb41d-c9cf-40af-ac72-d2dc1087144b,Jamendo Track 141761,Jamendo Artist,2024,no,MTG-Jamendo,2026-08-26T07:44:26.910969
942c7f7e-3711-4cb6-9b67-a6cbfe21c380,Jamendo Track 753081,Jamendo Artist,2024,no,MTG-Jamendo,2026-08-26T07:44:26.911078
4e2d0783-821a-496f-8c80-09c5958d0147,Jamendo Track 175333,Jamendo Artist,2024,no,MTG-Jamendo,2026-08-26T07:44:26.911222
65cc1419-417a-4176-85f6-590a4cddd805,Jamendo Track 568194,Jamendo Artist,2024,no,MTG-Jamendo,2026-08-26T07:44:26.911335
b24cc30a-9240-4993-a959-6f7e842cea9c,Jamendo Track 211828,Jamendo Artist,2024,no,MTG-Jamendo,2026-08-26T07:44:26.911444
cebccbba-307e-4d09-b5fc-78e654e36082,Jamendo Track 167892,Jamendo Artist,2024,no,MTG-Jamendo,2026-08-26T07:44:26.911560
8fe4266b-abe4-41e7-b247-840c4058e744,Jamendo Track 492104,Jamendo Artist,2024,no,MTG-Jamendo,2026-08-26T07:44:26.911683
6195ef51-2912-43e3-8579-e5d23e06fcc4,Jamendo Track 1067035,Jamendo Artist,2024,no,MTG-Jamendo,2026-08-26T07:44:26.911798
0f8c48b8-7de5-49b7-a17a-585749da834e,Jamendo Track 449913,Jamendo Artist,2024,no,MTG-Jamendo,2026-08-26T07:44:26.911905
cb9a4261-3a1e-4a31-a1af-5a432139a5f8,Jamendo Track 434858,Jamendo Artist,2024,no,MTG-Jamendo,2026-08-26T07:44:26.912015
29eb6c40-2222-4409-9eae-030ec16ca0ad,Jamendo Track 1007274,Jamendo Artist,2024,no,MTG-Jamendo,2026-08-26T07:44:26.912141
ce17b487-a7d2-4c51-81dc-9ab45c4a7ff1,Jamendo Track 131011,Jamendo Artist,2024,no,MTG-Jamendo,2026-08-26T07:44:26.912280
6e95f4cf-965a-4bbd-8215-880198ca71ef,Jamendo Track 395916,Jamendo Artist,2024,no,MTG-Jamendo,2026-08-26T07:44:26.912377
29f51647-c410-4428-bccd-a9485cbd30be,Jamendo Track 179579,Jamendo Artist,2024,no,MTG-Jamendo,2026-08-26T07:44:26.912456
06f0ac3f-5970-46e8-9c56-16037e361880,Jamendo Track 168966,Jamendo Artist,2024,no,MTG-Jamendo,2026-08-26T07:44:26.912533
bb164ceb-75c3-445a-aacd-0421ba3c89aa,Jamendo Track 644055,Jamendo Artist,2024,no,MTG-Jamendo,2026-08-26T07:44:26.912608
1368bd47-8f92-4147-936e-c3e1b4814f5d,Jamendo Track 1145058,Jamendo Artist,2024,no,MTG-Jamendo,2026-08-26T07:44:26.912692
29bf0a35-2583-4822-9e34-791883359d9a,Jamendo Track 329649,Jamendo Artist,2024,no,MTG-Jamendo,2026-08-26T07:44:26.912766
58af8862-00ad-4b07-b8f7-4d383604b8dd,Jamendo Track 24748,Jamendo Artist,2024,no,MTG-Jamendo,2026-08-26T07:44:26.912839
2b643767-a3cc-4a1c-bf48-4c397c306207,Jamendo Track 324377,Jamendo Artist,2024,no,MTG-Jamendo,2026-08-26T07:44:26.912912
5ff2b9a3-515a-4be6-8994-8327ea849abb,Jamendo Track 194942,Jamendo Artist,2024,no,MTG-Jamendo,2026-08-26T07:44:26.913001
472d1ec0-cf99-4313-80af-26cb70ddb36f,Jamendo Track 3987,Jamendo Artist,2024,no,MTG-Jamendo,2026-08-26T07:44:26.913103
6ebee021-e718-404b-ab1d-4c1015960ce5,Jamendo Track 251641,Jamendo Artist,2024,no,MTG-Jamendo,2026-08-26T07:44:26.913246
7a0fcb88-5339-43cb-9808-f6af7a91cb1e,Jamendo Track 1069481,Jamendo Artist,2024,no,MTG-Jamendo,2026-08-26T07:44:26.913358
9792fed5-a53b-4b8d-b174-115e4d4cb499,Jamendo Track 76949,Jamendo Artist,2024,no,MTG-Jamendo,2026-08-26T07:44:26.913473
ee09f68b-c7cb-42eb-95be-5c2ca79fd24e,Jamendo Track 275790,Jamendo Artist,2024,no,MTG-Jamendo,2026-08-26T07:44:26.913603
8e42b525-7f86-4bcb-8b63-2a09f888d6cb,Jamendo Track 1378483,Jamendo Artist,2024,no,MTG-Jamendo,2026-08-26T07:44:26.913732
e31d3966-082f-4a04-a9ab-32075a91b028,Jamendo Track 3449,Jamendo Artist,2024,no,MTG-Jamendo,2026-08-26T07:44:26.913840
43aa5b73-d77f-46c6-aedb-ec8cbc89a1b6,Jamendo Track 734250,Jamendo Artist,2024,no,MTG-Jamendo,2026-08-26T07:44:26.913945
83aaba1a-2474-4f32-a476-de949257ec43,Jamendo Track 430762,Jamendo Artist,2024,no,MTG-Jamendo,2026-08-26T07:44:26.914050
932f31b7-b4ac-4bff-b343-4c290d02f896,Jamendo Track 400403,Jamendo Artist,2024,no,MTG-Jamendo,2026-08-26T07:44:26.914212
1e3168cd-4ca6-42cb-91c4-be499d7b4a15,Jamendo Track 152311,Jamendo Artist,2024,no,MTG-Jamendo,2026-08-26T07:44:26.914331
4429c4e0-769a-4001-aaa3-76baa8d32753,Jamendo Track 687697,Jamendo Artist,2024,no,MTG-Jamendo,2026-08-26T07:44:26.914454
828e5deb-7912-40b9-9078-c22fa03336b0,Jamendo Track 471390,Jamendo Artist,2024,no,MTG-Jamendo,2026-08-26T07:44:26.914562
2cd616e8-e875-4bfe-8076-bd281eb895c3,Jamendo Track 1040556,Jamendo Artist,2024,no,MTG-Jamendo,2026-08-26T07:44:26.914675
92bb382d-4938-4f63-a76a-6a390a25d529,Jamendo Track 687696,Jamendo Artist,2024,no,MTG-Jamendo,2026-08-26T07:44:26.914785
8efce7fc-7c2c-4a5b-b295-f136bf07f10b,Jamendo Track 245317,Jamendo Artist,2024,no,MTG-Jamendo,2026-08-26T07:44:26.914897
e65d9172-686f-4b75-bec1-964b505d23d4,Jamendo Track 388816,Jamendo Artist,2024,no,MTG-Jamendo,2026-08-26T07:44:26.915006
4292ff26-d4fe-4b73-bfa1-eabe29ffe612,Jamendo Track 271141,Jamendo Artist,2024,no,MTG-Jamendo,2026-08-26T07:44:26.915096
d279b24e-11f0-46db-9912-af9c54dc29af,Jamendo Track 243529,Jamendo Artist,,no,MTG-Jamendo,2026-08-26T07:44:26.915216
9ccfa56e-3857-48ac-8c32-935083bde353,Jamendo Track 253892,Jamendo Artist,,no,MTG-Jamendo,2026-08-26T07:44:26.915311
611d6aad-142d-4b4e-866e-068b18ecda23,Jamendo Track 61202,Jamendo Artist,,no,MTG-Jamendo,2026-08-26T07:44:26.915388
82d3f515-5ce1-461a-b802-4c543959a69b,Jamendo Track 164448,Jamendo Artist,,no,MTG-Jamendo,2026-08-26T07:44:26.915464
8b50cdc5-5415-44ce-b682-5dd87b166c75,Jamendo Track 178376,Jamendo Artist,,no,MTG-Jamendo,2026-08-26T07:44:26.915538
8b4ad968-5d33-4744-870f-d471a18d21b6,Jamendo Track 91925,Jamendo Artist,,no,MTG-Jamendo,2026-08-26T07:44:26.915613
2e50715e-caa0-48ba-be66-1fcc08678245,Jamendo Track 90131,Jamendo Artist,,no,MTG-Jamendo,2026-08-26T07:44:26.915698
3dd2929a-9b51-4fa3-9767-821cf36b0aca,Jamendo Track 153864,Jamendo Artist,,no,MTG-Jamendo,2026-08-26T07:44:26.915784
a6198abe-fc3b-4bda-a320-ff4eadfd04ce,Jamendo Track 182155,Jamendo Artist,,no,MTG-Jamendo,2026-08-26T07:44:26.915890
dacef268-ef5a-47ad-8268-f41d75b2170c,Jamendo Track 16750,Jamendo Artist,,no,MTG-Jamendo,2026-08-26T07:44:26.915997
8fe87372-f98c-43d4-a521-fe1f9ae812dc,Jamendo Track 174404,Jamendo Artist,,no,MTG-Jamendo,2026-08-26T07:44:26.916102
a6c381dc-56ff-4ce3-9d38-446bac32aa07,Jamendo Track 245430,Jamendo Artist,,no,MTG-Jamendo,2026-08-26T07:44:26.916246
61df10f7-e695-4e20-b491-09798f5ec36e,Jamendo Track 1402623,Jamendo Artist,,no,MTG-Jamendo,2026-08-26T07:44:26.916358
56192f0f-5034-4ef5-9aa5-c9cbedc7b3c9,Jamendo Track 113430,Jamendo Artist,,no,MTG-Jamendo,2026-08-26T07:44:26.916462
0f9774a5-a568-4953-a70c-355017787500,Jamendo Track 454873,Jamendo Artist,,no,MTG-Jamendo,2026-08-26T07:44:26.916566
79b45884-c63b-4e25-a473-2cf9350e2e72,Jamendo Track 74693,Jamendo Artist,,no,MTG-Jamendo,2026-08-26T07:44:26.916677
d47f2723-f069-4a83-8e36-a79ac731caeb,Jamendo Track 1238065,Jamendo Artist,,no,MTG-Jamendo,2026-08-26T07:44:26.916784
48ed1778-d551-4ef6-85d9-f979935cc3a7,Jamendo Track 299297,Jamendo Artist,,no,MTG-Jamendo,2026-08-26T07:44:26.916895
79c570b5-232d-4a19-b0c0-2cd6d2d630f3,Jamendo Track 208723,Jamendo Artist,,no,MTG-Jamendo,2026-08-26T07:44:26.917004
e91c9045-6787-412c-b93b-aeb9f088781b,Jamendo Track 182619,Jamendo Artist,,no,MTG-Jamendo,2026-08-26T07:44:26.917119
313eb04d-ef44-4bbb-bc94-9cdc1124e2dd,Jamendo Track 383013,Jamendo Artist,,no,MTG-Jamendo,2026-08-26T07:44:26.917278
e4af9525-a386-46c2-9280-8500356e9c67,Jamendo Track 192676,Jamendo Artist,,no,MTG-Jamendo,2026-08-26T07:44:26.917392
724519e5-3317-40c1-abd5-fa0be4a0db79,Jamendo Track 240723,Jamendo Artist,,no,MTG-Jamendo,2026-08-26T07:44:26.917504
f448bbee-ca5f-4640-9387-c69a3a55e4df,Jamendo Track 1158688,Jamendo Artist,,no,MTG-Jamendo,2026-08-26T07:44:26.917619
f3d3b736-f79f-47be-915e-4353272730bc,Jamendo Track 381166,Jamendo Artist,,no,MTG-Jamendo,2026-08-26T07:44:26.917719
091649cd-1297-4c8d-bd7b-bb0d17917f54,Jamendo Track 135695,Jamendo Artist,,no,MTG-Jamendo,2026-08-26T07:44:26.917797
0767e99a-0dac-4289-b6d7-15c5c540299e,Jamendo Track 393247,Jamendo Artist,,no,MTG-Jamendo,2026-08-26T07:44:26.917872
9af1af23-745d-4626-b4e6-ffdabaa0aa19,Jamendo Track 194781,Jamendo Artist,,no,MTG-Jamendo,2026-08-26T07:44:26.917947
1dd86a8e-8bb3-43a9-a342-153a8e6a5c33,Jamendo Track 431499,Jamendo Artist,,no,MTG-Jamendo,2026-08-26T07:44:26.918020
4a2bdb9c-7200-45a0-90ef-a4cab429234e,Jamendo Track 211822,Jamendo Artist,,no,MTG-Jamendo,2026-08-26T07:44:26.918099
4ea92ae1-57f8-455b-90e8-861b2b327ac5,Jamendo Track 6699,Jamendo Artist,,no,MTG-Jamendo,2026-08-26T07:44:26.918210
7b5f678b-7877-4901-b6ce-1fbf5c95cd9b,Jamendo Track 318958,Jamendo Artist,,no,MTG-Jamendo,2026-08-26T07:44:26.918308
bd677ae7-957d-4dd8-a5c3-73b5c1b409d5,Jamendo Track 387394,Jamendo Artist,,no,MTG-Jamendo,2026-08-26T07:44:26.918390
b4b960ee-cea0-42a0-b4a6-fb7b4eb86558,Jamendo Track 39107,Jamendo Artist,,no,MTG-Jamendo,2026-08-26T07:44:26.918474
1ecd9bb6-ed74-4d3a-99ca-03c3db8dd78c,Jamendo Track 20234,Jamendo Artist,,no,MTG-Jamendo,2026-08-26T07:44:26.918574
6db8829c-e12e-4281-8c58-bf37e9a342a7,Jamendo Track 181854,Jamendo Artist,,no,MTG-Jamendo,2026-08-26T07:44:26.918692
cdbb3d92-ffe6-4e10-adaa-dff0671d9f75,Jamendo Track 298387,Jamendo Artist,,no,MTG-Jamendo,2026-08-26T07:44:26.918801
688a68eb-27f5-4831-bb8e-9c7f1b8fdbfe,Jamendo Track 138037,Jamendo Artist,,no,MTG-Jamendo,2026-08-26T07:44:26.918913
41837b5b-7765-4bd0-a1f9-3681f820b0eb,Jamendo Track 423116,Jamendo Artist,,no,MTG-Jamendo,2026-08-26T07:44:26.919023
5842dd3d-305e-4fa8-b531-35531ec3c486,Jamendo Track 1084715,Jamendo Artist,,no,MTG-Jamendo,2026-08-26T07:44:26.919143
ec311845-5c25-4516-a5d3-4222352211bf,Jamendo Track 783440,Jamendo Artist,,no,MTG-Jamendo,2026-08-26T07:44:26.919288
ef5423ba-9870-4fe0-a1ee-036636dc06b7,Jamendo Track 1105857,Jamendo Artist,,no,MTG-Jamendo,2026-08-26T07:44:26.919396
29af5ad2-5229-44a7-9cbd-65fa3b913ac1,Jamendo Track 934002,Jamendo Artist,,no,MTG-Jamendo,2026-08-26T07:44:26.919506
00b3fe0b-d964-498f-b2f3-2f0da4b271ca,Jamendo Track 250881,Jamendo Artist,,no,MTG-Jamendo,2026-08-26T07:44:26.919612
4dce9619-7ee3-4a49-ac7e-a88521cfce60,Jamendo Track 117407,Jamendo Artist,,no,MTG-Jamendo,2026-08-26T07:44:26.919728
d1bf1e5e-e092-4e14-a640-1a8a1dd39155,Jamendo Track 508155,Jamendo Artist,,no,MTG-Jamendo,2026-08-26T07:44:26.919834
d7a66a40-942a-442e-bded-b5b70a525658,Jamendo Track 753086,Jamendo Artist,,no,MTG-Jamendo,2026-08-26T07:44:26.919941
4cfb0e02-a592-4759-bbd9-d84d787925d5,Jamendo Track 31504,Jamendo Artist,,no,MTG-Jamendo,2026-08-26T07:44:26.920050
43e10a74-5bf4-44a2-a6a0-2dd5ba277033,Jamendo Track 282428,Jamendo Artist,,no,MTG-Jamendo,2026-08-26T07:44:26.920192
817d2df9-5e6e-41aa-b04d-f8f6d75db255,Jamendo Track 106563,Jamendo Artist,,no,MTG-Jamendo,2026-08-26T07:44:26.920309
59563d3d-a19c-41f0-b6c3-1d187cf2941f,Jamendo Track 417474,Jamendo Artist,,no,MTG-Jamendo,2026-08-26T07:44:26.920412
a9cd0213-a1bf-4a84-9822-36d16ad1cf12,Jamendo Track 5697,Jamendo Artist,,no,MTG-Jamendo,2026-08-26T07:44:26.920493
dc3c731c-bb33-427f-bb77-a7e9cebd0e47,Jamendo Track 419786,Jamendo Artist,,no,MTG-Jamendo,2026-08-26T07:44:26.920574
c41c4c55-5e96-42f3-8bc2-c94a329770ba,Jamendo Track 285636,Jamendo Artist,,no,MTG-Jamendo,2026-08-26T07:44:26.920663
1cce5e63-f2ae-4c06-ac69-a54b219b2758,Jamendo Track 167762,Jamendo Artist,,no,MTG-Jamendo,2026-08-26T07:44:26.920752
81ae275b-c083-49b4-8c43-21198d255fdd,Jamendo Track 180940,Jamendo Artist,,no,MTG-Jamendo,2026-08-26T07:44:26.920827
2fad5ce9-6a69-490e-9eee-cba9b87b6a81,Jamendo Track 393968,Jamendo Artist,,no,MTG-Jamendo,2026-08-26T07:44:26.920901
58bae054-7899-4011-8698-e080105b29d0,Jamendo Track 397829,Jamendo Artist,,no,MTG-Jamendo,2026-08-26T07:44:26.920974
8bb4107b-a89a-4bcb-82db-1aace2cd720b,Jamendo Track 455474,Jamendo Artist,,no,MTG-Jamendo,2026-08-26T07:44:26.921047
5a2e0c5f-672a-4ecf-9641-5fec4c139bff,Jamendo Track 1079637,Jamendo Artist,,no,MTG-Jamendo,2026-08-26T07:44:26.921149
efddb1b1-8b99-43b5-b4de-11a489a0544c,Jamendo Track 250972,Jamendo Artist,,no,MTG-Jamendo,2026-08-26T07:44:26.921279
0ec658fa-f74a-4efa-b20e-506126401e27,Jamendo Track 356979,Jamendo Artist,,no,MTG-Jamendo,2026-08-26T07:44:26.921393
4971316e-4790-4c9d-834c-e38db1c635e1,Jamendo Track 395261,Jamendo Artist,,no,MTG-Jamendo,2026-08-26T07:44:26.921500
c6349328-1073-477f-afbc-ad59d5c640d5,Jamendo Track 5339,Jamendo Artist,,no,MTG-Jamendo,2026-08-26T07:44:26.921612
98dd09a7-abdb-4b81-91b1-abc4fb95c188,Jamendo Track 172108,Jamendo Artist,,no,MTG-Jamendo,2026-08-26T07:44:26.921729
dc0aa49d-750f-4ac6-b30a-c6b5a5074f79,Jamendo Track 470551,Jamendo Artist,,no,MTG-Jamendo,2026-08-26T07:44:26.921840
556e32cb-0893-4763-a583-abde9af99961,Jamendo Track 1404967,Jamendo Artist,,no,MTG-Jamendo,2026-08-26T07:44:26.921941
f0946436-73e3-4bc5-83a4-8dfa3d6a438a,Jamendo Track 187955,Jamendo Artist,,no,MTG-Jamendo,2026-08-26T07:44:26.922047
aeb9c678-592b-4059-8689-107390931290,Jamendo Track 275775,Jamendo Artist,,no,MTG-Jamendo,2026-08-26T07:44:26.922183
70247448-6e90-406d-af1c-0227e724c91c,Jamendo Track 284264,Jamendo Artist,,no,MTG-Jamendo,2026-08-26T07:44:26.922302
0aa16eb7-36e5-4e9a-a18e-e45ad3250b25,Jamendo Track 265240,Jamendo Artist,,no,MTG-Jamendo,2026-08-26T07:44:26.922410
8ddab6c6-8a1c-435a-aafd-a9c33f4d4c59,Jamendo Track 211829,Jamendo Artist,,no,MTG-Jamendo,2026-08-26T07:44:26.922525
a3d7c4bc-cafd-4f82-a4c9-b1f5dde06c9c,Jamendo Track 397919,Jamendo Artist,,no,MTG-Jamendo,2026-08-26T07:44:26.922630
ee97126a-9850-4898-8f6f-37469470f92f,Jamendo Track 279477,Jamendo Artist,,no,MTG-Jamendo,2026-08-26T07:44:26.922741
4dd7bed4-09c0-401a-b29f-b382035ab9a1,Jamendo Track 973729,Jamendo Artist,,no,MTG-Jamendo,2026-08-26T07:44:26.922852
3b0d3851-d2d7-45d3-8d46-21a900f16d77,Jamendo Track 1138808,Jamendo Artist,,no,MTG-Jamendo,2026-08-26T07:44:26.922960
f2ac2e1d-63c5-4c5f-9da4-ae3c48186e67,Jamendo Track 376283,Jamendo Artist,,no,MTG-Jamendo,2026-08-26T07:44:26.923082
134dfdea-a0f2-4c48-a2a9-42ab773d4901,Jamendo Track 345539,Jamendo Artist,,no,MTG-Jamendo,2026-08-26T07:44:26.923207
71678235-766b-450f-a58e-c5d981840f64,Jamendo Track 192785,Jamendo Artist,,no,MTG-Jamendo,2026-08-26T07:44:26.923296
241eea35-27ed-4f29-96ed-2b7b2cef0187,Jamendo Track 153568,Jamendo Artist,,no,MTG-Jamendo,2026-08-26T07:44:26.923382
f1d2e0c0-9aa6-4aaf-aa35-3013f36b2799,Jamendo Track 42316,Jamendo Artist,,no,MTG-Jamendo,2026-08-26T07:44:26.923460
196f09f6-36fe-4b69-b5fd-50238202be59,Jamendo Track 187928,Jamendo Artist,,no,MTG-Jamendo,2026-08-26T07:44:26.923558
ffcd17b8-9eeb-4194-a5a3-efe0d406678f,Jamendo Track 142200,Jamendo Artist,,no,MTG-Jamendo,2026-08-26T07:44:26.923638
c1d68d2f-b861-436f-9488-c07bcbe6b734,Jamendo Track 1238886,Jamendo Artist,,no,MTG-Jamendo,2026-08-26T07:44:26.923723
3c271526-2c8f-4476-95f0-09a8f25eb700,Jamendo Track 1069487,Jamendo Artist,,no,MTG-Jamendo,2026-08-26T07:44:26.923806
12eb8fdc-a31d-43b3-b2cb-2a00aab270ea,Jamendo Track 1371847,Jamendo Artist,,no,MTG-Jamendo,2026-08-26T07:44:26.923884
262e19df-9d32-4b8a-a398-a3f482a6574a,Jamendo Track 261120,Jamendo Artist,,no,MTG-Jamendo,2026-08-26T07:44:26.923970
ac4884ea-dd97-49c5-88c3-a0e1abd87f77,Jamendo Track 431412,Jamendo Artist,,no,MTG-Jamendo,2026-08-26T07:44:26.924096
5a74dcfe-c09d-47f5-8dd2-8b4307b2090d,Jamendo Track 199877,Jamendo Artist,,no,MTG-Jamendo,2026-08-26T07:44:26.924255
047baae6-86e7-4ade-9d86-24b9a56473ff,Jamendo Track 213223,Jamendo Artist,,no,MTG-Jamendo,2026-08-26T07:44:26.924374
fbb00a97-b267-4624-833d-c510f1209790,Jamendo Track 558416,Jamendo Artist,,no,MTG-Jamendo,2026-08-26T07:44:26.924487
f0cdeed5-d8d4-42e2-bee1-e1f9e02a5104,Jamendo Track 338022,Jamendo Artist,,no,MTG-Jamendo,2026-08-26T07:44:26.924595
08c422ef-c6c7-40da-899d-d3ed9a6fcd88,Jamendo Track 934007,Jamendo Artist,,no,MTG-Jamendo,2026-08-26T07:44:26.924715
08dfa863-0ef8-4300-9616-53e5dcb286ec,Jamendo Track 200160,Jamendo Artist,,no,MTG-Jamendo,2026-08-26T07:44:26.924826
f109f3c4-2644-4ec8-bbf4-c78cf69986a0,Jamendo Track 318508,Jamendo Artist,,no,MTG-Jamendo,2026-08-26T07:44:26.924933
6146be1a-dcc1-4d1d-86d7-ad85ea2f5fda,Jamendo Track 20059,Jamendo Artist,,no,MTG-Jamendo,2026-08-26T07:44:26.925046
77180243-5c61-477a-9088-7eb84ee830e1,Jamendo Track 149533,Jamendo Artist,,no,MTG-Jamendo,2026-08-26T07:44:26.925206
576201e1-f62e-4b4f-ba00-47d99783644b,Jamendo Track 167212,Jamendo Artist,,no,MTG-Jamendo,2026-08-26T07:44:26.925334
3492fabf-ed5a-435f-94a5-793b3c515bf7,Jamendo Track 1271444,Jamendo Artist,,no,MTG-Jamendo,2026-08-26T07:44:26.925451
019dbafb-80c6-4e69-8145-55f05fa6b3ce,Jamendo Track 8455,Jamendo Artist,,no,MTG-Jamendo,2026-08-26T07:44:26.925562
d3184485-af44-4f89-b910-0df9236f5af9,Jamendo Track 1069482,Jamendo Artist,,no,MTG-Jamendo,2026-08-26T07:44:26.925703
f04b1f38-9b1d-4fea-b490-f3f96e4e7ad7,Jamendo Track 456531,Jamendo Artist,,no,MTG-Jamendo,2026-08-26T07:44:26.925817
2f2b06ac-8710-402b-aefc-285648b7f526,Jamendo Track 475060,Jamendo Artist,,no,MTG-Jamendo,2026-08-26T07:44:26.925909
dd293e91-9b85-4f58-8218-2a466034492a,Jamendo Track 814942,Jamendo Artist,,no,MTG-Jamendo,2026-08-26T07:44:26.925988
9e47d40e-451b-4e1d-8a9b-1eb2a9ff8cbf,Jamendo Track 693093,Jamendo Artist,,no,MTG-Jamendo,2026-08-26T07:44:26.926063
4070ed43-d7ec-476a-a9b0-6369e92a7460,Jamendo Track 133242,Jamendo Artist,,no,MTG-Jamendo,2026-08-26T07:44:26.926154
489f8876-b135-4559-8d73-159f12e55115,Jamendo Track 315322,Jamendo Artist,,no,MTG-Jamendo,2026-08-26T07:44:26.926266
06c0e318-8563-4293-9550-9cf4178e229f,Jamendo Track 13015,Jamendo Artist,,no,MTG-Jamendo,2026-08-26T07:44:26.926348
796c9592-a15f-480b-8ab2-8009c956ea51,Jamendo Track 91941,Jamendo Artist,,no,MTG-Jamendo,2026-08-26T07:44:26.926423
d769628c-78fd-4ba6-8640-b6696dd77be0,Jamendo Track 192704,Jamendo Artist,,no,MTG-Jamendo,2026-08-26T07:44:26.926496
17dec0d8-f09e-43c6-b38f-e7b57726940a,Jamendo Track 133103,Jamendo Artist,,no,MTG-Jamendo,2026-08-26T07:44:26.926572
0c808800-b2c4-4bfc-a0b6-0182ae4a2bb2,Jamendo Track 13294,Jamendo Artist,,no,MTG-Jamendo,2026-08-26T07:44:26.926669
16fbaec1-7662-421d-9de9-70b3ec2e1067,Jamendo Track 1043269,Jamendo Artist,,no,MTG-Jamendo,2026-08-26T07:44:26.926749
27222dd6-e09f-4dc1-9751-5c38c6247910,Jamendo Track 760,Jamendo Artist,,no,MTG-Jamendo,2026-08-26T07:44:26.926841
8337e3ce-7ad4-4772-ac8c-673968854d93,Jamendo Track 334665,Jamendo Artist,,no,MTG-Jamendo,2026-08-26T07:44:26.926949
64c03efa-336f-48f3-a5e9-e8f584298fdc,Jamendo Track 667640,Jamendo Artist,,no,MTG-Jamendo,2026-08-26T07:44:26.927057
23662173-4c1e-402a-bc88-252e79bc4eea,Jamendo Track 295879,Jamendo Artist,,no,MTG-Jamendo,2026-08-26T07:44:26.927214
5025acd5-e541-4ac6-b604-1e34ae4e075f,Jamendo Track 217692,Jamendo Artist,,no,MTG-Jamendo,2026-08-26T07:44:26.927331
080762ce-3e4a-4659-bbe2-863791765a28,Jamendo Track 68460,Jamendo Artist,,no,MTG-Jamendo,2026-08-26T07:44:26.927446
8c308eab-f450-41b6-83f0-7e4971dbd0b7,Jamendo Track 217652,Jamendo Artist,,no,MTG-Jamendo,2026-08-26T07:44:26.927562
65d0b0da-99f9-4a81-b030-337b8895e30a,Jamendo Track 968027,Jamendo Artist,,no,MTG-Jamendo,2026-08-26T07:44:26.927669
f668bc75-bfc7-4071-9819-07d4c2201d10,Jamendo Track 392833,Jamendo Artist,,no,MTG-Jamendo,2026-08-26T07:44:26.927776
397dca31-be89-4517-9a77-977b97edb714,Jamendo Track 295898,Jamendo Artist,,no,MTG-Jamendo,2026-08-26T07:44:26.927886
5fba9075-cb5a-4d45-9f7e-02e2b5e271d7,Jamendo Track 3936,Jamendo Artist,,no,MTG-Jamendo,2026-08-26T07:44:26.927994
6f574c6b-6732-4e6c-a2c4-761d899dcb39,Jamendo Track 1160627,Jamendo Artist,,no,MTG-Jamendo,2026-08-26T07:44:26.928108
882b6d69-eea9-4391-aa57-54c9f3975f56,Jamendo Track 1302998,Jamendo Artist,,no,MTG-Jamendo,2026-08-26T07:44:26.928259
2f3f7988-2875-41fe-8b36-19756ab9c7dc,Jamendo Track 1054378,Jamendo Artist,,no,MTG-Jamendo,2026-08-26T07:44:26.928372
576e76ed-f27c-45d1-8d5f-eff15d544f3c,Jamendo Track 341732,Jamendo Artist,,no,MTG-Jamendo,2026-08-26T07:44:26.928482
12f8bf0f-c156-4423-b7ba-2637735f07fb,Jamendo Track 182657,Jamendo Artist,,no,MTG-Jamendo,2026-08-26T07:44:26.928590
4c0afd88-ff04-47b1-957d-c9947372ea06,Jamendo Track 1105214,Jamendo Artist,,no,MTG-Jamendo,2026-08-26T07:44:26.928686
ce928361-176c-4cbc-9cff-e055ebcb6800,Jamendo Track 454869,Jamendo Artist,,no,MTG-Jamendo,2026-08-26T07:44:26.928768
2d07ed97-e3be-463b-a568-3abbaf17a9bf,Jamendo Track 45559,Jamendo Artist,,no,MTG-Jamendo,2026-08-26T07:44:26.928844
5582a9b2-af30-425a-afe4-d6b3c8ffe7eb,Jamendo Track 419743,Jamendo Artist,,no,MTG-Jamendo,2026-08-26T07:44:26.928918
8234726a-5044-4edd-83c5-01a549dd4f68,Jamendo Track 973733,Jamendo Artist,,no,MTG-Jamendo,2026-08-26T07:44:26.928991
a492b785-d448-4bc6-b0e7-5f8f469dfc7c,Jamendo Track 1251293,Jamendo Artist,,no,MTG-Jamendo,2026-08-26T07:44:26.929065
2b807889-58e7-4bbd-bf05-56b916a6497d,Jamendo Track 308497,Jamendo Artist,,no,MTG-Jamendo,2026-08-26T07:44:26.929500
d8bd2520-2c52-4dde-aa89-a7016498c72f,Jamendo Track 437792,Jamendo Artist,,no,MTG-Jamendo,2026-08-26T07:44:26.929939
3e31f155-4198-4196-a478-e07cc4d25afb,Jamendo Track 10574,Jamendo Artist,,no,MTG-Jamendo,2026-08-26T07:44:26.930157
77353822-30b9-4712-99bd-1ab0cda82041,Jamendo Track 132935,Jamendo Artist,,no,MTG-Jamendo,2026-08-26T07:44:26.930405
8d052957-5d73-436d-ace5-fd68cc639b8d,Jamendo Track 13282,Jamendo Artist,,no,MTG-Jamendo,2026-08-26T07:44:26.930547
c91b0679-6042-43d1-8b9a-64a0649a1a83,Jamendo Track 465953,Jamendo Artist,,no,MTG-Jamendo,2026-08-26T07:44:26.930674
6e2f75ce-78db-47d4-bcd9-50f7c4e7d329,Jamendo Track 429447,Jamendo Artist,,no,MTG-Jamendo,2026-08-26T07:44:26.930799
feccd5c7-7545-48c0-85f2-dc856747cdda,Jamendo Track 192151,Jamendo Artist,,no,MTG-Jamendo,2026-08-26T07:44:26.930899
37424b08-6484-4b38-bc00-101610e001e7,Jamendo Track 253236,Jamendo Artist,,no,MTG-Jamendo,2026-08-26T07:44:26.930995
4d49dcba-f895-452f-b41b-fbaad5cc9c6d,Jamendo Track 8459,Jamendo Artist,,no,MTG-Jamendo,2026-08-26T07:44:26.931099
dd76e914-2e0b-4aa4-86f2-8ce4e4f3d29b,Jamendo Track 176936,Jamendo Artist,,no,MTG-Jamendo,2026-08-26T07:44:26.931234
34660f8e-2d86-4dcd-b50e-45372ddc2342,Jamendo Track 10674,Jamendo Artist,,no,MTG-Jamendo,2026-08-26T07:44:26.931346
7cf00c37-6674-40d0-b7ee-01f45a4979ff,Jamendo Track 503996,Jamendo Artist,,no,MTG-Jamendo,2026-08-26T07:44:26.931448
4fe78776-aa6c-4289-8707-d7bef3efdf3e,Jamendo Track 182513,Jamendo Artist,,no,MTG-Jamendo,2026-08-26T07:44:26.931547
cff0db00-f792-4e3f-badf-62c54ba796af,Jamendo Track 240748,Jamendo Artist,,no,MTG-Jamendo,2026-08-26T07:44:26.931651
01651c33-4314-481d-9a6a-bf97ed1901b1,Jamendo Track 879137,Jamendo Artist,,no,MTG-Jamendo,2026-08-26T07:44:26.931774
1befe8a6-98df-4784-9e84-44dd464531b7,Jamendo Track 386067,Jamendo Artist,,no,MTG-Jamendo,2026-08-26T07:44:26.931871
88a4258c-8efc-42d1-a654-291a2d585a63,Jamendo Track 153595,Jamendo Artist,,no,MTG-Jamendo,2026-08-26T07:44:26.931967
f053a719-0020-4ded-afeb-65ee51c2ffcd,Jamendo Track 48596,Jamendo Artist,,no,MTG-Jamendo,2026-08-26T07:44:26.932069
7ae274af-3ed6-44d0-823b-6d00dee65220,Jamendo Track 429544,Jamendo Artist,,no,MTG-Jamendo,2026-08-26T07:44:26.932198
f6331a2b-827b-4550-bd9a-7762aad2b431,Jamendo Track 182138,Jamendo Artist,,no,MTG-Jamendo,2026-08-26T07:44:26.932314
6209238a-447f-4c9e-b428-cba3ca534098,Jamendo Track 16557,Jamendo Artist,,no,MTG-Jamendo,2026-08-26T07:44:26.932416
442f0f2c-9cc3-431b-934d-f83d30c09cc6,Jamendo Track 879146,Jamendo Artist,,no,MTG-Jamendo,2026-08-26T07:44:26.932537
e5f6e2fb-bf2d-4434-8c62-3a83dbb8679e,Jamendo Track 660456,Jamendo Artist,,no,MTG-Jamendo,2026-08-26T07:44:26.932624
02b3ef25-0cfe-44ef-aee1-f58c7b2a3b1b,Jamendo Track 1138302,Jamendo Artist,,no,MTG-Jamendo,2026-08-26T07:44:26.932702
2bfbeaf1-7614-418b-a198-385f66e1f940,Jamendo Track 1042059,Jamendo Artist,,no,MTG-Jamendo,2026-08-26T07:44:26.932793
1461f910-4a41-42e9-a0aa-2db4e3479ff2,Jamendo Track 240768,Jamendo Artist,,no,MTG-Jamendo,2026-08-26T07:44:26.932869
ea55219c-823a-4562-8bf7-43ce1857b573,Jamendo Track 791686,Jamendo Artist,,no,MTG-Jamendo,2026-08-26T07:44:26.932944
8aa9a279-0cc1-4371-b940-71a682791522,Jamendo Track 401451,Jamendo Artist,,no,MTG-Jamendo,2026-08-26T07:44:26.933018
9083da5d-8120-4bec-9483-76402db74f44,Jamendo Track 1109349,Jamendo Artist,,no,MTG-Jamendo,2026-08-26T07:44:26.933093
18e18618-61bb-4b10-8012-3f2f0da1cc28,Jamendo Track 290969,Jamendo Artist,,no,MTG-Jamendo,2026-08-26T07:44:26.933195
c716136c-6b26-4957-a25a-dd47bfdb0d43,Jamendo Track 839319,Jamendo Artist,,no,MTG-Jamendo,2026-08-26T07:44:26.933298
83906083-9b5a-4340-b244-66643fe48bba,Jamendo Track 298872,Jamendo Artist,,no,MTG-Jamendo,2026-08-26T07:44:26.933377
206284a0-3b2c-4928-a3a5-0a55b6d1b2fd,Jamendo Track 340491,Jamendo Artist,,no,MTG-Jamendo,2026-08-26T07:44:26.933456
5c03f648-45a5-4f60-b7e1-0582c1297d56,Jamendo Track 15117,Jamendo Artist,,no,MTG-Jamendo,2026-08-26T07:44:26.933555
d9f14319-ab90-4f0d-b1ae-bef6716efe78,Jamendo Track 1355005,Jamendo Artist,,no,MTG-Jamendo,2026-08-26T07:44:26.933666
7df60af3-f30b-4605-b32f-1589bb94d498,Jamendo Track 393242,Jamendo Artist,,no,MTG-Jamendo,2026-08-26T07:44:26.933788
6f54a3c9-2e85-4135-a6c0-4300300afd7e,Jamendo Track 22895,Jamendo Artist,,no,MTG-Jamendo,2026-08-26T07:44:26.933900
17e34ee1-ef1b-4e94-a297-1339d6035b7e,Jamendo Track 80407,Jamendo Artist,,no,MTG-Jamendo,2026-08-26T07:44:26.934010
05d4009e-f33b-4a17-85d6-94fc9f9e7752,Jamendo Track 703356,Jamendo Artist,,no,MTG-Jamendo,2026-08-26T07:44:26.934133
39a7ea20-7fa2-4334-8188-d1f86135208b,Jamendo Track 141081,Jamendo Artist,,no,MTG-Jamendo,2026-08-26T07:44:26.934265
48633f79-bb02-4cfe-b4f8-12e7af2f3456,Jamendo Track 163223,Jamendo Artist,,no,MTG-Jamendo,2026-08-26T07:44:26.934373
d18dfceb-a1fd-4e28-b94a-614ab659f26e,Jamendo Track 260809,Jamendo Artist,,no,MTG-Jamendo,2026-08-26T07:44:26.934481
6ca8a304-44e5-4bb9-b2f8-aece4e3cff41,Jamendo Track 24067,Jamendo Artist,,no,MTG-Jamendo,2026-08-26T07:44:26.934587
7590c0dc-e3e3-46a0-8508-368c656c3b31,Jamendo Track 6148,Jamendo Artist,,no,MTG-Jamendo,2026-08-26T07:44:26.934695
0e34c92d-5b68-4f94-b721-d58902ca51f8,Jamendo Track 132842,Jamendo Artist,,no,MTG-Jamendo,2026-08-26T07:44:26.934812
40fa260d-cce5-4ea1-9ecc-f3085def745d,Jamendo Track 284252,Jamendo Artist,,no,MTG-Jamendo,2026-08-26T07:44:26.934925
6f746dbd-2858-46d8-b61b-6fa4657390da,Jamendo Track 208191,Jamendo Artist,,no,MTG-Jamendo,2026-08-26T07:44:26.935029
6d46c2a6-c232-4a6b-baec-a77be5c7be16,Jamendo Track 301534,Jamendo Artist,,no,MTG-Jamendo,2026-08-26T07:44:26.935130
6191c4ad-0697-47e1-8b86-337423f0bc0f,Jamendo Track 454870,Jamendo Artist,,no,MTG-Jamendo,2026-08-26T07:44:26.935275
f78236b1-0a07-4acc-bfd0-ba3dd6bb5ea2,Jamendo Track 273185,Jamendo Artist,,no,MTG-Jamendo,2026-08-26T07:44:26.935390
9ae3a989-2e88-449e-8b97-04b99caeb246,Jamendo Track 242131,Jamendo Artist,,no,MTG-Jamendo,2026-08-26T07:44:26.935502
dc4599a9-7ca0-481b-9e7f-5374179d5b95,Jamendo Track 273616,Jamendo Artist,,no,MTG-Jamendo,2026-08-26T07:44:26.935601
67df6fba-7f4f-4c4e-91ed-a849d848390b,Jamendo Track 767427,Jamendo Artist,,no,MTG-Jamendo,2026-08-26T07:44:26.935683
3919fd6e-a441-40ee-860e-6a0b7a4c384e,Jamendo Track 350549,Jamendo Artist,,no,MTG-Jamendo,2026-08-26T07:44:26.935780
323099d2-73b8-452b-b1b5-a2a134689a08,Jamendo Track 173494,Jamendo Artist,,no,MTG-Jamendo,2026-08-26T07:44:26.935863
3e65a706-0efd-4842-81c9-bc47f6d84345,Jamendo Track 229028,Jamendo Artist,,no,MTG-Jamendo,2026-08-26T07:44:26.935938
c8eb94ab-0e72-4bf9-a0ec-b943e29226d1,Jamendo Track 132153,Jamendo Artist,,no,MTG-Jamendo,2026-08-26T07:44:26.936009
41f93c4e-8f1c-4033-9504-8233f6411c1e,Jamendo Track 48067,Jamendo Artist,,no,MTG-Jamendo,2026-08-26T07:44:26.936082
d14ee406-fa71-4d8f-8449-936d80e4238c,Jamendo Track 337825,Jamendo Artist,,no,MTG-Jamendo,2026-08-26T07:44:26.936155
4bc33075-e4b7-437e-8ea7-2d0c2047726c,Jamendo Track 133094,Jamendo Artist,,no,MTG-Jamendo,2026-08-26T07:44:26.936280
3bc5073f-1cec-428a-bb2b-33374123c052,Jamendo Track 126075,Jamendo Artist,,no,MTG-Jamendo,2026-08-26T07:44:26.936373
c32aa9af-aee9-43e8-88ef-43dbf202f352,Jamendo Track 271094,Jamendo Artist,,no,MTG-Jamendo,2026-08-26T07:44:26.936451
4194b419-9532-4fa1-a453-4af5ea3580b1,Jamendo Track 133256,Jamendo Artist,,no,MTG-Jamendo,2026-08-26T07:44:26.936524
4d1f4e27-9bb2-4b8a-8908-b9c672b105a9,Jamendo Track 204020,Jamendo Artist,,no,MTG-Jamendo,2026-08-26T07:44:26.936602
09b44c97-e01f-48d2-bd1b-404fa194e11e,Jamendo Track 2249,Jamendo Artist,,no,MTG-Jamendo,2026-08-26T07:44:26.936700
347d7f94-8150-44dc-af8b-98ed0c1f8424,Jamendo Track 171914,Jamendo Artist,,no,MTG-Jamendo,2026-08-26T07:44:26.936832
32d8c57e-c863-4a28-8874-ae52cfa88155,Jamendo Track 1125768,Jamendo Artist,,no,MTG-Jamendo,2026-08-26T07:44:26.936940
0b89e6d4-9520-4251-a3c7-f340894d73eb,Jamendo Track 218905,Jamendo Artist,,no,MTG-Jamendo,2026-08-26T07:44:26.937048
4d86ca96-338a-45bb-8680-8efbdd99181e,Jamendo Track 22892,Jamendo Artist,,no,MTG-Jamendo,2026-08-26T07:44:26.937188
55f87b11-6063-4d46-8b0c-5d935045a002,Jamendo Track 68467,Jamendo Artist,,no,MTG-Jamendo,2026-08-26T07:44:26.937306
6ceab522-80b6-4063-a82e-8ae69868c6cc,Jamendo Track 242186,Jamendo Artist,,no,MTG-Jamendo,2026-08-26T07:44:26.937410
6e340f0a-8523-4983-8c65-bc2dfef9336e,Jamendo Track 45562,Jamendo Artist,,no,MTG-Jamendo,2026-08-26T07:44:26.937515
afa924f9-91bc-414b-b470-5476b68bea18,Jamendo Track 240437,Jamendo Artist,,no,MTG-Jamendo,2026-08-26T07:44:26.937632
d2121987-8c72-4f8d-8706-4112fe666e87,Jamendo Track 384190,Jamendo Artist,,no,MTG-Jamendo,2026-08-26T07:44:26.937756
7dc2b375-a99d-4ec4-a23d-621ac891c970,Jamendo Track 208300,Jamendo Artist,,no,MTG-Jamendo,2026-08-26T07:44:26.937862
ae1d4c48-8548-41c5-9ebb-b6be6ebe8eb4,Jamendo Track 219681,Jamendo Artist,,no,MTG-Jamendo,2026-08-26T07:44:26.937975
55877671-3756-41af-94d9-89b70f187c5c,Jamendo Track 48595,Jamendo Artist,,no,MTG-Jamendo,2026-08-26T07:44:26.938081
2cd6ae5a-d368-4c20-9201-cfeb8912d2b1,Jamendo Track 1271446,Jamendo Artist,,no,MTG-Jamendo,2026-08-26T07:44:26.938201
b8ca3729-9bd3-4bec-9593-bfb5e0849294,Jamendo Track 31511,Jamendo Artist,,no,MTG-Jamendo,2026-08-26T07:44:26.938325
ed8bd93d-94cc-44bd-8d65-e2bd8c1d79e2,Jamendo Track 131262,Jamendo Artist,,no,MTG-Jamendo,2026-08-26T07:44:26.938438
b510ff8c-6c23-4908-ac78-81eafce83d6e,Jamendo Track 224796,Jamendo Artist,,no,MTG-Jamendo,2026-08-26T07:44:26.938551
5a5fa36f-082d-4bf9-9ff9-695e3b727f53,Jamendo Track 271085,Jamendo Artist,,no,MTG-Jamendo,2026-08-26T07:44:26.938662
fe967f3a-2a11-4d4c-a0c6-eec56859c9af,Jamendo Track 431444,Jamendo Artist,,no,MTG-Jamendo,2026-08-26T07:44:26.938765
03201f42-d68e-4c46-a20d-4a1b8e2a4a35,Jamendo Track 397093,Jamendo Artist,,no,MTG-Jamendo,2026-08-26T07:44:26.938844
a109586b-f3aa-4595-9334-97582cf0ffd1,Jamendo Track 102834,Jamendo Artist,,no,MTG-Jamendo,2026-08-26T07:44:26.938919
71a3c173-c22a-4f2a-b2aa-217d061359b5,Jamendo Track 204021,Jamendo Artist,,no,MTG-Jamendo,2026-08-26T07:44:26.939000
e804bbef-d80f-4a00-a92e-457d32a926db,Jamendo Track 476922,Jamendo Artist,,no,MTG-Jamendo,2026-08-26T07:44:26.939075
cd0bbb26-81fb-4c59-acbc-00d4e3026341,Jamendo Track 48066,Jamendo Artist,,no,MTG-Jamendo,2026-08-26T07:44:26.939151
7392ce60-d184-4cb0-9d8c-fbb598a1a43c,Jamendo Track 220929,Jamendo Artist,,no,MTG-Jamendo,2026-08-26T07:44:26.939273
743bcda7-91a2-4f5e-a348-388f6aa1f078,Jamendo Track 8453,Jamendo Artist,,no,MTG-Jamendo,2026-08-26T07:44:26.939354
77ee4fdd-118d-4ee2-b9ad-a583551f2d02,Jamendo Track 1241870,Jamendo Artist,,no,MTG-Jamendo,2026-08-26T07:44:26.939434
5f38227c-731c-49dd-a479-9dddc755d66f,Jamendo Track 791112,Jamendo Artist,,no,MTG-Jamendo,2026-08-26T07:44:26.939511
1a8c4acd-d8fa-40b4-8cbd-088bcf7bd46b,Jamendo Track 273392,Jamendo Artist,,no,MTG-Jamendo,2026-08-26T07:44:26.939585
a4eb3ce7-eb34-4089-b9ef-5d0005cdf55a,Jamendo Track 102859,Jamendo Artist,,no,MTG-Jamendo,2026-08-26T07:44:26.939657
2f9e964b-a000-4dab-b809-d30178c0447f,Jamendo Track 22158,Jamendo Artist,,no,MTG-Jamendo,2026-08-26T07:44:26.939757
21f30411-f53c-4bfa-8cea-e10e304fe516,Jamendo Track 1275973,Jamendo Artist,,no,MTG-Jamendo,2026-08-26T07:44:26.939866
d561dc67-8a43-467b-a15a-8ea2ca029225,Jamendo Track 16751,Jamendo Artist,,no,MTG-Jamendo,2026-08-26T07:44:26.939969
f12a1b2a-0a59-4df3-b447-40bd584b3842,Jamendo Track 288365,Jamendo Artist,,no,MTG-Jamendo,2026-08-26T07:44:26.940076
9408143e-ff61-42a3-89c1-b5742f5779e9,Jamendo Track 1163923,Jamendo Artist,,no,MTG-Jamendo,2026-08-26T07:44:26.940203
30396281-76dc-4137-898e-9105b1dd4066,Jamendo Track 291329,Jamendo Artist,,no,MTG-Jamendo,2026-08-26T07:44:26.940325
8c0482c9-1966-40b0-baa8-8e0df0d15e8b,Jamendo Track 1374065,Jamendo Artist,,no,MTG-Jamendo,2026-08-26T07:44:26.940432
5e820bc3-71bc-41cf-b5ad-683d4c4a9d5a,Jamendo Track 242889,Jamendo Artist,,no,MTG-Jamendo,2026-08-26T07:44:26.940539
eaa9d359-2d6a-4f65-b17e-f139e2afeed7,Jamendo Track 220580,Jamendo Artist,,no,MTG-Jamendo,2026-08-26T07:44:26.940642
62bcf2b7-fd48-4d66-9afb-d2e3e30b0605,Jamendo Track 388232,Jamendo Artist,,no,MTG-Jamendo,2026-08-26T07:44:26.940775
bcd9e256-e541-4930-89b0-0c8cbed18272,Jamendo Track 33209,Jamendo Artist,,no,MTG-Jamendo,2026-08-26T07:44:26.940886
66f9f05c-61fd-4d3f-a83c-8a58ea19f139,Jamendo Track 400402,Jamendo Artist,,no,MTG-Jamendo,2026-08-26T07:44:26.941006
e8a91e60-85f2-47d7-9896-f824e87e6520,Jamendo Track 233984,Jamendo Artist,,no,MTG-Jamendo,2026-08-26T07:44:26.941117
707f9a95-382f-4cb5-9f60-96e5684827c4,Jamendo Track 45093,Jamendo Artist,,no,MTG-Jamendo,2026-08-26T07:44:26.941255
f541ac08-aac4-4a37-8a6d-7c5202b02605,Jamendo Track 676336,Jamendo Artist,,no,MTG-Jamendo,2026-08-26T07:44:26.941369
b39a9e39-8c8c-412c-9f61-746a71bf89ba,Jamendo Track 106548,Jamendo Artist,,no,MTG-Jamendo,2026-08-26T07:44:26.941477
51a4ee3d-9f92-4b58-8dec-dd140f6839d9,Jamendo Track 1216559,Jamendo Artist,,no,MTG-Jamendo,2026-08-26T07:44:26.941583
acaf8430-8db3-4160-837b-b1092737449a,Jamendo Track 78185,Jamendo Artist,,no,MTG-Jamendo,2026-08-26T07:44:26.941697
78f2afc8-2ff3-41b5-b072-79cc49626d39,Jamendo Track 82881,Jamendo Artist,,no,MTG-Jamendo,2026-08-26T07:44:26.941792
6e6977a4-4747-4140-a262-863f0c9dcf8a,Jamendo Track 329516,Jamendo Artist,,no,MTG-Jamendo,2026-08-26T07:44:26.941868
3345606c-9d26-4a37-a26d-f886efe74008,Jamendo Track 1367116,Jamendo Artist,,no,MTG-Jamendo,2026-08-26T07:44:26.941941
b0d0d043-bf1c-4bc8-8236-8c3000fe3d2c,Jamendo Track 149128,Jamendo Artist,,no,MTG-Jamendo,2026-08-26T07:44:26.942013
a3ee29e1-14a1-4cfe-b01f-725331549951,Jamendo Track 1119038,Jamendo Artist,,no,MTG-Jamendo,2026-08-26T07:44:26.942086
82b7c6e0-98d3-472e-9ab2-443863efc62c,Jamendo Track 191405,Jamendo Artist,,no,MTG-Jamendo,2026-08-26T07:44:26.942176
c7d15b7a-077d-4098-8a3c-02405c03de57,Jamendo Track 208184,Jamendo Artist,,no,MTG-Jamendo,2026-08-26T07:44:26.942282
1ac6fa14-7368-4fad-a1bc-d7e52d4f5c7d,Jamendo Track 14343,Jamendo Artist,,no,MTG-Jamendo,2026-08-26T07:44:26.942364
f98a4bd9-fbcb-4acb-befc-4d53f6e78923,Jamendo Track 1086187,Jamendo Artist,,no,MTG-Jamendo,2026-08-26T07:44:26.942449
37f11eb5-0da9-4324-8297-1cd20accb4c6,Jamendo Track 283117,Jamendo Artist,,no,MTG-Jamendo,2026-08-26T07:44:26.942527
7e61cee3-47c0-4e3c-ab99-b9a81be3210b,Jamendo Track 477081,Jamendo Artist,,no,MTG-Jamendo,2026-08-26T07:44:26.942600
6f227f2f-928a-4f6a-8eab-3b1007c91348,Jamendo Track 249289,Jamendo Artist,,no,MTG-Jamendo,2026-08-26T07:44:26.942673
703d1928-78af-4f7d-a140-30688d92ba17,Jamendo Track 1129245,Jamendo Artist,,no,MTG-Jamendo,2026-08-26T07:44:26.942789
17ae7535-8395-4831-9e55-79c0459791c1,Jamendo Track 168674,Jamendo Artist,,no,MTG-Jamendo,2026-08-26T07:44:26.942899
d70e69cf-7429-4646-9acb-c260f4c7d4cd,Jamendo Track 331589,Jamendo Artist,,no,MTG-Jamendo,2026-08-26T07:44:26.943010
05cb28fd-7441-4d27-93d3-7543a5c2179b,Jamendo Track 180817,Jamendo Artist,,no,MTG-Jamendo,2026-08-26T07:44:26.943136
bd90c0e1-4de9-4ac8-9a04-79548a6b5c37,Jamendo Track 220579,Jamendo Artist,,no,MTG-Jamendo,2026-08-26T07:44:26.943282
20f717b1-ef78-4d4c-9936-8c9e8bc4104c,Jamendo Track 226682,Jamendo Artist,,no,MTG-Jamendo,2026-08-26T07:44:26.943396
25d7f675-b068-414a-b5b8-b796fb412d67,Jamendo Track 3097,Jamendo Artist,,no,MTG-Jamendo,2026-08-26T07:44:26.943498
3c16c216-e518-4479-bf43-34a011db3ca8,Jamendo Track 199649,Jamendo Artist,,no,MTG-Jamendo,2026-08-26T07:44:26.943612
4a1fef3a-6db8-4877-99db-de8f21e23e21,Jamendo Track 275793,Jamendo Artist,,no,MTG-Jamendo,2026-08-26T07:44:26.943724
189cde51-00ed-404f-9c52-bdd84ff50b57,Jamendo Track 441945,Jamendo Artist,,no,MTG-Jamendo,2026-08-26T07:44:26.943863
dfdd1a4a-2775-43ff-897e-51e17a77929b,Jamendo Track 172025,Jamendo Artist,,no,MTG-Jamendo,2026-08-26T07:44:26.943973
968214d1-5645-448a-a3df-d5ec5daf3410,Jamendo Track 6017,Jamendo Artist,,no,MTG-Jamendo,2026-08-26T07:44:26.944083
a4f6dad0-c026-4c09-bfba-a1a2594037a2,Jamendo Track 395920,Jamendo Artist,,no,MTG-Jamendo,2026-08-26T07:44:26.944217
28a8ed16-7b44-490a-9d5e-437f79e0c09a,Jamendo Track 439180,Jamendo Artist,,no,MTG-Jamendo,2026-08-26T07:44:26.944329
f015a3ae-ec9c-4305-9985-1e952c17a516,Jamendo Track 227479,Jamendo Artist,,no,MTG-Jamendo,2026-08-26T07:44:26.944441
22b1dfea-ee2f-4804-8bef-66cc6eb38921,Jamendo Track 1164278,Jamendo Artist,,no,MTG-Jamendo,2026-08-26T07:44:26.944548
54eef7c8-c1ec-4288-beac-c0d28c8a08d1,Jamendo Track 1386831,Jamendo Artist,,no,MTG-Jamendo,2026-08-26T07:44:26.944653
3a865375-3afd-45f6-8266-39b1cae0cc7a,Jamendo Track 200175,Jamendo Artist,,no,MTG-Jamendo,2026-08-26T07:44:26.944769
ed36264e-3e77-4d9c-813c-cf6894dfbe8b,Jamendo Track 39558,Jamendo Artist,,no,MTG-Jamendo,2026-08-26T07:44:26.944860
098c4e9e-9b4f-4d90-ba4f-0d4d4ce71de3,Jamendo Track 134830,Jamendo Artist,,no,MTG-Jamendo,2026-08-26T07:44:26.944938
4d10d5e3-2d9a-4b41-9f6d-b4e80e0447fb,Jamendo Track 400400,Jamendo Artist,,no,MTG-Jamendo,2026-08-26T07:44:26.945010
993b782a-864b-41e9-87be-ced627c94ec8,Jamendo Track 146431,Jamendo Artist,,no,MTG-Jamendo,2026-08-26T07:44:26.945083
5b8d3fd8-3bd5-4c38-ab59-3b1fbcce305e,Jamendo Track 211984,Jamendo Artist,,no,MTG-Jamendo,2026-08-26T07:44:26.945154
f6647376-d025-46ee-929f-3040d3595729,Jamendo Track 529017,Jamendo Artist,,no,MTG-Jamendo,2026-08-26T07:44:26.945266
ee7684ac-10a0-4362-9f7e-34bf13b635f1,Jamendo Track 273608,Jamendo Artist,,no,MTG-Jamendo,2026-08-26T07:44:26.945352
9e9fc5a1-6369-4f18-8bbc-8b68b4d113bd,Jamendo Track 1124801,Jamendo Artist,,no,MTG-Jamendo,2026-08-26T07:44:26.945428
14ac7b83-3ef4-4a33-a1b5-a12e896d509e,Jamendo Track 6701,Jamendo Artist,,no,MTG-Jamendo,2026-08-26T07:44:26.945504
7fbfd4f2-8b2c-4e0d-b6e6-48049bb4c442,Jamendo Track 387116,Jamendo Artist,,no,MTG-Jamendo,2026-08-26T07:44:26.945582
35cf7f7a-e61b-49b0-a78d-675a959390b3,Jamendo Track 239314,Jamendo Artist,,no,MTG-Jamendo,2026-08-26T07:44:26.945683
fef1f8bf-3877-4453-88cd-8ec47b247225,Jamendo Track 23108,Jamendo Artist,,no,MTG-Jamendo,2026-08-26T07:44:26.945766
ddd69256-5a73-4428-94ea-ca9089a9f5a6,Jamendo Track 284293,Jamendo Artist,,no,MTG-Jamendo,2026-08-26T07:44:26.945840
5ad7725e-65ab-4efa-9285-25f110c49f36,Jamendo Track 360553,Jamendo Artist,,no,MTG-Jamendo,2026-08-26T07:44:26.945930
9fe16d39-31ee-4af5-b7cf-cdc2ed47e642,Jamendo Track 175044,Jamendo Artist,,no,MTG-Jamendo,2026-08-26T07:44:26.946040
f36136c1-2f6c-4a2e-a0bb-8fc31acf229b,Jamendo Track 621370,Jamendo Artist,,no,MTG-Jamendo,2026-08-26T07:44:26.946146
4a44f749-ded6-4008-87f0-14f585ae6b70,Jamendo Track 765,Jamendo Artist,,no,MTG-Jamendo,2026-08-26T07:44:26.946277
e0b03b5e-639a-48c3-b4a9-a43a8e2633be,Jamendo Track 446475,Jamendo Artist,,no,MTG-Jamendo,2026-08-26T07:44:26.946389
9c38bfb2-60ad-4bc6-b977-3c1e4566ba55,Jamendo Track 1109358,Jamendo Artist,,no,MTG-Jamendo,2026-08-26T07:44:26.946496
cdf43f9c-bd00-4f0f-ade1-374cf6a92388,Jamendo Track 7546,Jamendo Artist,,no,MTG-Jamendo,2026-08-26T07:44:26.946600
90999f37-9d6f-4455-8fd7-83a974a04279,Jamendo Track 200170,Jamendo Artist,,no,MTG-Jamendo,2026-08-26T07:44:26.946699
ad9cc2da-5a7c-4d81-ba27-da5dbf8ecd66,Jamendo Track 10571,Jamendo Artist,,no,MTG-Jamendo,2026-08-26T07:44:26.946818
ebdeeea6-81c9-4bf5-99b3-88c545490a72,Jamendo Track 111957,Jamendo Artist,,no,MTG-Jamendo,2026-08-26T07:44:26.946923
4877df1f-87cb-4ff4-88b2-b593dbbfa997,Jamendo Track 1375179,Jamendo Artist,,no,MTG-Jamendo,2026-08-26T07:44:26.947027
73c4232f-6513-44c3-8e26-6b6a4dbbb4b8,Jamendo Track 239372,Jamendo Artist,,no,MTG-Jamendo,2026-08-26T07:44:26.947132
40b9343c-f696-458b-8c54-495eff42729c,Jamendo Track 814945,Jamendo Artist,,no,MTG-Jamendo,2026-08-26T07:44:26.947277
cdea2c61-06f6-441b-8741-5d13b7a87278,Jamendo Track 261113,Jamendo Artist,,no,MTG-Jamendo,2026-08-26T07:44:26.947393
e7eb45df-1886-4677-b469-6c57b36a0897,Jamendo Track 1182022,Jamendo Artist,,no,MTG-Jamendo,2026-08-26T07:44:26.947496
f4e22bf5-28a3-40bb-a0ac-7dd7fa46ddb6,Jamendo Track 160067,Jamendo Artist,,no,MTG-Jamendo,2026-08-26T07:44:26.947611
fb563893-a4cf-461c-be45-82464ccab839,Jamendo Track 394064,Jamendo Artist,,no,MTG-Jamendo,2026-08-26T07:44:26.947738
9f927817-4115-42fc-b785-8f184b4226ed,Jamendo Track 490893,Jamendo Artist,,no,MTG-Jamendo,2026-08-26T07:44:26.947856
8eeb4800-91ce-40b0-a936-cbff97db1d68,Jamendo Track 381177,Jamendo Artist,,no,MTG-Jamendo,2026-08-26T07:44:26.947958
b8597308-03ca-407f-9cef-5d8e21ba848c,Jamendo Track 146320,Jamendo Artist,,no,MTG-Jamendo,2026-08-26T07:44:26.948038
cdaa2e2e-e5fd-4878-89aa-231a72333344,Jamendo Track 40161,Jamendo Artist,,no,MTG-Jamendo,2026-08-26T07:44:26.948113
2387098f-db8d-4e33-a5c3-bbc1a635a459,Jamendo Track 181606,Jamendo Artist,,no,MTG-Jamendo,2026-08-26T07:44:26.948216
280c8ac2-db48-4eee-b9cf-78ef5fc2c01c,Jamendo Track 312426,Jamendo Artist,,no,MTG-Jamendo,2026-08-26T07:44:26.948332
029099d9-6b19-4910-8eb6-da200147db13,Jamendo Track 236259,Jamendo Artist,,no,MTG-Jamendo,2026-08-26T07:44:26.948413
dc5ed330-56ca-4504-82ed-42941d0cdf75,Jamendo Track 245173,Jamendo Artist,,no,MTG-Jamendo,2026-08-26T07:44:26.948488
4895123d-e0c7-4cd4-b960-13a13cd3b59d,Jamendo Track 401457,Jamendo Artist,,no,MTG-Jamendo,2026-08-26T07:44:26.948561
63b6549e-0b9c-4ae4-a91b-fd3ce4e8c83e,Jamendo Track 181851,Jamendo Artist,,no,MTG-Jamendo,2026-08-26T07:44:26.948635
6873ee2d-455a-4e95-9f4c-02f28b46e79b,Jamendo Track 24749,Jamendo Artist,,no,MTG-Jamendo,2026-08-26T07:44:26.948718
7531376a-b044-48a5-9a83-75312e8d40df,Jamendo Track 30231,Jamendo Artist,,no,MTG-Jamendo,2026-08-26T07:44:26.948804
27eda937-2f72-4a1f-ad46-9287f0d0be72,Jamendo Track 192786,Jamendo Artist,,no,MTG-Jamendo,2026-08-26T07:44:26.948878
e065f3a1-eb8d-4170-b674-f11e860c17e8,Jamendo Track 382395,Jamendo Artist,,no,MTG-Jamendo,2026-08-26T07:44:26.948950
643aa035-f9f5-4094-a179-a64cfc913f49,Jamendo Track 199623,Jamendo Artist,,no,MTG-Jamendo,2026-08-26T07:44:26.949033
1f133700-c1eb-42e5-b868-1e40c47842dc,Jamendo Track 316547,Jamendo Artist,,no,MTG-Jamendo,2026-08-26T07:44:26.949147
a3acaf1d-b9a8-43c4-a789-eca2139d2178,Jamendo Track 381164,Jamendo Artist,,no,MTG-Jamendo,2026-08-26T07:44:26.949299
f01242c3-da2a-4e62-8275-c7f3d3700a65,Jamendo Track 285434,Jamendo Artist,,no,MTG-Jamendo,2026-08-26T07:44:26.949408
94cbefde-4dc7-4219-897b-d5eed5c7302f,Jamendo Track 199334,Jamendo Artist,,no,MTG-Jamendo,2026-08-26T07:44:26.949521
b6914221-0418-438c-90b1-9999ae464592,Jamendo Track 340073,Jamendo Artist,,no,MTG-Jamendo,2026-08-26T07:44:26.949632
e9278787-b86a-4066-b078-f715bc085bfc,Jamendo Track 446473,Jamendo Artist,,no,MTG-Jamendo,2026-08-26T07:44:26.949754
97740cfc-1ed3-4403-b75d-d11b042937df,Jamendo Track 215759,Jamendo Artist,,no,MTG-Jamendo,2026-08-26T07:44:26.949864
735b329f-4d0d-46ea-9aed-2432f5b751a6,Jamendo Track 370673,Jamendo Artist,,no,MTG-Jamendo,2026-08-26T07:44:26.949971
bd6cbcba-3262-439a-920c-acbd2f2ea9fa,Jamendo Track 1421464,Jamendo Artist,,no,MTG-Jamendo,2026-08-26T07:44:26.950079
0aa19f52-67c3-4083-be80-88a91420256a,Jamendo Track 45095,Jamendo Artist,,no,MTG-Jamendo,2026-08-26T07:44:26.950223
e8977e11-88dd-4201-86a6-0c7cfdd18089,Jamendo Track 401455,Jamendo Artist,,no,MTG-Jamendo,2026-08-26T07:44:26.950337
fbbb6b04-7ced-411d-8dd6-3000cc3ea91c,Jamendo Track 208841,Jamendo Artist,,no,MTG-Jamendo,2026-08-26T07:44:26.950458
138d0b63-ca27-4346-99b5-ca2d6d48a822,Jamendo Track 168644,Jamendo Artist,,no,MTG-Jamendo,2026-08-26T07:44:26.950561
345a49b5-a931-4b50-8200-a549c559a838,Jamendo Track 6698,Jamendo Artist,,no,MTG-Jamendo,2026-08-26T07:44:26.950664
08b3cd26-51e3-470e-a83a-f93dc05def9c,Jamendo Track 13290,Jamendo Artist,,no,MTG-Jamendo,2026-08-26T07:44:26.950792
633dc37a-76bc-4cc9-9004-e71869be6e9e,Jamendo Track 229487,Jamendo Artist,,no,MTG-Jamendo,2026-08-26T07:44:26.950902
42fb76f1-ea1d-4f3a-950a-2e267092888f,Jamendo Track 181805,Jamendo Artist,,no,MTG-Jamendo,2026-08-26T07:44:26.951017
b586e82a-7171-47b8-bc46-b994566c1ec0,Jamendo Track 145992,Jamendo Artist,,no,MTG-Jamendo,2026-08-26T07:44:26.951125
de7d79c4-e5f3-496d-8886-e4a6daad7d61,Jamendo Track 1420800,Jamendo Artist,,no,MTG-Jamendo,2026-08-26T07:44:26.951247
85ef05a2-22ce-4a48-9e80-2b3b41f03fb9,Jamendo Track 342493,Jamendo Artist,,no,MTG-Jamendo,2026-08-26T07:44:26.951333
4e4b3fc7-d409-4f3d-b2be-aa45150553f5,Jamendo Track 44420,Jamendo Artist,,no,MTG-Jamendo,2026-08-26T07:44:26.951408
d1c8a67d-67be-4952-8413-7f3ff09f283b,Jamendo Track 383978,Jamendo Artist,,no,MTG-Jamendo,2026-08-26T07:44:26.951495
da034d17-d187-45b8-ac00-7ed62f804062,Jamendo Track 153607,Jamendo Artist,,no,MTG-Jamendo,2026-08-26T07:44:26.951570
f64bbec3-1eb7-47a2-9ad7-4b62e93e1a71,Jamendo Track 213184,Jamendo Artist,,no,MTG-Jamendo,2026-08-26T07:44:26.951642
fa9f223f-837d-4103-8669-ef0fb4ef3c23,Jamendo Track 508978,Jamendo Artist,,no,MTG-Jamendo,2026-08-26T07:44:26.951715
cf5daa84-b742-4c6f-8849-35ce0d4413b0,Jamendo Track 285659,Jamendo Artist,,no,MTG-Jamendo,2026-08-26T07:44:26.951819
e9f34ffc-98d4-443c-991a-f223298f47a0,Jamendo Track 454896,Jamendo Artist,,no,MTG-Jamendo,2026-08-26T07:44:26.951903
5d748ca8-844e-430d-9cbb-dcf713a96100,Jamendo Track 443374,Jamendo Artist,,no,MTG-Jamendo,2026-08-26T07:44:26.951979
d5536318-f652-4c75-8fdd-3dcd3ea9dba6,Jamendo Track 278938,Jamendo Artist,,no,MTG-Jamendo,2026-08-26T07:44:26.952051
47d0b760-250d-4afd-937f-e89caddc82e0,Jamendo Track 126078,Jamendo Artist,,no,MTG-Jamendo,2026-08-26T07:44:26.952252
9a66b89e-c7eb-4013-9567-bbc732e2068e,Jamendo Track 114664,Jamendo Artist,,no,MTG-Jamendo,2026-08-26T07:44:26.952450
f58c3f5c-e300-4e4c-a56a-5d21e9babdf2,Jamendo Track 190869,Jamendo Artist,,no,MTG-Jamendo,2026-08-26T07:44:26.952596
d4271962-36ae-4d41-a401-fe4eeb2bbf8d,Jamendo Track 229049,Jamendo Artist,,no,MTG-Jamendo,2026-08-26T07:44:26.952780
8d4123e1-fb03-4f4d-9b5f-7a0cfcd40c6a,Jamendo Track 273617,Jamendo Artist,,no,MTG-Jamendo,2026-08-26T07:44:26.952926
d47e96f4-7ae7-4a62-b844-69d0018e142b,Jamendo Track 48064,Jamendo Artist,,no,MTG-Jamendo,2026-08-26T07:44:26.953059
d9a6a2c4-5170-4ee8-9fe6-888febe85439,Jamendo Track 508920,Jamendo Artist,,no,MTG-Jamendo,2026-08-26T07:44:26.953211
cecad696-f5e2-4eda-9465-08039083e733,Jamendo Track 269979,Jamendo Artist,,no,MTG-Jamendo,2026-08-26T07:44:26.953332
88977bd5-c3c2-449a-b662-d2ae0f6ea219,Jamendo Track 82879,Jamendo Artist,,no,MTG-Jamendo,2026-08-26T07:44:26.953438
2f9ff780-fcc7-45cf-8934-9d33ff54d12d,Jamendo Track 199254,Jamendo Artist,,no,MTG-Jamendo,2026-08-26T07:44:26.953550
4da75eda-5302-470a-9ca8-dd2eacadf417,Jamendo Track 17941,Jamendo Artist,,no,MTG-Jamendo,2026-08-26T07:44:26.953659
5cb8442a-8429-46f2-8d79-0e10b393fc7f,Jamendo Track 176548,Jamendo Artist,,no,MTG-Jamendo,2026-08-26T07:44:26.953790
639cbbc9-27fb-427f-8d03-487d03a86ce9,Jamendo Track 781633,Jamendo Artist,,no,MTG-Jamendo,2026-08-26T07:44:26.953896
de9e6b44-cde0-4c1a-8f8f-f63dfccbae8e,Jamendo Track 123505,Jamendo Artist,,no,MTG-Jamendo,2026-08-26T07:44:26.954005
086314b7-faf4-45f1-bad8-31ebebb08817,Jamendo Track 1169133,Jamendo Artist,,no,MTG-Jamendo,2026-08-26T07:44:26.954119
de9132ba-e072-44da-866b-112161870b74,Jamendo Track 443977,Jamendo Artist,,no,MTG-Jamendo,2026-08-26T07:44:26.954244
23801e6c-57cf-490e-b60f-07abc70cf936,Jamendo Track 431490,Jamendo Artist,,no,MTG-Jamendo,2026-08-26T07:44:26.954359
d4fb58c7-1ed0-497d-ae2d-8e00692e9fec,Jamendo Track 72961,Jamendo Artist,,no,MTG-Jamendo,2026-08-26T07:44:26.954469
f01ddd4c-1ad5-4ff1-8dfe-3a97988926c2,Jamendo Track 261117,Jamendo Artist,,no,MTG-Jamendo,2026-08-26T07:44:26.954577
41184bbf-dfe7-474b-895d-fc9eca26b2e0,Jamendo Track 379712,Jamendo Artist,,no,MTG-Jamendo,2026-08-26T07:44:26.954671
b5afc807-b7b9-47ab-ae69-34574d31f493,Jamendo Track 6736,Jamendo Artist,,no,MTG-Jamendo,2026-08-26T07:44:26.954762
52bf91c3-9f60-4570-ac0d-3e4759f4eaf9,Jamendo Track 1182036,Jamendo Artist,,no,MTG-Jamendo,2026-08-26T07:44:26.954839
20a05dc2-ca20-478d-883e-a68b326c1dba,Jamendo Track 558418,Jamendo Artist,,no,MTG-Jamendo,2026-08-26T07:44:26.954913
0151f827-7d39-4bba-a387-9da87f5bf2ba,Jamendo Track 471393,Jamendo Artist,,no,MTG-Jamendo,2026-08-26T07:44:26.954985
782cb0d9-905e-452e-82fa-53f0cba0344c,Jamendo Track 10563,Jamendo Artist,,no,MTG-Jamendo,2026-08-26T07:44:26.955069
17223371-7e9a-4e3a-bfc5-1af54a5b63a6,Jamendo Track 153608,Jamendo Artist,,no,MTG-Jamendo,2026-08-26T07:44:26.955152
0238d519-977b-43d9-a522-17d06b5fbd2f,Jamendo Track 81916,Jamendo Artist,,no,MTG-Jamendo,2026-08-26T07:44:26.955277
c977c4fe-fad7-4bb8-a576-8a37b84faa4b,Jamendo Track 287503,Jamendo Artist,,no,MTG-Jamendo,2026-08-26T07:44:26.955371
1e621938-1088-42e8-87c2-791ed9c424de,Jamendo Track 256508,Jamendo Artist,,no,MTG-Jamendo,2026-08-26T07:44:26.955448
7e6fd7b8-7d06-4140-9703-c49a6a653c96,Jamendo Track 966303,Jamendo Artist,,no,MTG-Jamendo,2026-08-26T07:44:26.955521
12504408-1fd1-4956-a534-be098d402473,Jamendo Track 775770,Jamendo Artist,,no,MTG-Jamendo,2026-08-26T07:44:26.955592
631f5688-d87d-4ace-8a1e-6e7c0510f362,Jamendo Track 362054,Jamendo Artist,,no,MTG-Jamendo,2026-08-26T07:44:26.955671
e90545db-8ec4-48ba-b6e7-1b2b1e455d94,Jamendo Track 212074,Jamendo Artist,,no,MTG-Jamendo,2026-08-26T07:44:26.955797
f6672497-4277-4cf0-8454-6726687e06d7,Jamendo Track 470547,Jamendo Artist,,no,MTG-Jamendo,2026-08-26T07:44:26.955912
7669740b-82a0-45b3-ae8c-a0f6e45ebfc8,Jamendo Track 492107,Jamendo Artist,,no,MTG-Jamendo,2026-08-26T07:44:26.956018
30b4a41b-9a49-4df6-b159-02ce792fadef,Jamendo Track 465950,Jamendo Artist,,no,MTG-Jamendo,2026-08-26T07:44:26.956129
22fcf64a-6b76-4c65-93f7-99611c943f47,Jamendo Track 967149,Jamendo Artist,,no,MTG-Jamendo,2026-08-26T07:44:26.956267
22ad1b52-10f4-4076-bf42-6edf8a0aa703,Jamendo Track 160071,Jamendo Artist,,no,MTG-Jamendo,2026-08-26T07:44:26.956377
b77e79c9-53af-4738-a73f-43d0b56d5e68,Jamendo Track 313068,Jamendo Artist,,no,MTG-Jamendo,2026-08-26T07:44:26.956481
4abc3694-1b74-4e54-9acb-de0966e839f3,Jamendo Track 10573,Jamendo Artist,,no,MTG-Jamendo,2026-08-26T07:44:26.956592
c5902519-335c-4e51-a33e-6c3e2dd65382,Jamendo Track 1057890,Jamendo Artist,,no,MTG-Jamendo,2026-08-26T07:44:26.956694
bd229c99-5d33-46d9-b0b3-9ecc16d68d12,Jamendo Track 1420793,Jamendo Artist,,no,MTG-Jamendo,2026-08-26T07:44:26.956823
d9fc072d-a7c8-4dda-8bd2-ef9e63d53337,Jamendo Track 1081411,Jamendo Artist,,no,MTG-Jamendo,2026-08-26T07:44:26.956936
cc5d22a6-37dc-4625-960b-55c462e0ecb5,Jamendo Track 287766,Jamendo Artist,,no,MTG-Jamendo,2026-08-26T07:44:26.957050
30c14faf-7c1c-4927-915f-ecb396a447e0,Jamendo Track 297184,Jamendo Artist,,no,MTG-Jamendo,2026-08-26T07:44:26.957157
0cdd4868-b1b6-4e36-8fdb-51e66a7733a3,Jamendo Track 568192,Jamendo Artist,,no,MTG-Jamendo,2026-08-26T07:44:26.957304
d3c51abe-3aaa-4034-8046-f0319ec14b2a,Jamendo Track 1352637,Jamendo Artist,,no,MTG-Jamendo,2026-08-26T07:44:26.957417
cfda2329-6e77-4bc3-b924-d6c63c2cee10,Jamendo Track 190670,Jamendo Artist,,no,MTG-Jamendo,2026-08-26T07:44:26.957531
9f663aaa-06b6-4759-9350-87c5c49ff142,Jamendo Track 321231,Jamendo Artist,,no,MTG-Jamendo,2026-08-26T07:44:26.957639
7598ddbb-29a7-4cfe-89f4-7ed0ec44ea9e,Jamendo Track 317772,Jamendo Artist,,no,MTG-Jamendo,2026-08-26T07:44:26.957745
fe4c8e8b-70ae-415c-816b-af3bb416eeb4,Jamendo Track 450311,Jamendo Artist,,no,MTG-Jamendo,2026-08-26T07:44:26.957833
7acc9316-d148-4dd5-a287-0921861dc021,Jamendo Track 470557,Jamendo Artist,,no,MTG-Jamendo,2026-08-26T07:44:26.957911
0e9e8aa8-d6f3-425b-9463-642b834f9dfe,Jamendo Track 1241867,Jamendo Artist,,no,MTG-Jamendo,2026-08-26T07:44:26.957984
78a2a862-6210-493a-86d4-344197b697e5,Jamendo Track 137429,Jamendo Artist,,no,MTG-Jamendo,2026-08-26T07:44:26.958056
a41d579c-4993-471c-a6f2-3d11d595c416,Jamendo Track 36325,Jamendo Artist,,no,MTG-Jamendo,2026-08-26T07:44:26.958126
bb136f83-8865-4bb5-87c2-523063b933f4,Jamendo Track 644062,Jamendo Artist,,no,MTG-Jamendo,2026-08-26T07:44:26.958229
148935ca-d5e8-4bec-bdf1-160654d61ab5,Jamendo Track 379710,Jamendo Artist,,no,MTG-Jamendo,2026-08-26T07:44:26.958316
218d53a4-cd53-40bb-ab4a-365c0582b6d5,Jamendo Track 1108,Jamendo Artist,,no,MTG-Jamendo,2026-08-26T07:44:26.958392
07f62d30-430a-4b0f-b1af-e310a5c4a1a6,Jamendo Track 167484,Jamendo Artist,,no,MTG-Jamendo,2026-08-26T07:44:26.958478
224e2af5-71f4-490d-8f3a-0701e9bd5636,Jamendo Track 743967,Jamendo Artist,,no,MTG-Jamendo,2026-08-26T07:44:26.958553
08381ffe-454c-4a98-a364-e912035e0f71,Jamendo Track 147206,Jamendo Artist,,no,MTG-Jamendo,2026-08-26T07:44:26.958630
83277215-42e8-4f02-b0ee-ff113eea0926,Jamendo Track 240941,Jamendo Artist,,no,MTG-Jamendo,2026-08-26T07:44:26.958705
a8a6f7fd-eded-42dd-9b9c-8551373ddea6,Jamendo Track 144383,Jamendo Artist,,no,MTG-Jamendo,2026-08-26T07:44:26.958792
cbfc9eb5-7262-48d9-a4dd-e15173ba605e,Jamendo Track 767511,Jamendo Artist,,no,MTG-Jamendo,2026-08-26T07:44:26.958879
88a7eb09-72f9-4e68-b8c4-a42311ede397,Jamendo Track 165326,Jamendo Artist,,no,MTG-Jamendo,2026-08-26T07:44:26.958990
c982ce7d-f1d8-43c7-bc96-47956b74fdd8,Jamendo Track 307928,Jamendo Artist,,no,MTG-Jamendo,2026-08-26T07:44:26.959105
3b4f5738-b302-4b79-ab9a-0fee2bb01abf,Jamendo Track 48587,Jamendo Artist,,no,MTG-Jamendo,2026-08-26T07:44:26.959273
736bb0de-4aec-4456-bcb0-75093186f7a5,Jamendo Track 16833,Jamendo Artist,,no,MTG-Jamendo,2026-08-26T07:44:26.959396
4db5911c-3402-4bd2-bbbe-92d1bfb3fafd,Jamendo Track 20586,Jamendo Artist,,no,MTG-Jamendo,2026-08-26T07:44:26.959513
35ee786b-af15-4e98-932b-7029949a76dd,Jamendo Track 76751,Jamendo Artist,,no,MTG-Jamendo,2026-08-26T07:44:26.959619
c32db783-3365-4611-a26a-a64a88649128,Jamendo Track 248052,Jamendo Artist,,no,MTG-Jamendo,2026-08-26T07:44:26.959735
e2bbd0a7-ee22-4c98-882d-bfcf187526a3,Jamendo Track 660436,Jamendo Artist,,no,MTG-Jamendo,2026-08-26T07:44:26.959849
e327ec36-7fb6-4b98-93ff-6203f535983c,Jamendo Track 660451,Jamendo Artist,,no,MTG-Jamendo,2026-08-26T07:44:26.959959
aa78399b-1091-40c6-8c66-a10fb6100020,Jamendo Track 240530,Jamendo Artist,,no,MTG-Jamendo,2026-08-26T07:44:26.960067
bb0fce57-4bbb-49a3-b1ed-11fda41d3529,Jamendo Track 465944,Jamendo Artist,,no,MTG-Jamendo,2026-08-26T07:44:26.960492
4bacdf28-dc42-4a0c-93da-d542a0272af9,Jamendo Track 192075,Jamendo Artist,,no,MTG-Jamendo,2026-08-26T07:44:26.960895
0dcd3352-f628-49e4-8b20-308ddee8453b,Jamendo Track 452585,Jamendo Artist,,no,MTG-Jamendo,2026-08-26T07:44:26.961071
95c1250f-81de-4923-bb36-cde7bce9c2e1,Jamendo Track 191217,Jamendo Artist,,no,MTG-Jamendo,2026-08-26T07:44:26.961256
3cea1aa9-fdc1-46d1-9fa9-cb5b18da0b3b,Jamendo Track 7543,Jamendo Artist,,no,MTG-Jamendo,2026-08-26T07:44:26.961398
c4d4578e-06c7-45eb-ba1e-6b917da4b235,Jamendo Track 322083,Jamendo Artist,,no,MTG-Jamendo,2026-08-26T07:44:26.961525
6f183c86-6dd7-4d7b-9f11-7ad930d2acf0,Jamendo Track 1397900,Jamendo Artist,,no,MTG-Jamendo,2026-08-26T07:44:26.961659
1da952a4-c7dc-4440-a0b6-0ac5c854a6c3,Jamendo Track 170523,Jamendo Artist,,no,MTG-Jamendo,2026-08-26T07:44:26.961768
408215d9-34c5-4e83-be9a-ae8e58405a73,Jamendo Track 40162,Jamendo Artist,,no,MTG-Jamendo,2026-08-26T07:44:26.961871
aac914ea-5339-42bf-b84c-d875b1e53a0a,Jamendo Track 1397896,Jamendo Artist,,no,MTG-Jamendo,2026-08-26T07:44:26.961971
3c229079-6d00-4572-b8a5-06a629fc2219,Jamendo Track 1393668,Jamendo Artist,,no,MTG-Jamendo,2026-08-26T07:44:26.962071
cc0e158a-f2ea-42a0-8ae2-5625b1d297ee,Jamendo Track 3935,Jamendo Artist,,no,MTG-Jamendo,2026-08-26T07:44:26.962191
a76f980e-a6fc-46bb-8c90-226ce3f92ae4,Jamendo Track 508156,Jamendo Artist,,no,MTG-Jamendo,2026-08-26T07:44:26.962297
8f47efd9-8ad7-4040-9205-a31452813df1,Jamendo Track 165070,Jamendo Artist,,no,MTG-Jamendo,2026-08-26T07:44:26.962381
1437cf79-de0b-4f80-8a42-5925923a2438,Jamendo Track 387111,Jamendo Artist,,no,MTG-Jamendo,2026-08-26T07:44:26.962465
1902eeac-c86d-40f4-b9e5-0dedcf492af2,Jamendo Track 492232,Jamendo Artist,,no,MTG-Jamendo,2026-08-26T07:44:26.962550
d4846c0a-1c56-46b8-8131-2d9337ababcc,Jamendo Track 492099,Jamendo Artist,,no,MTG-Jamendo,2026-08-26T07:44:26.962640
0bf9ed26-f560-42a7-a32f-10506ecf3078,Jamendo Track 454898,Jamendo Artist,,no,MTG-Jamendo,2026-08-26T07:44:26.962724
ae7cc447-488f-4fef-9c43-a5963bada276,Jamendo Track 224786,Jamendo Artist,,no,MTG-Jamendo,2026-08-26T07:44:26.962807
64d69673-2238-4e11-a741-80cd34ff7768,Jamendo Track 202635,Jamendo Artist,,no,MTG-Jamendo,2026-08-26T07:44:26.962893
07992e56-a604-4494-8ecc-73537b2c3912,Jamendo Track 46717,Jamendo Artist,,no,MTG-Jamendo,2026-08-26T07:44:26.962970
f2599dc6-0257-4c75-9ffb-ba8de03a3553,Jamendo Track 361273,Jamendo Artist,,no,MTG-Jamendo,2026-08-26T07:44:26.963056
cbfa179f-04d2-4b76-b6bf-2191ed19f652,Jamendo Track 219012,Jamendo Artist,,no,MTG-Jamendo,2026-08-26T07:44:26.963151
de23bdb7-3850-4ee3-aecf-91d600ce3c02,Jamendo Track 191397,Jamendo Artist,,no,MTG-Jamendo,2026-08-26T07:44:26.963298
cbcb0953-b5d7-470e-b9c8-0bed0472be62,Jamendo Track 431151,Jamendo Artist,,no,MTG-Jamendo,2026-08-26T07:44:26.963404
843909b5-3eda-4083-a175-080d50cb343f,Jamendo Track 167748,Jamendo Artist,,no,MTG-Jamendo,2026-08-26T07:44:26.963505
f0e78271-7685-4b7c-9106-546ef39a3ca9,Jamendo Track 4570,Jamendo Artist,,no,MTG-Jamendo,2026-08-26T07:44:26.963610
66b2a712-1500-4c46-9067-56ebacb7e987,Jamendo Track 212009,Jamendo Artist,,no,MTG-Jamendo,2026-08-26T07:44:26.963975
88233feb-f465-4957-b293-713b854d76c6,Jamendo Track 1129363,Jamendo Artist,,no,MTG-Jamendo,2026-08-26T07:44:26.964462
0ee7f1e6-e033-4f44-b96f-e38103ae2adc,Jamendo Track 1069493,Jamendo Artist,,no,MTG-Jamendo,2026-08-26T07:44:26.964899
8b2244f1-5677-453f-b0d2-7153469c824f,Jamendo Track 175334,Jamendo Artist,,no,MTG-Jamendo,2026-08-26T07:44:26.965120
6c6005c8-cc28-45f3-ae1b-be7ed99d6be3,Jamendo Track 1379450,Jamendo Artist,,no,MTG-Jamendo,2026-08-26T07:44:26.965360
5771676d-55d1-4a32-a954-6d0538c63246,Jamendo Track 558408,Jamendo Artist,,no,MTG-Jamendo,2026-08-26T07:44:26.965508
35388af2-ef59-4055-878c-daa333ed4797,Jamendo Track 141017,Jamendo Artist,,no,MTG-Jamendo,2026-08-26T07:44:26.965701
b49df5e9-0aa9-47b8-96fb-14f51768d7b0,Jamendo Track 208842,Jamendo Artist,,no,MTG-Jamendo,2026-08-26T07:44:26.965840
657edeec-ce41-404c-8fb1-d6d5c502879c,Jamendo Track 644056,Jamendo Artist,,no,MTG-Jamendo,2026-08-26T07:44:26.965956
848a55dc-430d-4567-9843-26c7af42b80a,Jamendo Track 137438,Jamendo Artist,,no,MTG-Jamendo,2026-08-26T07:44:26.966098
393f0f6d-b94a-404a-aa4d-b7aa15b5de4c,Jamendo Track 1129584,Jamendo Artist,,no,MTG-Jamendo,2026-08-26T07:44:26.966273
b39d8dc6-6b11-4bc4-96d4-aade394492a9,Jamendo Track 13016,Jamendo Artist,,no,MTG-Jamendo,2026-08-26T07:44:26.966387
577431f3-af61-41d6-8484-4f3fe064621d,Jamendo Track 25795,Jamendo Artist,,no,MTG-Jamendo,2026-08-26T07:44:26.966489
8245a97f-683b-40cb-b641-70241bb20672,Jamendo Track 264221,Jamendo Artist,,no,MTG-Jamendo,2026-08-26T07:44:26.966594
2b2995e4-4e40-42ff-9981-382df88a8f34,Jamendo Track 401447,Jamendo Artist,,no,MTG-Jamendo,2026-08-26T07:44:26.966689
ed41b44d-2c3b-47d3-b038-ae2f1f82d610,Jamendo Track 334659,Jamendo Artist,,no,MTG-Jamendo,2026-08-26T07:44:26.966779
cf474398-02d9-4417-b573-4e5f79d5e7d6,Jamendo Track 240345,Jamendo Artist,,no,MTG-Jamendo,2026-08-26T07:44:26.966878
5022d310-88a1-48ac-a01a-9d14e77a3a72,Jamendo Track 251276,Jamendo Artist,,no,MTG-Jamendo,2026-08-26T07:44:26.966964
2d5930e4-a865-4656-9e67-cadc468b5c82,Jamendo Track 387113,Jamendo Artist,,no,MTG-Jamendo,2026-08-26T07:44:26.967074
6a5adcce-38e2-4882-98cb-99f0d0da2b48,Jamendo Track 332395,Jamendo Artist,,no,MTG-Jamendo,2026-08-26T07:44:26.967199
fa5e3699-0d39-4e48-b6e4-37b2c2d893a8,Jamendo Track 26736,Jamendo Artist,,no,MTG-Jamendo,2026-08-26T07:44:26.967297
d88b6af5-c5f9-4e19-a298-a4deebf1cca1,Jamendo Track 260822,Jamendo Artist,,no,MTG-Jamendo,2026-08-26T07:44:26.967380
19bef535-b11b-4d0f-9a64-00ebbce0392d,Jamendo Track 145730,Jamendo Artist,,no,MTG-Jamendo,2026-08-26T07:44:26.967456
2c84aacb-f5a2-4a4e-97cc-b2fb8c80bec6,Jamendo Track 1121871,Jamendo Artist,,no,MTG-Jamendo,2026-08-26T07:44:26.967538
7c1c1a59-11bf-4d76-b84a-7ca2326ba59f,Jamendo Track 537851,Jamendo Artist,,no,MTG-Jamendo,2026-08-26T07:44:26.967612
9e2ab42a-eb09-4251-98b4-bc9435e1b50b,Jamendo Track 43895,Jamendo Artist,,no,MTG-Jamendo,2026-08-26T07:44:26.967687
4ee8c5c3-d027-4b17-9702-037deb536edd,Jamendo Track 197855,Jamendo Artist,,no,MTG-Jamendo,2026-08-26T07:44:26.967764
201dc9ba-92eb-430e-85f4-b4c2a8b07849,Jamendo Track 26013,Jamendo Artist,,no,MTG-Jamendo,2026-08-26T07:44:26.967836
59db845f-7cbd-4545-9ce8-4d7cc9424f1a,Jamendo Track 294056,Jamendo Artist,,no,MTG-Jamendo,2026-08-26T07:44:26.967918
8fc90e64-6eba-4ebb-8fa9-514c979f6206,Jamendo Track 133675,Jamendo Artist,,no,MTG-Jamendo,2026-08-26T07:44:26.968009
65b06f2c-1d37-4370-8420-ead3ba62d845,Jamendo Track 345265,Jamendo Artist,,no,MTG-Jamendo,2026-08-26T07:44:26.968105
7711608f-dfcd-44ea-b847-9c1a7f18f09e,Jamendo Track 1385569,Jamendo Artist,,no,MTG-Jamendo,2026-08-26T07:44:26.968251
5c0ac934-6579-4f54-8316-0ce1fdba768d,Jamendo Track 698498,Jamendo Artist,,no,MTG-Jamendo,2026-08-26T07:44:26.968362
2f80c882-2335-4e2e-b5f4-427813617841,Jamendo Track 1397898,Jamendo Artist,,no,MTG-Jamendo,2026-08-26T07:44:26.968470
465b8e56-60f6-45fc-8433-982e29ec9326,Jamendo Track 236679,Jamendo Artist,,no,MTG-Jamendo,2026-08-26T07:44:26.968577
08404599-bbc7-4a34-914c-be349fba8bd5,Jamendo Track 435297,Jamendo Artist,,no,MTG-Jamendo,2026-08-26T07:44:26.968694
396046ad-7009-4b7c-b0c9-9ff2b61b0655,Jamendo Track 364839,Jamendo Artist,,no,MTG-Jamendo,2026-08-26T07:44:26.968799
b5c1007e-b483-47ca-945f-9a9a056b3d6b,Jamendo Track 753087,Jamendo Artist,,no,MTG-Jamendo,2026-08-26T07:44:26.968898
0e105ecc-3c41-4870-8e04-0c94711caabc,Jamendo Track 48598,Jamendo Artist,,no,MTG-Jamendo,2026-08-26T07:44:26.969003
b8c335cf-7e65-4036-ab50-deb4e673abdc,Jamendo Track 165077,Jamendo Artist,,no,MTG-Jamendo,2026-08-26T07:44:26.969103
cabff9f9-62b1-49ca-8b43-6a54bf2d6d91,Jamendo Track 234661,Jamendo Artist,,no,MTG-Jamendo,2026-08-26T07:44:26.969247
3d7195e0-a412-412d-bc65-1da9aec37da6,Jamendo Track 322106,Jamendo Artist,,no,MTG-Jamendo,2026-08-26T07:44:26.969361
d0bfdc82-b3c0-4da1-b47a-c676b60bc8b0,Jamendo Track 298393,Jamendo Artist,,no,MTG-Jamendo,2026-08-26T07:44:26.969474
03c15755-b9f5-4bdb-bfc2-2df3ac44687d,Jamendo Track 45098,Jamendo Artist,,no,MTG-Jamendo,2026-08-26T07:44:26.969590
8e9ef8fc-e9a5-48ab-ba1a-3ef5c703f716,Jamendo Track 182668,Jamendo Artist,,no,MTG-Jamendo,2026-08-26T07:44:26.969691
83dae8f6-c87e-44ae-bfb4-ca57638605f8,Jamendo Track 3909,Jamendo Artist,,no,MTG-Jamendo,2026-08-26T07:44:26.969803
30b7b2ff-3232-437f-8dba-18f736cce2e8,Jamendo Track 238535,Jamendo Artist,,no,MTG-Jamendo,2026-08-26T07:44:26.969906
e3deb556-c926-423d-8b5e-2c9d36aec832,Jamendo Track 431438,Jamendo Artist,,no,MTG-Jamendo,2026-08-26T07:44:26.970019
34c90ece-f195-4e32-8f9a-7a9c415fe75e,Jamendo Track 134848,Jamendo Artist,,no,MTG-Jamendo,2026-08-26T07:44:26.970121
d6f1eae6-0088-488a-ab0d-8a309a05a545,Jamendo Track 187044,Jamendo Artist,,no,MTG-Jamendo,2026-08-26T07:44:26.970262
40e67625-6f74-40fc-bc40-0797952693d0,Jamendo Track 362417,Jamendo Artist,,no,MTG-Jamendo,2026-08-26T07:44:26.970352
72c7cb8b-b358-4870-a7d8-6eec2ff695ab,Jamendo Track 934006,Jamendo Artist,,no,MTG-Jamendo,2026-08-26T07:44:26.970428
c2e72c4c-bd74-4bff-991f-9cbffd9fbe3f,Jamendo Track 324772,Jamendo Artist,,no,MTG-Jamendo,2026-08-26T07:44:26.970502
58aa7edf-5d88-49e7-b7ca-81154ddd9068,Jamendo Track 446479,Jamendo Artist,,no,MTG-Jamendo,2026-08-26T07:44:26.970575
e4f0745b-f314-4f8f-98d0-9585c608bc40,Jamendo Track 295920,Jamendo Artist,,no,MTG-Jamendo,2026-08-26T07:44:26.970648
52bed716-50f5-4492-844a-42adba73dfbc,Jamendo Track 221331,Jamendo Artist,,no,MTG-Jamendo,2026-08-26T07:44:26.970747
c5313fee-166b-4bf4-a889-987908b9e246,Jamendo Track 492102,Jamendo Artist,,no,MTG-Jamendo,2026-08-26T07:44:26.970825
d5e7e115-e532-4686-b60d-b7b9ac132cab,Jamendo Track 314366,Jamendo Artist,,no,MTG-Jamendo,2026-08-26T07:44:26.970906
b27eec67-a784-4f9e-86b1-5188d4c2cb5c,Jamendo Track 1151147,Jamendo Artist,,no,MTG-Jamendo,2026-08-26T07:44:26.970980
c24e9d7f-6a75-44a2-8530-ad7c3fc6a1dd,Jamendo Track 45561,Jamendo Artist,,no,MTG-Jamendo,2026-08-26T07:44:26.971050
85a619a5-978e-4f51-9796-98124ac5e1ff,Jamendo Track 272426,Jamendo Artist,,no,MTG-Jamendo,2026-08-26T07:44:26.971126
d55a2084-fc91-403e-b231-5b09a7de36e1,Jamendo Track 973751,Jamendo Artist,,no,MTG-Jamendo,2026-08-26T07:44:26.971243
dc140719-908d-4dc3-bbbc-536d5e31898e,Jamendo Track 791109,Jamendo Artist,,no,MTG-Jamendo,2026-08-26T07:44:26.971326
c69e58dd-5e84-48cc-be25-1453998ddb66,Jamendo Track 77541,Jamendo Artist,,no,MTG-Jamendo,2026-08-26T07:44:26.971399
2b78a6fa-51a8-4087-9b83-1d948703ab25,Jamendo Track 10370,Jamendo Artist,,no,MTG-Jamendo,2026-08-26T07:44:26.971476
889dbdf3-ed0e-4dd5-8af7-cf93e48ccf49,Jamendo Track 345266,Jamendo Artist,,no,MTG-Jamendo,2026-08-26T07:44:26.971575
12ea40a0-b280-42dd-ac6c-f7436146c431,Jamendo Track 242118,Jamendo Artist,,no,MTG-Jamendo,2026-08-26T07:44:26.971690
018cfafa-01d7-4fdc-a3b4-873dc1dec6d3,Jamendo Track 933996,Jamendo Artist,,no,MTG-Jamendo,2026-08-26T07:44:26.971794
136c0450-d626-484e-9934-dc4a278ee066,Jamendo Track 1393701,Jamendo Artist,,no,MTG-Jamendo,2026-08-26T07:44:26.971897
72361550-4d56-4a3b-89a6-fdcb640b1fac,Jamendo Track 520933,Jamendo Artist,,no,MTG-Jamendo,2026-08-26T07:44:26.972001
51bb4776-59d4-4cb6-82fd-5456f6421d4d,Jamendo Track 1111216,Jamendo Artist,,no,MTG-Jamendo,2026-08-26T07:44:26.972117
74e6dcad-52d5-4f6f-addd-691a1fe6a0a2,Jamendo Track 616362,Jamendo Artist,,no,MTG-Jamendo,2026-08-26T07:44:26.972255
2ae6b60b-ea37-4a8b-a803-4b5f6c370904,Jamendo Track 179784,Jamendo Artist,,no,MTG-Jamendo,2026-08-26T07:44:26.972360
c4d7beb3-7bae-4460-bbf6-1b61e018a34e,Jamendo Track 167201,Jamendo Artist,,no,MTG-Jamendo,2026-08-26T07:44:26.972468
62e5b8e4-3c49-4d68-b3f7-fe9fe907255e,Jamendo Track 1385573,Jamendo Artist,,no,MTG-Jamendo,2026-08-26T07:44:26.972577
caa6bb13-cf58-4364-a2c4-12b58b3dff99,Jamendo Track 24747,Jamendo Artist,,no,MTG-Jamendo,2026-08-26T07:44:26.972682
010375f0-4a67-4518-8155-502d3574df26,Jamendo Track 6014,Jamendo Artist,,no,MTG-Jamendo,2026-08-26T07:44:26.972787
f1bba62d-2da1-48a2-aa49-7f05efa5fd5d,Jamendo Track 12112,Jamendo Artist,,no,MTG-Jamendo,2026-08-26T07:44:26.972905
ceb2006d-cbea-4464-99b7-5b553d4b0f70,Jamendo Track 339120,Jamendo Artist,,no,MTG-Jamendo,2026-08-26T07:44:26.973016
56e2d993-ab79-41d3-87a4-2407ec5c824b,Jamendo Track 315321,Jamendo Artist,,no,MTG-Jamendo,2026-08-26T07:44:26.973113
6968f2eb-7aa8-4382-abfd-abd773e826a9,Jamendo Track 824796,Jamendo Artist,,no,MTG-Jamendo,2026-08-26T07:44:26.973645
b6c0dbc3-8805-4785-9e93-e06f4656cd82,Jamendo Track 16848,Jamendo Artist,,no,MTG-Jamendo,2026-08-26T07:44:26.974093
8d5ed1e7-9ae8-4e81-bc44-fbf6fecef14f,Jamendo Track 219042,Jamendo Artist,,no,MTG-Jamendo,2026-08-26T07:44:26.974340
5e05bfe2-882c-4572-8195-b36576d9f912,Jamendo Track 182671,Jamendo Artist,,no,MTG-Jamendo,2026-08-26T07:44:26.974511
164b303b-d215-4795-9f70-b207d31a5ca5,Jamendo Track 186577,Jamendo Artist,,no,MTG-Jamendo,2026-08-26T07:44:26.974654
20fe6299-a66d-44e9-bc83-d3ba6c9bcf98,Jamendo Track 239530,Jamendo Artist,,no,MTG-Jamendo,2026-08-26T07:44:26.974768
92def7db-6947-400e-a48d-7493d2822af0,Jamendo Track 33476,Jamendo Artist,,no,MTG-Jamendo,2026-08-26T07:44:26.974890
1495cd67-fb9a-4fbc-8f05-0b1863ab089b,Jamendo Track 421998,Jamendo Artist,,no,MTG-Jamendo,2026-08-26T07:44:26.974985
4b8dd61d-25e1-42d8-bec7-184188870dc7,Jamendo Track 1134781,Jamendo Artist,,no,MTG-Jamendo,2026-08-26T07:44:26.975077
81f2f618-d606-4a2b-9da6-fb7ea2ba4214,Jamendo Track 1135812,Jamendo Artist,,no,MTG-Jamendo,2026-08-26T07:44:26.975191
da90e599-86d6-4c56-8d67-72bf1b70541b,Jamendo Track 401667,Jamendo Artist,,no,MTG-Jamendo,2026-08-26T07:44:26.975286
53056364-10d2-4345-824c-80b93e9ac649,Jamendo Track 31492,Jamendo Artist,,no,MTG-Jamendo,2026-08-26T07:44:26.975393
b25b0fea-56a3-4177-bf2b-2ed15073ccd0,Jamendo Track 1400504,Jamendo Artist,,no,MTG-Jamendo,2026-08-26T07:44:26.975478
21cf2ac2-d5d0-4f9e-aeee-f47862fb7514,Jamendo Track 476908,Jamendo Artist,,no,MTG-Jamendo,2026-08-26T07:44:26.975557
6b704ec2-6e85-45a6-96a7-01534a70cbac,Jamendo Track 284229,Jamendo Artist,,no,MTG-Jamendo,2026-08-26T07:44:26.975645
fe36a200-693b-4586-9752-4f135c713c11,Jamendo Track 26742,Jamendo Artist,,no,MTG-Jamendo,2026-08-26T07:44:26.975729
c6744fd8-f173-401b-9ec0-4a9a276a9d12,Jamendo Track 1138461,Jamendo Artist,,no,MTG-Jamendo,2026-08-26T07:44:26.975820
7a737125-d20a-4006-8131-cb461386876e,Jamendo Track 149459,Jamendo Artist,,no,MTG-Jamendo,2026-08-26T07:44:26.975902
637ae194-8817-4530-8d32-cd71f2672a59,Jamendo Track 388230,Jamendo Artist,,no,MTG-Jamendo,2026-08-26T07:44:26.975986
7092e713-54da-4ce3-a5a4-8085f1e215f9,Jamendo Track 90432,Jamendo Artist,,no,MTG-Jamendo,2026-08-26T07:44:26.976076
d84f257b-6127-4240-ad4b-40bfa082086d,Jamendo Track 824789,Jamendo Artist,,no,MTG-Jamendo,2026-08-26T07:44:26.976190
7203c67a-c2ce-4fd6-9e61-676548712160,Jamendo Track 1119032,Jamendo Artist,,no,MTG-Jamendo,2026-08-26T07:44:26.976301
b4576ad0-228d-496e-9517-a5abbc49ecec,Jamendo Track 162650,Jamendo Artist,,no,MTG-Jamendo,2026-08-26T07:44:26.976402
4663396e-0306-4721-b154-a23694c737d9,Jamendo Track 35360,Jamendo Artist,,no,MTG-Jamendo,2026-08-26T07:44:26.976511
6fa11dc8-091d-4b88-b658-792a18a6c010,Jamendo Track 336139,Jamendo Artist,,no,MTG-Jamendo,2026-08-26T07:44:26.976614
1a835151-0a84-4f0a-ba9c-1441e9bfae3c,Jamendo Track 376218,Jamendo Artist,,no,MTG-Jamendo,2026-08-26T07:44:26.976715
f844d1ad-37cd-4ffa-9da9-ea3f741543cf,Jamendo Track 334666,Jamendo Artist,,no,MTG-Jamendo,2026-08-26T07:44:26.976833
ff0e6ae5-3c1e-414d-a07c-6d8c47a87f0b,Jamendo Track 432292,Jamendo Artist,,no,MTG-Jamendo,2026-08-26T07:44:26.976932
6f3744f7-cb1f-4b2e-84e7-f9f65d9b4832,Jamendo Track 226,Jamendo Artist,,no,MTG-Jamendo,2026-08-26T07:44:26.977024
7d22b35a-5eb8-4747-bb9a-6395e72383c3,Jamendo Track 45068,Jamendo Artist,,no,MTG-Jamendo,2026-08-26T07:44:26.977129
ce0aaf50-8429-4368-9a76-955a50bddbf2,Jamendo Track 39101,Jamendo Artist,,no,MTG-Jamendo,2026-08-26T07:44:26.977266
58bbe491-ec8e-4aa6-b83a-e39f5c45a0a8,Jamendo Track 211838,Jamendo Artist,,no,MTG-Jamendo,2026-08-26T07:44:26.977373
b99dbc36-2dec-4a60-b586-459a9370d25c,Jamendo Track 199594,Jamendo Artist,,no,MTG-Jamendo,2026-08-26T07:44:26.977478
293bb518-32a3-4a2c-bc85-40e59655e6ce,Jamendo Track 246,Jamendo Artist,,no,MTG-Jamendo,2026-08-26T07:44:26.977585
50fed9e2-14fe-46ff-b9ba-ec1fdc8ebacb,Jamendo Track 48585,Jamendo Artist,,no,MTG-Jamendo,2026-08-26T07:44:26.977705
039a8e0e-9f07-43fd-bf09-16d279fc630d,Jamendo Track 171423,Jamendo Artist,,no,MTG-Jamendo,2026-08-26T07:44:26.977838
c96288cc-16bd-4f2c-95c4-49fb1f88577c,Jamendo Track 1047956,Jamendo Artist,,no,MTG-Jamendo,2026-08-26T07:44:26.977935
dc507966-88f5-46d0-98d7-53842ba47906,Jamendo Track 235303,Jamendo Artist,,no,MTG-Jamendo,2026-08-26T07:44:26.978042
520b6734-23cd-41b2-bbc0-3ec3e4e501c8,Jamendo Track 791113,Jamendo Artist,,no,MTG-Jamendo,2026-08-26T07:44:26.978145
f23efe3e-288b-49a5-921e-0b26e1632a1c,Jamendo Track 431408,Jamendo Artist,,no,MTG-Jamendo,2026-08-26T07:44:26.978283
18c8cc65-a265-4645-9e8d-b45281def361,Jamendo Track 1167404,Jamendo Artist,,no,MTG-Jamendo,2026-08-26T07:44:26.978389
484d8a35-a16f-44ca-8a3e-997c4ea64491,Jamendo Track 781636,Jamendo Artist,,no,MTG-Jamendo,2026-08-26T07:44:26.978493
e6953475-5e30-4e03-9b42-eb7066760c5c,Jamendo Track 134824,Jamendo Artist,,no,MTG-Jamendo,2026-08-26T07:44:26.978582
4ee9ce97-7f77-47f4-a471-72f1bbbf6bde,Jamendo Track 182187,Jamendo Artist,,no,MTG-Jamendo,2026-08-26T07:44:26.978658
63973873-9fd2-419d-aa24-6180e4c439c0,Jamendo Track 213181,Jamendo Artist,,no,MTG-Jamendo,2026-08-26T07:44:26.978731
f4107fdd-dfca-45d1-80e5-c8e8f05cbb0f,Jamendo Track 1374068,Jamendo Artist,,no,MTG-Jamendo,2026-08-26T07:44:26.978813
13314521-45af-4149-9744-0aa1d0e6a108,Jamendo Track 1098806,Jamendo Artist,,no,MTG-Jamendo,2026-08-26T07:44:26.978888
3934e4b2-af71-465e-82bf-ad40df11839a,Jamendo Track 421116,Jamendo Artist,,no,MTG-Jamendo,2026-08-26T07:44:26.978960
970f0862-d7e4-4966-a1ae-23d35f4a072c,Jamendo Track 435851,Jamendo Artist,,no,MTG-Jamendo,2026-08-26T07:44:26.979037
056d7731-9d32-4378-b88d-51dd2582a939,Jamendo Track 159191,Jamendo Artist,,no,MTG-Jamendo,2026-08-26T07:44:26.979111
6767bfbd-742b-44b2-94ca-3495aae8d413,Jamendo Track 204022,Jamendo Artist,,no,MTG-Jamendo,2026-08-26T07:44:26.979202
398f916f-4511-4d05-8800-793aa97eb499,Jamendo Track 283382,Jamendo Artist,,no,MTG-Jamendo,2026-08-26T07:44:26.979279
69f95fc1-f16d-4d74-8a23-2c55d837df4b,Jamendo Track 259957,Jamendo Artist,,no,MTG-Jamendo,2026-08-26T07:44:26.979354
7ef8bdc8-dc5c-4c43-a2d8-2849ef1c9154,Jamendo Track 68463,Jamendo Artist,,no,MTG-Jamendo,2026-08-26T07:44:26.979432
41e4cfcd-1cf6-4ea4-9ac9-b7069608d77f,Jamendo Track 334662,Jamendo Artist,,no,MTG-Jamendo,2026-08-26T07:44:26.979504
28f55852-5932-479b-9101-a63b5495e31b,Jamendo Track 397881,Jamendo Artist,,no,MTG-Jamendo,2026-08-26T07:44:26.979573
18d55b97-a1d7-42db-b09c-124a9e2b6fed,Jamendo Track 458685,Jamendo Artist,,no,MTG-Jamendo,2026-08-26T07:44:26.979643
e1f9be91-4c22-4e0a-8b79-2ced466fa2a1,Jamendo Track 194642,Jamendo Artist,,no,MTG-Jamendo,2026-08-26T07:44:26.979725
2d76c707-8dd2-4040-a047-8843b9e62616,Jamendo Track 116594,Jamendo Artist,,no,MTG-Jamendo,2026-08-26T07:44:26.979843
f1276e82-08c5-46c0-83ef-283f0953aaa5,Jamendo Track 11314,Jamendo Artist,,no,MTG-Jamendo,2026-08-26T07:44:26.979949
913e285d-4975-4d57-b15b-f9ae16464256,Jamendo Track 568181,Jamendo Artist,,no,MTG-Jamendo,2026-08-26T07:44:26.980050
4ac23e6d-23e4-486d-b3e2-05e6074aae91,Jamendo Track 22609,Jamendo Artist,,no,MTG-Jamendo,2026-08-26T07:44:26.980187
919737d9-1ce8-4d2e-b6ff-2de30b56fe77,Jamendo Track 434919,Jamendo Artist,,no,MTG-Jamendo,2026-08-26T07:44:26.980303
cc01edfe-3d99-464b-8748-86d142dcc4fb,Jamendo Track 1139082,Jamendo Artist,,no,MTG-Jamendo,2026-08-26T07:44:26.980404
ac7f4f09-8d18-45f8-95df-2f6fb884207e,Jamendo Track 15480,Jamendo Artist,,no,MTG-Jamendo,2026-08-26T07:44:26.980505
d49c729c-1a2f-4415-9044-b315700d15e0,Jamendo Track 3103,Jamendo Artist,,no,MTG-Jamendo,2026-08-26T07:44:26.980616
16816179-b8a5-45ba-b532-fb5d884a3036,Jamendo Track 76528,Jamendo Artist,,no,MTG-Jamendo,2026-08-26T07:44:26.980727
f54c866d-78eb-4a53-8d66-b927e7924e6e,Jamendo Track 1363401,Jamendo Artist,,no,MTG-Jamendo,2026-08-26T07:44:26.980848
8d2028b0-e9f5-49c8-be9f-131ce739b138,Jamendo Track 224798,Jamendo Artist,,no,MTG-Jamendo,2026-08-26T07:44:26.980955
110b7318-8902-4cc2-8f40-9dd978e9db74,Jamendo Track 395917,Jamendo Artist,,no,MTG-Jamendo,2026-08-26T07:44:26.981068
da3731a8-4ea6-4748-861b-cfe1d74519e0,Jamendo Track 118975,Jamendo Artist,,no,MTG-Jamendo,2026-08-26T07:44:26.981191
164c238d-024f-4a7f-a3f5-27676caa77b3,Jamendo Track 43671,Jamendo Artist,,no,MTG-Jamendo,2026-08-26T07:44:26.981300
7b64481b-21f8-4926-a75d-e18bfec30ab5,Jamendo Track 204136,Jamendo Artist,,no,MTG-Jamendo,2026-08-26T07:44:26.981412
8525dccc-74ec-44db-8b42-75ccb66c7faf,Jamendo Track 3900,Jamendo Artist,,no,MTG-Jamendo,2026-08-26T07:44:26.981520
3ef26553-4c6a-419f-8d36-b9ccd5449c3b,Jamendo Track 495556,Jamendo Artist,,no,MTG-Jamendo,2026-08-26T07:44:26.981627
b25c8d19-e8b7-4e3a-b3e9-4839594728c6,Jamendo Track 549222,Jamendo Artist,,no,MTG-Jamendo,2026-08-26T07:44:26.981721
268c44ce-24e4-455c-9bdb-bb8a61de7f06,Jamendo Track 154546,Jamendo Artist,,no,MTG-Jamendo,2026-08-26T07:44:26.981808
a8f200ea-8f6e-43d3-a487-a1c5ffd49eee,Jamendo Track 34806,Jamendo Artist,,no,MTG-Jamendo,2026-08-26T07:44:26.981884
3d3fb78a-47e8-4cef-bbe9-9d9b26e361de,Jamendo Track 947390,Jamendo Artist,,no,MTG-Jamendo,2026-08-26T07:44:26.981956
a0449318-7dd8-4ce8-9868-b578f062a550,Jamendo Track 213204,Jamendo Artist,,no,MTG-Jamendo,2026-08-26T07:44:26.982026
7471ed0e-c9bf-4862-af05-85ebeb79d3fc,Jamendo Track 191398,Jamendo Artist,,no,MTG-Jamendo,2026-08-26T07:44:26.982097
f003925d-5194-48f8-a3e3-08df883b3bcc,Jamendo Track 193603,Jamendo Artist,,no,MTG-Jamendo,2026-08-26T07:44:26.982200
ebd38222-1adf-4917-b588-a47f630e932c,Jamendo Track 775768,Jamendo Artist,,no,MTG-Jamendo,2026-08-26T07:44:26.982284
62c72dc6-b8d6-4416-b97e-94c2d8e62c72,Jamendo Track 406575,Jamendo Artist,,no,MTG-Jamendo,2026-08-26T07:44:26.982362
dd1701e4-7d20-4e47-807d-5a8f4a0204ff,Jamendo Track 285908,Jamendo Artist,,no,MTG-Jamendo,2026-08-26T07:44:26.982434
1055f6c0-8c4a-4486-be73-97ac0f54fe7a,Jamendo Track 259917,Jamendo Artist,,no,MTG-Jamendo,2026-08-26T07:44:26.982505
92ae5da6-09aa-4e65-a58a-18ef2d38438a,Jamendo Track 387117,Jamendo Artist,,no,MTG-Jamendo,2026-08-26T07:44:26.982574
3cb397b4-e7fb-49a2-83f7-aff6a5d79283,Jamendo Track 68465,Jamendo Artist,,no,MTG-Jamendo,2026-08-26T07:44:26.982643
5b8b6247-994b-40e8-9b80-e3500b2a9adf,Jamendo Track 1032316,Jamendo Artist,,no,MTG-Jamendo,2026-08-26T07:44:26.982712
3601cee4-469b-4490-8ac4-27feabeac959,Jamendo Track 1069626,Jamendo Artist,,no,MTG-Jamendo,2026-08-26T07:44:26.982781
c9b387cf-aeae-43a7-bc43-1052186df839,Jamendo Track 429067,Jamendo Artist,,no,MTG-Jamendo,2026-08-26T07:44:26.982884
c7f8b0d9-3c0b-4223-a2cc-0da49ccde579,Jamendo Track 173492,Jamendo Artist,,no,MTG-Jamendo,2026-08-26T07:44:26.982991
a68338f1-a84b-4670-b5d3-174d1074f9bd,Jamendo Track 360608,Jamendo Artist,,no,MTG-Jamendo,2026-08-26T07:44:26.983110
894208df-259b-423d-81d2-b4b57668d74c,Jamendo Track 261112,Jamendo Artist,,no,MTG-Jamendo,2026-08-26T07:44:26.983239
074d2511-f04d-44ea-a33a-8ef91ddc2dad,Jamendo Track 118890,Jamendo Artist,,no,MTG-Jamendo,2026-08-26T07:44:26.983353
cc8e47d4-31a8-4479-9f56-25c5728045bc,Jamendo Track 231,Jamendo Artist,,no,MTG-Jamendo,2026-08-26T07:44:26.983460
85f7d1d6-4150-45a7-af2e-f80a413f57d2,Jamendo Track 290936,Jamendo Artist,,no,MTG-Jamendo,2026-08-26T07:44:26.983561
6bad0d3d-954b-4a48-bbed-73b78e2234b2,Jamendo Track 401449,Jamendo Artist,,no,MTG-Jamendo,2026-08-26T07:44:26.983658
d3088975-d90e-43ea-9b2d-ac830695dec5,Jamendo Track 1054363,Jamendo Artist,,no,MTG-Jamendo,2026-08-26T07:44:26.983762
4d33b051-29aa-41d4-86ef-56732fb26a68,Jamendo Track 75310,Jamendo Artist,,no,MTG-Jamendo,2026-08-26T07:44:26.983878
49dc2981-40ae-40e1-a24d-b55e38e20d0f,Jamendo Track 231866,Jamendo Artist,,no,MTG-Jamendo,2026-08-26T07:44:26.983987
2dd43328-31e8-4557-9c02-a8a3415decf0,Jamendo Track 161027,Jamendo Artist,,no,MTG-Jamendo,2026-08-26T07:44:26.984092
22b93054-d168-4eee-82b3-3e3331e8a0a7,Jamendo Track 171544,Jamendo Artist,,no,MTG-Jamendo,2026-08-26T07:44:26.984233
a15b8bc5-e272-4ccc-a0f0-a7155b7a3e1f,Jamendo Track 360641,Jamendo Artist,,no,MTG-Jamendo,2026-08-26T07:44:26.984347
01834a18-1408-4e94-9aa6-7586bbe71ea1,Jamendo Track 188216,Jamendo Artist,,no,MTG-Jamendo,2026-08-26T07:44:26.984457
efbb8b56-2c75-4461-9462-4674388f6655,Jamendo Track 135833,Jamendo Artist,,no,MTG-Jamendo,2026-08-26T07:44:26.984565
a4e021a0-2266-41bf-b742-cc06a74ddd8c,Jamendo Track 349401,Jamendo Artist,,no,MTG-Jamendo,2026-08-26T07:44:26.984669
90c7fd09-d40f-402d-af4b-201f2805fc10,Jamendo Track 330832,Jamendo Artist,,no,MTG-Jamendo,2026-08-26T07:44:26.984775
77aa9199-07fb-497f-9342-6801d316cfcb,Jamendo Track 147290,Jamendo Artist,,no,MTG-Jamendo,2026-08-26T07:44:26.984874
c13e71fd-98f9-4229-bad2-779dad4936f4,Jamendo Track 431441,Jamendo Artist,,no,MTG-Jamendo,2026-08-26T07:44:26.984953
28a8f4dd-563f-4b59-9334-d28e6f6f30e7,Jamendo Track 173085,Jamendo Artist,,no,MTG-Jamendo,2026-08-26T07:44:26.985025
a7b3fbbc-077b-4dd4-a056-d2cf3e9da0cf,Jamendo Track 214647,Jamendo Artist,,no,MTG-Jamendo,2026-08-26T07:44:26.985104
474ac3c1-75c0-452e-a19b-c873cbba7885,Jamendo Track 91905,Jamendo Artist,,no,MTG-Jamendo,2026-08-26T07:44:26.985199
de7c2fcf-4668-4de2-986c-a792f2468521,Jamendo Track 454874,Jamendo Artist,,no,MTG-Jamendo,2026-08-26T07:44:26.985289
ab9ee3f8-090c-42cc-aa5a-7717b19d5a7b,Jamendo Track 31494,Jamendo Artist,,no,MTG-Jamendo,2026-08-26T07:44:26.985373
9df738a4-f37a-440d-8e8e-e59326c5c92f,Jamendo Track 1155236,Jamendo Artist,,no,MTG-Jamendo,2026-08-26T07:44:26.985447
5d801561-3ca1-49b9-9f43-5caab69db9d7,Jamendo Track 233936,Jamendo Artist,,no,MTG-Jamendo,2026-08-26T07:44:26.985525
8d36f644-6e9c-4473-aa42-31f0744cebb1,Jamendo Track 235304,Jamendo Artist,,no,MTG-Jamendo,2026-08-26T07:44:26.985599
38fbf449-34bf-4c1f-829e-3dad138a0afd,Jamendo Track 127622,Jamendo Artist,,no,MTG-Jamendo,2026-08-26T07:44:26.985704
f70f91f6-0515-4eb5-9c22-0f15be55e98f,Jamendo Track 436336,Jamendo Artist,,no,MTG-Jamendo,2026-08-26T07:44:26.985783
76dd9ec4-562e-41e6-bf59-5fb7b74bbcf1,Jamendo Track 156959,Jamendo Artist,,no,MTG-Jamendo,2026-08-26T07:44:26.985883
6e01c71d-3c9f-498c-bd70-439c09fb780c,Jamendo Track 181804,Jamendo Artist,,no,MTG-Jamendo,2026-08-26T07:44:26.985957
6f2b1465-9336-41e5-8d51-a7f392326169,Jamendo Track 309856,Jamendo Artist,,no,MTG-Jamendo,2026-08-26T07:44:26.986035
b05f1d40-a050-4294-a1da-61f01bcb2e88,Jamendo Track 16749,Jamendo Artist,,no,MTG-Jamendo,2026-08-26T07:44:26.986138
6cb9c5e1-f065-43a9-bcb7-adff5e652612,Jamendo Track 218704,Jamendo Artist,,no,MTG-Jamendo,2026-08-26T07:44:26.986277
aae89abf-a48b-456c-b517-82fc77bffb53,Jamendo Track 386145,Jamendo Artist,,no,MTG-Jamendo,2026-08-26T07:44:26.986392
fa18d8df-2de1-4b4a-b457-72d0ee89b0bf,Jamendo Track 879175,Jamendo Artist,,no,MTG-Jamendo,2026-08-26T07:44:26.986502
a20374e1-863c-4213-b565-e0088907ac4a,Jamendo Track 49012,Jamendo Artist,,no,MTG-Jamendo,2026-08-26T07:44:26.986608
61a6a4b7-61df-471e-a5bb-a89e169b5df3,Jamendo Track 221973,Jamendo Artist,,no,MTG-Jamendo,2026-08-26T07:44:26.986713
40309bc6-be54-4177-b4b4-7b2bd352caf4,Jamendo Track 239364,Jamendo Artist,,no,MTG-Jamendo,2026-08-26T07:44:26.986825
f7736e91-b65f-4418-a4d2-cba562d19d2d,Jamendo Track 77544,Jamendo Artist,,no,MTG-Jamendo,2026-08-26T07:44:26.986926
5656ce67-df7e-4a67-a3bf-1c5da3cc0bb4,Jamendo Track 20492,Jamendo Artist,,no,MTG-Jamendo,2026-08-26T07:44:26.987033
7986d9bd-2c3b-4738-8811-1225c70ae8b8,Jamendo Track 470559,Jamendo Artist,,no,MTG-Jamendo,2026-08-26T07:44:26.987140
bb2ce7ac-8423-497d-946e-43148b9314e9,Jamendo Track 202382,Jamendo Artist,,no,MTG-Jamendo,2026-08-26T07:44:26.987271
94e1aa96-efcc-4032-92a3-c78874d41844,Jamendo Track 274664,Jamendo Artist,,no,MTG-Jamendo,2026-08-26T07:44:26.987380
fc3a52b3-64a7-4eab-a2de-7b3868362b2a,Jamendo Track 397101,Jamendo Artist,,no,MTG-Jamendo,2026-08-26T07:44:26.987493
e86b9f1e-829d-4d33-9837-78acf75a9f14,Jamendo Track 239806,Jamendo Artist,,no,MTG-Jamendo,2026-08-26T07:44:26.987592
686c5609-14fd-42ad-b4d8-e08fabacc0b2,Jamendo Track 236302,Jamendo Artist,,no,MTG-Jamendo,2026-08-26T07:44:26.987692
251689dc-8ce2-4cc1-aec8-1172da04ad52,Jamendo Track 202840,Jamendo Artist,,no,MTG-Jamendo,2026-08-26T07:44:26.987793
bdbc0de0-ef05-44ae-8a27-3e91d6ca8ae0,Jamendo Track 225025,Jamendo Artist,,no,MTG-Jamendo,2026-08-26T07:44:26.987918
2abe2a8c-de43-44b8-84d8-7f133c6d86f7,Jamendo Track 307875,Jamendo Artist,,no,MTG-Jamendo,2026-08-26T07:44:26.988028
4ce50ece-72aa-49cc-ba3e-682d44065d5f,Jamendo Track 22607,Jamendo Artist,,no,MTG-Jamendo,2026-08-26T07:44:26.988127
05fa7a19-5f13-4fc7-b41f-be6cd58aead4,Jamendo Track 698573,Jamendo Artist,,no,MTG-Jamendo,2026-08-26T07:44:26.988235
98d06f52-80ae-4301-9613-dc21bbcaf3c7,Jamendo Track 283380,Jamendo Artist,,no,MTG-Jamendo,2026-08-26T07:44:26.988316
07f99bbf-b3a4-426f-b148-6a7db638ea7c,Jamendo Track 163384,Jamendo Artist,,no,MTG-Jamendo,2026-08-26T07:44:26.988393
4bc6138c-c3c9-450e-998d-d4ca2957be09,Jamendo Track 104523,Jamendo Artist,,no,MTG-Jamendo,2026-08-26T07:44:26.988466
59213efb-7dbf-4668-95ba-be41a8b21d0c,Jamendo Track 401458,Jamendo Artist,,no,MTG-Jamendo,2026-08-26T07:44:26.988539
6aa386c0-8622-4a3c-b475-442431fbb88b,Jamendo Track 42326,Jamendo Artist,,no,MTG-Jamendo,2026-08-26T07:44:26.988618
eadb5bb2-f485-4367-8bbe-1ec35465167f,Jamendo Track 172018,Jamendo Artist,,no,MTG-Jamendo,2026-08-26T07:44:26.988689
9f425e70-780e-4a3b-a12d-327b0a092ad4,Jamendo Track 289022,Jamendo Artist,,no,MTG-Jamendo,2026-08-26T07:44:26.988759
f8aac7c6-cd85-42e7-b16c-9c2dd0b424d6,Jamendo Track 363085,Jamendo Artist,,no,MTG-Jamendo,2026-08-26T07:44:26.988853
fc283a99-77b3-4a77-bd20-ebb241897ba6,Jamendo Track 311398,Jamendo Artist,,no,MTG-Jamendo,2026-08-26T07:44:26.988929
0cb48e18-51eb-4814-affb-601bd999c6be,Jamendo Track 365682,Jamendo Artist,,no,MTG-Jamendo,2026-08-26T07:44:26.989001
eaffeac3-e7dd-4520-ad5e-16f78f2e3070,Jamendo Track 973755,Jamendo Artist,,no,MTG-Jamendo,2026-08-26T07:44:26.989071
2c4a0908-9560-4690-8dc1-5f9e1f532155,Jamendo Track 274663,Jamendo Artist,,no,MTG-Jamendo,2026-08-26T07:44:26.989140
e20d35a7-e982-424c-8650-9974b385013f,Jamendo Track 261122,Jamendo Artist,,no,MTG-Jamendo,2026-08-26T07:44:26.989242
6087a14e-7cce-402e-b8c3-dcc848013204,Jamendo Track 156957,Jamendo Artist,,no,MTG-Jamendo,2026-08-26T07:44:26.989344
9958fea8-8005-4f44-a214-6930514672f7,Jamendo Track 180952,Jamendo Artist,,no,MTG-Jamendo,2026-08-26T07:44:26.989460
d2c3cacc-523c-4d57-8493-c19d6e8d840d,Jamendo Track 1135988,Jamendo Artist,,no,MTG-Jamendo,2026-08-26T07:44:26.989563
fc90a35c-7ba2-4452-a144-671f5fcad38e,Jamendo Track 240538,Jamendo Artist,,no,MTG-Jamendo,2026-08-26T07:44:26.989668
fad3cbe9-385e-4cd6-afab-0a92c5579c03,Jamendo Track 112442,Jamendo Artist,,no,MTG-Jamendo,2026-08-26T07:44:26.989773
29a2ccb9-87c5-4f05-aeb1-dba8173a50cd,Jamendo Track 273395,Jamendo Artist,,no,MTG-Jamendo,2026-08-26T07:44:26.989894
d3c48049-5c75-4d93-bf6b-52639813d167,Jamendo Track 220608,Jamendo Artist,,no,MTG-Jamendo,2026-08-26T07:44:26.989995
96707ffb-0c4d-4301-93c3-11478427093b,Jamendo Track 1036235,Jamendo Artist,,no,MTG-Jamendo,2026-08-26T07:44:26.990095
86d88b2b-10a4-4813-ae39-d94e7b5b7761,Jamendo Track 1105455,Jamendo Artist,,no,MTG-Jamendo,2026-08-26T07:44:26.990228
255f3fbc-6294-4135-8275-8718c206c97e,Jamendo Track 1038148,Jamendo Artist,,no,MTG-Jamendo,2026-08-26T07:44:26.990342
6807fa59-89db-45f0-a5f1-3830d9af3bb6,Jamendo Track 431500,Jamendo Artist,,no,MTG-Jamendo,2026-08-26T07:44:26.990449
dabf992f-6931-43a8-9a08-31b56d35d537,Jamendo Track 265242,Jamendo Artist,,no,MTG-Jamendo,2026-08-26T07:44:26.990563
d8432149-cc4f-466b-9925-9096e0e4bf1f,Jamendo Track 157642,Jamendo Artist,,no,MTG-Jamendo,2026-08-26T07:44:26.990673
dc429545-c44c-464f-ab84-9486befa17d9,Jamendo Track 38854,Jamendo Artist,,no,MTG-Jamendo,2026-08-26T07:44:26.990784
e49d55d8-3741-42b4-96fd-b2ace750054b,Jamendo Track 132948,Jamendo Artist,,no,MTG-Jamendo,2026-08-26T07:44:26.990914
e79b5758-c5b0-4dac-937f-83236d5e0c3d,Jamendo Track 1320264,Jamendo Artist,,no,MTG-Jamendo,2026-08-26T07:44:26.991026
fc41454f-92c3-4d1f-b78d-79f89f484c18,Jamendo Track 703358,Jamendo Artist,,no,MTG-Jamendo,2026-08-26T07:44:26.991134
a7b68b7a-78fa-4209-ba9c-e3fce5db49ac,Jamendo Track 285978,Jamendo Artist,,no,MTG-Jamendo,2026-08-26T07:44:26.991253
232e7839-da4f-47ef-b9f4-ac9a56cd539f,Jamendo Track 42335,Jamendo Artist,,no,MTG-Jamendo,2026-08-26T07:44:26.991346
bdbecc4a-9112-4780-82b2-c72253c6d9a2,Jamendo Track 124984,Jamendo Artist,,no,MTG-Jamendo,2026-08-26T07:44:26.991423
8516bd8d-6804-437f-b527-d473190bb597,Jamendo Track 81917,Jamendo Artist,,no,MTG-Jamendo,2026-08-26T07:44:26.991495
66a8c75a-cb9b-416e-9fce-4ad7a2ce0054,Jamendo Track 15478,Jamendo Artist,,no,MTG-Jamendo,2026-08-26T07:44:26.991567
2a41a279-e986-4730-b2e5-5a431cefc2a0,Jamendo Track 455019,Jamendo Artist,,no,MTG-Jamendo,2026-08-26T07:44:26.991638
d5652564-da9c-463b-99c4-c1971b5348ed,Jamendo Track 191377,Jamendo Artist,,no,MTG-Jamendo,2026-08-26T07:44:26.991716
318fb1a2-ff92-4ca8-8e78-87d4ef687c4f,Jamendo Track 16553,Jamendo Artist,,no,MTG-Jamendo,2026-08-26T07:44:26.991788
6413f9c1-90e7-4958-85a4-1ffe7d5d5571,Jamendo Track 213202,Jamendo Artist,,no,MTG-Jamendo,2026-08-26T07:44:26.991872
3c5a8339-9408-4537-af8f-9d69ce2f1531,Jamendo Track 223901,Jamendo Artist,,no,MTG-Jamendo,2026-08-26T07:44:26.991945
0d27c144-5639-4a2f-aca4-a8f8cfe86496,Jamendo Track 428528,Jamendo Artist,,no,MTG-Jamendo,2026-08-26T07:44:26.992015
dd2e269e-1e13-4760-9169-83b43ff1876c,Jamendo Track 7199,Jamendo Artist,,no,MTG-Jamendo,2026-08-26T07:44:26.992084
48ee1eca-3861-4c04-bfd0-79fbc706d6c5,Jamendo Track 362492,Jamendo Artist,,no,MTG-Jamendo,2026-08-26T07:44:26.992153
d25eeaed-681d-4ad6-8399-5c104f8ddd1b,Jamendo Track 240488,Jamendo Artist,,no,MTG-Jamendo,2026-08-26T07:44:26.992257
f5f2e6b6-9ce8-46c9-a1dd-fd037d61e839,Jamendo Track 1064728,Jamendo Artist,,no,MTG-Jamendo,2026-08-26T07:44:26.992335
191be06b-a0ad-4efe-a2a4-96f6ed36c7ad,Jamendo Track 916983,Jamendo Artist,,no,MTG-Jamendo,2026-08-26T07:44:26.992411
4228228d-a2e3-4a97-8a9a-a8bb9e93960b,Jamendo Track 427256,Jamendo Artist,,no,MTG-Jamendo,2026-08-26T07:44:26.992514
97b7d97b-ed6e-4515-8ac2-be4c5a8b847b,Jamendo Track 432290,Jamendo Artist,,no,MTG-Jamendo,2026-08-26T07:44:26.992621
6a42f6b0-1d9e-4840-a95a-4b3dc31350ac,Jamendo Track 503998,Jamendo Artist,,no,MTG-Jamendo,2026-08-26T07:44:26.992723
b60b0ccb-99f5-498e-91ea-80f9c3594692,Jamendo Track 6153,Jamendo Artist,,no,MTG-Jamendo,2026-08-26T07:44:26.992842
c21ba44b-e555-49f5-8eae-c3b92e6e7a4a,Jamendo Track 284231,Jamendo Artist,,no,MTG-Jamendo,2026-08-26T07:44:26.992953
88df1050-8c1f-447f-baba-bccb583ff5a9,Jamendo Track 222442,Jamendo Artist,,no,MTG-Jamendo,2026-08-26T07:44:26.993060
e392723d-3edb-4f97-8bb5-b4659ede315a,Jamendo Track 175341,Jamendo Artist,,no,MTG-Jamendo,2026-08-26T07:44:26.993175
f17e4a3e-1590-45d8-84e1-1988d8754182,Jamendo Track 1119033,Jamendo Artist,,no,MTG-Jamendo,2026-08-26T07:44:26.993285
ebf1ca34-aa61-4403-83e2-c2f3d9a0d50a,Jamendo Track 390814,Jamendo Artist,,no,MTG-Jamendo,2026-08-26T07:44:26.993393
ba99b211-2502-4482-bc48-cb8a31d3fb16,Jamendo Track 259287,Jamendo Artist,,no,MTG-Jamendo,2026-08-26T07:44:26.993507
c4a4ca9c-c8ec-4005-b9db-3a45c8d27c19,Jamendo Track 225782,Jamendo Artist,,no,MTG-Jamendo,2026-08-26T07:44:26.993622
2d957597-a276-435e-8933-ca74e60ab52e,Jamendo Track 568183,Jamendo Artist,,no,MTG-Jamendo,2026-08-26T07:44:26.993736
4d23f8bf-8d9d-4960-a0b1-552b216a67f2,Jamendo Track 7583,Jamendo Artist,,no,MTG-Jamendo,2026-08-26T07:44:26.993861
7a26a193-5b1e-4e47-a882-624e9faf94a9,Jamendo Track 1064721,Jamendo Artist,,no,MTG-Jamendo,2026-08-26T07:44:26.993976
0331e408-b9c5-4e14-96be-4f25f9b80a41,Jamendo Track 40155,Jamendo Artist,,no,MTG-Jamendo,2026-08-26T07:44:26.994082
38fd4f95-f73b-4a21-a732-2079c7ffda34,Jamendo Track 753095,Jamendo Artist,,no,MTG-Jamendo,2026-08-26T07:44:26.994233
29f69aaa-fb3f-4909-b4f0-5520320dcc86,Jamendo Track 149054,Jamendo Artist,,no,MTG-Jamendo,2026-08-26T07:44:26.994327
f93623a2-e749-4b92-a003-57a4499b7d70,Jamendo Track 235455,Jamendo Artist,,no,MTG-Jamendo,2026-08-26T07:44:26.994405
810b9837-1d30-4644-a879-59dade6d1519,Jamendo Track 312445,Jamendo Artist,,no,MTG-Jamendo,2026-08-26T07:44:26.994479
f44ad2d0-f2b3-4ba6-bf15-0c749304f8cc,Jamendo Track 153575,Jamendo Artist,,no,MTG-Jamendo,2026-08-26T07:44:26.994551
2494c851-074a-483b-83e5-1f4f74a891a9,Jamendo Track 149529,Jamendo Artist,,no,MTG-Jamendo,2026-08-26T07:44:26.994633
20e7b1e8-77ff-4ef3-a655-25c18b4be760,Jamendo Track 8682,Jamendo Artist,,no,MTG-Jamendo,2026-08-26T07:44:26.994708
69d06817-0731-4fa6-8bc8-de50149233ba,Jamendo Track 308494,Jamendo Artist,,no,MTG-Jamendo,2026-08-26T07:44:26.994779
25a8f359-04d6-4202-a009-cbecaf1c754e,Jamendo Track 324385,Jamendo Artist,,no,MTG-Jamendo,2026-08-26T07:44:26.994860
f002b038-7b70-4165-bf10-097bc56b41dd,Jamendo Track 229014,Jamendo Artist,,no,MTG-Jamendo,2026-08-26T07:44:26.994934
3afc84aa-4219-4da6-8a49-9b37318996b3,Jamendo Track 973730,Jamendo Artist,,no,MTG-Jamendo,2026-08-26T07:44:26.995004
e79a044d-dc14-4bfd-a266-58b950df0f60,Jamendo Track 1095490,Jamendo Artist,,no,MTG-Jamendo,2026-08-26T07:44:26.995073
42fb96bb-0952-4d06-9ab5-7e15460b1442,Jamendo Track 45565,Jamendo Artist,,no,MTG-Jamendo,2026-08-26T07:44:26.995144
2fe6ee48-956d-4cbe-837d-95f4c154cb49,Jamendo Track 453852,Jamendo Artist,,no,MTG-Jamendo,2026-08-26T07:44:26.995245
7865247c-b676-464e-a20d-b041cd087cdc,Jamendo Track 48065,Jamendo Artist,,no,MTG-Jamendo,2026-08-26T07:44:26.995326
4f2f7592-2342-4093-828e-ba36ac41b2e4,Jamendo Track 1067027,Jamendo Artist,,no,MTG-Jamendo,2026-08-26T07:44:26.995414
1c571ce0-2037-47b2-80bd-4da18926f9a0,Jamendo Track 133100,Jamendo Artist,,no,MTG-Jamendo,2026-08-26T07:44:26.995522
67bce28e-9d47-4b56-9b88-dd26bad7ef2d,Jamendo Track 362419,Jamendo Artist,,no,MTG-Jamendo,2026-08-26T07:44:26.995626
2ea87e64-4a0a-4c4b-a713-64c82a440f9c,Jamendo Track 1095497,Jamendo Artist,,no,MTG-Jamendo,2026-08-26T07:44:26.995735
78a27d25-a0ac-40b4-a2a1-42b2284c090c,Jamendo Track 10374,Jamendo Artist,,no,MTG-Jamendo,2026-08-26T07:44:26.995882
ffee307a-973c-48ec-8776-d5aea2cc9a4f,Jamendo Track 167205,Jamendo Artist,,no,MTG-Jamendo,2026-08-26T07:44:26.995987
b61e0435-df0b-4d26-a719-a06fcda47682,Jamendo Track 933956,Jamendo Artist,,no,MTG-Jamendo,2026-08-26T07:44:26.996084
b76e8f71-9e19-41fd-b7c9-da8575d4199a,Jamendo Track 285259,Jamendo Artist,,no,MTG-Jamendo,2026-08-26T07:44:26.996220
6dabc73e-24ab-4e5f-94d8-8cf583ff385a,Jamendo Track 10572,Jamendo Artist,,no,MTG-Jamendo,2026-08-26T07:44:26.996335
04c9c9fd-5995-43b3-b964-63fa7ae80dd3,Jamendo Track 242145,Jamendo Artist,,no,MTG-Jamendo,2026-08-26T07:44:26.996452
b19addd0-3eeb-4fa5-9406-f7ef80203446,Jamendo Track 146991,Jamendo Artist,,no,MTG-Jamendo,2026-08-26T07:44:26.996558
fd3e6d43-bdbd-4616-9796-e97b86d7d6b8,Jamendo Track 768646,Jamendo Artist,,no,MTG-Jamendo,2026-08-26T07:44:26.996672
48f28c35-a182-4884-952c-0cc1ec4d710d,Jamendo Track 284259,Jamendo Artist,,no,MTG-Jamendo,2026-08-26T07:44:26.996778
72007989-3161-4948-ad97-eaa24afb9d1c,Jamendo Track 242,Jamendo Artist,,no,MTG-Jamendo,2026-08-26T07:44:26.996902
3bc12302-20e1-41c8-982e-7e05db5aa837,Jamendo Track 431453,Jamendo Artist,,no,MTG-Jamendo,2026-08-26T07:44:26.997012
a9e5e2be-1309-42da-90ab-82a49d746751,Jamendo Track 179686,Jamendo Artist,,no,MTG-Jamendo,2026-08-26T07:44:26.997124
6198f8d8-bb2c-4b40-ac5b-34df65f61363,Jamendo Track 753083,Jamendo Artist,,no,MTG-Jamendo,2026-08-26T07:44:26.997240
5cc07532-8c32-4d65-9d92-fced93310ad3,Jamendo Track 1163921,Jamendo Artist,,no,MTG-Jamendo,2026-08-26T07:44:26.997325
9266ac15-1397-4de0-8505-3b899e8893ec,Jamendo Track 18502,Jamendo Artist,,no,MTG-Jamendo,2026-08-26T07:44:26.997404
5e39b1bb-da21-480c-8586-0ec1e04f163e,Jamendo Track 668789,Jamendo Artist,,no,MTG-Jamendo,2026-08-26T07:44:26.997477
d7c80ee0-0f72-4257-b4c9-99332d2449fd,Jamendo Track 35353,Jamendo Artist,,no,MTG-Jamendo,2026-08-26T07:44:26.997550
3845e66c-4e04-4654-a9f9-ed319b904a0e,Jamendo Track 532439,Jamendo Artist,,no,MTG-Jamendo,2026-08-26T07:44:26.997630
2ded1ed6-5fd0-4f4a-8cec-15c2a3a24e62,Jamendo Track 16838,Jamendo Artist,,no,MTG-Jamendo,2026-08-26T07:44:26.997703
0f82f4ba-f4ca-4d37-bffb-73b6e88aadad,Jamendo Track 443372,Jamendo Artist,,no,MTG-Jamendo,2026-08-26T07:44:26.997774
51c3a823-e490-4064-b430-8bcebf645f68,Jamendo Track 1067034,Jamendo Artist,,no,MTG-Jamendo,2026-08-26T07:44:26.997871
dbaa71dc-bd83-4783-83bc-705396297e19,Jamendo Track 531182,Jamendo Artist,,no,MTG-Jamendo,2026-08-26T07:44:26.997949
61f1db9e-8548-4210-8134-18bb7eb976d2,Jamendo Track 1041678,Jamendo Artist,,no,MTG-Jamendo,2026-08-26T07:44:26.998020
25f53bab-fabe-467c-8b3e-43e753ef933a,Jamendo Track 350430,Jamendo Artist,,no,MTG-Jamendo,2026-08-26T07:44:26.998089
b832b749-e766-48f2-a999-13a3d9523e1f,Jamendo Track 381188,Jamendo Artist,,no,MTG-Jamendo,2026-08-26T07:44:26.998180
b80a7d5b-c56f-4b04-ada9-7333a6c98312,Jamendo Track 147297,Jamendo Artist,,no,MTG-Jamendo,2026-08-26T07:44:26.998273
a40838eb-4cb3-4c61-afa8-0619a50e01f8,Jamendo Track 159197,Jamendo Artist,,no,MTG-Jamendo,2026-08-26T07:44:26.998364
24f4fc6b-a530-4808-8e8c-37304526f07b,Jamendo Track 263651,Jamendo Artist,,no,MTG-Jamendo,2026-08-26T07:44:26.998470
5f6625fe-f29c-4c65-a0d6-bb57a737ba66,Jamendo Track 967156,Jamendo Artist,,no,MTG-Jamendo,2026-08-26T07:44:26.998575
5e63cc76-8f8d-4968-aed7-95905162bdea,Jamendo Track 332857,Jamendo Artist,,no,MTG-Jamendo,2026-08-26T07:44:26.998677
1b779ef0-ed8b-45eb-8b52-05e72662102b,Jamendo Track 7197,Jamendo Artist,,no,MTG-Jamendo,2026-08-26T07:44:26.998786
0f51c37b-d6c1-4754-9a20-0c6180144e2c,Jamendo Track 1129575,Jamendo Artist,,no,MTG-Jamendo,2026-08-26T07:44:26.998910
a0df6104-39c3-46c6-a76c-4ced40b77141,Jamendo Track 44426,Jamendo Artist,,no,MTG-Jamendo,2026-08-26T07:44:26.999009
105c639e-8b01-4b23-9546-99308c46387e,Jamendo Track 191401,Jamendo Artist,,no,MTG-Jamendo,2026-08-26T07:44:26.999117
93378114-c333-4e70-a5a9-8ba07eeab368,Jamendo Track 182659,Jamendo Artist,,no,MTG-Jamendo,2026-08-26T07:44:26.999258
77366255-7ac2-420e-bce6-7b21b453458d,Jamendo Track 311401,Jamendo Artist,,no,MTG-Jamendo,2026-08-26T07:44:26.999381
c08e8d02-90be-46e9-ba48-b2e18a5b36ff,Jamendo Track 271267,Jamendo Artist,,no,MTG-Jamendo,2026-08-26T07:44:26.999487
7c23c7ab-599c-4be2-a604-d71308067bcd,Jamendo Track 153599,Jamendo Artist,,no,MTG-Jamendo,2026-08-26T07:44:26.999603
8622d1f1-a49a-48cb-91fd-45c015037242,Jamendo Track 205385,Jamendo Artist,,no,MTG-Jamendo,2026-08-26T07:44:26.999712
bef0c579-300e-484e-8f16-ef8191d1096f,Jamendo Track 763,Jamendo Artist,,no,MTG-Jamendo,2026-08-26T07:44:26.999899
1b27af87-f0dd-4553-8fa1-e105f5539f78,Jamendo Track 1416872,Jamendo Artist,,no,MTG-Jamendo,2026-08-26T07:44:27.000022
6a37600b-afc4-4707-9108-1308f2e0b094,Jamendo Track 236247,Jamendo Artist,,no,MTG-Jamendo,2026-08-26T07:44:27.000124
a96b6075-8a53-49e0-acac-4abd397da984,Jamendo Track 1112064,Jamendo Artist,,no,MTG-Jamendo,2026-08-26T07:44:27.000380
85f0fe4b-479b-49e7-9bb4-2d98ea0a5c3e,Jamendo Track 133263,Jamendo Artist,,no,MTG-Jamendo,2026-08-26T07:44:27.000517
9f6d4d18-4d5d-4241-88f6-0940c1205a1b,Jamendo Track 698553,Jamendo Artist,,no,MTG-Jamendo,2026-08-26T07:44:27.000625
c212e8bd-4472-4046-86fc-0b2c73f0ffaa,Jamendo Track 1402642,Jamendo Artist,,no,MTG-Jamendo,2026-08-26T07:44:27.000721
8fec5d3b-0117-45b3-b1fa-4fc973662194,Jamendo Track 193517,Jamendo Artist,,no,MTG-Jamendo,2026-08-26T07:44:27.000809
4b194f63-61a4-49e6-9f0f-94d36fb78b7c,Jamendo Track 57061,Jamendo Artist,,no,MTG-Jamendo,2026-08-26T07:44:27.000902
30813700-af23-4bf5-bd9e-8559e8f2acf0,Jamendo Track 558410,Jamendo Artist,,no,MTG-Jamendo,2026-08-26T07:44:27.000990
23794b90-468c-4425-9bdc-c168f9a91216,Jamendo Track 82290,Jamendo Artist,,no,MTG-Jamendo,2026-08-26T07:44:27.001070
00e53ac4-b087-41de-8534-1d4afa7d59b9,Jamendo Track 3454,Jamendo Artist,,no,MTG-Jamendo,2026-08-26T07:44:27.001153
5e5356ff-7a11-44d5-95c6-25a26cc7c41b,Jamendo Track 205439,Jamendo Artist,,no,MTG-Jamendo,2026-08-26T07:44:27.001266
08f7b4a2-7c16-4926-8c6f-d0f4fae1f4fd,Jamendo Track 429043,Jamendo Artist,,no,MTG-Jamendo,2026-08-26T07:44:27.001348
58a71313-2bb8-4a01-905c-7c76d7d35bf0,Jamendo Track 558417,Jamendo Artist,,no,MTG-Jamendo,2026-08-26T07:44:27.001446
a197a768-2277-41ad-971f-5e7d68b22ff5,Jamendo Track 179542,Jamendo Artist,,no,MTG-Jamendo,2026-08-26T07:44:27.001554
08005268-f7c2-45bd-b976-3a874aeb2fbb,Jamendo Track 123450,Jamendo Artist,,no,MTG-Jamendo,2026-08-26T07:44:27.001660
2ec9d7d1-df00-4984-8864-61f2b3941783,Jamendo Track 253900,Jamendo Artist,,no,MTG-Jamendo,2026-08-26T07:44:27.001768
8145d4a4-9024-4e13-bb1c-054798dc2813,Jamendo Track 25998,Jamendo Artist,,no,MTG-Jamendo,2026-08-26T07:44:27.001895
503fee97-1a9d-4690-a1e2-f1471856b2f5,Jamendo Track 660455,Jamendo Artist,,no,MTG-Jamendo,2026-08-26T07:44:27.002004
9c5ef952-bdc3-4b14-b1fd-4f00bceaf0a7,Jamendo Track 698501,Jamendo Artist,,no,MTG-Jamendo,2026-08-26T07:44:27.002105
eba7908e-4b03-4c6c-8f7e-b51cdf94b1b9,Jamendo Track 443384,Jamendo Artist,,no,MTG-Jamendo,2026-08-26T07:44:27.002233
fc1f4d4e-a260-4663-b96b-ccb94bb7d1f2,Jamendo Track 781632,Jamendo Artist,,no,MTG-Jamendo,2026-08-26T07:44:27.002349
00760021-2d3e-4fcc-9f5d-5017a845faa1,Jamendo Track 1129605,Jamendo Artist,,no,MTG-Jamendo,2026-08-26T07:44:27.002459
b1d2531e-a2f0-45b7-8411-a992196833d1,Jamendo Track 129542,Jamendo Artist,,no,MTG-Jamendo,2026-08-26T07:44:27.002564
d50f11c6-6cf2-484b-a1bd-6a19dabfec3f,Jamendo Track 159199,Jamendo Artist,,no,MTG-Jamendo,2026-08-26T07:44:27.002683
13fcde72-d1fc-415e-9732-56ee5d299218,Jamendo Track 1374064,Jamendo Artist,,no,MTG-Jamendo,2026-08-26T07:44:27.002787
c864538c-5218-429b-8b12-3caaaecf058f,Jamendo Track 5700,Jamendo Artist,,no,MTG-Jamendo,2026-08-26T07:44:27.002908
069e8297-f2ec-4239-898a-238fc16f5663,Jamendo Track 220598,Jamendo Artist,,no,MTG-Jamendo,2026-08-26T07:44:27.003019
43b10fc0-d8b1-46d5-8c83-07d54bf24c2c,Jamendo Track 94877,Jamendo Artist,,no,MTG-Jamendo,2026-08-26T07:44:27.003131
0ec8a2c8-3aad-4430-af59-74663f41be0c,Jamendo Track 430755,Jamendo Artist,,no,MTG-Jamendo,2026-08-26T07:44:27.003262
5034b2ae-3aac-488d-bb67-fe4181d6f5be,Jamendo Track 740332,Jamendo Artist,,no,MTG-Jamendo,2026-08-26T07:44:27.003346
af2800b1-fb6b-4bdf-937f-dbb7d8e0921a,Jamendo Track 16558,Jamendo Artist,,no,MTG-Jamendo,2026-08-26T07:44:27.003424
eea10027-e8aa-45c5-a055-b8341e275f0c,Jamendo Track 396920,Jamendo Artist,,no,MTG-Jamendo,2026-08-26T07:44:27.003499
8afc8f15-75fc-4eba-975e-d3c549ebf6d4,Jamendo Track 170534,Jamendo Artist,,no,MTG-Jamendo,2026-08-26T07:44:27.003576
21821225-2433-46f2-8105-e29177fb86c4,Jamendo Track 134790,Jamendo Artist,,no,MTG-Jamendo,2026-08-26T07:44:27.003654
3e50b1be-64a8-41d6-980c-1b67e340929d,Jamendo Track 10564,Jamendo Artist,,no,MTG-Jamendo,2026-08-26T07:44:27.003727
4577acae-2b02-44d4-bfbd-41d979964378,Jamendo Track 468167,Jamendo Artist,,no,MTG-Jamendo,2026-08-26T07:44:27.003803
b51d263f-bc4b-413b-9342-17723fa11f84,Jamendo Track 159293,Jamendo Artist,,no,MTG-Jamendo,2026-08-26T07:44:27.003889
cbd39d65-02aa-4899-ace3-fa722a80a6e8,Jamendo Track 38846,Jamendo Artist,,no,MTG-Jamendo,2026-08-26T07:44:27.003963
9b4ab690-6569-4acc-accc-091caa3d9453,Jamendo Track 376644,Jamendo Artist,,no,MTG-Jamendo,2026-08-26T07:44:27.004033
45347749-29c9-4773-8c1b-561abc11b03b,Jamendo Track 90407,Jamendo Artist,,no,MTG-Jamendo,2026-08-26T07:44:27.004104
c4f2e38e-7328-4901-984c-195972ece70d,Jamendo Track 233262,Jamendo Artist,,no,MTG-Jamendo,2026-08-26T07:44:27.004194
a7c2be94-f217-4390-8e93-97dd1acd2b85,Jamendo Track 173082,Jamendo Artist,,no,MTG-Jamendo,2026-08-26T07:44:27.004281
4c1e8994-bfcd-4780-8940-b882b2add10e,Jamendo Track 312678,Jamendo Artist,,no,MTG-Jamendo,2026-08-26T07:44:27.004364
b0713f01-256f-441e-82b0-e29a65ad6b5a,Jamendo Track 180531,Jamendo Artist,,no,MTG-Jamendo,2026-08-26T07:44:27.004454
1bcb26f4-5bfb-40e8-b023-5813eb228efd,Jamendo Track 261121,Jamendo Artist,,no,MTG-Jamendo,2026-08-26T07:44:27.004559
21cdc12c-5339-4e0f-8477-d7aa4181755f,Jamendo Track 968026,Jamendo Artist,,no,MTG-Jamendo,2026-08-26T07:44:27.004660
57f6c3b5-7925-454a-9cb8-f38d00efda46,Jamendo Track 16845,Jamendo Artist,,no,MTG-Jamendo,2026-08-26T07:44:27.004766
cc76cf64-84bf-40a0-aa8b-dc84e302cd34,Jamendo Track 26737,Jamendo Artist,,no,MTG-Jamendo,2026-08-26T07:44:27.004889
5e863e34-2374-4f25-a128-c44942c3cc8e,Jamendo Track 324387,Jamendo Artist,,no,MTG-Jamendo,2026-08-26T07:44:27.004997
78e86c2b-9470-48be-9424-8698a3220118,Jamendo Track 165049,Jamendo Artist,,no,MTG-Jamendo,2026-08-26T07:44:27.005093
8bf89be8-1ac3-498b-9638-361b8f0a93b2,Jamendo Track 220597,Jamendo Artist,,no,MTG-Jamendo,2026-08-26T07:44:27.005221
c08a01e3-38d9-4d36-ac95-8fe57860d7ef,Jamendo Track 337996,Jamendo Artist,,no,MTG-Jamendo,2026-08-26T07:44:27.005332
4f15b46b-662d-4a37-b20b-83995396c856,Jamendo Track 225773,Jamendo Artist,,no,MTG-Jamendo,2026-08-26T07:44:27.005443
8203f377-7b41-4fab-8f96-ad456205ab03,Jamendo Track 44913,Jamendo Artist,,no,MTG-Jamendo,2026-08-26T07:44:27.005544
bae3d7b2-bf89-4194-9b14-ab48d969226f,Jamendo Track 175092,Jamendo Artist,,no,MTG-Jamendo,2026-08-26T07:44:27.005693
826b38e5-2fcd-411f-83ab-43827ea711cd,Jamendo Track 163767,Jamendo Artist,,no,MTG-Jamendo,2026-08-26T07:44:27.005826
05ea261e-617a-4eee-b318-09160ee29062,Jamendo Track 139740,Jamendo Artist,,no,MTG-Jamendo,2026-08-26T07:44:27.005945
866134b9-0eb8-46bb-aebc-ee1045fada15,Jamendo Track 1075101,Jamendo Artist,,no,MTG-Jamendo,2026-08-26T07:44:27.006055
06ce1de0-3b1e-4c04-8fde-e26b173922ff,Jamendo Track 395258,Jamendo Artist,,no,MTG-Jamendo,2026-08-26T07:44:27.006189
c4cbb48f-6c02-42b2-bbff-4136c22bb399,Jamendo Track 106545,Jamendo Artist,,no,MTG-Jamendo,2026-08-26T07:44:27.006303
5e40cbff-de58-4c63-9fd8-bd3eefcb4575,Jamendo Track 44425,Jamendo Artist,,no,MTG-Jamendo,2026-08-26T07:44:27.006394
a5f25fae-7a3b-4015-85ca-e333e3d4ce09,Jamendo Track 1042066,Jamendo Artist,,no,MTG-Jamendo,2026-08-26T07:44:27.006480
c948bee9-33a9-4e7b-86a3-3eb7c050f2fc,Jamendo Track 285256,Jamendo Artist,,no,MTG-Jamendo,2026-08-26T07:44:27.006562
459cdf05-abe1-4e8d-b1ba-1f4e7118619a,Jamendo Track 208147,Jamendo Artist,,no,MTG-Jamendo,2026-08-26T07:44:27.006640
20212186-048a-4f51-848c-f42e4333827a,Jamendo Track 1060002,Jamendo Artist,,no,MTG-Jamendo,2026-08-26T07:44:27.006717
4248bfe1-b2fd-4f76-a567-85400ddb9fb0,Jamendo Track 76953,Jamendo Artist,,no,MTG-Jamendo,2026-08-26T07:44:27.006790
1d126025-5cac-48e8-abea-8547f26d3757,Jamendo Track 215758,Jamendo Artist,,no,MTG-Jamendo,2026-08-26T07:44:27.006873
b5aa02e3-7672-458a-9c67-2617c3abf511,Jamendo Track 484443,Jamendo Artist,,no,MTG-Jamendo,2026-08-26T07:44:27.006947
d2b933be-05ff-442f-bfb4-a539bd81a599,Jamendo Track 1377212,Jamendo Artist,,no,MTG-Jamendo,2026-08-26T07:44:27.007019
a92396ff-1d30-4be2-8224-b8caa10c8d24,Jamendo Track 1169135,Jamendo Artist,,no,MTG-Jamendo,2026-08-26T07:44:27.007089
3b603cf8-8576-4c91-b9ba-9635f76e9f92,Jamendo Track 285257,Jamendo Artist,,no,MTG-Jamendo,2026-08-26T07:44:27.007181
a844cf83-cfb7-426b-aa27-1f3a16d97743,Jamendo Track 138034,Jamendo Artist,,no,MTG-Jamendo,2026-08-26T07:44:27.007268
d4ccb9eb-d433-4568-811f-1c9a1e7275db,Jamendo Track 287669,Jamendo Artist,,no,MTG-Jamendo,2026-08-26T07:44:27.007345
d6ba1d3c-7bd2-4e17-8a21-67def250d7bd,Jamendo Track 396922,Jamendo Artist,,no,MTG-Jamendo,2026-08-26T07:44:27.007420
b1656e1d-bff8-4d2a-b2ba-6cd0ca2ae0d5,Jamendo Track 985176,Jamendo Artist,,no,MTG-Jamendo,2026-08-26T07:44:27.007499
6cfc1e20-92fe-412e-acba-67de98f31919,Jamendo Track 451267,Jamendo Artist,,no,MTG-Jamendo,2026-08-26T07:44:27.007605
f7aca765-cdc7-4f2e-bb1f-e6a73a8fdfac,Jamendo Track 315320,Jamendo Artist,,no,MTG-Jamendo,2026-08-26T07:44:27.007713
b3a5d941-095b-4e44-a6ba-60237bb831d5,Jamendo Track 508896,Jamendo Artist,,no,MTG-Jamendo,2026-08-26T07:44:27.007830
6c41abac-2844-4a1c-a5b7-d922cba27250,Jamendo Track 449900,Jamendo Artist,,no,MTG-Jamendo,2026-08-26T07:44:27.007946
94582b1f-81bb-4907-af0a-462670fd7769,Jamendo Track 254522,Jamendo Artist,,no,MTG-Jamendo,2026-08-26T07:44:27.008052
b7182da1-a41b-4e5e-856a-d75ac85bd7f8,Jamendo Track 594846,Jamendo Artist,,no,MTG-Jamendo,2026-08-26T07:44:27.008150
891fa1be-a85c-4959-8f02-9cc7ae6be010,Jamendo Track 26024,Jamendo Artist,,no,MTG-Jamendo,2026-08-26T07:44:27.008284
3388466b-aecc-4596-8fdf-daa1ef4c5359,Jamendo Track 284284,Jamendo Artist,,no,MTG-Jamendo,2026-08-26T07:44:27.008408
95663184-5276-47eb-947c-d9d1900aeb95,Jamendo Track 295818,Jamendo Artist,,no,MTG-Jamendo,2026-08-26T07:44:27.008523
282ff14f-3429-450f-b021-62f8531bbff6,Jamendo Track 161539,Jamendo Artist,,no,MTG-Jamendo,2026-08-26T07:44:27.008629
360892c7-1d33-4313-8e0d-cf61583f691e,Jamendo Track 1069489,Jamendo Artist,,no,MTG-Jamendo,2026-08-26T07:44:27.008748
cfb6b139-f8ae-4ce6-9c48-6f01425804c6,Jamendo Track 238538,Jamendo Artist,,no,MTG-Jamendo,2026-08-26T07:44:27.008866
f91b75c1-3587-4e11-8064-22d8084dbc50,Jamendo Track 190667,Jamendo Artist,,no,MTG-Jamendo,2026-08-26T07:44:27.008981
1b3be30a-7ee9-4077-8a7a-be4b0ac4babc,Jamendo Track 167225,Jamendo Artist,,no,MTG-Jamendo,2026-08-26T07:44:27.009096
36a49b46-3086-4c1e-8a2a-2a3c4c1657ad,Jamendo Track 276988,Jamendo Artist,,no,MTG-Jamendo,2026-08-26T07:44:27.009255
b3b6b86d-fe12-45b0-8749-8827c413d158,Jamendo Track 102874,Jamendo Artist,,no,MTG-Jamendo,2026-08-26T07:44:27.009373
a6594189-4e06-4b8e-94cd-6e6b47eeb9f0,Jamendo Track 217416,Jamendo Artist,,no,MTG-Jamendo,2026-08-26T07:44:27.009477
459d0c67-ce05-4f6f-b9b4-c30000f9e66d,Jamendo Track 259931,Jamendo Artist,,no,MTG-Jamendo,2026-08-26T07:44:27.009560
3f331b30-8265-4d3d-a033-94ac68d70762,Jamendo Track 7547,Jamendo Artist,,no,MTG-Jamendo,2026-08-26T07:44:27.009635
63100531-9f38-43d1-b594-040deae8e5ab,Jamendo Track 245461,Jamendo Artist,,no,MTG-Jamendo,2026-08-26T07:44:27.009711
3338d8c6-fb1d-47a8-8875-1059aba8e0f9,Jamendo Track 95412,Jamendo Artist,,no,MTG-Jamendo,2026-08-26T07:44:27.009790
c174baa6-4adc-4d5a-b67e-9f6154f3d8e9,Jamendo Track 208287,Jamendo Artist,,no,MTG-Jamendo,2026-08-26T07:44:27.009884
fa1362c5-f471-458a-8f21-c897fe4b4657,Jamendo Track 3442,Jamendo Artist,,no,MTG-Jamendo,2026-08-26T07:44:27.009960
2188177c-088a-4a44-9403-4f081765cb8f,Jamendo Track 3906,Jamendo Artist,,no,MTG-Jamendo,2026-08-26T07:44:27.010041
17cc02cb-1ee1-43da-8fb8-db8aa86b8bf4,Jamendo Track 365563,Jamendo Artist,,no,MTG-Jamendo,2026-08-26T07:44:27.010124
f266d009-85dd-4b2a-b9b6-a207ea4842af,Jamendo Track 239653,Jamendo Artist,,no,MTG-Jamendo,2026-08-26T07:44:27.010228
34f36ac3-b1df-45fe-a0c2-399c5be74b83,Jamendo Track 767397,Jamendo Artist,,no,MTG-Jamendo,2026-08-26T07:44:27.010320
1aaee7d2-ecc8-4ed9-be37-1f45698d16da,Jamendo Track 273605,Jamendo Artist,,no,MTG-Jamendo,2026-08-26T07:44:27.010400
d56092fa-3941-4fdf-b42a-28e1b45dcfe6,Jamendo Track 92633,Jamendo Artist,,no,MTG-Jamendo,2026-08-26T07:44:27.010475
bff9f65a-bfe1-43ff-b524-997ec3a1ff31,Jamendo Track 191383,Jamendo Artist,,no,MTG-Jamendo,2026-08-26T07:44:27.010547
857b1716-53e4-419b-be58-7ce4981f0948,Jamendo Track 432289,Jamendo Artist,,no,MTG-Jamendo,2026-08-26T07:44:27.010619
61e4b6d7-758c-4cb5-a5f5-954d4f44fd26,Jamendo Track 933953,Jamendo Artist,,no,MTG-Jamendo,2026-08-26T07:44:27.010706
217470d3-b3fc-40ea-a73f-b5b3d19e117f,Jamendo Track 167559,Jamendo Artist,,no,MTG-Jamendo,2026-08-26T07:44:27.010835
8481b977-3b6b-41d2-a89c-08d3f534fc39,Jamendo Track 318602,Jamendo Artist,,no,MTG-Jamendo,2026-08-26T07:44:27.010943
8157b4e1-21e2-4c02-8133-d0d88457e0fb,Jamendo Track 133095,Jamendo Artist,,no,MTG-Jamendo,2026-08-26T07:44:27.011052
d0e02a7c-bbfc-4cfc-b72d-0e23b49d964d,Jamendo Track 814953,Jamendo Artist,,no,MTG-Jamendo,2026-08-26T07:44:27.011190
9ec238f5-9019-429a-8b23-665b56f5aa3a,Jamendo Track 1117791,Jamendo Artist,,no,MTG-Jamendo,2026-08-26T07:44:27.011307
8460ee0a-10ce-488c-a532-386ece3aeb7c,Jamendo Track 332858,Jamendo Artist,,no,MTG-Jamendo,2026-08-26T07:44:27.011408
a59874ea-2995-4897-8021-d3017e623bfa,Jamendo Track 3098,Jamendo Artist,,no,MTG-Jamendo,2026-08-26T07:44:27.011512
4c269022-9593-4fe3-8ed3-c625261be675,Jamendo Track 145949,Jamendo Artist,,no,MTG-Jamendo,2026-08-26T07:44:27.011615
e5523bd5-953c-4bd2-972d-7d85768a4e6c,Jamendo Track 336138,Jamendo Artist,,no,MTG-Jamendo,2026-08-26T07:44:27.011720
2fbf7798-c78b-44ac-acc9-1c2c71c0df35,Jamendo Track 146422,Jamendo Artist,,no,MTG-Jamendo,2026-08-26T07:44:27.011834
b5feec24-dc90-48f9-b56f-207325861cbf,Jamendo Track 208125,Jamendo Artist,,no,MTG-Jamendo,2026-08-26T07:44:27.011952
560503d2-701e-4e27-8cff-efe7060ffa7b,Jamendo Track 153577,Jamendo Artist,,no,MTG-Jamendo,2026-08-26T07:44:27.012057
b5defd0b-b4bc-44d6-a8f5-61a739c9fd40,Jamendo Track 40158,Jamendo Artist,,no,MTG-Jamendo,2026-08-26T07:44:27.012182
b73a1a9a-92bf-4230-8dbc-3421dfd60df0,Jamendo Track 167759,Jamendo Artist,,no,MTG-Jamendo,2026-08-26T07:44:27.012317
ada4263f-0a18-4de4-93b8-b0c5be28294a,Jamendo Track 48061,Jamendo Artist,,no,MTG-Jamendo,2026-08-26T07:44:27.012431
386f87f1-a049-4275-a216-235c649b1532,Jamendo Track 81923,Jamendo Artist,,no,MTG-Jamendo,2026-08-26T07:44:27.012539
770c7507-47e9-45f3-ad33-ecd5cfd47f27,Jamendo Track 465945,Jamendo Artist,,no,MTG-Jamendo,2026-08-26T07:44:27.012636
a2666aaa-392e-4332-8f69-217a135b05bf,Jamendo Track 141083,Jamendo Artist,,no,MTG-Jamendo,2026-08-26T07:44:27.012714
6b4ced16-425d-4cfa-af34-2516d5d91e45,Jamendo Track 101929,Jamendo Artist,,no,MTG-Jamendo,2026-08-26T07:44:27.012794
b1eaa1e7-14d3-412c-8797-5e057fbcf2c0,Jamendo Track 145970,Jamendo Artist,,no,MTG-Jamendo,2026-08-26T07:44:27.012893
bba838b4-700f-4588-9a93-d2efd962aba1,Jamendo Track 235456,Jamendo Artist,,no,MTG-Jamendo,2026-08-26T07:44:27.012971
88ce42e0-7e2e-4ba5-84c1-6c15d637797a,Jamendo Track 125547,Jamendo Artist,,no,MTG-Jamendo,2026-08-26T07:44:27.013043
e63fc6cf-9d95-45d1-a38d-66240d1f18ef,Jamendo Track 285261,Jamendo Artist,,no,MTG-Jamendo,2026-08-26T07:44:27.013116
0ae47b4e-b618-4609-ac5c-87defca60b7e,Jamendo Track 320045,Jamendo Artist,,no,MTG-Jamendo,2026-08-26T07:44:27.013215
d1a5dcb0-e1a3-4e8d-a484-aebdee948440,Jamendo Track 23102,Jamendo Artist,,no,MTG-Jamendo,2026-08-26T07:44:27.013306
8352686e-3cda-4438-93fd-451126dd4475,Jamendo Track 768,Jamendo Artist,,no,MTG-Jamendo,2026-08-26T07:44:27.013384
3a009ecf-206d-46a0-87a1-d7122624552f,Jamendo Track 687693,Jamendo Artist,,no,MTG-Jamendo,2026-08-26T07:44:27.013458
a64220eb-b077-40e6-a574-bd1218d61523,Jamendo Track 322100,Jamendo Artist,,no,MTG-Jamendo,2026-08-26T07:44:27.013529
41c0fdc5-54ae-412b-ad18-eb6551a8cabe,Jamendo Track 435845,Jamendo Artist,,no,MTG-Jamendo,2026-08-26T07:44:27.013600
97fc6064-3690-41e0-8de4-66b7d58b61b5,Jamendo Track 406636,Jamendo Artist,,no,MTG-Jamendo,2026-08-26T07:44:27.013671
06ff1349-fc68-4295-b5e5-1b8b8532673d,Jamendo Track 81994,Jamendo Artist,,no,MTG-Jamendo,2026-08-26T07:44:27.013741
372d398d-758b-4db6-98b5-9c0d1cd6c841,Jamendo Track 42341,Jamendo Artist,,no,MTG-Jamendo,2026-08-26T07:44:27.013811
43441cb9-2d1d-468c-9209-4fb60a53542d,Jamendo Track 1374060,Jamendo Artist,,no,MTG-Jamendo,2026-08-26T07:44:27.013927
61e69631-4b36-47d8-beea-c64ab13fb3e4,Jamendo Track 267305,Jamendo Artist,,no,MTG-Jamendo,2026-08-26T07:44:27.014042
8aea853c-0924-4405-8ca0-1f434b4a3620,Jamendo Track 193514,Jamendo Artist,,no,MTG-Jamendo,2026-08-26T07:44:27.014151
e0316dee-4b94-4126-bf65-af7ebb0ca0ff,Jamendo Track 123449,Jamendo Artist,,no,MTG-Jamendo,2026-08-26T07:44:27.014294
ba07ec6e-24a3-4186-80ba-73fe99b22337,Jamendo Track 251181,Jamendo Artist,,no,MTG-Jamendo,2026-08-26T07:44:27.014444
8e975967-5ed3-46a4-99f4-70dc51d146c7,Jamendo Track 215752,Jamendo Artist,,no,MTG-Jamendo,2026-08-26T07:44:27.014549
41186016-e1e9-46e5-b8c5-46c48e2e06b7,Jamendo Track 1336,Jamendo Artist,,no,MTG-Jamendo,2026-08-26T07:44:27.014677
aca8b420-b2b2-4209-89e9-8278a81967f3,Jamendo Track 417213,Jamendo Artist,,no,MTG-Jamendo,2026-08-26T07:44:27.014796
36f90a90-6f8c-440c-b3b2-94f25abac434,Jamendo Track 1420798,Jamendo Artist,,no,MTG-Jamendo,2026-08-26T07:44:27.014933
adad03f9-db70-4fa9-963e-3f8a2daeaaef,Jamendo Track 7550,Jamendo Artist,,no,MTG-Jamendo,2026-08-26T07:44:27.015041
25841338-fed8-4ea7-b0db-c379310d44b8,Jamendo Track 410466,Jamendo Artist,,no,MTG-Jamendo,2026-08-26T07:44:27.015156
3b77a5d2-28c7-4c7e-a2ca-f7efc1e207e3,Jamendo Track 418720,Jamendo Artist,,no,MTG-Jamendo,2026-08-26T07:44:27.015301
5b0aab71-2db1-47b6-aa3a-9ba06864d1d7,Jamendo Track 6572,Jamendo Artist,,no,MTG-Jamendo,2026-08-26T07:44:27.015413
0d34a574-0897-4948-b46e-4781d2a171e3,Jamendo Track 171614,Jamendo Artist,,no,MTG-Jamendo,2026-08-26T07:44:27.015522
d662715b-522c-4d67-8869-c47cf9fab737,Jamendo Track 292287,Jamendo Artist,,no,MTG-Jamendo,2026-08-26T07:44:27.015630
9f03ebd2-d752-4cf4-b654-39032d26cf75,Jamendo Track 558406,Jamendo Artist,,no,MTG-Jamendo,2026-08-26T07:44:27.015737
76ef3cc2-0d8e-49fe-97bf-f7cc777f31bb,Jamendo Track 141762,Jamendo Artist,,no,MTG-Jamendo,2026-08-26T07:44:27.015832
1bdb74fd-7f7f-44ef-bc87-e03ff9b47928,Jamendo Track 127568,Jamendo Artist,,no,MTG-Jamendo,2026-08-26T07:44:27.015915
a75016df-12f7-4630-a235-f355b8ca932a,Jamendo Track 7545,Jamendo Artist,,no,MTG-Jamendo,2026-08-26T07:44:27.015993
58226d35-5a24-4c24-859b-9d17b76699f1,Jamendo Track 1095486,Jamendo Artist,,no,MTG-Jamendo,2026-08-26T07:44:27.016066
9df615dc-8f0b-4969-8711-658ad905c309,Jamendo Track 16863,Jamendo Artist,,no,MTG-Jamendo,2026-08-26T07:44:27.016147
e0aef241-1693-4c9d-ba62-80c3aad803cc,Jamendo Track 208497,Jamendo Artist,,no,MTG-Jamendo,2026-08-26T07:44:27.016259
218ad295-975d-4d5b-b74c-3579b8f49503,Jamendo Track 1119040,Jamendo Artist,,no,MTG-Jamendo,2026-08-26T07:44:27.016344
64f84bbe-7444-4664-96ad-352439f9a99c,Jamendo Track 117292,Jamendo Artist,,no,MTG-Jamendo,2026-08-26T07:44:27.016421
6253dbcb-3e72-454e-a6f9-797358ad0cac,Jamendo Track 191219,Jamendo Artist,,no,MTG-Jamendo,2026-08-26T07:44:27.016499
494673f2-c8e2-46bf-983b-c44f87daa158,Jamendo Track 3444,Jamendo Artist,,no,MTG-Jamendo,2026-08-26T07:44:27.016575
37d6d340-c6be-4119-adab-73576fe6b035,Jamendo Track 1388875,Jamendo Artist,,no,MTG-Jamendo,2026-08-26T07:44:27.016656
27235d7f-405a-4020-be16-348fd7395352,Jamendo Track 1374043,Jamendo Artist,,no,MTG-Jamendo,2026-08-26T07:44:27.016735
4e490a5a-cc69-4890-899f-b03282d4df77,Jamendo Track 187558,Jamendo Artist,,no,MTG-Jamendo,2026-08-26T07:44:27.016813
860ad37f-fc93-456f-a2df-72ccf0decb62,Jamendo Track 153658,Jamendo Artist,,no,MTG-Jamendo,2026-08-26T07:44:27.016895
bc1e458e-9624-4312-b354-2bb3d30be29d,Jamendo Track 133097,Jamendo Artist,,no,MTG-Jamendo,2026-08-26T07:44:27.016968
465a1525-a9cd-4a7b-af2d-45427e6207fb,Jamendo Track 401452,Jamendo Artist,,no,MTG-Jamendo,2026-08-26T07:44:27.017054
26c8404b-1663-4513-8bb5-c1a8aca4e39c,Jamendo Track 95403,Jamendo Artist,,no,MTG-Jamendo,2026-08-26T07:44:27.017179
23958257-3545-4e57-95cb-ddaadce7579d,Jamendo Track 176543,Jamendo Artist,,no,MTG-Jamendo,2026-08-26T07:44:27.017311
dd4336b8-ddac-4bd5-aa2f-c4208e9c2b3d,Jamendo Track 208494,Jamendo Artist,,no,MTG-Jamendo,2026-08-26T07:44:27.017427
28cc8d01-f1f1-45ba-89fa-b31a70b7a82d,Jamendo Track 443380,Jamendo Artist,,no,MTG-Jamendo,2026-08-26T07:44:27.017538
4c62414e-f706-4436-ae71-899ac5926d53,Jamendo Track 180998,Jamendo Artist,,no,MTG-Jamendo,2026-08-26T07:44:27.017645
6d853bac-bfdf-49ed-b0a3-ccb093642364,Jamendo Track 145371,Jamendo Artist,,no,MTG-Jamendo,2026-08-26T07:44:27.017746
453d07af-5606-48c2-8cca-5d79856d133f,Jamendo Track 295392,Jamendo Artist,,no,MTG-Jamendo,2026-08-26T07:44:27.017871
b73f0b45-a9cb-457f-981b-701a0327356e,Jamendo Track 1263,Jamendo Artist,,no,MTG-Jamendo,2026-08-26T07:44:27.017980
f40df95b-af5d-4d7c-9858-bf993bfa99a5,Jamendo Track 220581,Jamendo Artist,,no,MTG-Jamendo,2026-08-26T07:44:27.018095
0b48be6b-132f-4978-9af7-e38ec2deaefa,Jamendo Track 160296,Jamendo Artist,,no,MTG-Jamendo,2026-08-26T07:44:27.018317
09a8f7f2-2ebd-4443-b14c-24fbd7f8f652,Jamendo Track 443364,Jamendo Artist,,no,MTG-Jamendo,2026-08-26T07:44:27.018453
7c1584d9-ca7d-490b-a792-81af2edfb6f0,Jamendo Track 150794,Jamendo Artist,,no,MTG-Jamendo,2026-08-26T07:44:27.018569
d78afb4e-c44b-4416-b98f-db3ccb076ff8,Jamendo Track 1103,Jamendo Artist,,no,MTG-Jamendo,2026-08-26T07:44:27.018679
96cecf04-61dd-4b38-94e3-436af874629d,Jamendo Track 284937,Jamendo Artist,,no,MTG-Jamendo,2026-08-26T07:44:27.018787
2bda20c3-75cc-4c1b-abee-edc8aa041a71,Jamendo Track 78181,Jamendo Artist,,no,MTG-Jamendo,2026-08-26T07:44:27.018904
edf796e6-b98d-4ed5-b214-1cf0066237bc,Jamendo Track 783441,Jamendo Artist,,no,MTG-Jamendo,2026-08-26T07:44:27.018989
2d63277a-827b-4c63-bcac-c67bc26b23a5,Jamendo Track 199625,Jamendo Artist,,no,MTG-Jamendo,2026-08-26T07:44:27.019071
fdc3451c-e3c1-4958-bac4-6916ae8b504c,Jamendo Track 224477,Jamendo Artist,,no,MTG-Jamendo,2026-08-26T07:44:27.019154
73748b59-c534-4fc0-9a83-1c936a6f4d61,Jamendo Track 387715,Jamendo Artist,,no,MTG-Jamendo,2026-08-26T07:44:27.019272
37e67e46-d230-47f3-8f4e-96ab5ea7c96b,Jamendo Track 156963,Jamendo Artist,,no,MTG-Jamendo,2026-08-26T07:44:27.019355
de192708-1146-470e-8bff-dce84d156c87,Jamendo Track 261123,Jamendo Artist,,no,MTG-Jamendo,2026-08-26T07:44:27.019433
b8ccaa9e-f119-4be3-85e7-7a41922f8e18,Jamendo Track 6016,Jamendo Artist,,no,MTG-Jamendo,2026-08-26T07:44:27.019509
7f1cacd1-d903-4eab-b9c9-19f05cdf72fb,Jamendo Track 305167,Jamendo Artist,,no,MTG-Jamendo,2026-08-26T07:44:27.019584
9b85b96e-1a6e-4fc4-8453-9d2bc2a5417f,Jamendo Track 191375,Jamendo Artist,,no,MTG-Jamendo,2026-08-26T07:44:27.019657
2e20912e-c073-49f4-9fec-a0626729e705,Jamendo Track 149142,Jamendo Artist,,no,MTG-Jamendo,2026-08-26T07:44:27.019730
4db7e225-0ad2-441e-a349-6965508696ed,Jamendo Track 370002,Jamendo Artist,,no,MTG-Jamendo,2026-08-26T07:44:27.019802
a3d83246-2fd1-4e95-a36b-2bd6726535d2,Jamendo Track 175339,Jamendo Artist,,no,MTG-Jamendo,2026-08-26T07:44:27.019887
0a94f9a3-420a-497c-9cf0-8df9019b0564,Jamendo Track 202750,Jamendo Artist,,no,MTG-Jamendo,2026-08-26T07:44:27.019965
029f2bce-8105-49a7-b8b9-58db3408215e,Jamendo Track 429443,Jamendo Artist,,no,MTG-Jamendo,2026-08-26T07:44:27.020041
04ef6f23-58c8-46f9-961b-3ce2dc843d1a,Jamendo Track 283386,Jamendo Artist,,no,MTG-Jamendo,2026-08-26T07:44:27.020143
044c064b-d57d-4f9f-8e41-017eb57945bb,Jamendo Track 363710,Jamendo Artist,,no,MTG-Jamendo,2026-08-26T07:44:27.020289
cf18542d-4c1c-4b18-af6c-553b2a6f7063,Jamendo Track 108304,Jamendo Artist,,no,MTG-Jamendo,2026-08-26T07:44:27.020401
fa62cdbb-1fa4-4bd9-a946-6807b55d6351,Jamendo Track 1420799,Jamendo Artist,,no,MTG-Jamendo,2026-08-26T07:44:27.020518
35fd2775-9948-4050-8f29-42d5fafba161,Jamendo Track 254512,Jamendo Artist,,no,MTG-Jamendo,2026-08-26T07:44:27.020902
b9935ec9-ac4f-4747-bc96-353821c940de,Jamendo Track 300798,Jamendo Artist,,no,MTG-Jamendo,2026-08-26T07:44:27.021030
7d758dc7-ca48-4ad5-aa31-8d72abb71791,Jamendo Track 190877,Jamendo Artist,,no,MTG-Jamendo,2026-08-26T07:44:27.021150
81ba6838-ab6c-465d-b911-3d3b38b825fb,Jamendo Track 250373,Jamendo Artist,,no,MTG-Jamendo,2026-08-26T07:44:27.021284
6bd50616-3b31-49c8-8ae3-4dd34b0410a4,Jamendo Track 395267,Jamendo Artist,,no,MTG-Jamendo,2026-08-26T07:44:27.021396
a0d82442-c9fe-4878-a8d7-ced90c686ee5,Jamendo Track 13293,Jamendo Artist,,no,MTG-Jamendo,2026-08-26T07:44:27.021515
3e695b59-4c30-46e1-97f0-3dbeaa17c195,Jamendo Track 503999,Jamendo Artist,,no,MTG-Jamendo,2026-08-26T07:44:27.021625
d0304658-0659-461e-a107-37c5638a696f,Jamendo Track 77543,Jamendo Artist,,no,MTG-Jamendo,2026-08-26T07:44:27.021724
635e20b0-bf18-4083-9260-846315cfcba9,Jamendo Track 3912,Jamendo Artist,,no,MTG-Jamendo,2026-08-26T07:44:27.021803
1a25c70a-dea0-4604-b235-df0f936e5880,Jamendo Track 1397897,Jamendo Artist,,no,MTG-Jamendo,2026-08-26T07:44:27.021899
3ed944c4-444c-44d5-b42c-ae5819c085fb,Jamendo Track 149137,Jamendo Artist,,no,MTG-Jamendo,2026-08-26T07:44:27.021975
a0ddb119-288e-4f98-86cf-42cf53abe321,Jamendo Track 1105,Jamendo Artist,,no,MTG-Jamendo,2026-08-26T07:44:27.022049
4b0b1ff3-0b28-4bec-8bc2-c6b3f3da9710,Jamendo Track 285383,Jamendo Artist,,no,MTG-Jamendo,2026-08-26T07:44:27.022123
d17e49af-7c48-489f-89db-83c0d909f89f,Jamendo Track 297762,Jamendo Artist,,no,MTG-Jamendo,2026-08-26T07:44:27.022229
8c820a45-3e2f-4e0b-9ac7-5d3e932c96be,Jamendo Track 429071,Jamendo Artist,,no,MTG-Jamendo,2026-08-26T07:44:27.022320
d7beadc9-2d45-4221-8139-af919dfc8f6a,Jamendo Track 719782,Jamendo Artist,,no,MTG-Jamendo,2026-08-26T07:44:27.022402
c41216d8-7a04-4a59-8bde-9f4f6e99bbb5,Jamendo Track 434276,Jamendo Artist,,no,MTG-Jamendo,2026-08-26T07:44:27.022476
31c6989b-f1a1-449b-93e7-53e978389d67,Jamendo Track 42343,Jamendo Artist,,no,MTG-Jamendo,2026-08-26T07:44:27.022548
fddc7f64-ca9a-4dc4-b3f2-bbf85dabb8c9,Jamendo Track 495558,Jamendo Artist,,no,MTG-Jamendo,2026-08-26T07:44:27.022620
363af130-62a8-41eb-b906-a84dd7aa1add,Jamendo Track 16556,Jamendo Artist,,no,MTG-Jamendo,2026-08-26T07:44:27.022695
0f9e64e2-8546-44fa-83a4-38be5871c98a,Jamendo Track 1064351,Jamendo Artist,,no,MTG-Jamendo,2026-08-26T07:44:27.022765
600fb230-ae9a-4f26-8b4d-e2201e144c8e,Jamendo Track 208190,Jamendo Artist,,no,MTG-Jamendo,2026-08-26T07:44:27.022847
a2dc34aa-fac0-4c38-ba44-dfdf2926b948,Jamendo Track 1334,Jamendo Artist,,no,MTG-Jamendo,2026-08-26T07:44:27.022946
6794857c-6b48-479a-9509-8a390c49d5fa,Jamendo Track 463028,Jamendo Artist,,no,MTG-Jamendo,2026-08-26T07:44:27.023055
7884223a-cd80-4f47-a9db-427d679341ac,Jamendo Track 483993,Jamendo Artist,,no,MTG-Jamendo,2026-08-26T07:44:27.023180
e3f260c8-7a38-4d1e-ba3d-c28a10020f6c,Jamendo Track 383979,Jamendo Artist,,no,MTG-Jamendo,2026-08-26T07:44:27.023298
c88e4c00-59e4-4858-ae9e-eeb1c6c4d308,Jamendo Track 299261,Jamendo Artist,,no,MTG-Jamendo,2026-08-26T07:44:27.023410
30913341-d84c-4a07-9403-e191f3c05c9b,Jamendo Track 164447,Jamendo Artist,,no,MTG-Jamendo,2026-08-26T07:44:27.023515
0fb21e4b-240a-4587-bde8-fca87263a909,Jamendo Track 247420,Jamendo Artist,,no,MTG-Jamendo,2026-08-26T07:44:27.023624
09bb3e85-1b30-41ec-a5f8-283118418ecb,Jamendo Track 37010,Jamendo Artist,,no,MTG-Jamendo,2026-08-26T07:44:27.023724
a1e3b598-e22f-4351-addd-750164bbcbe9,Jamendo Track 284230,Jamendo Artist,,no,MTG-Jamendo,2026-08-26T07:44:27.023791
f010a138-0460-4494-b074-9cd55d7b514a,Jamendo Track 334664,Jamendo Artist,,no,MTG-Jamendo,2026-08-26T07:44:27.023861
1af4c4f7-8558-4074-80eb-2a0f0afaf836,Jamendo Track 740342,Jamendo Artist,,no,MTG-Jamendo,2026-08-26T07:44:27.023918
adcb788a-60ee-4ed4-b7b3-db7a20889b4e,Jamendo Track 362056,Jamendo Artist,,no,MTG-Jamendo,2026-08-26T07:44:27.023977
b5ba3d26-5ed6-41c1-bbf2-9f6c1e69d7d5,Jamendo Track 112751,Jamendo Artist,,no,MTG-Jamendo,2026-08-26T07:44:27.024032
07a20b22-e651-47d2-a48b-37894ea17985,Jamendo Track 138944,Jamendo Artist,,no,MTG-Jamendo,2026-08-26T07:44:27.024085
e387bff0-7a70-44fa-960b-756f12d4d9a0,Jamendo Track 339113,Jamendo Artist,,no,MTG-Jamendo,2026-08-26T07:44:27.024138
69e8708b-60e4-4d26-b44a-744a48e9c18d,Jamendo Track 28103,Jamendo Artist,,no,MTG-Jamendo,2026-08-26T07:44:27.024305
8b8bb8a4-c14e-4cc2-bed3-5fee63fa4f25,Jamendo Track 48073,Jamendo Artist,,no,MTG-Jamendo,2026-08-26T07:44:27.024443
6f35514b-52df-4c85-9345-f5012b8c31ed,Jamendo Track 121310,Jamendo Artist,,no,MTG-Jamendo,2026-08-26T07:44:27.024551
56b93dc6-9d87-4be9-a9dd-e7f59c6dd1b2,Jamendo Track 173497,Jamendo Artist,,no,MTG-Jamendo,2026-08-26T07:44:27.024665
7bed52f2-7548-436e-886a-f65cc5082436,Jamendo Track 402329,Jamendo Artist,,no,MTG-Jamendo,2026-08-26T07:44:27.024778
384e5633-0865-447b-b291-151d4e9397a4,Jamendo Track 1139073,Jamendo Artist,,no,MTG-Jamendo,2026-08-26T07:44:27.024890
b03d6092-f878-4cf6-ac28-40930346a443,Jamendo Track 284879,Jamendo Artist,,no,MTG-Jamendo,2026-08-26T07:44:27.024997
189fd640-be36-4fc1-8b36-a699eadb3ae3,Jamendo Track 388810,Jamendo Artist,,no,MTG-Jamendo,2026-08-26T07:44:27.025106
235c8d29-8ca8-46d2-97fc-ab9e26a3e195,Jamendo Track 135779,Jamendo Artist,,no,MTG-Jamendo,2026-08-26T07:44:27.025243
548acbf6-2c42-4af2-9bdf-5abad874ff7e,Jamendo Track 660442,Jamendo Artist,,no,MTG-Jamendo,2026-08-26T07:44:27.025351
063216d8-f79d-44da-a8e7-90a007b501b1,Jamendo Track 393093,Jamendo Artist,,no,MTG-Jamendo,2026-08-26T07:44:27.025437
b4f462a7-26f5-4950-b22e-c8da1fb79f04,Jamendo Track 376240,Jamendo Artist,,no,MTG-Jamendo,2026-08-26T07:44:27.025522
16cb81a1-2ace-42bc-8407-5460a0118cad,Jamendo Track 145960,Jamendo Artist,,no,MTG-Jamendo,2026-08-26T07:44:27.025653
390eb759-9118-4ed6-a919-0500683e2b46,Jamendo Track 1129585,Jamendo Artist,,no,MTG-Jamendo,2026-08-26T07:44:27.025741
de0e626e-8e7b-4fc9-927d-36893cef914d,Jamendo Track 201765,Jamendo Artist,,no,MTG-Jamendo,2026-08-26T07:44:27.025818
6ecf87a7-bf78-4969-8298-2fc1bbd5e78c,Jamendo Track 321107,Jamendo Artist,,no,MTG-Jamendo,2026-08-26T07:44:27.025899
d15708cb-25cc-4b95-b750-94227045ee02,Jamendo Track 452562,Jamendo Artist,,no,MTG-Jamendo,2026-08-26T07:44:27.025978
da03a9c0-a0ef-495b-8dff-f72eaaab758c,Jamendo Track 240691,Jamendo Artist,,no,MTG-Jamendo,2026-08-26T07:44:27.026052
d1ef0b67-5ed4-4676-9b61-0a8e3bbeeca1,Jamendo Track 182770,Jamendo Artist,,no,MTG-Jamendo,2026-08-26T07:44:27.026126
5dbf6f77-23e2-445e-aadc-22c6e465fc5a,Jamendo Track 430670,Jamendo Artist,,no,MTG-Jamendo,2026-08-26T07:44:27.026245
1aeb7728-f50d-472e-9da2-398edb0a1a6b,Jamendo Track 181603,Jamendo Artist,,no,MTG-Jamendo,2026-08-26T07:44:27.026336
22365a4f-8d82-499b-9451-db3fbcd9afb6,Jamendo Track 68461,Jamendo Artist,,no,MTG-Jamendo,2026-08-26T07:44:27.026413
6778bcbb-7929-4404-912f-3889ebb225bb,Jamendo Track 1079972,Jamendo Artist,,no,MTG-Jamendo,2026-08-26T07:44:27.026490
2b3a90e3-e3b3-4533-9fb6-60c8e106423b,Jamendo Track 141759,Jamendo Artist,,no,MTG-Jamendo,2026-08-26T07:44:27.026592
3358cd90-bd69-4928-b717-e212b7b4b35f,Jamendo Track 68464,Jamendo Artist,,no,MTG-Jamendo,2026-08-26T07:44:27.026699
19358c49-b0c1-447a-abf7-2e50b377c127,Jamendo Track 435846,Jamendo Artist,,no,MTG-Jamendo,2026-08-26T07:44:27.026803
501fd2cf-9aa7-4a63-b5d8-a4a4301c36ca,Jamendo Track 175332,Jamendo Artist,,no,MTG-Jamendo,2026-08-26T07:44:27.026918
b0b04358-d8b8-405d-943a-556311357daa,Jamendo Track 15121,Jamendo Artist,,no,MTG-Jamendo,2026-08-26T07:44:27.027028
20dfb15a-f46e-4bee-a100-6351bde1eb73,Jamendo Track 94798,Jamendo Artist,,no,MTG-Jamendo,2026-08-26T07:44:27.027138
047563ee-9639-47f8-a0ad-de2a37cca0be,Jamendo Track 253717,Jamendo Artist,,no,MTG-Jamendo,2026-08-26T07:44:27.027278
d206597b-40ce-4254-a884-98381c62ba87,Jamendo Track 339425,Jamendo Artist,,no,MTG-Jamendo,2026-08-26T07:44:27.027433
82ea08df-7851-468a-bee5-ed6b0581782f,Jamendo Track 1349988,Jamendo Artist,,no,MTG-Jamendo,2026-08-26T07:44:27.027586
8a451291-2587-40e4-b0d3-a91ae2cefa8e,Jamendo Track 985180,Jamendo Artist,,no,MTG-Jamendo,2026-08-26T07:44:27.027709
b9286b8c-4479-4df3-be53-b1b4ad5b8f71,Jamendo Track 1098750,Jamendo Artist,,no,MTG-Jamendo,2026-08-26T07:44:27.027833
db469764-c222-4ff8-b96f-105e11aba8ec,Jamendo Track 22160,Jamendo Artist,,no,MTG-Jamendo,2026-08-26T07:44:27.027945
6c66ea51-82a5-4eb3-a1ce-a963f7d53d20,Jamendo Track 1119035,Jamendo Artist,,no,MTG-Jamendo,2026-08-26T07:44:27.028061
fffd3c41-71b4-4e77-9af4-0c0b30209fb0,Jamendo Track 237843,Jamendo Artist,,no,MTG-Jamendo,2026-08-26T07:44:27.028204
77661678-740b-4e11-a506-e47fdcebe7d2,Jamendo Track 133288,Jamendo Artist,,no,MTG-Jamendo,2026-08-26T07:44:27.028334
5f2c935f-d5e6-4d22-8eff-b47678250eac,Jamendo Track 222,Jamendo Artist,,no,MTG-Jamendo,2026-08-26T07:44:27.028447
d2018e55-b52d-4728-9f64-4db9fb06b322,Jamendo Track 386570,Jamendo Artist,,no,MTG-Jamendo,2026-08-26T07:44:27.028541
dcf99d81-bc90-4edc-83b5-b360c0b00389,Jamendo Track 814943,Jamendo Artist,,no,MTG-Jamendo,2026-08-26T07:44:27.028625
5331c02e-10dc-42d8-accc-901de09c6074,Jamendo Track 139747,Jamendo Artist,,no,MTG-Jamendo,2026-08-26T07:44:27.028702
a0e05b64-3a1a-4082-ac45-e87bde381af6,Jamendo Track 329644,Jamendo Artist,,no,MTG-Jamendo,2026-08-26T07:44:27.028775
ae2e49eb-9909-4025-ab49-6236f2ae30dd,Jamendo Track 320806,Jamendo Artist,,no,MTG-Jamendo,2026-08-26T07:44:27.028855
7c81efc1-98d4-4ecc-9b6c-b6730311cc1a,Jamendo Track 42333,Jamendo Artist,,no,MTG-Jamendo,2026-08-26T07:44:27.028941
aa209d5c-cfd7-41ec-b27d-3a76b277936b,Jamendo Track 280798,Jamendo Artist,,no,MTG-Jamendo,2026-08-26T07:44:27.029017
4a196ef4-6c94-4620-911a-53b3022d5be8,Jamendo Track 91933,Jamendo Artist,,no,MTG-Jamendo,2026-08-26T07:44:27.029089
931ead30-166a-47ad-b25f-a48d105317ae,Jamendo Track 16836,Jamendo Artist,,no,MTG-Jamendo,2026-08-26T07:44:27.029184
e3553d66-9995-41ef-a5ed-0ceb2234df21,Jamendo Track 421995,Jamendo Artist,,no,MTG-Jamendo,2026-08-26T07:44:27.029273
f882d859-958e-432b-b292-f09b40f03fc2,Jamendo Track 95393,Jamendo Artist,,no,MTG-Jamendo,2026-08-26T07:44:27.029358
fb043852-0276-42e5-b937-e069a7483ddc,Jamendo Track 1206157,Jamendo Artist,,no,MTG-Jamendo,2026-08-26T07:44:27.029433
62df0dbf-cec2-42dd-9650-4ab10eb493cb,Jamendo Track 26755,Jamendo Artist,,no,MTG-Jamendo,2026-08-26T07:44:27.029505
91078dce-a93d-4abb-b944-9452f226d689,Jamendo Track 10673,Jamendo Artist,,no,MTG-Jamendo,2026-08-26T07:44:27.029577
15fdd074-b09b-4dd6-912d-8852997d7262,Jamendo Track 255696,Jamendo Artist,,no,MTG-Jamendo,2026-08-26T07:44:27.029648
bc5423c8-8b87-446c-8c3d-236356b1e324,Jamendo Track 253721,Jamendo Artist,,no,MTG-Jamendo,2026-08-26T07:44:27.029721
f4713de4-8cac-4835-91a9-8b8de2720a1d,Jamendo Track 393971,Jamendo Artist,,no,MTG-Jamendo,2026-08-26T07:44:27.029821
7fec5cd5-804b-4439-8e4f-f9ebfedce9d3,Jamendo Track 439242,Jamendo Artist,,no,MTG-Jamendo,2026-08-26T07:44:27.029935
79871956-07a8-416b-97ed-66dc11bcf5c8,Jamendo Track 334703,Jamendo Artist,,no,MTG-Jamendo,2026-08-26T07:44:27.030037
7aa95c0f-87ae-4655-a6ec-2e1128f867da,Jamendo Track 985169,Jamendo Artist,,no,MTG-Jamendo,2026-08-26T07:44:27.030209
b9c21822-c90d-496f-b970-616d1814496d,Jamendo Track 213383,Jamendo Artist,,no,MTG-Jamendo,2026-08-26T07:44:27.030345
a0167d21-d75d-452d-924c-54ae2c92b57c,Jamendo Track 274351,Jamendo Artist,,no,MTG-Jamendo,2026-08-26T07:44:27.030454
587a4b64-030b-45cb-9624-3b5d81d10596,Jamendo Track 491995,Jamendo Artist,,no,MTG-Jamendo,2026-08-26T07:44:27.030557
79c47847-a89b-4188-87a9-b669e6d3ea80,Jamendo Track 112899,Jamendo Artist,,no,MTG-Jamendo,2026-08-26T07:44:27.030661
dd2e1c88-05e8-4729-999c-47912992585d,Jamendo Track 130377,Jamendo Artist,,no,MTG-Jamendo,2026-08-26T07:44:27.030773
d3e68ac1-8fc1-4836-bd8e-f376c2293d9f,Jamendo Track 134689,Jamendo Artist,,no,MTG-Jamendo,2026-08-26T07:44:27.030887
7299a80a-42ee-47ed-a9ce-5428947aaf75,Jamendo Track 223905,Jamendo Artist,,no,MTG-Jamendo,2026-08-26T07:44:27.030996
a8857b2f-3552-4e55-925b-6a12105c4de8,Jamendo Track 933999,Jamendo Artist,,no,MTG-Jamendo,2026-08-26T07:44:27.031116
7d3fe0a7-f717-444d-a2f0-3f89201067d9,Jamendo Track 382416,Jamendo Artist,,no,MTG-Jamendo,2026-08-26T07:44:27.031256
738a0f4b-7797-48e1-b0ea-97b6c39ff628,Jamendo Track 740339,Jamendo Artist,,no,MTG-Jamendo,2026-08-26T07:44:27.031385
97f14563-19d8-4f28-b614-c857e8eb9149,Jamendo Track 221328,Jamendo Artist,,no,MTG-Jamendo,2026-08-26T07:44:27.031498
e1889171-08db-4d4d-9ca7-553bf1865b5f,Jamendo Track 1010663,Jamendo Artist,,no,MTG-Jamendo,2026-08-26T07:44:27.031614
a01e0a59-6ae9-4488-9881-2febffaba8ca,Jamendo Track 215581,Jamendo Artist,,no,MTG-Jamendo,2026-08-26T07:44:27.032390
43ca6eb0-fdb9-4662-acef-52bdb4fd6019,Jamendo Track 131007,Jamendo Artist,,no,MTG-Jamendo,2026-08-26T07:44:27.032501
d32b27b3-825a-40dd-8928-013a53319dea,Jamendo Track 1103273,Jamendo Artist,,no,MTG-Jamendo,2026-08-26T07:44:27.032588
ffde5dff-6954-4fe8-8495-021971f2c007,Jamendo Track 16143,Jamendo Artist,,no,MTG-Jamendo,2026-08-26T07:44:27.032675
8cc4dc0b-4031-4c19-8e19-53b97a946e6b,Jamendo Track 1067030,Jamendo Artist,,no,MTG-Jamendo,2026-08-26T07:44:27.032757
5fa73c0c-f253-4599-ab24-9b85c88dd2e7,Jamendo Track 362055,Jamendo Artist,,no,MTG-Jamendo,2026-08-26T07:44:27.032836
37e59487-89c8-42a0-8680-3ee28df1f854,Jamendo Track 1397899,Jamendo Artist,,no,MTG-Jamendo,2026-08-26T07:44:27.032932
5a461e99-6591-4003-9b64-825b387e3b96,Jamendo Track 273614,Jamendo Artist,,no,MTG-Jamendo,2026-08-26T07:44:27.033042
e2c66e44-085b-478e-bfd0-16edecbb3de0,Jamendo Track 7206,Jamendo Artist,,no,MTG-Jamendo,2026-08-26T07:44:27.033323
8534f1cc-56e0-40c6-a9ed-60320589392d,Jamendo Track 391425,Jamendo Artist,,no,MTG-Jamendo,2026-08-26T07:44:27.033446
fab40bfc-55d6-4387-ba8b-363762b17e0d,Jamendo Track 1302443,Jamendo Artist,,no,MTG-Jamendo,2026-08-26T07:44:27.033555
8f8d3397-f6ce-43fc-87bd-bcff6b6d0a01,Jamendo Track 495553,Jamendo Artist,,no,MTG-Jamendo,2026-08-26T07:44:27.033661
3b21e3b0-f5d2-4cfc-8154-e84a7e0add42,Jamendo Track 10376,Jamendo Artist,,no,MTG-Jamendo,2026-08-26T07:44:27.033869
e9d56e19-14ef-4357-8a62-00e88bc0596a,Jamendo Track 458684,Jamendo Artist,,no,MTG-Jamendo,2026-08-26T07:44:27.033995
b0ee8ef4-bce8-41c1-9ef2-aea6fefb51e4,Jamendo Track 225095,Jamendo Artist,,no,MTG-Jamendo,2026-08-26T07:44:27.034112
c8887e39-dac3-4dc2-9cf5-95b0d3807f76,Jamendo Track 594845,Jamendo Artist,,no,MTG-Jamendo,2026-08-26T07:44:27.034251
6c5722d7-3388-4ff1-b437-eaae25481988,Jamendo Track 208032,Jamendo Artist,,no,MTG-Jamendo,2026-08-26T07:44:27.034375
c311bedd-e9f5-4df3-b4f1-1de609a18b2b,Jamendo Track 381531,Jamendo Artist,,no,MTG-Jamendo,2026-08-26T07:44:27.034599
4262f534-a059-426c-be6f-259848d320cb,Jamendo Track 112948,Jamendo Artist,,no,MTG-Jamendo,2026-08-26T07:44:27.034728
4e49c56e-7f32-4bd5-a64a-5aeb29c11b8b,Jamendo Track 973754,Jamendo Artist,,no,MTG-Jamendo,2026-08-26T07:44:27.034822
f1892d2f-3d27-4522-9244-b33e08696628,Jamendo Track 162647,Jamendo Artist,,no,MTG-Jamendo,2026-08-26T07:44:27.034906
7ead9aa7-6e7e-4371-a37a-5038aa49c6e4,Jamendo Track 235905,Jamendo Artist,,no,MTG-Jamendo,2026-08-26T07:44:27.034983
a28202d4-94e1-433d-aeb0-6ab9bce1e54a,Jamendo Track 773056,Jamendo Artist,,no,MTG-Jamendo,2026-08-26T07:44:27.035059
1a3c7ed0-9483-438d-a382-5008d57c675c,Jamendo Track 1158692,Jamendo Artist,,no,MTG-Jamendo,2026-08-26T07:44:27.035142
b2677280-c93d-4e80-918d-81316cd70c97,Jamendo Track 161542,Jamendo Artist,,no,MTG-Jamendo,2026-08-26T07:44:27.035258
71d45352-6d55-4243-adcf-1150221acdab,Jamendo Track 353485,Jamendo Artist,,no,MTG-Jamendo,2026-08-26T07:44:27.035430
5c2e1ab8-0c7d-407a-9d8a-f4bed64af3f8,Jamendo Track 261119,Jamendo Artist,,no,MTG-Jamendo,2026-08-26T07:44:27.035522
ec3d4d4d-9dd5-459e-91fb-3e7df082dff0,Jamendo Track 443389,Jamendo Artist,,no,MTG-Jamendo,2026-08-26T07:44:27.035599
e62d76d8-8be9-4590-a1f1-1f2cf33e01f7,Jamendo Track 217689,Jamendo Artist,,no,MTG-Jamendo,2026-08-26T07:44:27.035673
e57e760c-f23a-4d6e-a0cc-495ed934587a,Jamendo Track 165324,Jamendo Artist,,no,MTG-Jamendo,2026-08-26T07:44:27.035746
a2579393-cea7-476b-9e28-1163d887a508,Jamendo Track 1098805,Jamendo Artist,,no,MTG-Jamendo,2026-08-26T07:44:27.035821
953f2a4a-1f2e-4635-89db-64660deadbae,Jamendo Track 190872,Jamendo Artist,,no,MTG-Jamendo,2026-08-26T07:44:27.035912
53b3b50a-b262-4a63-a696-e9b881b8c044,Jamendo Track 1947,Jamendo Artist,,no,MTG-Jamendo,2026-08-26T07:44:27.036086
aa311ccb-d1ca-4a07-9308-705a8afc7be0,Jamendo Track 1374054,Jamendo Artist,,no,MTG-Jamendo,2026-08-26T07:44:27.036279
16042d58-bd87-458f-a572-da39d7df9e86,Jamendo Track 238537,Jamendo Artist,,no,MTG-Jamendo,2026-08-26T07:44:27.036414
c1f73b9d-875c-4acb-92db-8060ee72e044,Jamendo Track 42319,Jamendo Artist,,no,MTG-Jamendo,2026-08-26T07:44:27.036528
ba8fb4a3-3efb-41c5-9f2d-19ef80a46fcc,Jamendo Track 26009,Jamendo Artist,,no,MTG-Jamendo,2026-08-26T07:44:27.036742
a4419368-af22-444c-9d8c-8fc81b0a8a8e,Jamendo Track 167287,Jamendo Artist,,no,MTG-Jamendo,2026-08-26T07:44:27.036878
8974f930-99d4-4ad7-b3d7-a5c157e0e1c4,Jamendo Track 1095496,Jamendo Artist,,no,MTG-Jamendo,2026-08-26T07:44:27.036994
92107e78-a63b-432d-90d9-a7410f9d666c,Jamendo Track 305847,Jamendo Artist,,no,MTG-Jamendo,2026-08-26T07:44:27.037105
7a21e95b-c443-46a9-ab80-0ef228448590,Jamendo Track 434886,Jamendo Artist,,no,MTG-Jamendo,2026-08-26T07:44:27.037289
eba75b4f-baee-45e5-8515-21dd17a78c5b,Jamendo Track 210814,Jamendo Artist,,no,MTG-Jamendo,2026-08-26T07:44:27.037435
0ade2cf5-1ea9-4309-8efe-2205e0da473f,Jamendo Track 768648,Jamendo Artist,,no,MTG-Jamendo,2026-08-26T07:44:27.037552
ecc79cb0-1633-475b-8f6d-d711604c11b6,Jamendo Track 45557,Jamendo Artist,,no,MTG-Jamendo,2026-08-26T07:44:27.037662
4733369e-dace-4af3-bca9-922dfa5da063,Jamendo Track 73058,Jamendo Artist,,no,MTG-Jamendo,2026-08-26T07:44:27.037771
b4128202-e78e-4acf-a3c8-8cb71f6e7293,Jamendo Track 435491,Jamendo Artist,,no,MTG-Jamendo,2026-08-26T07:44:27.037880
ad1ed312-167c-4154-ad60-3aaa2a950d56,Jamendo Track 134121,Jamendo Artist,,no,MTG-Jamendo,2026-08-26T07:44:27.037965
836dad51-837a-48cb-87e7-20ed9473018e,Jamendo Track 248026,Jamendo Artist,,no,MTG-Jamendo,2026-08-26T07:44:27.038041
39f1fb4a-9399-474d-b280-b32c1300348b,Jamendo Track 159245,Jamendo Artist,,no,MTG-Jamendo,2026-08-26T07:44:27.038116
ce8e4c9d-73c5-4ac3-9601-f31ebf97dd37,Jamendo Track 1302658,Jamendo Artist,,no,MTG-Jamendo,2026-08-26T07:44:27.038216
e2548e3d-0e1b-4006-a413-dabbc9cc1865,Jamendo Track 10567,Jamendo Artist,,no,MTG-Jamendo,2026-08-26T07:44:27.038302
2ef26d93-5b2c-47c9-a8d5-77a3f2ee21ab,Jamendo Track 1391859,Jamendo Artist,,no,MTG-Jamendo,2026-08-26T07:44:27.038466
a7a04112-3b60-4795-aa67-106a30e0e31e,Jamendo Track 141761,Jamendo Artist,,no,MTG-Jamendo,2026-08-26T07:44:27.038545
ff8c7f1b-9530-4975-88f6-efff5db1e447,Jamendo Track 753081,Jamendo Artist,,no,MTG-Jamendo,2026-08-26T07:44:27.038621
829df765-b294-4bcc-bf78-e867a81603ed,Jamendo Track 175333,Jamendo Artist,,no,MTG-Jamendo,2026-08-26T07:44:27.038694
b84787bd-00aa-4997-b0b2-1832cae7cd2a,Jamendo Track 568194,Jamendo Artist,,no,MTG-Jamendo,2026-08-26T07:44:27.038767
fd99fdd2-ecdb-492d-9d6f-883eb211da5f,Jamendo Track 211828,Jamendo Artist,,no,MTG-Jamendo,2026-08-26T07:44:27.038842
76c1f6f4-c16c-4f3c-92f2-10d37af02588,Jamendo Track 167892,Jamendo Artist,,no,MTG-Jamendo,2026-08-26T07:44:27.038918
d494b7b1-cf46-4d12-9414-5ca50867e273,Jamendo Track 492104,Jamendo Artist,,no,MTG-Jamendo,2026-08-26T07:44:27.038992
7cfbd22a-7dcc-4933-a49e-26b2184c23bb,Jamendo Track 1067035,Jamendo Artist,,no,MTG-Jamendo,2026-08-26T07:44:27.039082
253ae108-b602-4f6a-b862-5dad27716e1e,Jamendo Track 449913,Jamendo Artist,,no,MTG-Jamendo,2026-08-26T07:44:27.039251
a0eb2d9a-f992-4673-ab12-bf66423c15a8,Jamendo Track 434858,Jamendo Artist,,no,MTG-Jamendo,2026-08-26T07:44:27.039384
bfb4f50a-351e-41e4-b1eb-af485e48fa8f,Jamendo Track 1007274,Jamendo Artist,,no,MTG-Jamendo,2026-08-26T07:44:27.039506
01ea3946-4d11-4e90-b801-76cfdd7436b4,Jamendo Track 131011,Jamendo Artist,,no,MTG-Jamendo,2026-08-26T07:44:27.039619
9b390066-ddc5-41ea-bf30-968a8a7addd2,Jamendo Track 395916,Jamendo Artist,,no,MTG-Jamendo,2026-08-26T07:44:27.039726
04fd8b6e-1c5c-4d66-a965-0bb6ae4812cb,Jamendo Track 179579,Jamendo Artist,,no,MTG-Jamendo,2026-08-26T07:44:27.039823
6e2adad6-68dd-49c2-97a1-64aa6e679aa9,Jamendo Track 168966,Jamendo Artist,,no,MTG-Jamendo,2026-08-26T07:44:27.039931
8cb2830f-8292-46b5-9620-1287979812c0,Jamendo Track 644055,Jamendo Artist,,no,MTG-Jamendo,2026-08-26T07:44:27.040144
c0687e60-b520-409c-8d3e-314170e4723c,Jamendo Track 1145058,Jamendo Artist,,no,MTG-Jamendo,2026-08-26T07:44:27.040284
aa924538-0654-4d44-80d7-38f4ae6394a0,Jamendo Track 329649,Jamendo Artist,,no,MTG-Jamendo,2026-08-26T07:44:27.040417
ab51b4d7-dc2a-46b2-a80e-7ad8ebf0ccf3,Jamendo Track 24748,Jamendo Artist,,no,MTG-Jamendo,2026-08-26T07:44:27.040525
9b68dbb0-af64-40be-aabe-3e1888a49771,Jamendo Track 324377,Jamendo Artist,,no,MTG-Jamendo,2026-08-26T07:44:27.041197
5544480f-95b5-4fb2-8514-609014b9a17a,Jamendo Track 194942,Jamendo Artist,,no,MTG-Jamendo,2026-08-26T07:44:27.041342
79d25281-360d-46a4-94c0-75de6152f6dc,Jamendo Track 3987,Jamendo Artist,,no,MTG-Jamendo,2026-08-26T07:44:27.041433
996e6d4a-8ade-4c77-be13-5ffa62115627,Jamendo Track 251641,Jamendo Artist,,no,MTG-Jamendo,2026-08-26T07:44:27.041514
d910a82f-4edc-4bfe-a9a7-748f02c1763a,Jamendo Track 1069481,Jamendo Artist,,no,MTG-Jamendo,2026-08-26T07:44:27.041591
671ec441-b1a0-4225-8790-71cf38e83a69,Jamendo Track 76949,Jamendo Artist,,no,MTG-Jamendo,2026-08-26T07:44:27.041666
df15076f-e2d9-4cb6-a64b-6fa512147e2e,Jamendo Track 275790,Jamendo Artist,,no,MTG-Jamendo,2026-08-26T07:44:27.041826
17a161d4-1387-48a0-834c-9163d8cbfbb2,Jamendo Track 1378483,Jamendo Artist,,no,MTG-Jamendo,2026-08-26T07:44:27.041927
5481db80-0540-4c8d-aa30-a5c666e22908,Jamendo Track 3449,Jamendo Artist,,no,MTG-Jamendo,2026-08-26T07:44:27.042006
48800197-e449-47cc-8bb0-0702e2402244,Jamendo Track 734250,Jamendo Artist,,no,MTG-Jamendo,2026-08-26T07:44:27.042089
21f089dc-4a71-478c-8414-92dd2ed68d35,Jamendo Track 430762,Jamendo Artist,,no,MTG-Jamendo,2026-08-26T07:44:27.042241
84bb3aca-a541-4ed2-87bb-b6c9faed276e,Jamendo Track 400403,Jamendo Artist,,no,MTG-Jamendo,2026-08-26T07:44:27.042472
26c9eba8-4c8e-4a87-9d0f-540f7ca46ca5,Jamendo Track 152311,Jamendo Artist,,no,MTG-Jamendo,2026-08-26T07:44:27.042601
41a5c8db-72e6-4210-a31e-83a7c89402cd,Jamendo Track 687697,Jamendo Artist,,no,MTG-Jamendo,2026-08-26T07:44:27.042716
6bcba74d-ce15-4557-8ca3-8475f548a4ee,Jamendo Track 471390,Jamendo Artist,,no,MTG-Jamendo,2026-08-26T07:44:27.042833
e4a62176-b9c4-4956-9c84-212f963a01ca,Jamendo Track 1040556,Jamendo Artist,,no,MTG-Jamendo,2026-08-26T07:44:27.042986
718d0c20-6606-4741-9d8f-1bc3e5a2d2f6,Jamendo Track 687696,Jamendo Artist,,no,MTG-Jamendo,2026-08-26T07:44:27.043114
ea35e238-02ea-4be1-995d-a621af73e572,Jamendo Track 245317,Jamendo Artist,,no,MTG-Jamendo,2026-08-26T07:44:27.043257
c65717f7-5fe0-4aef-a0fd-4705e06aec9c,Jamendo Track 388816,Jamendo Artist,,no,MTG-Jamendo,2026-08-26T07:44:27.043384
2d905928-3746-475d-b238-5cdef337c896,Jamendo Track 271141,Jamendo Artist,,no,MTG-Jamendo,2026-08-26T07:44:27.043504
ec516593-f538-4180-a14d-33f1c442a8ad,Classical PD Work pd_rec_008,Orchestra Performance,1920,verified,Public Domain Archive,2026-08-26T07:44:27.043611
53dfbf76-c1ad-4d7b-88d8-2b707b76eb9e,Classical PD Work pd_rec_001,Orchestra Performance,1920,verified,Public Domain Archive,2026-08-26T07:44:27.043720
3e6cd084-98a2-4ac3-b799-15f397e82284,Classical PD Work pd_rec_002,Orchestra Performance,1920,verified,Public Domain Archive,2026-08-26T07:44:27.043834
6bd52384-3265-47b5-91cb-aed968b987a8,Classical PD Work pd_rec_004,Orchestra Performance,1920,verified,Public Domain Archive,2026-08-26T07:44:27.043944
0f3eaa81-7866-4137-b5e5-10490b16e059,Classical PD Work pd_rec_005,Orchestra Performance,1920,verified,Public Domain Archive,2026-08-26T07:44:27.044053
78a2fa35-db12-461f-98ee-02dc9cfdcf6b,Classical PD Work pd_rec_010,Orchestra Performance,1920,verified,Public Domain Archive,2026-08-26T07:44:27.044141
d108983a-da67-4b7a-947d-7124bb3a0850,Classical PD Work pd_rec_007,Orchestra Performance,1920,verified,Public Domain Archive,2026-08-26T07:44:27.044263
871d4082-c543-49e1-97c4-7df2daf7af1a,Classical PD Work pd_rec_006,Orchestra Performance,1920,verified,Public Domain Archive,2026-08-26T07:44:27.044354
6c09f7da-0be3-4107-b097-64f22e27eea0,Classical PD Work pd_rec_003,Orchestra Performance,1920,verified,Public Domain Archive,2026-08-26T07:44:27.044431
83902ac3-509b-4858-9cb8-434a6d00a674,Classical PD Work pd_rec_009,Orchestra Performance,1920,verified,Public Domain Archive,2026-08-26T07:44:27.044506
a95d166f-6db5-435f-a849-16a5b1bd3117,Classical PD Work pd_rec_011,Orchestra Performance,1920,verified,Public Domain Archive,2026-08-26T07:44:27.044587
7382d68c-9f97-4dc5-b844-fe63bd00f8a5,Classical PD Work pd_rec_013,Orchestra Performance,1920,verified,Public Domain Archive,2026-08-26T07:44:27.044661
97792a5d-273e-4220-94c8-4f80012e9f39,Classical PD Work pd_rec_012,Orchestra Performance,1920,verified,Public Domain Archive,2026-08-26T07:44:27.044734
7e6ad758-f653-48c3-81fe-0475a8ac9aa7,Classical PD Work pd_rec_016,Orchestra Performance,1920,verified,Public Domain Archive,2026-08-26T07:44:27.044807
1abcc0a3-b495-4fba-a9e4-659f2d91ba0f,Classical PD Work pd_rec_020,Orchestra Performance,1920,verified,Public Domain Archive,2026-08-26T07:44:27.044884
6faeff0e-f49b-4d52-9149-0b643f54b915,Classical PD Work pd_rec_014,Orchestra Performance,1920,verified,Public Domain Archive,2026-08-26T07:44:27.044958
a8d31f24-93a1-4196-99ac-834c2ba9653c,Classical PD Work pd_rec_015,Orchestra Performance,1920,verified,Public Domain Archive,2026-08-26T07:44:27.045029
66341047-0b8b-4943-a59e-4c8e0660eb7f,Classical PD Work pd_rec_017,Orchestra Performance,1920,verified,Public Domain Archive,2026-08-26T07:44:27.045101
2e19554a-899e-4394-87f9-32771e01a53a,Classical PD Work pd_rec_018,Orchestra Performance,1920,verified,Public Domain Archive,2026-08-26T07:44:27.045295
5f83f0db-ba4d-41e0-ab4d-34065298aba3,Classical PD Work pd_rec_019,Orchestra Performance,1920,verified,Public Domain Archive,2026-08-26T07:44:27.045445
5ab48392-ec74-4984-b570-4e485753411d,Classical PD Work pd_rec_021,Orchestra Performance,1920,verified,Public Domain Archive,2026-08-26T07:44:27.045556
1a9af958-4292-4b35-928f-350cfdce9240,Classical PD Work pd_rec_023,Orchestra Performance,1920,verified,Public Domain Archive,2026-08-26T07:44:27.045688
a21f53b9-1c46-48d1-bdc8-937cc680945e,Classical PD Work pd_rec_022,Orchestra Performance,1920,verified,Public Domain Archive,2026-08-26T07:44:27.045798
5864803c-6ce3-4b59-8b9e-785920a3eb93,Classical PD Work pd_rec_025,Orchestra Performance,1920,verified,Public Domain Archive,2026-08-26T07:44:27.045996
afcafeda-c943-44a0-835a-03e5bcb3f866,Classical PD Work pd_rec_026,Orchestra Performance,1920,verified,Public Domain Archive,2026-08-26T07:44:27.046127
0311eac3-c76f-4b0e-b01b-da7c501ebe05,Classical PD Work pd_rec_028,Orchestra Performance,1920,verified,Public Domain Archive,2026-08-26T07:44:27.046260
17d2dd33-e25d-46d8-83b1-3f5953f1f586,Classical PD Work pd_rec_024,Orchestra Performance,1920,verified,Public Domain Archive,2026-08-26T07:44:27.046386
5a6ad5eb-cf4b-4163-817c-7bb913e2f3dd,Classical PD Work pd_rec_029,Orchestra Performance,1920,verified,Public Domain Archive,2026-08-26T07:44:27.046497
84c2bd23-8145-488f-b65e-01eafa968cd9,Classical PD Work pd_rec_027,Orchestra Performance,1920,verified,Public Domain Archive,2026-08-26T07:44:27.046668
c177c3ca-fed3-4df2-814c-e848ae33cc5d,Classical PD Work pd_rec_030,Orchestra Performance,1920,verified,Public Domain Archive,2026-08-26T07:44:27.046830
0a0ad744-bdc3-4fb4-bd13-c6cddb5ffaa1,Classical PD Work pd_rec_031,Orchestra Performance,1920,verified,Public Domain Archive,2026-08-26T07:44:27.046943
5f911bb3-8006-42b3-8cbf-7a108120f7b7,Classical PD Work pd_rec_032,Orchestra Performance,1920,verified,Public Domain Archive,2026-08-26T07:44:27.047056
ebf68b7b-5f02-429b-8188-4df547f4340a,Classical PD Work pd_rec_033,Orchestra Performance,1920,verified,Public Domain Archive,2026-08-26T07:44:27.047193
165e17f9-12d4-441a-aa18-f223b33f788c,Classical PD Work pd_rec_037,Orchestra Performance,1920,verified,Public Domain Archive,2026-08-26T07:44:27.047332
1f8bd6d0-b032-4e85-bc7a-e70b074f3bcb,Classical PD Work pd_rec_036,Orchestra Performance,1920,verified,Public Domain Archive,2026-08-26T07:44:27.047424
f7f1e176-47c9-4a10-b93f-54820279737c,Classical PD Work pd_rec_038,Orchestra Performance,1920,verified,Public Domain Archive,2026-08-26T07:44:27.047528
464a94b5-2fc1-4c35-b1ae-12ff74637f73,Classical PD Work pd_rec_040,Orchestra Performance,1920,verified,Public Domain Archive,2026-08-26T07:44:27.047639
46263065-c4df-455f-81e5-a5faa1afa4b8,Classical PD Work pd_rec_035,Orchestra Performance,1920,verified,Public Domain Archive,2026-08-26T07:44:27.047745
cec19fb9-b473-44af-a66d-fb2b337e1516,Classical PD Work pd_rec_034,Orchestra Performance,1920,verified,Public Domain Archive,2026-08-26T07:44:27.047859
abf5385b-3591-4613-accc-dd7bc7308914,Classical PD Work pd_rec_041,Orchestra Performance,1920,verified,Public Domain Archive,2026-08-26T07:44:27.047967
efeaf729-57ff-48b7-98e2-5021e9cfe88c,Classical PD Work pd_rec_039,Orchestra Performance,1920,verified,Public Domain Archive,2026-08-26T07:44:27.048078
d33da2ca-f617-4364-97f1-7c984ae410de,Classical PD Work pd_rec_042,Orchestra Performance,1920,verified,Public Domain Archive,2026-08-26T07:44:27.048204
6617089e-4753-4c7d-b957-82f255bb3e08,Classical PD Work pd_rec_043,Orchestra Performance,1920,verified,Public Domain Archive,2026-08-26T07:44:27.048313
de2897da-86cc-4bdc-b9a0-d435aa1da09d,Classical PD Work pd_rec_052,Orchestra Performance,1920,verified,Public Domain Archive,2026-08-26T07:44:27.048413
6b51ae70-1739-4979-999b-6bd3f1f53a93,Classical PD Work pd_rec_047,Orchestra Performance,1920,verified,Public Domain Archive,2026-08-26T07:44:27.048498
5a18c983-e5d5-4794-aa35-fbb7721cf426,Classical PD Work pd_rec_045,Orchestra Performance,1920,verified,Public Domain Archive,2026-08-26T07:44:27.048593
44afe03b-4840-4710-b49c-6695153aa54a,Classical PD Work pd_rec_053,Orchestra Performance,1920,verified,Public Domain Archive,2026-08-26T07:44:27.048691
7b144213-f66e-45c7-99c1-c7d527ab572b,Classical PD Work pd_rec_046,Orchestra Performance,1920,verified,Public Domain Archive,2026-08-26T07:44:27.048798
80cbd524-0a8b-4392-865f-ef582ff105cb,Classical PD Work pd_rec_044,Orchestra Performance,1920,verified,Public Domain Archive,2026-08-26T07:44:27.048908
739d0edb-a8c9-4e15-9db9-0f1802e8cab1,Classical PD Work pd_rec_050,Orchestra Performance,1920,verified,Public Domain Archive,2026-08-26T07:44:27.049019
89a5803d-cd6f-4e17-9c6e-a3fdd9a3f918,Classical PD Work pd_rec_055,Orchestra Performance,1920,verified,Public Domain Archive,2026-08-26T07:44:27.049123
bcb14e6e-be50-4f48-bc98-e9bf1b882be7,Classical PD Work pd_rec_051,Orchestra Performance,1920,verified,Public Domain Archive,2026-08-26T07:44:27.049371
a25fd6f5-0bdb-4fe8-89af-82c415e64685,Classical PD Work pd_rec_056,Orchestra Performance,1920,verified,Public Domain Archive,2026-08-26T07:44:27.049498
d17c1056-788b-4cf0-80c3-07c0ca9e3844,Classical PD Work pd_rec_048,Orchestra Performance,1920,verified,Public Domain Archive,2026-08-26T07:44:27.049606
0dcb68b2-2ac4-4e34-a9f0-111b65bc1575,Classical PD Work pd_rec_057,Orchestra Performance,1920,verified,Public Domain Archive,2026-08-26T07:44:27.050499
d3c80b1d-dafe-4a5c-b904-1db74a04e7c6,Classical PD Work pd_rec_049,Orchestra Performance,1920,verified,Public Domain Archive,2026-08-26T07:44:27.050645
3ea6c24f-1607-4535-af77-3013ff2a11a9,Classical PD Work pd_rec_054,Orchestra Performance,1920,verified,Public Domain Archive,2026-08-26T07:44:27.050745
e8935577-f733-4fce-b81c-d37cab66dc55,Classical PD Work pd_rec_059,Orchestra Performance,1920,verified,Public Domain Archive,2026-08-26T07:44:27.050828
9393ff8c-c50e-4d0d-a1e3-156fd63993fb,Classical PD Work pd_rec_061,Orchestra Performance,1920,verified,Public Domain Archive,2026-08-26T07:44:27.050909
ba3ae69b-0366-4eff-8a38-db136ba23a0b,Classical PD Work pd_rec_060,Orchestra Performance,1920,verified,Public Domain Archive,2026-08-26T07:44:27.050984
246370b3-b24a-4faa-b180-ef92a58b0663,Classical PD Work pd_rec_068,Orchestra Performance,1920,verified,Public Domain Archive,2026-08-26T07:44:27.051106
f679e8a3-3d69-4068-af2f-c5a5b5fd1f4e,Classical PD Work pd_rec_064,Orchestra Performance,1920,verified,Public Domain Archive,2026-08-26T07:44:27.051252
75ba4882-acc1-4e28-adca-e56679d65032,Classical PD Work pd_rec_065,Orchestra Performance,1920,verified,Public Domain Archive,2026-08-26T07:44:27.051375
9fc48eed-9643-49fc-af10-ef96dc2e268c,Classical PD Work pd_rec_066,Orchestra Performance,1920,verified,Public Domain Archive,2026-08-26T07:44:27.051501
424d6f23-785b-4b06-9bee-381472049f96,Classical PD Work pd_rec_063,Orchestra Performance,1920,verified,Public Domain Archive,2026-08-26T07:44:27.052032
10d56322-d66a-4fa3-ad99-a16a3967de26,Classical PD Work pd_rec_062,Orchestra Performance,1920,verified,Public Domain Archive,2026-08-26T07:44:27.052140
733f5a3f-aaee-4dbf-a438-9901d70bf4cb,Classical PD Work pd_rec_067,Orchestra Performance,1920,verified,Public Domain Archive,2026-08-26T07:44:27.052265
277f2f4a-7e4b-4418-8692-63dbf9522ba0,Classical PD Work pd_rec_069,Orchestra Performance,1920,verified,Public Domain Archive,2026-08-26T07:44:27.052368
b676a553-2222-4e6c-9a3c-acad2c4f4eed,Classical PD Work pd_rec_070,Orchestra Performance,1920,verified,Public Domain Archive,2026-08-26T07:44:27.052505
a26de97f-39e9-4e44-a522-c39391fbac0d,Classical PD Work pd_rec_071,Orchestra Performance,1920,verified,Public Domain Archive,2026-08-26T07:44:27.052612
3d87973b-acbd-41d2-8d14-0fc0441f0615,Classical PD Work pd_rec_058,Orchestra Performance,1920,verified,Public Domain Archive,2026-08-26T07:44:27.052701
5c2d2384-e90a-4dd0-a10c-82d77c6154f8,Classical PD Work pd_rec_072,Orchestra Performance,1920,verified,Public Domain Archive,2026-08-26T07:44:27.052781
34c21602-4eda-49f6-a414-f722f81606f8,Classical PD Work pd_rec_073,Orchestra Performance,1920,verified,Public Domain Archive,2026-08-26T07:44:27.052860
b448c900-fece-4c8f-a4b6-812f263e8648,Classical PD Work pd_rec_075,Orchestra Performance,1920,verified,Public Domain Archive,2026-08-26T07:44:27.052938
bfcf9140-fc4a-41da-9214-fa2d616cec92,Classical PD Work pd_rec_074,Orchestra Performance,1920,verified,Public Domain Archive,2026-08-26T07:44:27.053013
29fb6c33-fade-4dc1-9b50-62baa3cf73ec,Classical PD Work pd_rec_076,Orchestra Performance,1920,verified,Public Domain Archive,2026-08-26T07:44:27.053106
aeb9eea2-8efe-4949-b347-4768aa0e286d,Classical PD Work pd_rec_080,Orchestra Performance,1920,verified,Public Domain Archive,2026-08-26T07:44:27.053243
49819861-d90e-4d74-a521-4d2d6e4de900,Classical PD Work pd_rec_078,Orchestra Performance,1920,verified,Public Domain Archive,2026-08-26T07:44:27.053368
71464a27-7a42-4639-9bad-5075ca6285df,Classical PD Work pd_rec_079,Orchestra Performance,1920,verified,Public Domain Archive,2026-08-26T07:44:27.053479
0cc14218-fc1a-4507-a0ec-4764414759ec,Classical PD Work pd_rec_077,Orchestra Performance,1920,verified,Public Domain Archive,2026-08-26T07:44:27.053584
49f305c9-9d1a-4abc-a48e-6be059237c7f,Classical PD Work pd_rec_081,Orchestra Performance,1920,verified,Public Domain Archive,2026-08-26T07:44:27.053694
0c27ff8f-a6bd-445a-ac21-dd4a4701fdd9,Classical PD Work pd_rec_088,Orchestra Performance,1920,verified,Public Domain Archive,2026-08-26T07:44:27.053797
0a87f708-f836-42ae-8645-3d38a935ad38,Classical PD Work pd_rec_082,Orchestra Performance,1920,verified,Public Domain Archive,2026-08-26T07:44:27.053917
d26bc17b-f52c-4d0e-9503-5f151fc933e4,Classical PD Work pd_rec_087,Orchestra Performance,1920,verified,Public Domain Archive,2026-08-26T07:44:27.054024
9aaf4e10-9e51-47c7-ace7-355f46252c06,Classical PD Work pd_rec_089,Orchestra Performance,1920,verified,Public Domain Archive,2026-08-26T07:44:27.055450
60895ad5-4641-4ea5-ad55-2c31c7c4b82d,Classical PD Work pd_rec_091,Orchestra Performance,1920,verified,Public Domain Archive,2026-08-26T07:44:27.055859
15e1a5d6-704b-43b6-b550-a19e31b5b4bd,Classical PD Work pd_rec_090,Orchestra Performance,1920,verified,Public Domain Archive,2026-08-26T07:44:27.056041
2159030a-10c2-41e6-9272-8c4a72753668,Classical PD Work pd_rec_083,Orchestra Performance,1920,verified,Public Domain Archive,2026-08-26T07:44:27.056553
0e317973-7a4f-4a54-b029-0a9c72f4912e,Classical PD Work pd_rec_096,Orchestra Performance,1920,verified,Public Domain Archive,2026-08-26T07:44:27.057013
46616ea5-0c45-4eb8-b558-53ad1c1ec780,Classical PD Work pd_rec_084,Orchestra Performance,1920,verified,Public Domain Archive,2026-08-26T07:44:27.058486
dc110154-d36f-4def-8e71-8c6ebba3112a,Classical PD Work pd_rec_086,Orchestra Performance,1920,verified,Public Domain Archive,2026-08-26T07:44:27.058729
e2c75fbb-e12d-416b-ab65-f025d3404afa,Classical PD Work pd_rec_097,Orchestra Performance,1920,verified,Public Domain Archive,2026-08-26T07:44:27.058879
6fd32250-93b4-4af0-8c1d-0f2fadf3a4a4,Classical PD Work pd_rec_085,Orchestra Performance,1920,verified,Public Domain Archive,2026-08-26T07:44:27.058996
ea0967a7-a8cf-41d3-a63a-c3cf945c16cf,Classical PD Work pd_rec_093,Orchestra Performance,1920,verified,Public Domain Archive,2026-08-26T07:44:27.059096
7c96039c-ce01-45d4-9bfc-08a7bf434849,Classical PD Work pd_rec_094,Orchestra Performance,1920,verified,Public Domain Archive,2026-08-26T07:44:27.059463
559d2a00-1258-4085-b70f-aeb629188cca,Classical PD Work pd_rec_092,Orchestra Performance,1920,verified,Public Domain Archive,2026-08-26T07:44:27.059621
de6103ca-375c-4415-9b89-ae9b97649bc6,Classical PD Work pd_rec_101,Orchestra Performance,1920,verified,Public Domain Archive,2026-08-26T07:44:27.059749
ea86eb18-1a13-48f5-a26e-29c34c567aa5,Classical PD Work pd_rec_102,Orchestra Performance,1920,verified,Public Domain Archive,2026-08-26T07:44:27.059875
ee3e2174-746f-4978-91b4-38aaaaba2be5,Classical PD Work pd_rec_099,Orchestra Performance,1920,verified,Public Domain Archive,2026-08-26T07:44:27.059978
5fe050b5-451d-4b58-84fb-09c5393328be,Classical PD Work pd_rec_095,Orchestra Performance,1920,verified,Public Domain Archive,2026-08-26T07:44:27.060074
e7066187-6a37-45ff-9de6-10f0af0331f9,Classical PD Work pd_rec_104,Orchestra Performance,1920,verified,Public Domain Archive,2026-08-26T07:44:27.060538
3e57341b-0a38-4486-8a16-7025ee7e77b5,Classical PD Work pd_rec_105,Orchestra Performance,1920,verified,Public Domain Archive,2026-08-26T07:44:27.060666
851d0862-6385-4ece-9080-8d69fe6dcdef,Classical PD Work pd_rec_106,Orchestra Performance,1920,verified,Public Domain Archive,2026-08-26T07:44:27.060766
a82ae1cb-e12f-4e37-b6c7-23f827fd88db,Classical PD Work pd_rec_108,Orchestra Performance,1920,verified,Public Domain Archive,2026-08-26T07:44:27.062257
2bd6c1ac-3868-4177-8d80-d322abe113c7,Classical PD Work pd_rec_098,Orchestra Performance,1920,verified,Public Domain Archive,2026-08-26T07:44:27.062423
9985418c-d939-4b8c-9fd7-a9dd3b31dd73,Classical PD Work pd_rec_110,Orchestra Performance,1920,verified,Public Domain Archive,2026-08-26T07:44:27.062531
c00a113d-944b-4e64-ba8b-50ff2311a9eb,Classical PD Work pd_rec_109,Orchestra Performance,1920,verified,Public Domain Archive,2026-08-26T07:44:27.062643
56dd6b55-1a0a-40ed-88f1-56863669f483,Classical PD Work pd_rec_111,Orchestra Performance,1920,verified,Public Domain Archive,2026-08-26T07:44:27.062749
e4c72852-95c2-4c82-ae4f-6227cb1cab24,Classical PD Work pd_rec_112,Orchestra Performance,1920,verified,Public Domain Archive,2026-08-26T07:44:27.062843
0140a1ec-8160-40cb-921d-17488baca9da,Classical PD Work pd_rec_113,Orchestra Performance,1920,verified,Public Domain Archive,2026-08-26T07:44:27.062935
d20d1b9b-e975-49c8-b348-6253562f4203,Classical PD Work pd_rec_103,Orchestra Performance,1920,verified,Public Domain Archive,2026-08-26T07:44:27.063024
fa43ff35-94bb-4953-b0bd-48b1e357fe8f,Classical PD Work pd_rec_114,Orchestra Performance,1920,verified,Public Domain Archive,2026-08-26T07:44:27.063111
63a3cbc4-9a02-4f1b-af9f-91dc0a4abfe0,Classical PD Work pd_rec_107,Orchestra Performance,1920,verified,Public Domain Archive,2026-08-26T07:44:27.063289
4e65e6c6-3a3e-4354-b4c2-3349fa14acd1,Classical PD Work pd_rec_100,Orchestra Performance,1920,verified,Public Domain Archive,2026-08-26T07:44:27.063420
57bae38b-7bae-4c54-84c1-ef1bca766c94,Classical PD Work pd_rec_115,Orchestra Performance,1920,verified,Public Domain Archive,2026-08-26T07:44:27.063532
acb40a72-fdab-41f0-9cfa-1f9721666924,Classical PD Work pd_rec_116,Orchestra Performance,1920,verified,Public Domain Archive,2026-08-26T07:44:27.063656
ec93d765-ec1b-4066-b832-25f06b872029,Classical PD Work pd_rec_120,Orchestra Performance,1920,verified,Public Domain Archive,2026-08-26T07:44:27.063768
1e78a2f5-721e-40ac-900f-3ecb886d5c07,Classical PD Work pd_rec_119,Orchestra Performance,1920,verified,Public Domain Archive,2026-08-26T07:44:27.063876
893da285-0845-4f0a-acd6-593c3087eed6,Classical PD Work pd_rec_118,Orchestra Performance,1920,verified,Public Domain Archive,2026-08-26T07:44:27.063984
86e96a10-163d-4470-9f29-1a673fe874f0,Classical PD Work pd_rec_123,Orchestra Performance,1920,verified,Public Domain Archive,2026-08-26T07:44:27.064127
ba2473b7-a10d-4243-a467-3afe7db896b2,Classical PD Work pd_rec_117,Orchestra Performance,1920,verified,Public Domain Archive,2026-08-26T07:44:27.064269
d8e5dfcb-c016-4bef-9668-262189f4f3b8,Classical PD Work pd_rec_124,Orchestra Performance,1920,verified,Public Domain Archive,2026-08-26T07:44:27.064365
db500add-edf6-42a6-b89a-158a6e7f03f8,Classical PD Work pd_rec_127,Orchestra Performance,1920,verified,Public Domain Archive,2026-08-26T07:44:27.064455
c1c98863-6da9-4027-bd88-2e71b251435c,Classical PD Work pd_rec_125,Orchestra Performance,1920,verified,Public Domain Archive,2026-08-26T07:44:27.064545
25b0f244-cb8f-41c9-bd02-9b6e968ba5fe,Classical PD Work pd_rec_129,Orchestra Performance,1920,verified,Public Domain Archive,2026-08-26T07:44:27.064650
a088b7f5-adab-4d57-9593-c2cebb6873ae,Classical PD Work pd_rec_131,Orchestra Performance,1920,verified,Public Domain Archive,2026-08-26T07:44:27.064746
6b7c38d6-0991-4604-bc0e-7891aae25ec8,Classical PD Work pd_rec_130,Orchestra Performance,1920,verified,Public Domain Archive,2026-08-26T07:44:27.064844
09ba5fc1-8ec7-42eb-b567-f251d033905b,Classical PD Work pd_rec_132,Orchestra Performance,1920,verified,Public Domain Archive,2026-08-26T07:44:27.064946
67e8fa90-88c4-45ce-af68-27a05e7cfe44,Classical PD Work pd_rec_121,Orchestra Performance,1920,verified,Public Domain Archive,2026-08-26T07:44:27.065037
f07a5917-75fe-4e9d-bd70-144ac8ca8aee,Classical PD Work pd_rec_133,Orchestra Performance,1920,verified,Public Domain Archive,2026-08-26T07:44:27.065128
3b8ccbff-ab03-41ac-ac69-581db1230a77,Classical PD Work pd_rec_139,Orchestra Performance,1920,verified,Public Domain Archive,2026-08-26T07:44:27.065247
36242aa9-ea5f-4159-bc17-40936cef53d2,Classical PD Work pd_rec_122,Orchestra Performance,1920,verified,Public Domain Archive,2026-08-26T07:44:27.065338
d360821b-3d96-4a05-89be-876b5d751dd3,Classical PD Work pd_rec_134,Orchestra Performance,1920,verified,Public Domain Archive,2026-08-26T07:44:27.065433
405d637c-2940-474e-9bc3-f398e8443d77,Classical PD Work pd_rec_126,Orchestra Performance,1920,verified,Public Domain Archive,2026-08-26T07:44:27.065522
8abab59d-4a17-4357-9997-50f225ba8c71,Classical PD Work pd_rec_135,Orchestra Performance,1920,verified,Public Domain Archive,2026-08-26T07:44:27.065690
91380a53-60f5-474b-82a4-925b512b8bd3,Classical PD Work pd_rec_137,Orchestra Performance,1920,verified,Public Domain Archive,2026-08-26T07:44:27.065797
59c2517b-27d6-4606-99b3-80ab996ef8e8,Classical PD Work pd_rec_128,Orchestra Performance,1920,verified,Public Domain Archive,2026-08-26T07:44:27.065888
a38a6936-cb3d-4bd7-888e-257a30eb8246,Classical PD Work pd_rec_136,Orchestra Performance,1920,verified,Public Domain Archive,2026-08-26T07:44:27.065976
623cb0bc-3825-46d1-b999-0092379e866c,Classical PD Work pd_rec_142,Orchestra Performance,1920,verified,Public Domain Archive,2026-08-26T07:44:27.066064
9f1e6ae2-abb6-441a-8fc4-b2aaf78fd390,Classical PD Work pd_rec_144,Orchestra Performance,1920,verified,Public Domain Archive,2026-08-26T07:44:27.066484
b8868162-ead2-4c0d-b787-d9e944dae080,Classical PD Work pd_rec_148,Orchestra Performance,1920,verified,Public Domain Archive,2026-08-26T07:44:27.066879
7adcdc04-3b80-4cd1-bf48-aa443ab5b9ad,Classical PD Work pd_rec_147,Orchestra Performance,1920,verified,Public Domain Archive,2026-08-26T07:44:27.067073
d4563b8c-34c7-4503-9486-9d07d981b620,Classical PD Work pd_rec_149,Orchestra Performance,1920,verified,Public Domain Archive,2026-08-26T07:44:27.067273
a2c3941c-8b97-447c-b9c2-a676cca2a922,Classical PD Work pd_rec_145,Orchestra Performance,1920,verified,Public Domain Archive,2026-08-26T07:44:27.067405
1b34c673-e5f4-49bd-87b5-d930cda985aa,Classical PD Work pd_rec_138,Orchestra Performance,1920,verified,Public Domain Archive,2026-08-26T07:44:27.067515
ef0da02b-a57a-4537-9b4e-d73742dce817,Classical PD Work pd_rec_140,Orchestra Performance,1920,verified,Public Domain Archive,2026-08-26T07:44:27.067635
fb6459de-5e52-4ad3-b7ae-e07707abcca1,Classical PD Work pd_rec_146,Orchestra Performance,1920,verified,Public Domain Archive,2026-08-26T07:44:27.067767
e55107d1-f855-44c3-aa69-a81018648aad,Classical PD Work pd_rec_151,Orchestra Performance,1920,verified,Public Domain Archive,2026-08-26T07:44:27.067900
3e948f54-d43b-4478-a26c-0f1cea6c1133,Classical PD Work pd_rec_141,Orchestra Performance,1920,verified,Public Domain Archive,2026-08-26T07:44:27.068017
50d877d5-3b34-47e6-9eaa-7ae3d64df0da,Classical PD Work pd_rec_154,Orchestra Performance,1920,verified,Public Domain Archive,2026-08-26T07:44:27.068139
bd085f58-7dae-4781-87c3-ad2ae69a3158,Classical PD Work pd_rec_153,Orchestra Performance,1920,verified,Public Domain Archive,2026-08-26T07:44:27.068311
3f914eaf-d500-4ce7-ab2a-d57c4677e9b4,Classical PD Work pd_rec_156,Orchestra Performance,1920,verified,Public Domain Archive,2026-08-26T07:44:27.068410
16f3995a-33b2-43e3-9cc0-7154c51b7cd9,Classical PD Work pd_rec_152,Orchestra Performance,1920,verified,Public Domain Archive,2026-08-26T07:44:27.068492
9f2fe294-a407-4a15-9db7-54331d724346,Classical PD Work pd_rec_155,Orchestra Performance,1920,verified,Public Domain Archive,2026-08-26T07:44:27.068575
f2956f79-6dba-495c-9417-0e89f20df538,Classical PD Work pd_rec_157,Orchestra Performance,1920,verified,Public Domain Archive,2026-08-26T07:44:27.068687
dbd6ad72-705a-4e8f-8ac0-4727a6436a1e,Classical PD Work pd_rec_143,Orchestra Performance,1920,verified,Public Domain Archive,2026-08-26T07:44:27.068796
ddb7e3e5-ac8b-4816-b3aa-80f0d7559ea0,Classical PD Work pd_rec_162,Orchestra Performance,1920,verified,Public Domain Archive,2026-08-26T07:44:27.068918
dcf3c122-be87-4136-9a9f-e233a402b85c,Classical PD Work pd_rec_158,Orchestra Performance,1920,verified,Public Domain Archive,2026-08-26T07:44:27.069025
71dae205-d4bc-4acb-a22a-2d495635c9b6,Classical PD Work pd_rec_164,Orchestra Performance,1920,verified,Public Domain Archive,2026-08-26T07:44:27.069131
262b3e47-413e-4d81-81c0-91b63f0393bb,Classical PD Work pd_rec_159,Orchestra Performance,1920,verified,Public Domain Archive,2026-08-26T07:44:27.069960
49faffc2-b820-4fa8-87e4-a53f853f38de,Classical PD Work pd_rec_150,Orchestra Performance,1920,verified,Public Domain Archive,2026-08-26T07:44:27.070272
158c073d-dba8-4867-b224-f533a0de76ba,Classical PD Work pd_rec_165,Orchestra Performance,1920,verified,Public Domain Archive,2026-08-26T07:44:27.070596
5569eafa-39a9-4f1a-842b-232e1a5dea64,Classical PD Work pd_rec_166,Orchestra Performance,1920,verified,Public Domain Archive,2026-08-26T07:44:27.070771
da5eaa1b-8b1e-4400-952c-385fd4f39436,Classical PD Work pd_rec_163,Orchestra Performance,1920,verified,Public Domain Archive,2026-08-26T07:44:27.070901
21c1d582-c8fe-4785-99e8-97015a14f630,Classical PD Work pd_rec_167,Orchestra Performance,1920,verified,Public Domain Archive,2026-08-26T07:44:27.071066
e6222159-2005-445a-a4bb-ddd7ef04414d,Classical PD Work pd_rec_168,Orchestra Performance,1920,verified,Public Domain Archive,2026-08-26T07:44:27.071510
55ce9d94-cc3d-4e29-9050-2814d9e8efd0,Classical PD Work pd_rec_169,Orchestra Performance,1920,verified,Public Domain Archive,2026-08-26T07:44:27.071703
28b5f51e-1f46-400a-8186-c7656b552be0,Classical PD Work pd_rec_170,Orchestra Performance,1920,verified,Public Domain Archive,2026-08-26T07:44:27.071852
8e53ec64-1a98-4cf2-b5db-46eecf1b63e4,Classical PD Work pd_rec_173,Orchestra Performance,1920,verified,Public Domain Archive,2026-08-26T07:44:27.071989
8527c1c0-9061-4286-91a5-f36fb1a1c9e9,Classical PD Work pd_rec_171,Orchestra Performance,1920,verified,Public Domain Archive,2026-08-26T07:44:27.072112
e23965eb-0c50-4fc2-b3ae-c0a5b89f7dec,Classical PD Work pd_rec_172,Orchestra Performance,1920,verified,Public Domain Archive,2026-08-26T07:44:27.072470
23c7b98a-1f33-4118-a610-223a40e63eec,Classical PD Work pd_rec_160,Orchestra Performance,1920,verified,Public Domain Archive,2026-08-26T07:44:27.072597
4e0591ac-cc95-4ebf-a28c-538a04969147,Classical PD Work pd_rec_174,Orchestra Performance,1920,verified,Public Domain Archive,2026-08-26T07:44:27.072706
a398cc94-d190-4587-9f01-f74ca818932a,Classical PD Work pd_rec_175,Orchestra Performance,1920,verified,Public Domain Archive,2026-08-26T07:44:27.072808
000877ae-91d1-45d3-91b2-1f912a76f752,Classical PD Work pd_rec_176,Orchestra Performance,1920,verified,Public Domain Archive,2026-08-26T07:44:27.072941
4f4c9cca-b4ce-49a6-9d22-6262a2ffd480,Classical PD Work pd_rec_177,Orchestra Performance,1920,verified,Public Domain Archive,2026-08-26T07:44:27.073037
bceda19d-205d-4a7d-a51f-bfc289cef027,Classical PD Work pd_rec_161,Orchestra Performance,1920,verified,Public Domain Archive,2026-08-26T07:44:27.073142
1839666e-b14c-4d8a-8690-bc58ede1f3c0,Classical PD Work pd_rec_180,Orchestra Performance,1920,verified,Public Domain Archive,2026-08-26T07:44:27.073703
f0c4e690-2e31-4358-ac31-2514241dc4a5,Classical PD Work pd_rec_178,Orchestra Performance,1920,verified,Public Domain Archive,2026-08-26T07:44:27.073816
a5f31dbf-ecf9-4a1c-ad93-e5be226a9f43,Classical PD Work pd_rec_179,Orchestra Performance,1920,verified,Public Domain Archive,2026-08-26T07:44:27.073915
2b6d5f10-3600-4b7d-93c0-f85368552b3f,Classical PD Work pd_rec_182,Orchestra Performance,1920,verified,Public Domain Archive,2026-08-26T07:44:27.074012
863f8bf4-39db-4851-8b81-64d233470752,Classical PD Work pd_rec_181,Orchestra Performance,1920,verified,Public Domain Archive,2026-08-26T07:44:27.074153
2669f682-adfe-4057-9dca-d50a21ac5c72,Classical PD Work pd_rec_187,Orchestra Performance,1920,verified,Public Domain Archive,2026-08-26T07:44:27.074287
09fda259-67b9-47ac-a0bf-648da6fa8674,Classical PD Work pd_rec_184,Orchestra Performance,1920,verified,Public Domain Archive,2026-08-26T07:44:27.074383
f84ece59-f5ee-42e6-a5d3-279b15f26832,Classical PD Work pd_rec_189,Orchestra Performance,1920,verified,Public Domain Archive,2026-08-26T07:44:27.074477
b020b3e2-2179-4a74-84c5-7c72d9b3ec5e,Classical PD Work pd_rec_190,Orchestra Performance,1920,verified,Public Domain Archive,2026-08-26T07:44:27.074580
327e9067-d911-4f55-8655-242a2dbddc4b,Classical PD Work pd_rec_185,Orchestra Performance,1920,verified,Public Domain Archive,2026-08-26T07:44:27.074678
aab9e983-8b8a-49f2-b5f6-6efca34c3376,Classical PD Work pd_rec_188,Orchestra Performance,1920,verified,Public Domain Archive,2026-08-26T07:44:27.074770
0b860b91-524d-42db-b5ae-e115f14e96bf,Classical PD Work pd_rec_192,Orchestra Performance,1920,verified,Public Domain Archive,2026-08-26T07:44:27.074861
0861d550-9bf2-4136-9040-29df380ef516,Classical PD Work pd_rec_191,Orchestra Performance,1920,verified,Public Domain Archive,2026-08-26T07:44:27.074948
7e3fa4ce-1db7-47c6-b7f2-633e896fc425,Classical PD Work pd_rec_195,Orchestra Performance,1920,verified,Public Domain Archive,2026-08-26T07:44:27.075037
f9da38c2-ca9f-436b-9455-32ce14ef8ed7,Classical PD Work pd_rec_197,Orchestra Performance,1920,verified,Public Domain Archive,2026-08-26T07:44:27.075137
791cbcc4-ea8f-4ae3-a31b-3c2dac781b29,Classical PD Work pd_rec_193,Orchestra Performance,1920,verified,Public Domain Archive,2026-08-26T07:44:27.075316
bf8f4a19-1a5a-4bbf-8dc3-55d4431c424a,Classical PD Work pd_rec_196,Orchestra Performance,1920,verified,Public Domain Archive,2026-08-26T07:44:27.075436
29ed8956-6b5d-4247-b5b1-deb4d25b1043,Classical PD Work pd_rec_198,Orchestra Performance,1920,verified,Public Domain Archive,2026-08-26T07:44:27.075547
4f5bfb15-7462-40d1-bc25-b072ac063088,Classical PD Work pd_rec_194,Orchestra Performance,1920,verified,Public Domain Archive,2026-08-26T07:44:27.075654
db6eab8e-7ca5-4acf-b5ac-503a5b800115,Classical PD Work pd_rec_183,Orchestra Performance,1920,verified,Public Domain Archive,2026-08-26T07:44:27.075766
95a929f7-39f5-49ad-b715-929f353ea7a9,Classical PD Work pd_rec_186,Orchestra Performance,1920,verified,Public Domain Archive,2026-08-26T07:44:27.075871
46ffa4ac-0657-40f7-bdbd-c2cd6e175af3,Classical PD Work pd_rec_205,Orchestra Performance,1920,verified,Public Domain Archive,2026-08-26T07:44:27.076001
9933aa9e-d62b-4f2c-93e4-95ee4b65226d,Classical PD Work pd_rec_204,Orchestra Performance,1920,verified,Public Domain Archive,2026-08-26T07:44:27.076211
265b7f95-49ef-4fbb-8812-9f06e633161e,Classical PD Work pd_rec_199,Orchestra Performance,1920,verified,Public Domain Archive,2026-08-26T07:44:27.076335
a70f6a45-0f8f-43f7-83ce-43719470a80b,Classical PD Work pd_rec_207,Orchestra Performance,1920,verified,Public Domain Archive,2026-08-26T07:44:27.076444
c7413bb2-bb28-48d6-a637-82c0a04cc5a7,Classical PD Work pd_rec_200,Orchestra Performance,1920,verified,Public Domain Archive,2026-08-26T07:44:27.076553
a108dde7-5a39-488d-83d6-4ab29b877dca,Classical PD Work pd_rec_210,Orchestra Performance,1920,verified,Public Domain Archive,2026-08-26T07:44:27.076687
49bf4e1f-3ad1-4845-9d7a-4b0c005f2159,Classical PD Work pd_rec_209,Orchestra Performance,1920,verified,Public Domain Archive,2026-08-26T07:44:27.076792
1881fd0d-9d7c-495e-b284-e592d1ce4627,Classical PD Work pd_rec_206,Orchestra Performance,1920,verified,Public Domain Archive,2026-08-26T07:44:27.076889
d2fd7c2a-9327-4971-b247-48b784054541,Classical PD Work pd_rec_208,Orchestra Performance,1920,verified,Public Domain Archive,2026-08-26T07:44:27.076998
7727f6bd-a4c4-4fe3-af07-3475e347fc96,Classical PD Work pd_rec_203,Orchestra Performance,1920,verified,Public Domain Archive,2026-08-26T07:44:27.077107
d2e006d0-b95a-4087-bd80-94356d4a69ba,Classical PD Work pd_rec_201,Orchestra Performance,1920,verified,Public Domain Archive,2026-08-26T07:44:27.077249
cf857cc7-b025-4bf3-ac71-87e2cd994229,Classical PD Work pd_rec_212,Orchestra Performance,1920,verified,Public Domain Archive,2026-08-26T07:44:27.077351
20d02af6-4eb4-413c-bdbd-4c95d06a1b87,Classical PD Work pd_rec_202,Orchestra Performance,1920,verified,Public Domain Archive,2026-08-26T07:44:27.077447
8ef904fc-7107-485f-8034-bb279d349573,Classical PD Work pd_rec_216,Orchestra Performance,1920,verified,Public Domain Archive,2026-08-26T07:44:27.077540
2376b301-f42c-4aa5-bd7a-53e13d7a3c08,Classical PD Work pd_rec_213,Orchestra Performance,1920,verified,Public Domain Archive,2026-08-26T07:44:27.077635
a45c8029-afd6-48ba-8897-8af2570abb80,Classical PD Work pd_rec_215,Orchestra Performance,1920,verified,Public Domain Archive,2026-08-26T07:44:27.077728
9849cc25-780b-4dee-a12c-88e1a1cd9136,Classical PD Work pd_rec_217,Orchestra Performance,1920,verified,Public Domain Archive,2026-08-26T07:44:27.077828
30d7eda6-dd71-470b-b980-ccede6748dc2,Classical PD Work pd_rec_219,Orchestra Performance,1920,verified,Public Domain Archive,2026-08-26T07:44:27.077922
2d0ad1f9-e3ca-4c28-ae15-a27f2df8acd2,Classical PD Work pd_rec_218,Orchestra Performance,1920,verified,Public Domain Archive,2026-08-26T07:44:27.078012
2953dc24-7a66-4640-ac42-c7572be4108b,Classical PD Work pd_rec_220,Orchestra Performance,1920,verified,Public Domain Archive,2026-08-26T07:44:27.078100
2fa953fa-f245-4e8b-b04d-7932c0321f34,Classical PD Work pd_rec_214,Orchestra Performance,1920,verified,Public Domain Archive,2026-08-26T07:44:27.078358
aa0e8ac3-1703-47d6-ad50-6ca84e3df1a3,Classical PD Work pd_rec_221,Orchestra Performance,1920,verified,Public Domain Archive,2026-08-26T07:44:27.078498
427d55b1-ec38-4fbc-89f2-f9afa01e0122,Classical PD Work pd_rec_222,Orchestra Performance,1920,verified,Public Domain Archive,2026-08-26T07:44:27.078606
0466a34d-814a-4fbc-aab7-cc083c79180f,Classical PD Work pd_rec_211,Orchestra Performance,1920,verified,Public Domain Archive,2026-08-26T07:44:27.078703
858ab811-2a7f-48b3-8663-e5389244e3cb,Classical PD Work pd_rec_227,Orchestra Performance,1920,verified,Public Domain Archive,2026-08-26T07:44:27.078861
2e0a5f09-f41a-4db1-9271-3a30cd044e19,Classical PD Work pd_rec_224,Orchestra Performance,1920,verified,Public Domain Archive,2026-08-26T07:44:27.078974
1e8440fb-8cfb-4625-8ad6-a42b9673ca26,Classical PD Work pd_rec_228,Orchestra Performance,1920,verified,Public Domain Archive,2026-08-26T07:44:27.079078
fbee21ba-8cba-4598-996c-aa5cf1fe1ffc,Classical PD Work pd_rec_223,Orchestra Performance,1920,verified,Public Domain Archive,2026-08-26T07:44:27.079522
7a4ab579-f661-4df7-9167-a6108fd64a11,Classical PD Work pd_rec_229,Orchestra Performance,1920,verified,Public Domain Archive,2026-08-26T07:44:27.079638
b1feff9b-dcda-45b1-a510-0d237f51d74d,Classical PD Work pd_rec_230,Orchestra Performance,1920,verified,Public Domain Archive,2026-08-26T07:44:27.079736
b721771e-17d7-4b90-8a53-bfc246e9a2ec,Classical PD Work pd_rec_231,Orchestra Performance,1920,verified,Public Domain Archive,2026-08-26T07:44:27.079857
a64dab2b-b1f0-4412-a0d5-e1156a620c37,Classical PD Work pd_rec_232,Orchestra Performance,1920,verified,Public Domain Archive,2026-08-26T07:44:27.079955
b5ecb250-f6dc-4158-bb3a-e71085897504,Classical PD Work pd_rec_233,Orchestra Performance,1920,verified,Public Domain Archive,2026-08-26T07:44:27.080046
efd398f4-21eb-4c0f-b0ec-ad12ac5fde49,Classical PD Work pd_rec_234,Orchestra Performance,1920,verified,Public Domain Archive,2026-08-26T07:44:27.080150
d6119d25-196f-47c5-ab37-6cb650304dc8,Classical PD Work pd_rec_235,Orchestra Performance,1920,verified,Public Domain Archive,2026-08-26T07:44:27.080287
b0e9f55c-ae27-40f0-ad72-9a0fa10d1fca,Classical PD Work pd_rec_238,Orchestra Performance,1920,verified,Public Domain Archive,2026-08-26T07:44:27.080391
3e785a9a-08e9-46fe-a7d1-a3302a1b8753,Classical PD Work pd_rec_237,Orchestra Performance,1920,verified,Public Domain Archive,2026-08-26T07:44:27.080480
9bb006c4-6df9-4354-9dac-311c14f5b5e8,Classical PD Work pd_rec_236,Orchestra Performance,1920,verified,Public Domain Archive,2026-08-26T07:44:27.080570
7db7ceb1-59bd-4529-8f28-4ae6b2e2a437,Classical PD Work pd_rec_240,Orchestra Performance,1920,verified,Public Domain Archive,2026-08-26T07:44:27.080661
55548317-be09-4fbb-8607-b8154aaa122b,Classical PD Work pd_rec_241,Orchestra Performance,1920,verified,Public Domain Archive,2026-08-26T07:44:27.080799
cc8d6799-309b-4b2d-b894-5055384e29bd,Classical PD Work pd_rec_242,Orchestra Performance,1920,verified,Public Domain Archive,2026-08-26T07:44:27.080897
34aaf3be-904f-4178-835b-53a9532709af,Classical PD Work pd_rec_243,Orchestra Performance,1920,verified,Public Domain Archive,2026-08-26T07:44:27.080987
b75e7957-2234-4bb4-90d1-c184070a584a,Classical PD Work pd_rec_225,Orchestra Performance,1920,verified,Public Domain Archive,2026-08-26T07:44:27.081075
623c009a-df5a-4b9f-b687-0030ed1da539,Classical PD Work pd_rec_246,Orchestra Performance,1920,verified,Public Domain Archive,2026-08-26T07:44:27.081336
32e0cc2c-5e11-4237-97ab-aa34c39bc1de,Classical PD Work pd_rec_247,Orchestra Performance,1920,verified,Public Domain Archive,2026-08-26T07:44:27.081463
76b8b5d1-e292-4803-a01f-da97a039fc3b,Classical PD Work pd_rec_239,Orchestra Performance,1920,verified,Public Domain Archive,2026-08-26T07:44:27.081583
5b41e5e6-8a82-459c-8863-5e20ee8d3ad6,Classical PD Work pd_rec_226,Orchestra Performance,1920,verified,Public Domain Archive,2026-08-26T07:44:27.081693
0024a249-a830-4c3c-aecd-cd52e59d453f,Classical PD Work pd_rec_248,Orchestra Performance,1920,verified,Public Domain Archive,2026-08-26T07:44:27.081791
a6fb4929-f57a-414f-afd8-d4210bbe193e,Classical PD Work pd_rec_245,Orchestra Performance,1920,verified,Public Domain Archive,2026-08-26T07:44:27.081880
cb39131f-2700-48cf-96dd-7b6997028302,Classical PD Work pd_rec_244,Orchestra Performance,1920,verified,Public Domain Archive,2026-08-26T07:44:27.081968
ab781833-17c3-47f3-a486-07c265cb1307,Classical PD Work pd_rec_249,Orchestra Performance,1920,verified,Public Domain Archive,2026-08-26T07:44:27.082054
f77ffe6b-90ab-49cd-8379-84d57f2fbdc3,Classical PD Work pd_rec_250,Orchestra Performance,1920,verified,Public Domain Archive,2026-08-26T07:44:27.082151
