recording_id,composition_id,title,artist,album,release_year,duration,source_dataset,source_track_id,audio_path,metadata_verified
26e19461-e4fe-4fba-9d13-e234192f84b1,5515c9e3-d0f6-493b-8590-6c6cbc94eec1,Lo-Fi Beats Vol.1,The Synthetics,YouTube Creator Music Store,2024,125.6,Creator Music,CM_1001,simulated/CM_1001.mp3,True
85b3e36a-d40d-4cc1-8aea-8d2266ce85e6,daaceadb-48f4-41b9-bbbc-70462daa656c,Cyberpunk Dreams Vol.2,DJ Shadow,YouTube Creator Music Store,2024,255.9,Creator Music,CM_1002,simulated/CM_1002.mp3,True
7de37fab-cb82-456b-83c8-9d989ed71663,663cd92a-9516-4102-b816-97e01e139d94,Lo-Fi Beats Vol.3,Acoustic Duo,YouTube Creator Music Store,2024,255.9,Creator Music,CM_1003,simulated/CM_1003.mp3,True
5697e89b-b677-4d62-b4d8-7cdd67dd99a7,8696572c-c7ea-4249-82b9-008237629c50,Lo-Fi Beats Vol.4,Acoustic Duo,YouTube Creator Music Store,2024,169.4,Creator Music,CM_1004,simulated/CM_1004.mp3,True
5e508cad-5d85-4a02-946b-0d50b52fc45c,ba0a8fc2-6c71-443a-8bd8-68b56d7258f9,Midnight City Vol.5,BeatMaker Pro,YouTube Creator Music Store,2024,143.3,Creator Music,CM_1005,simulated/CM_1005.mp3,True
7d151dce-1c07-4e24-a06c-ce8daa6d227d,026d8d79-76e8-42d7-87c9-86b8440b259a,Golden Hour Vol.6,BeatMaker Pro,YouTube Creator Music Store,2024,261.6,Creator Music,CM_1006,simulated/CM_1006.mp3,True
c05f7d9f-3dee-489b-9300-bfc040e3715f,73fb052f-7f8e-4941-b107-d593cc006b7f,Summer Vibe Vol.7,Acoustic Duo,YouTube Creator Music Store,2024,131.6,Creator Music,CM_1007,simulated/CM_1007.mp3,True
a62d763d-2d27-46b5-a85a-5b92ab9a444d,b7c82154-b3d7-41d3-971e-710beee7fd8e,Golden Hour Vol.8,The Synthetics,YouTube Creator Music Store,2024,169.2,Creator Music,CM_1008,simulated/CM_1008.mp3,True
ccfa5c7e-30e2-4cab-8223-4cbb3ccc0155,ec63cd9e-6ef5-456b-b3c6-1f9e1ccd2298,Midnight City Vol.9,The Synthetics,YouTube Creator Music Store,2024,129.7,Creator Music,CM_1009,simulated/CM_1009.mp3,True
80df5cfb-9088-4775-9971-b640b0897aa0,916d0212-b180-4acc-8eb2-c7252d1cf245,Acoustic Journey Vol.10,BeatMaker Pro,YouTube Creator Music Store,2024,214.6,Creator Music,CM_1010,simulated/CM_1010.mp3,True
58cec6ed-d021-4403-a3c9-75c9eb4dc8c5,46047d65-9215-4fc7-80f7-ffa80b2151f5,Golden Hour Vol.11,DJ Shadow,YouTube Creator Music Store,2024,149.1,Creator Music,CM_1011,simulated/CM_1011.mp3,True
f27002cd-6359-477a-bf74-cacd84f4de8f,42c4652e-e5e6-419c-9b83-62fc6e69c9cb,Acoustic Journey Vol.12,The Synthetics,YouTube Creator Music Store,2024,260.1,Creator Music,CM_1012,simulated/CM_1012.mp3,True
a92529cf-beed-4850-9947-f4138549346e,40c2089f-bfab-49fd-ac3d-7fd28220f7b6,Cyberpunk Dreams Vol.13,Luna Vance,YouTube Creator Music Store,2024,174.7,Creator Music,CM_1013,simulated/CM_1013.mp3,True
60204d27-fac3-4a3a-bd8b-284be3c0754a,903684d3-5f11-46a2-9ac1-8cd78d45066b,Summer Vibe Vol.14,BeatMaker Pro,YouTube Creator Music Store,2024,292.0,Creator Music,CM_1014,simulated/CM_1014.mp3,True
099c5cbc-5aa2-4a49-852d-3e613e19fa8c,d3a20d33-2cf3-4751-914d-83d60dd8fba5,Cyberpunk Dreams Vol.15,The Synthetics,YouTube Creator Music Store,2024,166.3,Creator Music,CM_1015,simulated/CM_1015.mp3,True
973088a9-e147-4c56-87af-8bc46456ad03,bb4125f3-9631-4209-a117-85657b1c8d1e,Summer Vibe Vol.16,Acoustic Duo,YouTube Creator Music Store,2024,296.9,Creator Music,CM_1016,simulated/CM_1016.mp3,True
55ed0516-3e9e-4bb9-aafe-4008f5138c5a,c7142b9a-d38e-4b33-b553-11734d58ec4c,Midnight City Vol.17,Acoustic Duo,YouTube Creator Music Store,2024,221.6,Creator Music,CM_1017,simulated/CM_1017.mp3,True
350d80b1-3ed7-4dd1-ad64-e5831ce85ce5,8ceae917-e677-4961-8492-e0b28a68c645,Neon Lights Vol.18,Acoustic Duo,YouTube Creator Music Store,2024,292.7,Creator Music,CM_1018,simulated/CM_1018.mp3,True
62c3f13c-b9c7-421c-8a16-9a846ae169d0,b767c9b6-1b85-4853-9803-68a396cb2c07,Acoustic Journey Vol.19,The Synthetics,YouTube Creator Music Store,2024,220.1,Creator Music,CM_1019,simulated/CM_1019.mp3,True
b73c3fe0-2ebb-4864-bded-a94dde9f713c,d5cdc77d-343d-40fc-aee0-d8d3661fa3cf,Golden Hour Vol.20,Luna Vance,YouTube Creator Music Store,2024,213.0,Creator Music,CM_1020,simulated/CM_1020.mp3,True
b6a0f155-3b01-435c-b946-969778efd77e,78127d5d-2356-42b5-bedb-4865d619fb9d,Cyberpunk Dreams Vol.21,The Synthetics,YouTube Creator Music Store,2024,233.0,Creator Music,CM_1021,simulated/CM_1021.mp3,True
ae61d247-f6e7-4c5c-afea-6a7d8c61ce91,5fb1c451-997f-4282-a571-d18a54ec8204,Lo-Fi Beats Vol.22,Luna Vance,YouTube Creator Music Store,2024,221.6,Creator Music,CM_1022,simulated/CM_1022.mp3,True
71c06297-498e-4f84-b1c9-9d13a4cf41cd,4f7a8897-c4a4-4d5b-a317-80e6039afd0b,Lo-Fi Beats Vol.23,Luna Vance,YouTube Creator Music Store,2024,161.8,Creator Music,CM_1023,simulated/CM_1023.mp3,True
cc717c96-8c90-4823-96ba-32045a9ea8ed,7024a144-2234-413e-ae4d-673a1b4b70c9,Golden Hour Vol.24,BeatMaker Pro,YouTube Creator Music Store,2024,203.9,Creator Music,CM_1024,simulated/CM_1024.mp3,True
d020997d-d69d-497b-8bfb-292dadf30021,127d9ceb-1176-4f60-83aa-66ae449ac1d5,Summer Vibe Vol.25,The Synthetics,YouTube Creator Music Store,2024,280.4,Creator Music,CM_1025,simulated/CM_1025.mp3,True
e6ab20fb-c633-497c-958c-aabc049d93af,3e611721-9341-4c0d-aa46-e41a1b226b22,Lo-Fi Beats Vol.26,The Synthetics,YouTube Creator Music Store,2024,270.5,Creator Music,CM_1026,simulated/CM_1026.mp3,True
b7113c4a-8feb-4a6f-a1e1-0de81ff03411,17295740-e24e-458e-967a-43f59945dd77,Lo-Fi Beats Vol.27,DJ Shadow,YouTube Creator Music Store,2024,137.5,Creator Music,CM_1027,simulated/CM_1027.mp3,True
ae98248a-15f9-4711-a2d6-2f08cd7b711a,65ad8ec6-04da-4966-b35a-6df13526c602,Acoustic Journey Vol.28,BeatMaker Pro,YouTube Creator Music Store,2024,132.7,Creator Music,CM_1028,simulated/CM_1028.mp3,True
9add4204-14ae-4514-84e5-5bc71cfb8a6e,5c526509-8920-4aef-bc3e-4960405654ed,Acoustic Journey Vol.29,Acoustic Duo,YouTube Creator Music Store,2024,158.6,Creator Music,CM_1029,simulated/CM_1029.mp3,True
a3a62cfd-1f07-4021-95b3-599f753a17a7,31a1efae-9072-4d63-a162-9030dacc5f0f,Acoustic Journey Vol.30,The Synthetics,YouTube Creator Music Store,2024,272.8,Creator Music,CM_1030,simulated/CM_1030.mp3,True
488aaeda-83aa-435c-899b-941341e28bd6,ac750b69-3a0a-4a00-bc40-b3d7c65df95a,Summer Vibe Vol.31,The Synthetics,YouTube Creator Music Store,2024,245.6,Creator Music,CM_1031,simulated/CM_1031.mp3,True
bcdea05a-0764-435f-b972-e989af01fe99,595afcaa-9d38-4e10-976b-93213f661c4d,Golden Hour Vol.32,BeatMaker Pro,YouTube Creator Music Store,2024,239.3,Creator Music,CM_1032,simulated/CM_1032.mp3,True
58219510-ba9b-41c1-9ae8-7485822acd5e,1357076e-0e7d-49ff-aebe-1e4dedc4210c,Acoustic Journey Vol.33,BeatMaker Pro,YouTube Creator Music Store,2024,218.3,Creator Music,CM_1033,simulated/CM_1033.mp3,True
00ec4a18-c028-43bd-835b-b28068a8cbff,68666d67-f4c7-4f49-b0a7-1a9b4008765e,Cyberpunk Dreams Vol.34,BeatMaker Pro,YouTube Creator Music Store,2024,154.7,Creator Music,CM_1034,simulated/CM_1034.mp3,True
b063aaa4-219b-4264-b925-f07c7048460e,207bc02a-42ee-4a0e-a655-00f1d1d08e28,Summer Vibe Vol.35,The Synthetics,YouTube Creator Music Store,2024,287.0,Creator Music,CM_1035,simulated/CM_1035.mp3,True
a7536c08-4de3-45f8-bdd4-2cae877f75cd,e9895438-92c7-4a64-b9fe-81395de592fd,Summer Vibe Vol.36,DJ Shadow,YouTube Creator Music Store,2024,273.2,Creator Music,CM_1036,simulated/CM_1036.mp3,True
b7fe0fe7-f431-4bed-885c-169015851a9a,fbe76909-b9e8-4ec7-b5c6-03aba203678e,Neon Lights Vol.37,Luna Vance,YouTube Creator Music Store,2024,273.8,Creator Music,CM_1037,simulated/CM_1037.mp3,True
30e91a33-1adb-4e55-af53-28356f8bb517,4bcb27f2-9189-4f37-82ec-5d94183dc7ac,Golden Hour Vol.38,Acoustic Duo,YouTube Creator Music Store,2024,196.2,Creator Music,CM_1038,simulated/CM_1038.mp3,True
b7ced8c0-798f-4b52-aff8-16d7986e335b,9493ffcd-d827-4922-94e1-c8bc33d6ed07,Golden Hour Vol.39,Acoustic Duo,YouTube Creator Music Store,2024,225.6,Creator Music,CM_1039,simulated/CM_1039.mp3,True
4ef6ad03-811b-4f79-9fba-2f21d959a87d,c091ef0e-bc5b-4864-ae56-c5c81bbe285b,Midnight City Vol.40,The Synthetics,YouTube Creator Music Store,2024,174.1,Creator Music,CM_1040,simulated/CM_1040.mp3,True
5956e6c0-062f-4a2e-9cf1-f8009e541661,0c992d12-ba00-4a5c-b547-5d2b2125f6a6,Acoustic Journey Vol.41,The Synthetics,YouTube Creator Music Store,2024,188.6,Creator Music,CM_1041,simulated/CM_1041.mp3,True
4790cbc1-39e5-4595-9d4b-4908922963c9,cea4781c-6b7e-42c8-baa6-04d75d09c45b,Midnight City Vol.42,BeatMaker Pro,YouTube Creator Music Store,2024,194.8,Creator Music,CM_1042,simulated/CM_1042.mp3,True
47817624-6330-4f42-b796-4e0071f04ac2,96ec160e-911e-453e-8b15-ba2aa4ff3bed,Summer Vibe Vol.43,Acoustic Duo,YouTube Creator Music Store,2024,234.3,Creator Music,CM_1043,simulated/CM_1043.mp3,True
a1567084-5a79-425d-a4c3-031be0364118,da463a62-1636-46a1-807b-234e38411b54,Lo-Fi Beats Vol.44,BeatMaker Pro,YouTube Creator Music Store,2024,245.5,Creator Music,CM_1044,simulated/CM_1044.mp3,True
c36a1241-e922-4750-82c1-9ce2698eeb5d,0e8b82ab-40a0-4eb1-8233-64f6e4aa58da,Golden Hour Vol.45,The Synthetics,YouTube Creator Music Store,2024,283.1,Creator Music,CM_1045,simulated/CM_1045.mp3,True
92d69ed7-900a-433c-9d28-2cee391cacaa,7baf02ba-52f7-4982-aa9c-3812038c60b7,Summer Vibe Vol.46,DJ Shadow,YouTube Creator Music Store,2024,215.7,Creator Music,CM_1046,simulated/CM_1046.mp3,True
e12bb6d2-34d4-4487-bf77-6ba7ae98c9a3,d2de25e9-79ff-42c4-b9a9-5df66fc910d4,Neon Lights Vol.47,Luna Vance,YouTube Creator Music Store,2024,210.2,Creator Music,CM_1047,simulated/CM_1047.mp3,True
d47cb396-bc41-4f92-8d88-4e2b15157b88,87c12281-4f49-4845-941b-5ba2b0bffd14,Lo-Fi Beats Vol.48,DJ Shadow,YouTube Creator Music Store,2024,209.4,Creator Music,CM_1048,simulated/CM_1048.mp3,True
8ef190bc-b732-4876-bd7f-8c11617b2fd0,7865c318-add6-45ed-8d96-50a60ceb640b,Golden Hour Vol.49,The Synthetics,YouTube Creator Music Store,2024,145.5,Creator Music,CM_1049,simulated/CM_1049.mp3,True
dd91c601-060f-4a90-8380-7bfaa031e00d,7edcc64a-b8b8-45e8-bb69-8d07abfff73b,Summer Vibe Vol.50,DJ Shadow,YouTube Creator Music Store,2024,191.3,Creator Music,CM_1050,simulated/CM_1050.mp3,True
7d4cbfec-9e57-424e-a392-812fd5c3c226,08a1e451-a1d5-44a7-9751-cdfd850fabb2,Acoustic Journey Vol.51,The Synthetics,YouTube Creator Music Store,2024,241.9,Creator Music,CM_1051,simulated/CM_1051.mp3,True
011dcb6d-4ba8-4322-9a84-78e60db906e6,2015770d-0f68-4f22-b572-ffe465ed5f65,Golden Hour Vol.52,DJ Shadow,YouTube Creator Music Store,2024,193.8,Creator Music,CM_1052,simulated/CM_1052.mp3,True
e944be04-2ecf-49ac-9732-f766f8600c13,d54b071a-5de2-45e4-baac-faaeced3a91d,Golden Hour Vol.53,BeatMaker Pro,YouTube Creator Music Store,2024,161.2,Creator Music,CM_1053,simulated/CM_1053.mp3,True
d35c2f05-7e3d-4099-a8ba-1d58bfdd3eed,96e8d752-26f9-4468-9d4b-80fd9a8b7ff7,Golden Hour Vol.54,Luna Vance,YouTube Creator Music Store,2024,221.5,Creator Music,CM_1054,simulated/CM_1054.mp3,True
2d215c9c-3b48-424a-901b-7ac91ce867ca,0b680efe-4cb9-4404-bf74-adb25e66a840,Acoustic Journey Vol.55,Luna Vance,YouTube Creator Music Store,2024,241.0,Creator Music,CM_1055,simulated/CM_1055.mp3,True
c43ceee6-b269-41d3-b67b-59a774fce948,c6e5250b-da5c-4ad2-a41b-3bfe983ddf06,Cyberpunk Dreams Vol.56,Acoustic Duo,YouTube Creator Music Store,2024,258.4,Creator Music,CM_1056,simulated/CM_1056.mp3,True
ff89baf8-ddbb-4eef-8358-bd5e44e96762,400ab690-5056-41ec-b610-be1233187a48,Acoustic Journey Vol.57,Luna Vance,YouTube Creator Music Store,2024,205.5,Creator Music,CM_1057,simulated/CM_1057.mp3,True
115e4282-8892-4faf-b8d0-6ee34efdde86,d7d63639-56e6-4846-833b-22b599b4848a,Golden Hour Vol.58,The Synthetics,YouTube Creator Music Store,2024,240.5,Creator Music,CM_1058,simulated/CM_1058.mp3,True
acf8daef-1446-44e1-803a-949f099b5d9f,1ea4d9dc-fbee-485e-ba2d-f8a4e0f2502c,Lo-Fi Beats Vol.59,DJ Shadow,YouTube Creator Music Store,2024,128.1,Creator Music,CM_1059,simulated/CM_1059.mp3,True
94280049-7733-4850-84b0-4d1fdf2ae062,84df424d-1a18-4c40-95e0-ea35b4a1c691,Golden Hour Vol.60,BeatMaker Pro,YouTube Creator Music Store,2024,289.7,Creator Music,CM_1060,simulated/CM_1060.mp3,True
517d421d-c03f-4d39-98eb-a50b7f8b5cda,7b468a1d-9ade-498d-89c3-d2021d5efd1f,Neon Lights Vol.61,BeatMaker Pro,YouTube Creator Music Store,2024,234.7,Creator Music,CM_1061,simulated/CM_1061.mp3,True
7f43f0fa-6f2e-450b-89b2-a1663ebc4e47,88ca05c4-5d5c-4934-aa7f-2b505f113f88,Midnight City Vol.62,The Synthetics,YouTube Creator Music Store,2024,197.0,Creator Music,CM_1062,simulated/CM_1062.mp3,True
5f2d28ef-44b3-4b4e-94ed-dc40c436e951,1a76dd7f-ae90-4ab7-910e-c443dabbf64b,Midnight City Vol.63,The Synthetics,YouTube Creator Music Store,2024,133.9,Creator Music,CM_1063,simulated/CM_1063.mp3,True
a1ceb0e4-7611-4ba6-ad47-2574b1f6ffe0,cdd3d2cd-bfaa-44be-8e0e-f0314ffb1b56,Acoustic Journey Vol.64,Acoustic Duo,YouTube Creator Music Store,2024,123.5,Creator Music,CM_1064,simulated/CM_1064.mp3,True
a33594c5-27a5-4c1a-ac1c-8120a31aaa1e,5a391c2e-f292-4e9d-9ff3-b7b0137a6ee4,Lo-Fi Beats Vol.65,The Synthetics,YouTube Creator Music Store,2024,280.7,Creator Music,CM_1065,simulated/CM_1065.mp3,True
62693a43-30fb-49ca-9952-6bb60f39361f,016ffa6f-0e5c-45f6-9a6c-0825679536ad,Lo-Fi Beats Vol.66,The Synthetics,YouTube Creator Music Store,2024,299.0,Creator Music,CM_1066,simulated/CM_1066.mp3,True
686cd78e-f978-4d2f-a171-350b840d9585,fa143d55-dca8-47d2-8671-86e9a9f1db25,Lo-Fi Beats Vol.67,DJ Shadow,YouTube Creator Music Store,2024,139.8,Creator Music,CM_1067,simulated/CM_1067.mp3,True
5b293e73-e87b-41b8-b251-106f5d15183e,585d2d3d-fa9d-4d3f-8f78-80d9a5283f2f,Neon Lights Vol.68,Luna Vance,YouTube Creator Music Store,2024,216.8,Creator Music,CM_1068,simulated/CM_1068.mp3,True
9308eb91-c424-4abd-b882-94d59313c4df,b755df71-6d74-494d-94b2-a035db970fce,Lo-Fi Beats Vol.69,Acoustic Duo,YouTube Creator Music Store,2024,146.4,Creator Music,CM_1069,simulated/CM_1069.mp3,True
53668df4-03db-4e2b-83b2-231b24763d1b,4fc9f11b-f86e-434d-9763-00fb0274ae65,Summer Vibe Vol.70,Luna Vance,YouTube Creator Music Store,2024,137.8,Creator Music,CM_1070,simulated/CM_1070.mp3,True
91e37a46-59fe-49bc-bed0-675197cf3801,2edb0781-0b37-43e5-a916-c68f8aad6807,Summer Vibe Vol.71,BeatMaker Pro,YouTube Creator Music Store,2024,198.6,Creator Music,CM_1071,simulated/CM_1071.mp3,True
5ab6618a-2075-403e-9b3d-ad97ed6f0a4f,8a332a2f-51f1-4591-a888-8c2ab825396c,Golden Hour Vol.72,BeatMaker Pro,YouTube Creator Music Store,2024,125.0,Creator Music,CM_1072,simulated/CM_1072.mp3,True
e2e1f5ce-e04a-471b-8d09-55d6c1d59e2e,6398ee40-9706-4a0b-97d9-9f50b11e1c84,Cyberpunk Dreams Vol.73,Luna Vance,YouTube Creator Music Store,2024,120.8,Creator Music,CM_1073,simulated/CM_1073.mp3,True
1b920bfc-c922-4c6e-af0c-53b879e026ff,694843b0-a2c3-4ef3-b4b7-f34bdb0320e2,Midnight City Vol.74,The Synthetics,YouTube Creator Music Store,2024,262.5,Creator Music,CM_1074,simulated/CM_1074.mp3,True
4ff35f0b-8e3e-4215-8698-f2ede6e587cb,e0a33237-bca7-45ee-9895-596e045a65e6,Acoustic Journey Vol.75,DJ Shadow,YouTube Creator Music Store,2024,172.0,Creator Music,CM_1075,simulated/CM_1075.mp3,True
0372165e-9801-4862-a1a4-927e27c563c8,acfdddd2-6f37-4181-a03e-7a4d8f1f18fb,Midnight City Vol.76,Luna Vance,YouTube Creator Music Store,2024,242.7,Creator Music,CM_1076,simulated/CM_1076.mp3,True
e64a8a89-c628-4164-85ca-74c4f927cd60,a9557a5a-176a-4b49-98e4-4d6237d20abc,Acoustic Journey Vol.77,The Synthetics,YouTube Creator Music Store,2024,155.7,Creator Music,CM_1077,simulated/CM_1077.mp3,True
492e4502-bd2e-4e78-a048-1cebd029ce99,193b7bc7-09be-40c5-a34f-5f7f058cba51,Summer Vibe Vol.78,Acoustic Duo,YouTube Creator Music Store,2024,150.9,Creator Music,CM_1078,simulated/CM_1078.mp3,True
fb219e1d-169d-4026-9794-d5deabde09bb,55f87f8c-3204-468e-a8fc-8e297c053760,Cyberpunk Dreams Vol.79,Luna Vance,YouTube Creator Music Store,2024,224.8,Creator Music,CM_1079,simulated/CM_1079.mp3,True
c006ea9a-2fa7-4e65-b539-d3db86a1e4e1,e0778b91-e84d-4196-acb4-c8fdee657fc3,Golden Hour Vol.80,Luna Vance,YouTube Creator Music Store,2024,272.3,Creator Music,CM_1080,simulated/CM_1080.mp3,True
d648095f-0eb4-4dff-b6ea-040e56ed5937,3172cdaf-04e4-4a4c-be70-9c88cec4a1b1,Neon Lights Vol.81,DJ Shadow,YouTube Creator Music Store,2024,282.4,Creator Music,CM_1081,simulated/CM_1081.mp3,True
b1b6f205-285e-4221-93b8-cb8dbf6c909e,d023019a-a905-45b2-875a-02dcc794767b,Lo-Fi Beats Vol.82,DJ Shadow,YouTube Creator Music Store,2024,242.5,Creator Music,CM_1082,simulated/CM_1082.mp3,True
96dd898b-62d3-474e-821a-337d196d76d3,e51c7d0f-350c-4665-ae24-72fbf4cb2104,Lo-Fi Beats Vol.83,The Synthetics,YouTube Creator Music Store,2024,229.2,Creator Music,CM_1083,simulated/CM_1083.mp3,True
1e62cbcd-6421-4b6f-90a0-10d3fd193e01,dadfc3cd-0d70-46e1-98fa-dde780e3efab,Golden Hour Vol.84,BeatMaker Pro,YouTube Creator Music Store,2024,135.2,Creator Music,CM_1084,simulated/CM_1084.mp3,True
a069dedd-92ca-42c4-b236-9a76b978a7bc,541110b0-d114-40b6-aad1-5ad0fb7d6cc6,Acoustic Journey Vol.85,The Synthetics,YouTube Creator Music Store,2024,146.2,Creator Music,CM_1085,simulated/CM_1085.mp3,True
15cf19b5-5393-4095-bad5-ebef53acc3a3,9c42c01d-2297-4e6a-90e0-30075ca78cd2,Cyberpunk Dreams Vol.86,The Synthetics,YouTube Creator Music Store,2024,237.0,Creator Music,CM_1086,simulated/CM_1086.mp3,True
011d6f04-d91c-4e27-a679-cedd2d87dc09,496717d0-bb5f-4727-9e04-2bdc9771f970,Golden Hour Vol.87,Luna Vance,YouTube Creator Music Store,2024,188.0,Creator Music,CM_1087,simulated/CM_1087.mp3,True
b1545895-0778-4df3-a06a-3a106d313f36,603ebce4-80da-403b-8ced-fd94eb89d606,Golden Hour Vol.88,DJ Shadow,YouTube Creator Music Store,2024,272.8,Creator Music,CM_1088,simulated/CM_1088.mp3,True
b2a3c088-ec69-487b-b261-aeb51ab993d6,fcfdcb97-76b6-4952-9d27-537ef2c281e6,Midnight City Vol.89,BeatMaker Pro,YouTube Creator Music Store,2024,273.2,Creator Music,CM_1089,simulated/CM_1089.mp3,True
1c740931-3163-4383-b166-96b685f517d4,7a004aba-b0d9-4c74-9353-82afafba2750,Summer Vibe Vol.90,Acoustic Duo,YouTube Creator Music Store,2024,188.1,Creator Music,CM_1090,simulated/CM_1090.mp3,True
15a74e35-4dfd-4439-9406-8ef1dc76df1b,a7754e27-1c90-415f-a4b0-1c957d585109,Cyberpunk Dreams Vol.91,BeatMaker Pro,YouTube Creator Music Store,2024,223.9,Creator Music,CM_1091,simulated/CM_1091.mp3,True
9e59fc29-2cb4-4864-997e-d3cdb883f0d4,a3f42d8f-0924-4b1a-b656-eb820e4b01c7,Midnight City Vol.92,BeatMaker Pro,YouTube Creator Music Store,2024,228.1,Creator Music,CM_1092,simulated/CM_1092.mp3,True
7fc7e970-0dff-434b-a779-0b18facb0650,50ad8b7d-253a-434d-ace5-46e0116d15a6,Cyberpunk Dreams Vol.93,BeatMaker Pro,YouTube Creator Music Store,2024,210.0,Creator Music,CM_1093,simulated/CM_1093.mp3,True
8687f06c-df78-4623-a04a-f5bd4224fdd0,868782ce-602d-4f6d-b0be-0defb3ad6186,Summer Vibe Vol.94,BeatMaker Pro,YouTube Creator Music Store,2024,197.0,Creator Music,CM_1094,simulated/CM_1094.mp3,True
18023b60-2330-4c46-94f4-eac52c542102,c84b26dd-3680-4ea2-b0fc-d87fad4a5e24,Lo-Fi Beats Vol.95,Acoustic Duo,YouTube Creator Music Store,2024,143.3,Creator Music,CM_1095,simulated/CM_1095.mp3,True
240cab40-336f-4790-861c-8668053db547,d7927936-9cf9-4271-9817-a3b90edaac61,Cyberpunk Dreams Vol.96,Acoustic Duo,YouTube Creator Music Store,2024,151.1,Creator Music,CM_1096,simulated/CM_1096.mp3,True
9958cd88-3dae-478c-b188-8c5c5fa81dbc,47c98e3c-55f2-436a-92b9-8e89fe3ef0df,Acoustic Journey Vol.97,Luna Vance,YouTube Creator Music Store,2024,235.3,Creator Music,CM_1097,simulated/CM_1097.mp3,True
89f29a20-4982-4a4f-92bc-1e0d4fac2c5d,28e9f4da-7990-4425-a610-618485b4ff53,Golden Hour Vol.98,DJ Shadow,YouTube Creator Music Store,2024,156.6,Creator Music,CM_1098,simulated/CM_1098.mp3,True
791e7346-be76-4643-8286-6ce9ee563e2a,654a390a-1fe4-41fd-84f8-e6ba8b2dcafe,Acoustic Journey Vol.99,The Synthetics,YouTube Creator Music Store,2024,241.3,Creator Music,CM_1099,simulated/CM_1099.mp3,True
2fdfcd5e-e579-4ead-9ed7-2bb557087b3d,a12448ea-182d-4dc8-8667-85900704ffdb,Lo-Fi Beats Vol.100,BeatMaker Pro,YouTube Creator Music Store,2024,255.7,Creator Music,CM_1100,simulated/CM_1100.mp3,True
1bb9dbd8-d0bc-471f-9228-4c0a862049ad,ec516593-f538-4180-a14d-33f1c442a8ad,Classical PD Work pd_rec_008,Orchestra Performance,Public Domain Music Archive,1920,280.1,Public Domain Archive,pd_rec_008,audio/pd_rec_008.mp3,True
9c7bddd2-2058-4a03-944c-5efe8384a8bc,53dfbf76-c1ad-4d7b-88d8-2b707b76eb9e,Classical PD Work pd_rec_001,Orchestra Performance,Public Domain Music Archive,1920,325.8,Public Domain Archive,pd_rec_001,audio/pd_rec_001.mp3,True
1917bf5e-db5f-4af2-9d0b-509a32ba86dc,3e6cd084-98a2-4ac3-b799-15f397e82284,Classical PD Work pd_rec_002,Orchestra Performance,Public Domain Music Archive,1920,303.0,Public Domain Archive,pd_rec_002,audio/pd_rec_002.mp3,True
4d6db240-f501-4b0e-a58f-b8e50f53caf9,6bd52384-3265-47b5-91cb-aed968b987a8,Classical PD Work pd_rec_004,Orchestra Performance,Public Domain Music Archive,1920,325.8,Public Domain Archive,pd_rec_004,audio/pd_rec_004.mp3,True
eef01ee4-87e6-44dc-b4d0-a6aa97313afe,0f3eaa81-7866-4137-b5e5-10490b16e059,Classical PD Work pd_rec_005,Orchestra Performance,Public Domain Music Archive,1920,426.6,Public Domain Archive,pd_rec_005,audio/pd_rec_005.mp3,True
42afdf45-3445-41d6-a85e-1364f09d5c98,78a2fa35-db12-461f-98ee-02dc9cfdcf6b,Classical PD Work pd_rec_010,Orchestra Performance,Public Domain Music Archive,1920,344.6,Public Domain Archive,pd_rec_010,audio/pd_rec_010.mp3,True
4d97e4d4-c176-43b7-b777-52a24a221842,d108983a-da67-4b7a-947d-7124bb3a0850,Classical PD Work pd_rec_007,Orchestra Performance,Public Domain Music Archive,1920,426.6,Public Domain Archive,pd_rec_007,audio/pd_rec_007.mp3,True
02f5b860-e222-49b7-9110-86542fa798eb,871d4082-c543-49e1-97c4-7df2daf7af1a,Classical PD Work pd_rec_006,Orchestra Performance,Public Domain Music Archive,1920,528.2,Public Domain Archive,pd_rec_006,audio/pd_rec_006.mp3,True
4ceb815e-5fd0-49d4-af10-139f574c6c4f,6c09f7da-0be3-4107-b097-64f22e27eea0,Classical PD Work pd_rec_003,Orchestra Performance,Public Domain Music Archive,1920,551.9,Public Domain Archive,pd_rec_003,audio/pd_rec_003.mp3,True
4d7cded6-d2db-43c7-af2b-a303bc03bcc7,83902ac3-509b-4858-9cb8-434a6d00a674,Classical PD Work pd_rec_009,Orchestra Performance,Public Domain Music Archive,1920,483.4,Public Domain Archive,pd_rec_009,audio/pd_rec_009.mp3,True
f887f14f-35e6-413a-b202-5f6f21aaa1ee,a95d166f-6db5-435f-a849-16a5b1bd3117,Classical PD Work pd_rec_011,Orchestra Performance,Public Domain Music Archive,1920,389.9,Public Domain Archive,pd_rec_011,audio/pd_rec_011.mp3,True
ff5d986f-9efb-45e2-9edf-d6b6136739f5,7382d68c-9f97-4dc5-b844-fe63bd00f8a5,Classical PD Work pd_rec_013,Orchestra Performance,Public Domain Music Archive,1920,373.3,Public Domain Archive,pd_rec_013,audio/pd_rec_013.mp3,True
efa8d0c1-69e2-47d2-b8ed-7d0affb165c9,97792a5d-273e-4220-94c8-4f80012e9f39,Classical PD Work pd_rec_012,Orchestra Performance,Public Domain Music Archive,1920,280.1,Public Domain Archive,pd_rec_012,audio/pd_rec_012.mp3,True
af047044-a715-4ee5-91ce-b6e2d639eb5f,7e6ad758-f653-48c3-81fe-0475a8ac9aa7,Classical PD Work pd_rec_016,Orchestra Performance,Public Domain Music Archive,1920,421.3,Public Domain Archive,pd_rec_016,audio/pd_rec_016.mp3,True
23fbdbaf-e9e3-4b76-a4a6-e8e6775dce5e,1abcc0a3-b495-4fba-a9e4-659f2d91ba0f,Classical PD Work pd_rec_020,Orchestra Performance,Public Domain Music Archive,1920,280.1,Public Domain Archive,pd_rec_020,audio/pd_rec_020.mp3,True
ee89f847-87a7-4f7f-9bf3-cba1770575b0,6faeff0e-f49b-4d52-9149-0b643f54b915,Classical PD Work pd_rec_014,Orchestra Performance,Public Domain Music Archive,1920,514.4,Public Domain Archive,pd_rec_014,audio/pd_rec_014.mp3,True
a995ba31-76cb-410e-8848-bbde2aa42b6b,a8d31f24-93a1-4196-99ac-834c2ba9653c,Classical PD Work pd_rec_015,Orchestra Performance,Public Domain Music Archive,1920,389.9,Public Domain Archive,pd_rec_015,audio/pd_rec_015.mp3,True
ef32c52c-e23a-4487-9d91-42b0614e088b,66341047-0b8b-4943-a59e-4c8e0660eb7f,Classical PD Work pd_rec_017,Orchestra Performance,Public Domain Music Archive,1920,551.9,Public Domain Archive,pd_rec_017,audio/pd_rec_017.mp3,True
d6701b1a-83f9-4b82-b38b-19133a490926,2e19554a-899e-4394-87f9-32771e01a53a,Classical PD Work pd_rec_018,Orchestra Performance,Public Domain Music Archive,1920,483.4,Public Domain Archive,pd_rec_018,audio/pd_rec_018.mp3,True
8090285d-14e2-47f7-aceb-8f54d7730f91,5f83f0db-ba4d-41e0-ab4d-34065298aba3,Classical PD Work pd_rec_019,Orchestra Performance,Public Domain Music Archive,1920,438.0,Public Domain Archive,pd_rec_019,audio/pd_rec_019.mp3,True
7245cf7a-ec3f-431a-a89d-929a6ac372e4,5ab48392-ec74-4984-b570-4e485753411d,Classical PD Work pd_rec_021,Orchestra Performance,Public Domain Music Archive,1920,325.8,Public Domain Archive,pd_rec_021,audio/pd_rec_021.mp3,True
c3060227-0e2f-4b9d-a758-a770e3a07886,1a9af958-4292-4b35-928f-350cfdce9240,Classical PD Work pd_rec_023,Orchestra Performance,Public Domain Music Archive,1920,303.0,Public Domain Archive,pd_rec_023,audio/pd_rec_023.mp3,True
492b0964-f3c3-496f-a409-fb36dbc7e9a7,a21f53b9-1c46-48d1-bdc8-937cc680945e,Classical PD Work pd_rec_022,Orchestra Performance,Public Domain Music Archive,1920,325.8,Public Domain Archive,pd_rec_022,audio/pd_rec_022.mp3,True
fdf35dc4-d847-4a48-b10d-bd1ee6cb5200,5864803c-6ce3-4b59-8b9e-785920a3eb93,Classical PD Work pd_rec_025,Orchestra Performance,Public Domain Music Archive,1920,325.8,Public Domain Archive,pd_rec_025,audio/pd_rec_025.mp3,True
e3d36c99-1914-495b-a452-2265806ec624,afcafeda-c943-44a0-835a-03e5bcb3f866,Classical PD Work pd_rec_026,Orchestra Performance,Public Domain Music Archive,1920,344.6,Public Domain Archive,pd_rec_026,audio/pd_rec_026.mp3,True
aa60be4a-b11f-41c9-b988-44f90efc8a15,0311eac3-c76f-4b0e-b01b-da7c501ebe05,Classical PD Work pd_rec_028,Orchestra Performance,Public Domain Music Archive,1920,280.1,Public Domain Archive,pd_rec_028,audio/pd_rec_028.mp3,True
2f25618e-edb7-45e1-a216-21f073f0a620,17d2dd33-e25d-46d8-83b1-3f5953f1f586,Classical PD Work pd_rec_024,Orchestra Performance,Public Domain Music Archive,1920,528.2,Public Domain Archive,pd_rec_024,audio/pd_rec_024.mp3,True
bf384565-158e-4822-9c63-6e57dc4bae54,5a6ad5eb-cf4b-4163-817c-7bb913e2f3dd,Classical PD Work pd_rec_029,Orchestra Performance,Public Domain Music Archive,1920,426.6,Public Domain Archive,pd_rec_029,audio/pd_rec_029.mp3,True
0eff2c81-b9db-44c3-8576-2b57e687851b,84c2bd23-8145-488f-b65e-01eafa968cd9,Classical PD Work pd_rec_027,Orchestra Performance,Public Domain Music Archive,1920,514.4,Public Domain Archive,pd_rec_027,audio/pd_rec_027.mp3,True
709ee3f8-26b7-457e-81aa-a4bf6c18c128,c177c3ca-fed3-4df2-814c-e848ae33cc5d,Classical PD Work pd_rec_030,Orchestra Performance,Public Domain Music Archive,1920,517.0,Public Domain Archive,pd_rec_030,audio/pd_rec_030.mp3,True
515725b8-0c94-4095-936d-58002aee9dda,0a0ad744-bdc3-4fb4-bd13-c6cddb5ffaa1,Classical PD Work pd_rec_031,Orchestra Performance,Public Domain Music Archive,1920,517.0,Public Domain Archive,pd_rec_031,audio/pd_rec_031.mp3,True
e6d37b1a-7c50-42fb-93ab-f84353767510,5f911bb3-8006-42b3-8cbf-7a108120f7b7,Classical PD Work pd_rec_032,Orchestra Performance,Public Domain Music Archive,1920,438.0,Public Domain Archive,pd_rec_032,audio/pd_rec_032.mp3,True
9bbba430-6d46-477b-9542-553f5d31e170,ebf68b7b-5f02-429b-8188-4df547f4340a,Classical PD Work pd_rec_033,Orchestra Performance,Public Domain Music Archive,1920,514.4,Public Domain Archive,pd_rec_033,audio/pd_rec_033.mp3,True
e40ceee0-6d8a-43bc-8fa9-5ae039e76fc6,165e17f9-12d4-441a-aa18-f223b33f788c,Classical PD Work pd_rec_037,Orchestra Performance,Public Domain Music Archive,1920,373.3,Public Domain Archive,pd_rec_037,audio/pd_rec_037.mp3,True
f41a9d94-04f8-4ff2-9034-b5563ed603a9,1f8bd6d0-b032-4e85-bc7a-e70b074f3bcb,Classical PD Work pd_rec_036,Orchestra Performance,Public Domain Music Archive,1920,483.4,Public Domain Archive,pd_rec_036,audio/pd_rec_036.mp3,True
da41839f-4ec2-4e76-bf19-d4591e01df18,f7f1e176-47c9-4a10-b93f-54820279737c,Classical PD Work pd_rec_038,Orchestra Performance,Public Domain Music Archive,1920,344.6,Public Domain Archive,pd_rec_038,audio/pd_rec_038.mp3,True
94bb65bc-d425-45aa-ba09-b7fbf808e8a7,464a94b5-2fc1-4c35-b1ae-12ff74637f73,Classical PD Work pd_rec_040,Orchestra Performance,Public Domain Music Archive,1920,280.1,Public Domain Archive,pd_rec_040,audio/pd_rec_040.mp3,True
a3d01882-8799-4e57-b5ce-2c7b0a1824e0,46263065-c4df-455f-81e5-a5faa1afa4b8,Classical PD Work pd_rec_035,Orchestra Performance,Public Domain Music Archive,1920,551.9,Public Domain Archive,pd_rec_035,audio/pd_rec_035.mp3,True
298f2c70-e2d3-4026-b3e6-1a813ca332c8,cec19fb9-b473-44af-a66d-fb2b337e1516,Classical PD Work pd_rec_034,Orchestra Performance,Public Domain Music Archive,1920,470.8,Public Domain Archive,pd_rec_034,audio/pd_rec_034.mp3,True
9ce1d392-1827-45d2-84d3-76e7ce6b6679,abf5385b-3591-4613-accc-dd7bc7308914,Classical PD Work pd_rec_041,Orchestra Performance,Public Domain Music Archive,1920,528.2,Public Domain Archive,pd_rec_041,audio/pd_rec_041.mp3,True
e3998d24-3e99-422a-bb34-bbb830d587dc,efeaf729-57ff-48b7-98e2-5021e9cfe88c,Classical PD Work pd_rec_039,Orchestra Performance,Public Domain Music Archive,1920,551.9,Public Domain Archive,pd_rec_039,audio/pd_rec_039.mp3,True
37a73efe-b46d-4288-9ba2-174618f11fc6,d33da2ca-f617-4364-97f1-7c984ae410de,Classical PD Work pd_rec_042,Orchestra Performance,Public Domain Music Archive,1920,551.9,Public Domain Archive,pd_rec_042,audio/pd_rec_042.mp3,True
67e0045e-0bcb-4a5c-9f87-526c52cc4c6c,6617089e-4753-4c7d-b957-82f255bb3e08,Classical PD Work pd_rec_043,Orchestra Performance,Public Domain Music Archive,1920,389.9,Public Domain Archive,pd_rec_043,audio/pd_rec_043.mp3,True
4cd25617-6d6a-47d8-8e71-00a1d5a88140,de2897da-86cc-4bdc-b9a0-d435aa1da09d,Classical PD Work pd_rec_052,Orchestra Performance,Public Domain Music Archive,1920,303.0,Public Domain Archive,pd_rec_052,audio/pd_rec_052.mp3,True
b0211c4d-5df5-4ec6-aee9-75b1cb832eea,6b51ae70-1739-4979-999b-6bd3f1f53a93,Classical PD Work pd_rec_047,Orchestra Performance,Public Domain Music Archive,1920,373.3,Public Domain Archive,pd_rec_047,audio/pd_rec_047.mp3,True
08177d71-8840-4b59-9988-e36b14e2312c,5a18c983-e5d5-4794-aa35-fbb7721cf426,Classical PD Work pd_rec_045,Orchestra Performance,Public Domain Music Archive,1920,344.6,Public Domain Archive,pd_rec_045,audio/pd_rec_045.mp3,True
302f4aad-1ad7-4870-b369-052b384f6f93,44afe03b-4840-4710-b49c-6695153aa54a,Classical PD Work pd_rec_053,Orchestra Performance,Public Domain Music Archive,1920,354.5,Public Domain Archive,pd_rec_053,audio/pd_rec_053.mp3,True
f7e90bb3-18c9-4ddc-baeb-519e3efb82d7,7b144213-f66e-45c7-99c1-c7d527ab572b,Classical PD Work pd_rec_046,Orchestra Performance,Public Domain Music Archive,1920,551.9,Public Domain Archive,pd_rec_046,audio/pd_rec_046.mp3,True
620975da-f6fe-4400-9958-17e979cd3a55,80cbd524-0a8b-4392-865f-ef582ff105cb,Classical PD Work pd_rec_044,Orchestra Performance,Public Domain Music Archive,1920,528.2,Public Domain Archive,pd_rec_044,audio/pd_rec_044.mp3,True
31cb3caf-071e-4e1c-9641-62b41977f8b8,739d0edb-a8c9-4e15-9db9-0f1802e8cab1,Classical PD Work pd_rec_050,Orchestra Performance,Public Domain Music Archive,1920,528.2,Public Domain Archive,pd_rec_050,audio/pd_rec_050.mp3,True
9172c172-f872-4095-b962-bef85bfa70d6,89a5803d-cd6f-4e17-9c6e-a3fdd9a3f918,Classical PD Work pd_rec_055,Orchestra Performance,Public Domain Music Archive,1920,470.8,Public Domain Archive,pd_rec_055,audio/pd_rec_055.mp3,True
35abed4c-15e5-4435-bdb9-5b31581cbec8,bcb14e6e-be50-4f48-bc98-e9bf1b882be7,Classical PD Work pd_rec_051,Orchestra Performance,Public Domain Music Archive,1920,280.1,Public Domain Archive,pd_rec_051,audio/pd_rec_051.mp3,True
d2d7070b-45e5-4330-8e86-131f513cc7a4,a25fd6f5-0bdb-4fe8-89af-82c415e64685,Classical PD Work pd_rec_056,Orchestra Performance,Public Domain Music Archive,1920,344.6,Public Domain Archive,pd_rec_056,audio/pd_rec_056.mp3,True
82b13ce9-1595-48d0-9e91-e4c53a1a1e60,d17c1056-788b-4cf0-80c3-07c0ca9e3844,Classical PD Work pd_rec_048,Orchestra Performance,Public Domain Music Archive,1920,470.8,Public Domain Archive,pd_rec_048,audio/pd_rec_048.mp3,True
a157b052-3f37-4f0f-a6e2-20e062b472df,0dcb68b2-2ac4-4e34-a9f0-111b65bc1575,Classical PD Work pd_rec_057,Orchestra Performance,Public Domain Music Archive,1920,344.6,Public Domain Archive,pd_rec_057,audio/pd_rec_057.mp3,True
4f3d77f6-feaa-411d-bbe7-1281bd1b320a,d3c80b1d-dafe-4a5c-b904-1db74a04e7c6,Classical PD Work pd_rec_049,Orchestra Performance,Public Domain Music Archive,1920,517.0,Public Domain Archive,pd_rec_049,audio/pd_rec_049.mp3,True
b1b9cc02-6fb7-4c8d-b737-ecabffffa3e7,3ea6c24f-1607-4535-af77-3013ff2a11a9,Classical PD Work pd_rec_054,Orchestra Performance,Public Domain Music Archive,1920,303.0,Public Domain Archive,pd_rec_054,audio/pd_rec_054.mp3,True
983cfaba-55a8-4d50-a0aa-14a6b0c32def,e8935577-f733-4fce-b81c-d37cab66dc55,Classical PD Work pd_rec_059,Orchestra Performance,Public Domain Music Archive,1920,303.0,Public Domain Archive,pd_rec_059,audio/pd_rec_059.mp3,True
8086bc7f-5b9d-4899-a153-018d4891c6fe,9393ff8c-c50e-4d0d-a1e3-156fd63993fb,Classical PD Work pd_rec_061,Orchestra Performance,Public Domain Music Archive,1920,514.4,Public Domain Archive,pd_rec_061,audio/pd_rec_061.mp3,True
00c0ada2-5cb9-4c68-892f-8f625382e0d7,ba3ae69b-0366-4eff-8a38-db136ba23a0b,Classical PD Work pd_rec_060,Orchestra Performance,Public Domain Music Archive,1920,517.0,Public Domain Archive,pd_rec_060,audio/pd_rec_060.mp3,True
a3b2650f-f667-4f18-a33c-d7925315c990,246370b3-b24a-4faa-b180-ef92a58b0663,Classical PD Work pd_rec_068,Orchestra Performance,Public Domain Music Archive,1920,280.1,Public Domain Archive,pd_rec_068,audio/pd_rec_068.mp3,True
88bc0303-fc2e-41bd-9246-022079e7ca85,f679e8a3-3d69-4068-af2f-c5a5b5fd1f4e,Classical PD Work pd_rec_064,Orchestra Performance,Public Domain Music Archive,1920,483.4,Public Domain Archive,pd_rec_064,audio/pd_rec_064.mp3,True
68d532b5-94da-4f84-851c-84f3b45d5ca0,75ba4882-acc1-4e28-adca-e56679d65032,Classical PD Work pd_rec_065,Orchestra Performance,Public Domain Music Archive,1920,470.8,Public Domain Archive,pd_rec_065,audio/pd_rec_065.mp3,True
b3e1d347-74f2-4f78-ba34-00f94a0ab777,9fc48eed-9643-49fc-af10-ef96dc2e268c,Classical PD Work pd_rec_066,Orchestra Performance,Public Domain Music Archive,1920,438.0,Public Domain Archive,pd_rec_066,audio/pd_rec_066.mp3,True
3149b35a-7725-4090-9900-e53020c2746b,424d6f23-785b-4b06-9bee-381472049f96,Classical PD Work pd_rec_063,Orchestra Performance,Public Domain Music Archive,1920,389.9,Public Domain Archive,pd_rec_063,audio/pd_rec_063.mp3,True
16352c88-8ee3-44f5-8072-c91740800a70,10d56322-d66a-4fa3-ad99-a16a3967de26,Classical PD Work pd_rec_062,Orchestra Performance,Public Domain Music Archive,1920,551.9,Public Domain Archive,pd_rec_062,audio/pd_rec_062.mp3,True
610ada8e-5194-45c6-9c2d-d92ba30e4e2b,733f5a3f-aaee-4dbf-a438-9901d70bf4cb,Classical PD Work pd_rec_067,Orchestra Performance,Public Domain Music Archive,1920,421.3,Public Domain Archive,pd_rec_067,audio/pd_rec_067.mp3,True
c6392841-ede7-472b-9524-4cf65e826596,277f2f4a-7e4b-4418-8692-63dbf9522ba0,Classical PD Work pd_rec_069,Orchestra Performance,Public Domain Music Archive,1920,303.0,Public Domain Archive,pd_rec_069,audio/pd_rec_069.mp3,True
bcc9fd5d-d75a-4155-a08b-70c893ff6e6a,b676a553-2222-4e6c-9a3c-acad2c4f4eed,Classical PD Work pd_rec_070,Orchestra Performance,Public Domain Music Archive,1920,551.9,Public Domain Archive,pd_rec_070,audio/pd_rec_070.mp3,True
491690dd-9aab-40e0-8194-576e8599fde9,a26de97f-39e9-4e44-a522-c39391fbac0d,Classical PD Work pd_rec_071,Orchestra Performance,Public Domain Music Archive,1920,426.6,Public Domain Archive,pd_rec_071,audio/pd_rec_071.mp3,True
167a6e58-af51-42e4-a142-12b4b67bcc9e,3d87973b-acbd-41d2-8d14-0fc0441f0615,Classical PD Work pd_rec_058,Orchestra Performance,Public Domain Music Archive,1920,517.0,Public Domain Archive,pd_rec_058,audio/pd_rec_058.mp3,True
7fffea64-3f8a-4e62-af58-01771175c7c7,5c2d2384-e90a-4dd0-a10c-82d77c6154f8,Classical PD Work pd_rec_072,Orchestra Performance,Public Domain Music Archive,1920,344.6,Public Domain Archive,pd_rec_072,audio/pd_rec_072.mp3,True
ecccafa4-bce9-4334-9de4-42dc5a878052,34c21602-4eda-49f6-a414-f722f81606f8,Classical PD Work pd_rec_073,Orchestra Performance,Public Domain Music Archive,1920,389.9,Public Domain Archive,pd_rec_073,audio/pd_rec_073.mp3,True
1c390b89-d949-482a-b858-2fb5224bc210,b448c900-fece-4c8f-a4b6-812f263e8648,Classical PD Work pd_rec_075,Orchestra Performance,Public Domain Music Archive,1920,421.3,Public Domain Archive,pd_rec_075,audio/pd_rec_075.mp3,True
5d86af7a-e699-4ed3-8029-c10c3636f282,bfcf9140-fc4a-41da-9214-fa2d616cec92,Classical PD Work pd_rec_074,Orchestra Performance,Public Domain Music Archive,1920,528.2,Public Domain Archive,pd_rec_074,audio/pd_rec_074.mp3,True
5a8b9343-4f59-48b0-94dd-7ce9d8a38417,29fb6c33-fade-4dc1-9b50-62baa3cf73ec,Classical PD Work pd_rec_076,Orchestra Performance,Public Domain Music Archive,1920,344.6,Public Domain Archive,pd_rec_076,audio/pd_rec_076.mp3,True
c21adf0a-268a-46cc-974f-d3e38bc9f7ce,aeb9eea2-8efe-4949-b347-4768aa0e286d,Classical PD Work pd_rec_080,Orchestra Performance,Public Domain Music Archive,1920,344.6,Public Domain Archive,pd_rec_080,audio/pd_rec_080.mp3,True
34d26cdd-d10e-420c-b341-cdfca2e2a957,49819861-d90e-4d74-a521-4d2d6e4de900,Classical PD Work pd_rec_078,Orchestra Performance,Public Domain Music Archive,1920,389.9,Public Domain Archive,pd_rec_078,audio/pd_rec_078.mp3,True
080c392a-31f0-4cae-bccb-26814034de58,71464a27-7a42-4639-9bad-5075ca6285df,Classical PD Work pd_rec_079,Orchestra Performance,Public Domain Music Archive,1920,514.4,Public Domain Archive,pd_rec_079,audio/pd_rec_079.mp3,True
403da039-9862-4361-9d67-e8a2a72263ca,0cc14218-fc1a-4507-a0ec-4764414759ec,Classical PD Work pd_rec_077,Orchestra Performance,Public Domain Music Archive,1920,303.0,Public Domain Archive,pd_rec_077,audio/pd_rec_077.mp3,True
653a75b3-06f6-46aa-bd9d-8a88616296a6,49f305c9-9d1a-4abc-a48e-6be059237c7f,Classical PD Work pd_rec_081,Orchestra Performance,Public Domain Music Archive,1920,514.4,Public Domain Archive,pd_rec_081,audio/pd_rec_081.mp3,True
f85e914d-ea7e-4bc8-972f-6b35c740e36d,0c27ff8f-a6bd-445a-ac21-dd4a4701fdd9,Classical PD Work pd_rec_088,Orchestra Performance,Public Domain Music Archive,1920,280.1,Public Domain Archive,pd_rec_088,audio/pd_rec_088.mp3,True
1b693c33-cfb1-43a5-92b1-3d21622022b4,0a87f708-f836-42ae-8645-3d38a935ad38,Classical PD Work pd_rec_082,Orchestra Performance,Public Domain Music Archive,1920,373.3,Public Domain Archive,pd_rec_082,audio/pd_rec_082.mp3,True
53afed2a-02ff-47a0-897d-2437bfe9b846,d26bc17b-f52c-4d0e-9503-5f151fc933e4,Classical PD Work pd_rec_087,Orchestra Performance,Public Domain Music Archive,1920,325.8,Public Domain Archive,pd_rec_087,audio/pd_rec_087.mp3,True
6f36283e-9a07-4e95-8e07-82e6fa14fbe4,9aaf4e10-9e51-47c7-ace7-355f46252c06,Classical PD Work pd_rec_089,Orchestra Performance,Public Domain Music Archive,1920,373.3,Public Domain Archive,pd_rec_089,audio/pd_rec_089.mp3,True
33a67b80-a503-4fc9-b7be-9016b5ab5a88,60895ad5-4641-4ea5-ad55-2c31c7c4b82d,Classical PD Work pd_rec_091,Orchestra Performance,Public Domain Music Archive,1920,280.1,Public Domain Archive,pd_rec_091,audio/pd_rec_091.mp3,True
0e294eb9-430d-48c6-b053-604bc804c61e,15e1a5d6-704b-43b6-b550-a19e31b5b4bd,Classical PD Work pd_rec_090,Orchestra Performance,Public Domain Music Archive,1920,426.6,Public Domain Archive,pd_rec_090,audio/pd_rec_090.mp3,True
ba0598dd-1cf0-4b0b-924d-abe6d0b06cd3,2159030a-10c2-41e6-9272-8c4a72753668,Classical PD Work pd_rec_083,Orchestra Performance,Public Domain Music Archive,1920,325.8,Public Domain Archive,pd_rec_083,audio/pd_rec_083.mp3,True
3b4b0979-976a-47c1-9e64-64bbc3653d04,0e317973-7a4f-4a54-b029-0a9c72f4912e,Classical PD Work pd_rec_096,Orchestra Performance,Public Domain Music Archive,1920,280.1,Public Domain Archive,pd_rec_096,audio/pd_rec_096.mp3,True
30767bd3-222a-4ca5-946c-8bf6ac4b4765,46616ea5-0c45-4eb8-b558-53ad1c1ec780,Classical PD Work pd_rec_084,Orchestra Performance,Public Domain Music Archive,1920,373.3,Public Domain Archive,pd_rec_084,audio/pd_rec_084.mp3,True
1ab36091-1e95-491e-b348-2c4e96a0d4f3,dc110154-d36f-4def-8e71-8c6ebba3112a,Classical PD Work pd_rec_086,Orchestra Performance,Public Domain Music Archive,1920,528.2,Public Domain Archive,pd_rec_086,audio/pd_rec_086.mp3,True
815f6de8-1068-4d30-8029-58d75bed19fb,e2c75fbb-e12d-416b-ab65-f025d3404afa,Classical PD Work pd_rec_097,Orchestra Performance,Public Domain Music Archive,1920,373.3,Public Domain Archive,pd_rec_097,audio/pd_rec_097.mp3,True
357c5b90-a639-47d8-a3ce-4313cb60298d,6fd32250-93b4-4af0-8c1d-0f2fadf3a4a4,Classical PD Work pd_rec_085,Orchestra Performance,Public Domain Music Archive,1920,426.6,Public Domain Archive,pd_rec_085,audio/pd_rec_085.mp3,True
57de4a66-be20-4139-a7ec-84d9068eb435,ea0967a7-a8cf-41d3-a63a-c3cf945c16cf,Classical PD Work pd_rec_093,Orchestra Performance,Public Domain Music Archive,1920,303.0,Public Domain Archive,pd_rec_093,audio/pd_rec_093.mp3,True
adcfb473-d915-4c30-90b9-bf04f08b9fe4,7c96039c-ce01-45d4-9bfc-08a7bf434849,Classical PD Work pd_rec_094,Orchestra Performance,Public Domain Music Archive,1920,303.0,Public Domain Archive,pd_rec_094,audio/pd_rec_094.mp3,True
1ce6c0d9-3e81-40a8-aa7e-7eaeecc3cdb7,559d2a00-1258-4085-b70f-aeb629188cca,Classical PD Work pd_rec_092,Orchestra Performance,Public Domain Music Archive,1920,517.0,Public Domain Archive,pd_rec_092,audio/pd_rec_092.mp3,True
d4b14998-7509-4910-89d5-48042c4f3686,de6103ca-375c-4415-9b89-ae9b97649bc6,Classical PD Work pd_rec_101,Orchestra Performance,Public Domain Music Archive,1920,325.8,Public Domain Archive,pd_rec_101,audio/pd_rec_101.mp3,True
de599c5f-df2e-4993-80f6-e8ee4d309c82,ea86eb18-1a13-48f5-a26e-29c34c567aa5,Classical PD Work pd_rec_102,Orchestra Performance,Public Domain Music Archive,1920,517.0,Public Domain Archive,pd_rec_102,audio/pd_rec_102.mp3,True
ea6b69e7-23e2-4694-ad08-d9a95b180643,ee3e2174-746f-4978-91b4-38aaaaba2be5,Classical PD Work pd_rec_099,Orchestra Performance,Public Domain Music Archive,1920,280.1,Public Domain Archive,pd_rec_099,audio/pd_rec_099.mp3,True
4386a2b8-d866-4d8e-8505-87763373a6f0,5fe050b5-451d-4b58-84fb-09c5393328be,Classical PD Work pd_rec_095,Orchestra Performance,Public Domain Music Archive,1920,280.1,Public Domain Archive,pd_rec_095,audio/pd_rec_095.mp3,True
6a997955-1e70-4d03-97fe-b9cbd9ee1303,e7066187-6a37-45ff-9de6-10f0af0331f9,Classical PD Work pd_rec_104,Orchestra Performance,Public Domain Music Archive,1920,514.4,Public Domain Archive,pd_rec_104,audio/pd_rec_104.mp3,True
b8082344-709d-49df-ac00-a2975c849bb1,3e57341b-0a38-4486-8a16-7025ee7e77b5,Classical PD Work pd_rec_105,Orchestra Performance,Public Domain Music Archive,1920,528.2,Public Domain Archive,pd_rec_105,audio/pd_rec_105.mp3,True
3f2e8b4b-8284-4787-a111-ac0c041c5da0,851d0862-6385-4ece-9080-8d69fe6dcdef,Classical PD Work pd_rec_106,Orchestra Performance,Public Domain Music Archive,1920,514.4,Public Domain Archive,pd_rec_106,audio/pd_rec_106.mp3,True
66ac9628-2c0d-4cdf-9621-7a8d9433419d,a82ae1cb-e12f-4e37-b6c7-23f827fd88db,Classical PD Work pd_rec_108,Orchestra Performance,Public Domain Music Archive,1920,514.4,Public Domain Archive,pd_rec_108,audio/pd_rec_108.mp3,True
8a501dc8-950b-43db-b805-40753c61afcb,2bd6c1ac-3868-4177-8d80-d322abe113c7,Classical PD Work pd_rec_098,Orchestra Performance,Public Domain Music Archive,1920,470.8,Public Domain Archive,pd_rec_098,audio/pd_rec_098.mp3,True
e59045a4-672e-4298-8cb0-524381b2d2c5,9985418c-d939-4b8c-9fd7-a9dd3b31dd73,Classical PD Work pd_rec_110,Orchestra Performance,Public Domain Music Archive,1920,389.9,Public Domain Archive,pd_rec_110,audio/pd_rec_110.mp3,True
0e34781c-b1a5-4f26-bfbf-48a79ece6c48,c00a113d-944b-4e64-ba8b-50ff2311a9eb,Classical PD Work pd_rec_109,Orchestra Performance,Public Domain Music Archive,1920,528.2,Public Domain Archive,pd_rec_109,audio/pd_rec_109.mp3,True
1253268a-634e-459e-b235-d11aac9c4bb1,56dd6b55-1a0a-40ed-88f1-56863669f483,Classical PD Work pd_rec_111,Orchestra Performance,Public Domain Music Archive,1920,421.3,Public Domain Archive,pd_rec_111,audio/pd_rec_111.mp3,True
3c351aba-291b-4c16-b0bb-d9c324a021a5,e4c72852-95c2-4c82-ae4f-6227cb1cab24,Classical PD Work pd_rec_112,Orchestra Performance,Public Domain Music Archive,1920,438.0,Public Domain Archive,pd_rec_112,audio/pd_rec_112.mp3,True
9c2c2f51-0846-421b-8b8f-3e691824d61f,0140a1ec-8160-40cb-921d-17488baca9da,Classical PD Work pd_rec_113,Orchestra Performance,Public Domain Music Archive,1920,528.2,Public Domain Archive,pd_rec_113,audio/pd_rec_113.mp3,True
cfb62d61-095d-4a99-8492-73e6095b04bc,d20d1b9b-e975-49c8-b348-6253562f4203,Classical PD Work pd_rec_103,Orchestra Performance,Public Domain Music Archive,1920,344.6,Public Domain Archive,pd_rec_103,audio/pd_rec_103.mp3,True
c6156374-1002-45e3-947d-d9f2cc820668,fa43ff35-94bb-4953-b0bd-48b1e357fe8f,Classical PD Work pd_rec_114,Orchestra Performance,Public Domain Music Archive,1920,551.9,Public Domain Archive,pd_rec_114,audio/pd_rec_114.mp3,True
46d4d975-7b0a-4e13-8d7c-1cfa8b9861ad,63a3cbc4-9a02-4f1b-af9f-91dc0a4abfe0,Classical PD Work pd_rec_107,Orchestra Performance,Public Domain Music Archive,1920,303.0,Public Domain Archive,pd_rec_107,audio/pd_rec_107.mp3,True
10bf6a7f-4adb-4392-8611-a484f1396793,4e65e6c6-3a3e-4354-b4c2-3349fa14acd1,Classical PD Work pd_rec_100,Orchestra Performance,Public Domain Music Archive,1920,483.4,Public Domain Archive,pd_rec_100,audio/pd_rec_100.mp3,True
b14b78fa-c0da-4c6a-b7c1-8baff7ab4071,57bae38b-7bae-4c54-84c1-ef1bca766c94,Classical PD Work pd_rec_115,Orchestra Performance,Public Domain Music Archive,1920,528.2,Public Domain Archive,pd_rec_115,audio/pd_rec_115.mp3,True
e898691b-dd01-44e5-be73-6901e1c0a100,acb40a72-fdab-41f0-9cfa-1f9721666924,Classical PD Work pd_rec_116,Orchestra Performance,Public Domain Music Archive,1920,483.4,Public Domain Archive,pd_rec_116,audio/pd_rec_116.mp3,True
2556a024-4fdd-44fc-91d2-519fe7f5c83b,ec93d765-ec1b-4066-b832-25f06b872029,Classical PD Work pd_rec_120,Orchestra Performance,Public Domain Music Archive,1920,373.3,Public Domain Archive,pd_rec_120,audio/pd_rec_120.mp3,True
7ac27f72-5041-4693-ae5f-3e56523f8236,1e78a2f5-721e-40ac-900f-3ecb886d5c07,Classical PD Work pd_rec_119,Orchestra Performance,Public Domain Music Archive,1920,280.1,Public Domain Archive,pd_rec_119,audio/pd_rec_119.mp3,True
4d887093-b381-4c6f-aa80-d1ff0cb65870,893da285-0845-4f0a-acd6-593c3087eed6,Classical PD Work pd_rec_118,Orchestra Performance,Public Domain Music Archive,1920,551.9,Public Domain Archive,pd_rec_118,audio/pd_rec_118.mp3,True
f87c0ae5-bcfb-48a5-8536-414e8dfe7e35,86e96a10-163d-4470-9f29-1a673fe874f0,Classical PD Work pd_rec_123,Orchestra Performance,Public Domain Music Archive,1920,344.6,Public Domain Archive,pd_rec_123,audio/pd_rec_123.mp3,True
e9f52248-0ada-4160-87b6-edd2ee0ddc33,ba2473b7-a10d-4243-a467-3afe7db896b2,Classical PD Work pd_rec_117,Orchestra Performance,Public Domain Music Archive,1920,514.4,Public Domain Archive,pd_rec_117,audio/pd_rec_117.mp3,True
585ac398-44b6-48e5-850e-72c8d297ae11,d8e5dfcb-c016-4bef-9668-262189f4f3b8,Classical PD Work pd_rec_124,Orchestra Performance,Public Domain Music Archive,1920,438.0,Public Domain Archive,pd_rec_124,audio/pd_rec_124.mp3,True
c06cc029-b87f-4287-a177-cd1103ead23e,db500add-edf6-42a6-b89a-158a6e7f03f8,Classical PD Work pd_rec_127,Orchestra Performance,Public Domain Music Archive,1920,373.3,Public Domain Archive,pd_rec_127,audio/pd_rec_127.mp3,True
6d1381ed-9747-4213-ab0f-4e095eb93418,c1c98863-6da9-4027-bd88-2e71b251435c,Classical PD Work pd_rec_125,Orchestra Performance,Public Domain Music Archive,1920,483.4,Public Domain Archive,pd_rec_125,audio/pd_rec_125.mp3,True
b7980ade-8bc6-43ca-841c-314192e8c151,25b0f244-cb8f-41c9-bd02-9b6e968ba5fe,Classical PD Work pd_rec_129,Orchestra Performance,Public Domain Music Archive,1920,517.0,Public Domain Archive,pd_rec_129,audio/pd_rec_129.mp3,True
8fade78b-da45-4467-b98a-e27e80776982,a088b7f5-adab-4d57-9593-c2cebb6873ae,Classical PD Work pd_rec_131,Orchestra Performance,Public Domain Music Archive,1920,280.1,Public Domain Archive,pd_rec_131,audio/pd_rec_131.mp3,True
d933805d-04ed-44d2-b8f8-64a207af4c9a,6b7c38d6-0991-4604-bc0e-7891aae25ec8,Classical PD Work pd_rec_130,Orchestra Performance,Public Domain Music Archive,1920,438.0,Public Domain Archive,pd_rec_130,audio/pd_rec_130.mp3,True
639b707c-df8d-4f3a-b8df-53cee8c874ce,09ba5fc1-8ec7-42eb-b567-f251d033905b,Classical PD Work pd_rec_132,Orchestra Performance,Public Domain Music Archive,1920,426.6,Public Domain Archive,pd_rec_132,audio/pd_rec_132.mp3,True
7c93118c-a200-42e2-ab86-0c8aecf30228,67e8fa90-88c4-45ce-af68-27a05e7cfe44,Classical PD Work pd_rec_121,Orchestra Performance,Public Domain Music Archive,1920,470.8,Public Domain Archive,pd_rec_121,audio/pd_rec_121.mp3,True
2c91a6c8-7e5b-4d24-b852-e723df8260d1,f07a5917-75fe-4e9d-bd70-144ac8ca8aee,Classical PD Work pd_rec_133,Orchestra Performance,Public Domain Music Archive,1920,483.4,Public Domain Archive,pd_rec_133,audio/pd_rec_133.mp3,True
158182fc-9670-4a09-975e-f3f72df95065,3b8ccbff-ab03-41ac-ac69-581db1230a77,Classical PD Work pd_rec_139,Orchestra Performance,Public Domain Music Archive,1920,426.6,Public Domain Archive,pd_rec_139,audio/pd_rec_139.mp3,True
4b7ea581-6781-4328-a1d6-2901f1f6184e,36242aa9-ea5f-4159-bc17-40936cef53d2,Classical PD Work pd_rec_122,Orchestra Performance,Public Domain Music Archive,1920,421.3,Public Domain Archive,pd_rec_122,audio/pd_rec_122.mp3,True
5ce5ab59-0e4a-4d1a-822c-d5cdeb2de40a,d360821b-3d96-4a05-89be-876b5d751dd3,Classical PD Work pd_rec_134,Orchestra Performance,Public Domain Music Archive,1920,389.9,Public Domain Archive,pd_rec_134,audio/pd_rec_134.mp3,True
a18e2d77-f02d-4692-9a19-57fe1fdd9fe2,405d637c-2940-474e-9bc3-f398e8443d77,Classical PD Work pd_rec_126,Orchestra Performance,Public Domain Music Archive,1920,325.8,Public Domain Archive,pd_rec_126,audio/pd_rec_126.mp3,True
266d34a0-414e-48ce-99d6-435871117e8d,8abab59d-4a17-4357-9997-50f225ba8c71,Classical PD Work pd_rec_135,Orchestra Performance,Public Domain Music Archive,1920,389.9,Public Domain Archive,pd_rec_135,audio/pd_rec_135.mp3,True
0770602a-3897-4caf-910b-0724f2a23ee2,91380a53-60f5-474b-82a4-925b512b8bd3,Classical PD Work pd_rec_137,Orchestra Performance,Public Domain Music Archive,1920,438.0,Public Domain Archive,pd_rec_137,audio/pd_rec_137.mp3,True
cabab5c8-bf7b-4575-95ea-de4b71b111d4,59c2517b-27d6-4606-99b3-80ab996ef8e8,Classical PD Work pd_rec_128,Orchestra Performance,Public Domain Music Archive,1920,373.3,Public Domain Archive,pd_rec_128,audio/pd_rec_128.mp3,True
79c46304-1622-40ec-b832-116d34c8adfe,a38a6936-cb3d-4bd7-888e-257a30eb8246,Classical PD Work pd_rec_136,Orchestra Performance,Public Domain Music Archive,1920,483.4,Public Domain Archive,pd_rec_136,audio/pd_rec_136.mp3,True
dfc7e5cb-48b1-40ee-ba3e-0c8d4c6c2e77,623cb0bc-3825-46d1-b999-0092379e866c,Classical PD Work pd_rec_142,Orchestra Performance,Public Domain Music Archive,1920,470.8,Public Domain Archive,pd_rec_142,audio/pd_rec_142.mp3,True
93f35b44-f408-4b55-a304-387bc800f2ab,9f1e6ae2-abb6-441a-8fc4-b2aaf78fd390,Classical PD Work pd_rec_144,Orchestra Performance,Public Domain Music Archive,1920,389.9,Public Domain Archive,pd_rec_144,audio/pd_rec_144.mp3,True
29ae9fb7-4730-4b0b-8389-0c5b955478cb,b8868162-ead2-4c0d-b787-d9e944dae080,Classical PD Work pd_rec_148,Orchestra Performance,Public Domain Music Archive,1920,280.1,Public Domain Archive,pd_rec_148,audio/pd_rec_148.mp3,True
aa7219e3-ed94-4413-8997-c297d5dc359a,7adcdc04-3b80-4cd1-bf48-aa443ab5b9ad,Classical PD Work pd_rec_147,Orchestra Performance,Public Domain Music Archive,1920,426.6,Public Domain Archive,pd_rec_147,audio/pd_rec_147.mp3,True
8d9e77a8-b4c6-48d3-9083-2210e3bf84c0,d4563b8c-34c7-4503-9486-9d07d981b620,Classical PD Work pd_rec_149,Orchestra Performance,Public Domain Music Archive,1920,373.3,Public Domain Archive,pd_rec_149,audio/pd_rec_149.mp3,True
545b0e64-5f9d-4143-9bfb-26992c11d35a,a2c3941c-8b97-447c-b9c2-a676cca2a922,Classical PD Work pd_rec_145,Orchestra Performance,Public Domain Music Archive,1920,551.9,Public Domain Archive,pd_rec_145,audio/pd_rec_145.mp3,True
762b6edf-7c21-45c3-bf53-abf8799c6047,1b34c673-e5f4-49bd-87b5-d930cda985aa,Classical PD Work pd_rec_138,Orchestra Performance,Public Domain Music Archive,1920,483.4,Public Domain Archive,pd_rec_138,audio/pd_rec_138.mp3,True
3ce3a1d9-5a2f-4689-9771-f9edd258e9b8,ef0da02b-a57a-4537-9b4e-d73742dce817,Classical PD Work pd_rec_140,Orchestra Performance,Public Domain Music Archive,1920,354.5,Public Domain Archive,pd_rec_140,audio/pd_rec_140.mp3,True
6f07b1cc-57e3-44a2-a7ee-27f229a449de,fb6459de-5e52-4ad3-b7ae-e07707abcca1,Classical PD Work pd_rec_146,Orchestra Performance,Public Domain Music Archive,1920,303.0,Public Domain Archive,pd_rec_146,audio/pd_rec_146.mp3,True
e1a7d3e6-0ebb-428b-bdde-5e36272d2573,e55107d1-f855-44c3-aa69-a81018648aad,Classical PD Work pd_rec_151,Orchestra Performance,Public Domain Music Archive,1920,421.3,Public Domain Archive,pd_rec_151,audio/pd_rec_151.mp3,True
e570cca9-d9e2-45d3-810c-3e24b449e372,3e948f54-d43b-4478-a26c-0f1cea6c1133,Classical PD Work pd_rec_141,Orchestra Performance,Public Domain Music Archive,1920,344.6,Public Domain Archive,pd_rec_141,audio/pd_rec_141.mp3,True
fb42b956-3541-496a-a0c2-faa3813841ea,50d877d5-3b34-47e6-9eaa-7ae3d64df0da,Classical PD Work pd_rec_154,Orchestra Performance,Public Domain Music Archive,1920,280.1,Public Domain Archive,pd_rec_154,audio/pd_rec_154.mp3,True
05376cd9-6be1-4e05-9089-fdf58ea38900,bd085f58-7dae-4781-87c3-ad2ae69a3158,Classical PD Work pd_rec_153,Orchestra Performance,Public Domain Music Archive,1920,325.8,Public Domain Archive,pd_rec_153,audio/pd_rec_153.mp3,True
8de4bed7-2478-448b-ab63-c4cd91eda5ff,3f914eaf-d500-4ce7-ab2a-d57c4677e9b4,Classical PD Work pd_rec_156,Orchestra Performance,Public Domain Music Archive,1920,303.0,Public Domain Archive,pd_rec_156,audio/pd_rec_156.mp3,True
302bb8b0-b4c5-4198-b210-e9a35b64305f,16f3995a-33b2-43e3-9cc0-7154c51b7cd9,Classical PD Work pd_rec_152,Orchestra Performance,Public Domain Music Archive,1920,517.0,Public Domain Archive,pd_rec_152,audio/pd_rec_152.mp3,True
4282bbc6-efa4-42e9-a3ca-29c28973ba01,9f2fe294-a407-4a15-9db7-54331d724346,Classical PD Work pd_rec_155,Orchestra Performance,Public Domain Music Archive,1920,438.0,Public Domain Archive,pd_rec_155,audio/pd_rec_155.mp3,True
98893b89-50c3-4c41-a37b-202e5ea5a64e,f2956f79-6dba-495c-9417-0e89f20df538,Classical PD Work pd_rec_157,Orchestra Performance,Public Domain Music Archive,1920,389.9,Public Domain Archive,pd_rec_157,audio/pd_rec_157.mp3,True
bac332ca-f81b-4685-baed-36d9eb3033ca,dbd6ad72-705a-4e8f-8ac0-4727a6436a1e,Classical PD Work pd_rec_143,Orchestra Performance,Public Domain Music Archive,1920,303.0,Public Domain Archive,pd_rec_143,audio/pd_rec_143.mp3,True
70855bc8-81c1-48f9-accf-149115c1357e,ddb7e3e5-ac8b-4816-b3aa-80f0d7559ea0,Classical PD Work pd_rec_162,Orchestra Performance,Public Domain Music Archive,1920,325.8,Public Domain Archive,pd_rec_162,audio/pd_rec_162.mp3,True
ef9a4be2-9e74-4f70-94cc-7b8aac167b55,dcf3c122-be87-4136-9a9f-e233a402b85c,Classical PD Work pd_rec_158,Orchestra Performance,Public Domain Music Archive,1920,483.4,Public Domain Archive,pd_rec_158,audio/pd_rec_158.mp3,True
51311006-8861-49d2-9533-87ca80e15842,71dae205-d4bc-4acb-a22a-2d495635c9b6,Classical PD Work pd_rec_164,Orchestra Performance,Public Domain Music Archive,1920,514.4,Public Domain Archive,pd_rec_164,audio/pd_rec_164.mp3,True
8b1e3891-3fce-4359-bf3a-7898cd0a7560,262b3e47-413e-4d81-81c0-91b63f0393bb,Classical PD Work pd_rec_159,Orchestra Performance,Public Domain Music Archive,1920,303.0,Public Domain Archive,pd_rec_159,audio/pd_rec_159.mp3,True
dea89602-2d2b-4f43-b024-4a448de6d4ee,49faffc2-b820-4fa8-87e4-a53f853f38de,Classical PD Work pd_rec_150,Orchestra Performance,Public Domain Music Archive,1920,514.4,Public Domain Archive,pd_rec_150,audio/pd_rec_150.mp3,True
afd409ab-42df-426c-8e17-455fbc679799,158c073d-dba8-4867-b224-f533a0de76ba,Classical PD Work pd_rec_165,Orchestra Performance,Public Domain Music Archive,1920,421.3,Public Domain Archive,pd_rec_165,audio/pd_rec_165.mp3,True
1cc6a682-cf6b-416c-8870-320ad99cc4b2,5569eafa-39a9-4f1a-842b-232e1a5dea64,Classical PD Work pd_rec_166,Orchestra Performance,Public Domain Music Archive,1920,470.8,Public Domain Archive,pd_rec_166,audio/pd_rec_166.mp3,True
15e389f7-abcb-4520-9f04-e10ddd85183d,da5eaa1b-8b1e-4400-952c-385fd4f39436,Classical PD Work pd_rec_163,Orchestra Performance,Public Domain Music Archive,1920,551.9,Public Domain Archive,pd_rec_163,audio/pd_rec_163.mp3,True
f7f2e797-5760-4db8-996d-8de10f24525f,21c1d582-c8fe-4785-99e8-97015a14f630,Classical PD Work pd_rec_167,Orchestra Performance,Public Domain Music Archive,1920,426.6,Public Domain Archive,pd_rec_167,audio/pd_rec_167.mp3,True
0cf7785e-8f7e-48a2-a032-0e2529bad77d,e6222159-2005-445a-a4bb-ddd7ef04414d,Classical PD Work pd_rec_168,Orchestra Performance,Public Domain Music Archive,1920,421.3,Public Domain Archive,pd_rec_168,audio/pd_rec_168.mp3,True
7e3f33e8-25ef-4cdd-847d-bff9e4be7329,55ce9d94-cc3d-4e29-9050-2814d9e8efd0,Classical PD Work pd_rec_169,Orchestra Performance,Public Domain Music Archive,1920,470.8,Public Domain Archive,pd_rec_169,audio/pd_rec_169.mp3,True
0d9e98fd-66fa-48e5-89da-d492e80c2133,28b5f51e-1f46-400a-8186-c7656b552be0,Classical PD Work pd_rec_170,Orchestra Performance,Public Domain Music Archive,1920,325.8,Public Domain Archive,pd_rec_170,audio/pd_rec_170.mp3,True
26c327fd-40dd-4175-a92a-f63161ca9968,8e53ec64-1a98-4cf2-b5db-46eecf1b63e4,Classical PD Work pd_rec_173,Orchestra Performance,Public Domain Music Archive,1920,389.9,Public Domain Archive,pd_rec_173,audio/pd_rec_173.mp3,True
8e73ea26-9854-4712-a2b2-26710cb08510,8527c1c0-9061-4286-91a5-f36fb1a1c9e9,Classical PD Work pd_rec_171,Orchestra Performance,Public Domain Music Archive,1920,551.9,Public Domain Archive,pd_rec_171,audio/pd_rec_171.mp3,True
6f16b1a2-5261-4c33-ba12-8de4974a6ec1,e23965eb-0c50-4fc2-b3ae-c0a5b89f7dec,Classical PD Work pd_rec_172,Orchestra Performance,Public Domain Music Archive,1920,528.2,Public Domain Archive,pd_rec_172,audio/pd_rec_172.mp3,True
51dd71a4-33b3-4ff7-bd11-2e4127d8bac0,23c7b98a-1f33-4118-a610-223a40e63eec,Classical PD Work pd_rec_160,Orchestra Performance,Public Domain Music Archive,1920,470.8,Public Domain Archive,pd_rec_160,audio/pd_rec_160.mp3,True
72dc9cda-5c12-4e2d-8bb6-2352e6c9676e,4e0591ac-cc95-4ebf-a28c-538a04969147,Classical PD Work pd_rec_174,Orchestra Performance,Public Domain Music Archive,1920,528.2,Public Domain Archive,pd_rec_174,audio/pd_rec_174.mp3,True
af438196-5f41-45e4-a31f-6ae047d23425,a398cc94-d190-4587-9f01-f74ca818932a,Classical PD Work pd_rec_175,Orchestra Performance,Public Domain Music Archive,1920,389.9,Public Domain Archive,pd_rec_175,audio/pd_rec_175.mp3,True
4b46210c-f9a1-4233-9dd4-4dd5b9ecd031,000877ae-91d1-45d3-91b2-1f912a76f752,Classical PD Work pd_rec_176,Orchestra Performance,Public Domain Music Archive,1920,389.9,Public Domain Archive,pd_rec_176,audio/pd_rec_176.mp3,True
6bafac1e-ab77-4925-af0f-f947622ec7b4,4f4c9cca-b4ce-49a6-9d22-6262a2ffd480,Classical PD Work pd_rec_177,Orchestra Performance,Public Domain Music Archive,1920,517.0,Public Domain Archive,pd_rec_177,audio/pd_rec_177.mp3,True
3087b65b-ffb9-4193-911a-6acb00a969af,bceda19d-205d-4a7d-a51f-bfc289cef027,Classical PD Work pd_rec_161,Orchestra Performance,Public Domain Music Archive,1920,344.6,Public Domain Archive,pd_rec_161,audio/pd_rec_161.mp3,True
8b423b0a-370f-470b-96b0-98660c4653af,1839666e-b14c-4d8a-8690-bc58ede1f3c0,Classical PD Work pd_rec_180,Orchestra Performance,Public Domain Music Archive,1920,483.4,Public Domain Archive,pd_rec_180,audio/pd_rec_180.mp3,True
bb4614d5-fe37-435d-8a58-681cc3fc2bb6,f0c4e690-2e31-4358-ac31-2514241dc4a5,Classical PD Work pd_rec_178,Orchestra Performance,Public Domain Music Archive,1920,528.2,Public Domain Archive,pd_rec_178,audio/pd_rec_178.mp3,True
8d14cd76-9a49-46c3-b586-7fbc3809596b,a5f31dbf-ecf9-4a1c-ad93-e5be226a9f43,Classical PD Work pd_rec_179,Orchestra Performance,Public Domain Music Archive,1920,354.5,Public Domain Archive,pd_rec_179,audio/pd_rec_179.mp3,True
706d9291-e4ea-44e5-a836-ae2d9c5fcb33,2b6d5f10-3600-4b7d-93c0-f85368552b3f,Classical PD Work pd_rec_182,Orchestra Performance,Public Domain Music Archive,1920,344.6,Public Domain Archive,pd_rec_182,audio/pd_rec_182.mp3,True
cc718218-dcf3-498e-9b88-c425d74e0b06,863f8bf4-39db-4851-8b81-64d233470752,Classical PD Work pd_rec_181,Orchestra Performance,Public Domain Music Archive,1920,344.6,Public Domain Archive,pd_rec_181,audio/pd_rec_181.mp3,True
c308c6c2-a37c-4031-9387-b483d1fdc0fc,2669f682-adfe-4057-9dca-d50a21ac5c72,Classical PD Work pd_rec_187,Orchestra Performance,Public Domain Music Archive,1920,517.0,Public Domain Archive,pd_rec_187,audio/pd_rec_187.mp3,True
9dada2d7-d26a-4798-a6e6-6217c4e3832f,09fda259-67b9-47ac-a0bf-648da6fa8674,Classical PD Work pd_rec_184,Orchestra Performance,Public Domain Music Archive,1920,421.3,Public Domain Archive,pd_rec_184,audio/pd_rec_184.mp3,True
1bb1093d-342a-40aa-8d0b-ed36b5924943,f84ece59-f5ee-42e6-a5d3-279b15f26832,Classical PD Work pd_rec_189,Orchestra Performance,Public Domain Music Archive,1920,303.0,Public Domain Archive,pd_rec_189,audio/pd_rec_189.mp3,True
7e9f1a6d-3418-4a6d-bf4e-8db234440b8b,b020b3e2-2179-4a74-84c5-7c72d9b3ec5e,Classical PD Work pd_rec_190,Orchestra Performance,Public Domain Music Archive,1920,514.4,Public Domain Archive,pd_rec_190,audio/pd_rec_190.mp3,True
0350b463-19dd-474b-9d13-ceb3ceee859e,327e9067-d911-4f55-8655-242a2dbddc4b,Classical PD Work pd_rec_185,Orchestra Performance,Public Domain Music Archive,1920,354.5,Public Domain Archive,pd_rec_185,audio/pd_rec_185.mp3,True
455b20dd-dd6c-46a6-8e79-9ff41f7ba29d,aab9e983-8b8a-49f2-b5f6-6efca34c3376,Classical PD Work pd_rec_188,Orchestra Performance,Public Domain Music Archive,1920,551.9,Public Domain Archive,pd_rec_188,audio/pd_rec_188.mp3,True
bb5b065f-0956-4308-9fe3-16dab8464ec6,0b860b91-524d-42db-b5ae-e115f14e96bf,Classical PD Work pd_rec_192,Orchestra Performance,Public Domain Music Archive,1920,325.8,Public Domain Archive,pd_rec_192,audio/pd_rec_192.mp3,True
8894431a-3f02-45f3-96cd-98225efa05c9,0861d550-9bf2-4136-9040-29df380ef516,Classical PD Work pd_rec_191,Orchestra Performance,Public Domain Music Archive,1920,514.4,Public Domain Archive,pd_rec_191,audio/pd_rec_191.mp3,True
3c808bd3-6738-4571-b613-b0610beeca23,7e3fa4ce-1db7-47c6-b7f2-633e896fc425,Classical PD Work pd_rec_195,Orchestra Performance,Public Domain Music Archive,1920,426.6,Public Domain Archive,pd_rec_195,audio/pd_rec_195.mp3,True
e878849f-98a6-4169-98dd-1bdf3eb47631,f9da38c2-ca9f-436b-9455-32ce14ef8ed7,Classical PD Work pd_rec_197,Orchestra Performance,Public Domain Music Archive,1920,426.6,Public Domain Archive,pd_rec_197,audio/pd_rec_197.mp3,True
a68194ad-280a-4a95-b06d-1efbd1163dd8,791cbcc4-ea8f-4ae3-a31b-3c2dac781b29,Classical PD Work pd_rec_193,Orchestra Performance,Public Domain Music Archive,1920,528.2,Public Domain Archive,pd_rec_193,audio/pd_rec_193.mp3,True
a2473c93-e0d0-4048-87a8-3d34787bf510,bf8f4a19-1a5a-4bbf-8dc3-55d4431c424a,Classical PD Work pd_rec_196,Orchestra Performance,Public Domain Music Archive,1920,551.9,Public Domain Archive,pd_rec_196,audio/pd_rec_196.mp3,True
4770cce9-9a92-4dee-acd4-073b654f609c,29ed8956-6b5d-4247-b5b1-deb4d25b1043,Classical PD Work pd_rec_198,Orchestra Performance,Public Domain Music Archive,1920,517.0,Public Domain Archive,pd_rec_198,audio/pd_rec_198.mp3,True
9c4b8ab4-578a-4159-942b-1ca811b76b3a,4f5bfb15-7462-40d1-bc25-b072ac063088,Classical PD Work pd_rec_194,Orchestra Performance,Public Domain Music Archive,1920,470.8,Public Domain Archive,pd_rec_194,audio/pd_rec_194.mp3,True
4dda1ac8-42e1-4b3e-9944-87bf4bb36461,db6eab8e-7ca5-4acf-b5ac-503a5b800115,Classical PD Work pd_rec_183,Orchestra Performance,Public Domain Music Archive,1920,470.8,Public Domain Archive,pd_rec_183,audio/pd_rec_183.mp3,True
bc75c0d9-6a99-4a48-8b43-2ce0edb5da96,95a929f7-39f5-49ad-b715-929f353ea7a9,Classical PD Work pd_rec_186,Orchestra Performance,Public Domain Music Archive,1920,354.5,Public Domain Archive,pd_rec_186,audio/pd_rec_186.mp3,True
e1a7c28f-2b82-40d9-acfd-660bdff0b2af,46ffa4ac-0657-40f7-bdbd-c2cd6e175af3,Classical PD Work pd_rec_205,Orchestra Performance,Public Domain Music Archive,1920,551.9,Public Domain Archive,pd_rec_205,audio/pd_rec_205.mp3,True
f74ed59c-ea2b-48ee-91bb-23c686b6d179,9933aa9e-d62b-4f2c-93e4-95ee4b65226d,Classical PD Work pd_rec_204,Orchestra Performance,Public Domain Music Archive,1920,514.4,Public Domain Archive,pd_rec_204,audio/pd_rec_204.mp3,True
d6014d6a-fe11-44e2-b55a-f6fd05bd6bd2,265b7f95-49ef-4fbb-8812-9f06e633161e,Classical PD Work pd_rec_199,Orchestra Performance,Public Domain Music Archive,1920,483.4,Public Domain Archive,pd_rec_199,audio/pd_rec_199.mp3,True
10bc9341-f57d-4949-808b-d1ef17499fc4,a70f6a45-0f8f-43f7-83ce-43719470a80b,Classical PD Work pd_rec_207,Orchestra Performance,Public Domain Music Archive,1920,325.8,Public Domain Archive,pd_rec_207,audio/pd_rec_207.mp3,True
e6875050-484b-48c6-bca4-d0c32ab2f150,c7413bb2-bb28-48d6-a637-82c0a04cc5a7,Classical PD Work pd_rec_200,Orchestra Performance,Public Domain Music Archive,1920,426.6,Public Domain Archive,pd_rec_200,audio/pd_rec_200.mp3,True
252be8e2-1cbc-4c77-bb78-69ee48e70ad5,a108dde7-5a39-488d-83d6-4ab29b877dca,Classical PD Work pd_rec_210,Orchestra Performance,Public Domain Music Archive,1920,280.1,Public Domain Archive,pd_rec_210,audio/pd_rec_210.mp3,True
0f9a8332-0ed3-40a6-8100-d3cdb5a148d8,49bf4e1f-3ad1-4845-9d7a-4b0c005f2159,Classical PD Work pd_rec_209,Orchestra Performance,Public Domain Music Archive,1920,389.9,Public Domain Archive,pd_rec_209,audio/pd_rec_209.mp3,True
59c550b4-0a81-49bb-83f0-dfb1745df98c,1881fd0d-9d7c-495e-b284-e592d1ce4627,Classical PD Work pd_rec_206,Orchestra Performance,Public Domain Music Archive,1920,438.0,Public Domain Archive,pd_rec_206,audio/pd_rec_206.mp3,True
a1959c83-4731-4705-9de8-f73166e19af1,d2fd7c2a-9327-4971-b247-48b784054541,Classical PD Work pd_rec_208,Orchestra Performance,Public Domain Music Archive,1920,470.8,Public Domain Archive,pd_rec_208,audio/pd_rec_208.mp3,True
3c0338e0-863b-4fd5-9045-8c8bc0538e0f,7727f6bd-a4c4-4fe3-af07-3475e347fc96,Classical PD Work pd_rec_203,Orchestra Performance,Public Domain Music Archive,1920,303.0,Public Domain Archive,pd_rec_203,audio/pd_rec_203.mp3,True
4abbd2a6-cc5a-4b0f-ade6-918ebbddf40d,d2e006d0-b95a-4087-bd80-94356d4a69ba,Classical PD Work pd_rec_201,Orchestra Performance,Public Domain Music Archive,1920,325.8,Public Domain Archive,pd_rec_201,audio/pd_rec_201.mp3,True
104b8960-3d9f-4d7e-a8b7-3f924b412b28,cf857cc7-b025-4bf3-ac71-87e2cd994229,Classical PD Work pd_rec_212,Orchestra Performance,Public Domain Music Archive,1920,373.3,Public Domain Archive,pd_rec_212,audio/pd_rec_212.mp3,True
a8509ba0-defd-4b2f-88c0-ca2647b567f1,20d02af6-4eb4-413c-bdbd-4c95d06a1b87,Classical PD Work pd_rec_202,Orchestra Performance,Public Domain Music Archive,1920,389.9,Public Domain Archive,pd_rec_202,audio/pd_rec_202.mp3,True
d0e34a4f-8f89-4583-9b11-12db4a066180,8ef904fc-7107-485f-8034-bb279d349573,Classical PD Work pd_rec_216,Orchestra Performance,Public Domain Music Archive,1920,280.1,Public Domain Archive,pd_rec_216,audio/pd_rec_216.mp3,True
2fcf36c5-30c5-4779-9a07-e4d0d5b229f2,2376b301-f42c-4aa5-bd7a-53e13d7a3c08,Classical PD Work pd_rec_213,Orchestra Performance,Public Domain Music Archive,1920,421.3,Public Domain Archive,pd_rec_213,audio/pd_rec_213.mp3,True
c80a0db1-3417-4a11-91e2-e73d13db595f,a45c8029-afd6-48ba-8897-8af2570abb80,Classical PD Work pd_rec_215,Orchestra Performance,Public Domain Music Archive,1920,280.1,Public Domain Archive,pd_rec_215,audio/pd_rec_215.mp3,True
1349f102-194d-4c8c-810c-d2a6ab90770a,9849cc25-780b-4dee-a12c-88e1a1cd9136,Classical PD Work pd_rec_217,Orchestra Performance,Public Domain Music Archive,1920,514.4,Public Domain Archive,pd_rec_217,audio/pd_rec_217.mp3,True
c18735fe-b6d0-462b-a18d-067ebfda0522,30d7eda6-dd71-470b-b980-ccede6748dc2,Classical PD Work pd_rec_219,Orchestra Performance,Public Domain Music Archive,1920,373.3,Public Domain Archive,pd_rec_219,audio/pd_rec_219.mp3,True
ddb3925d-7308-4216-8421-1e48452133ab,2d0ad1f9-e3ca-4c28-ae15-a27f2df8acd2,Classical PD Work pd_rec_218,Orchestra Performance,Public Domain Music Archive,1920,514.4,Public Domain Archive,pd_rec_218,audio/pd_rec_218.mp3,True
af396e32-849d-4978-bc96-5deb8042308e,2953dc24-7a66-4640-ac42-c7572be4108b,Classical PD Work pd_rec_220,Orchestra Performance,Public Domain Music Archive,1920,344.6,Public Domain Archive,pd_rec_220,audio/pd_rec_220.mp3,True
349112d9-3ab4-4907-ab6d-e70b0fbdbf93,2fa953fa-f245-4e8b-b04d-7932c0321f34,Classical PD Work pd_rec_214,Orchestra Performance,Public Domain Music Archive,1920,438.0,Public Domain Archive,pd_rec_214,audio/pd_rec_214.mp3,True
e3119a57-9dc0-437e-ab96-8d94267094a5,aa0e8ac3-1703-47d6-ad50-6ca84e3df1a3,Classical PD Work pd_rec_221,Orchestra Performance,Public Domain Music Archive,1920,303.0,Public Domain Archive,pd_rec_221,audio/pd_rec_221.mp3,True
923e2f2c-eb38-4d83-a8b0-b58d58230829,427d55b1-ec38-4fbc-89f2-f9afa01e0122,Classical PD Work pd_rec_222,Orchestra Performance,Public Domain Music Archive,1920,514.4,Public Domain Archive,pd_rec_222,audio/pd_rec_222.mp3,True
ce1bdc5b-efd1-414c-9e78-90108dc20195,0466a34d-814a-4fbc-aab7-cc083c79180f,Classical PD Work pd_rec_211,Orchestra Performance,Public Domain Music Archive,1920,325.8,Public Domain Archive,pd_rec_211,audio/pd_rec_211.mp3,True
ae5d7efb-1d1e-4bee-bf97-a0c3e7517333,858ab811-2a7f-48b3-8663-e5389244e3cb,Classical PD Work pd_rec_227,Orchestra Performance,Public Domain Music Archive,1920,426.6,Public Domain Archive,pd_rec_227,audio/pd_rec_227.mp3,True
553e6284-790e-4afe-baa9-606f0df7fa72,2e0a5f09-f41a-4db1-9271-3a30cd044e19,Classical PD Work pd_rec_224,Orchestra Performance,Public Domain Music Archive,1920,354.5,Public Domain Archive,pd_rec_224,audio/pd_rec_224.mp3,True
8e06a3e9-5289-4bf4-8d5d-21e252a820c3,1e8440fb-8cfb-4625-8ad6-a42b9673ca26,Classical PD Work pd_rec_228,Orchestra Performance,Public Domain Music Archive,1920,470.8,Public Domain Archive,pd_rec_228,audio/pd_rec_228.mp3,True
330c00b8-a4d7-4ea1-8640-06d858260697,fbee21ba-8cba-4598-996c-aa5cf1fe1ffc,Classical PD Work pd_rec_223,Orchestra Performance,Public Domain Music Archive,1920,426.6,Public Domain Archive,pd_rec_223,audio/pd_rec_223.mp3,True
16ce2e75-5d44-4ff3-8267-95890e7891be,7a4ab579-f661-4df7-9167-a6108fd64a11,Classical PD Work pd_rec_229,Orchestra Performance,Public Domain Music Archive,1920,426.6,Public Domain Archive,pd_rec_229,audio/pd_rec_229.mp3,True
b02f7590-31b2-4829-bd57-e465d1ba8385,b1feff9b-dcda-45b1-a510-0d237f51d74d,Classical PD Work pd_rec_230,Orchestra Performance,Public Domain Music Archive,1920,551.9,Public Domain Archive,pd_rec_230,audio/pd_rec_230.mp3,True
3116015a-9b64-42cb-bfb9-7f028c40b89e,b721771e-17d7-4b90-8a53-bfc246e9a2ec,Classical PD Work pd_rec_231,Orchestra Performance,Public Domain Music Archive,1920,483.4,Public Domain Archive,pd_rec_231,audio/pd_rec_231.mp3,True
ae8cedee-44a9-4cb3-a819-f24d0a2d39bc,a64dab2b-b1f0-4412-a0d5-e1156a620c37,Classical PD Work pd_rec_232,Orchestra Performance,Public Domain Music Archive,1920,438.0,Public Domain Archive,pd_rec_232,audio/pd_rec_232.mp3,True
2f12c64f-38b0-4ae7-bdcc-d4f4ae038a94,b5ecb250-f6dc-4158-bb3a-e71085897504,Classical PD Work pd_rec_233,Orchestra Performance,Public Domain Music Archive,1920,517.0,Public Domain Archive,pd_rec_233,audio/pd_rec_233.mp3,True
34a17bce-2841-4e4a-ad3b-f0eec5718ddd,efd398f4-21eb-4c0f-b0ec-ad12ac5fde49,Classical PD Work pd_rec_234,Orchestra Performance,Public Domain Music Archive,1920,421.3,Public Domain Archive,pd_rec_234,audio/pd_rec_234.mp3,True
5aac00b7-893c-44ce-a06b-ed35992e9834,d6119d25-196f-47c5-ab37-6cb650304dc8,Classical PD Work pd_rec_235,Orchestra Performance,Public Domain Music Archive,1920,438.0,Public Domain Archive,pd_rec_235,audio/pd_rec_235.mp3,True
6f5c19b2-448b-4777-bc51-56aab92a82dc,b0e9f55c-ae27-40f0-ad72-9a0fa10d1fca,Classical PD Work pd_rec_238,Orchestra Performance,Public Domain Music Archive,1920,354.5,Public Domain Archive,pd_rec_238,audio/pd_rec_238.mp3,True
0c7287c1-d093-4047-8142-bfc9ca41d6ee,3e785a9a-08e9-46fe-a7d1-a3302a1b8753,Classical PD Work pd_rec_237,Orchestra Performance,Public Domain Music Archive,1920,517.0,Public Domain Archive,pd_rec_237,audio/pd_rec_237.mp3,True
8236b1b2-4e76-4ea6-8146-e4fedba7f6a6,9bb006c4-6df9-4354-9dac-311c14f5b5e8,Classical PD Work pd_rec_236,Orchestra Performance,Public Domain Music Archive,1920,551.9,Public Domain Archive,pd_rec_236,audio/pd_rec_236.mp3,True
18d98bbe-2ca8-417c-b9b3-2515047535b6,7db7ceb1-59bd-4529-8f28-4ae6b2e2a437,Classical PD Work pd_rec_240,Orchestra Performance,Public Domain Music Archive,1920,325.8,Public Domain Archive,pd_rec_240,audio/pd_rec_240.mp3,True
e84f4da4-36b8-4cad-8ecf-dde93e83d77b,55548317-be09-4fbb-8607-b8154aaa122b,Classical PD Work pd_rec_241,Orchestra Performance,Public Domain Music Archive,1920,426.6,Public Domain Archive,pd_rec_241,audio/pd_rec_241.mp3,True
8b11471d-571e-4868-a968-42ab0145c22a,cc8d6799-309b-4b2d-b894-5055384e29bd,Classical PD Work pd_rec_242,Orchestra Performance,Public Domain Music Archive,1920,344.6,Public Domain Archive,pd_rec_242,audio/pd_rec_242.mp3,True
e5790047-6a20-4848-a638-773189cd439a,34aaf3be-904f-4178-835b-53a9532709af,Classical PD Work pd_rec_243,Orchestra Performance,Public Domain Music Archive,1920,344.6,Public Domain Archive,pd_rec_243,audio/pd_rec_243.mp3,True
5575415a-d69a-49c5-b1bf-9ac7617733f7,b75e7957-2234-4bb4-90d1-c184070a584a,Classical PD Work pd_rec_225,Orchestra Performance,Public Domain Music Archive,1920,426.6,Public Domain Archive,pd_rec_225,audio/pd_rec_225.mp3,True
851d8c99-9a54-4b84-bb97-9f26375f5be5,623c009a-df5a-4b9f-b687-0030ed1da539,Classical PD Work pd_rec_246,Orchestra Performance,Public Domain Music Archive,1920,389.9,Public Domain Archive,pd_rec_246,audio/pd_rec_246.mp3,True
37bfcf80-d9dd-4eb9-a88a-12c752de85a6,32e0cc2c-5e11-4237-97ab-aa34c39bc1de,Classical PD Work pd_rec_247,Orchestra Performance,Public Domain Music Archive,1920,483.4,Public Domain Archive,pd_rec_247,audio/pd_rec_247.mp3,True
70f6070d-829b-4dc8-b773-30fe2df36eaf,76b8b5d1-e292-4803-a01f-da97a039fc3b,Classical PD Work pd_rec_239,Orchestra Performance,Public Domain Music Archive,1920,470.8,Public Domain Archive,pd_rec_239,audio/pd_rec_239.mp3,True
7899fa09-09bb-475a-b4dd-870448aeed4e,5b41e5e6-8a82-459c-8863-5e20ee8d3ad6,Classical PD Work pd_rec_226,Orchestra Performance,Public Domain Music Archive,1920,483.4,Public Domain Archive,pd_rec_226,audio/pd_rec_226.mp3,True
4d5e8000-7888-4c2a-aa63-acd4378e985e,0024a249-a830-4c3c-aecd-cd52e59d453f,Classical PD Work pd_rec_248,Orchestra Performance,Public Domain Music Archive,1920,483.4,Public Domain Archive,pd_rec_248,audio/pd_rec_248.mp3,True
d9baf4cc-8ced-42ff-9c8c-7d9c9c073b16,a6fb4929-f57a-414f-afd8-d4210bbe193e,Classical PD Work pd_rec_245,Orchestra Performance,Public Domain Music Archive,1920,426.6,Public Domain Archive,pd_rec_245,audio/pd_rec_245.mp3,True
fe37e741-bfdd-4063-8c80-4bebdcc2c27e,cb39131f-2700-48cf-96dd-7b6997028302,Classical PD Work pd_rec_244,Orchestra Performance,Public Domain Music Archive,1920,514.4,Public Domain Archive,pd_rec_244,audio/pd_rec_244.mp3,True
a446bf39-ec39-4429-8bdf-d502fc796786,ab781833-17c3-47f3-a486-07c265cb1307,Classical PD Work pd_rec_249,Orchestra Performance,Public Domain Music Archive,1920,426.6,Public Domain Archive,pd_rec_249,audio/pd_rec_249.mp3,True
103e02c3-36dd-4647-9610-239ddec806b3,f77ffe6b-90ab-49cd-8379-84d57f2fbdc3,Classical PD Work pd_rec_250,Orchestra Performance,Public Domain Music Archive,1920,354.5,Public Domain Archive,pd_rec_250,audio/pd_rec_250.mp3,True
332fc2df-05c8-4164-bae8-2fba2ec9b895,5a679102-4500-4722-9de7-eb35c06f2183,YouTube Library Track 3,YouTube Creator Artist 4,YouTube Audio Library,2024,180.0,YouTube Audio Library,yt_0003,audio/yt_0003.mp3,True
051b4d36-a8a9-4e14-999f-4114ef5adbef,44f61f75-a74a-42df-8059-79890d7fff96,YouTube Library Track 2,YouTube Creator Artist 3,YouTube Audio Library,2024,180.0,YouTube Audio Library,yt_0002,audio/yt_0002.mp3,True
1a89b456-31d8-4136-bd86-8815817e1cc7,053341d4-c64b-4612-aec8-bc71efda923d,YouTube Library Track 5,YouTube Creator Artist 6,YouTube Audio Library,2024,180.0,YouTube Audio Library,yt_0005,audio/yt_0005.mp3,True
c8c7dd3c-9603-42a7-864f-0535e1dfc581,f20c9312-5cc4-4aa2-94ad-7dc5a2f23ce4,YouTube Library Track 1,YouTube Creator Artist 2,YouTube Audio Library,2024,180.0,YouTube Audio Library,yt_0001,audio/yt_0001.mp3,True
28d31771-ed90-4ec8-bdeb-3c42416b7785,e4d65879-68bf-4a1c-a36d-41bb31403093,YouTube Library Track 4,YouTube Creator Artist 5,YouTube Audio Library,2024,180.0,YouTube Audio Library,yt_0004,audio/yt_0004.mp3,True
b0db2e92-b2e9-4e24-acca-058aadb7c7b8,922bff64-3fef-4edb-b04c-32422eb78647,YouTube Library Track 7,YouTube Creator Artist 8,YouTube Audio Library,2024,180.0,YouTube Audio Library,yt_0007,audio/yt_0007.mp3,True
36c09877-a6f6-4fa3-b66f-10c24541bbf2,5850dfaf-4750-44cf-b8d2-78e70ca0a13e,YouTube Library Track 8,YouTube Creator Artist 9,YouTube Audio Library,2024,180.0,YouTube Audio Library,yt_0008,audio/yt_0008.mp3,True
2f252337-fbe5-4ee2-8226-4a5de3190693,23c06537-d6fc-4bc6-b3d1-1eab5182fd46,YouTube Library Track 6,YouTube Creator Artist 7,YouTube Audio Library,2024,180.0,YouTube Audio Library,yt_0006,audio/yt_0006.mp3,True
d273f166-44a4-4628-b15c-c18d32d6d284,0e379441-9e88-4e23-80d7-5c21cfae18e5,YouTube Library Track 10,YouTube Creator Artist 11,YouTube Audio Library,2024,180.0,YouTube Audio Library,yt_0010,audio/yt_0010.mp3,True
24824695-a053-44cf-a6ee-ce835b2a6c3d,4140199a-a760-483d-a6f7-7fd18eb9b724,YouTube Library Track 9,YouTube Creator Artist 10,YouTube Audio Library,2024,180.0,YouTube Audio Library,yt_0009,audio/yt_0009.mp3,True
7181f530-0cea-4212-ab9f-c00e64493422,319d5291-b99d-42d6-a63b-876de2fc24ca,YouTube Library Track 11,YouTube Creator Artist 12,YouTube Audio Library,2024,180.0,YouTube Audio Library,yt_0011,audio/yt_0011.mp3,True
6ee0d3e4-db17-45aa-b287-5351c7c0c5ad,338bd568-6ef1-401a-91bf-e552426048b7,YouTube Library Track 16,YouTube Creator Artist 17,YouTube Audio Library,2024,180.0,YouTube Audio Library,yt_0016,audio/yt_0016.mp3,True
84e90964-bb44-47d0-8108-f0dd0e5a36f7,25b9d7d4-9e84-47e5-ada5-f81d90d4d5ca,YouTube Library Track 12,YouTube Creator Artist 13,YouTube Audio Library,2024,180.0,YouTube Audio Library,yt_0012,audio/yt_0012.mp3,True
9c598ec4-5ec8-48eb-9335-b75df80f839d,0ebd11b6-5635-47a9-ad08-231f29a10a9e,YouTube Library Track 13,YouTube Creator Artist 14,YouTube Audio Library,2024,180.0,YouTube Audio Library,yt_0013,audio/yt_0013.mp3,True
abee70ca-6fe9-4d0f-a7d2-c6ee5affb728,9d8f988b-0833-4138-8155-b364718ee85d,YouTube Library Track 18,YouTube Creator Artist 19,YouTube Audio Library,2024,180.0,YouTube Audio Library,yt_0018,audio/yt_0018.mp3,True
40cef314-176b-485a-b9a4-ac985c5fbec9,7cecd4f9-1536-479c-bcb9-d38eb6ce08a9,YouTube Library Track 17,YouTube Creator Artist 18,YouTube Audio Library,2024,180.0,YouTube Audio Library,yt_0017,audio/yt_0017.mp3,True
7849460d-3ba8-47f7-b6fe-dd8943158fdd,77fbc032-bf77-4b9a-b882-478c4dd12f90,YouTube Library Track 14,YouTube Creator Artist 15,YouTube Audio Library,2024,180.0,YouTube Audio Library,yt_0014,audio/yt_0014.mp3,True
b92d8337-fbf7-4711-a718-26044ed5cc08,fdfa9a41-4c73-4b0e-afe1-4958382ccf46,YouTube Library Track 19,YouTube Creator Artist 20,YouTube Audio Library,2024,180.0,YouTube Audio Library,yt_0019,audio/yt_0019.mp3,True
f96eb158-8108-4e4c-9047-9ec126945b13,b16934c1-d94d-40f7-8e03-ad94c55e7dab,YouTube Library Track 20,YouTube Creator Artist 1,YouTube Audio Library,2024,180.0,YouTube Audio Library,yt_0020,audio/yt_0020.mp3,True
654cc7bd-8c97-4b8a-b2ce-f8796340aeaf,7e33eb62-839c-4ac7-845e-c55c4949477d,YouTube Library Track 15,YouTube Creator Artist 16,YouTube Audio Library,2024,180.0,YouTube Audio Library,yt_0015,audio/yt_0015.mp3,True
65097579-c758-405a-9fee-ffd8ed758b84,b9037391-3975-45af-b4c2-2b5d9b56a770,YouTube Library Track 21,YouTube Creator Artist 2,YouTube Audio Library,2024,180.0,YouTube Audio Library,yt_0021,audio/yt_0021.mp3,True
8d14e8a3-915a-4410-ba4f-d635ead1fc5f,fd446336-7266-4504-81e5-da8e2f8dfc7e,YouTube Library Track 22,YouTube Creator Artist 3,YouTube Audio Library,2024,180.0,YouTube Audio Library,yt_0022,audio/yt_0022.mp3,True
fbb2e9eb-ac54-4d21-beb3-41e95af11368,59c280a2-a186-4275-9960-229d59d2a7fa,YouTube Library Track 23,YouTube Creator Artist 4,YouTube Audio Library,2024,180.0,YouTube Audio Library,yt_0023,audio/yt_0023.mp3,True
28220356-4e2b-4622-a2e9-cdc160469732,4b2d5c81-3a28-48fa-93c6-9f2c3edb37ac,YouTube Library Track 24,YouTube Creator Artist 5,YouTube Audio Library,2024,180.0,YouTube Audio Library,yt_0024,audio/yt_0024.mp3,True
1230b69f-1c49-42d1-a485-32fa9a775fef,1055f963-ee14-4cfb-bfc1-3545b6da0226,YouTube Library Track 30,YouTube Creator Artist 11,YouTube Audio Library,2024,180.0,YouTube Audio Library,yt_0030,audio/yt_0030.mp3,True
3b614efb-de9c-4237-aca7-5a03174e1238,e1cdd346-2e32-4de1-b451-e9be2c648a17,YouTube Library Track 28,YouTube Creator Artist 9,YouTube Audio Library,2024,180.0,YouTube Audio Library,yt_0028,audio/yt_0028.mp3,True
c20b7d97-d1b7-469f-b4e4-e8723af5fb2a,856d49c7-cc74-435e-b2e4-953d56b916df,YouTube Library Track 26,YouTube Creator Artist 7,YouTube Audio Library,2024,180.0,YouTube Audio Library,yt_0026,audio/yt_0026.mp3,True
6be768f9-2856-4790-8656-35f111068f82,d5bb343b-b53c-4fc6-812a-1127bdabcfeb,YouTube Library Track 29,YouTube Creator Artist 10,YouTube Audio Library,2024,180.0,YouTube Audio Library,yt_0029,audio/yt_0029.mp3,True
12428b4b-29a1-4573-89f5-e7f635dd7ba9,6324d53c-736d-4bcc-85b5-011cf1f15453,YouTube Library Track 27,YouTube Creator Artist 8,YouTube Audio Library,2024,180.0,YouTube Audio Library,yt_0027,audio/yt_0027.mp3,True
15b807b1-4856-4264-bae1-0e62af23b0c8,b9a92b14-da77-46c1-9eb7-531f031718ce,YouTube Library Track 25,YouTube Creator Artist 6,YouTube Audio Library,2024,180.0,YouTube Audio Library,yt_0025,audio/yt_0025.mp3,True
e465714d-ef04-4fc7-8c56-4172d7140d75,2492ab73-121a-4fc5-8963-17de1db620c5,YouTube Library Track 31,YouTube Creator Artist 12,YouTube Audio Library,2024,180.0,YouTube Audio Library,yt_0031,audio/yt_0031.mp3,True
9c5c572a-1892-4851-9ef5-7cd182cc232b,86b39d3b-8a41-41be-82eb-04f28a80ec33,YouTube Library Track 32,YouTube Creator Artist 13,YouTube Audio Library,2024,180.0,YouTube Audio Library,yt_0032,audio/yt_0032.mp3,True
e7e9fcb7-ef7b-41c6-9755-a574b2457f4f,b1dc34ca-de2b-4382-a9a9-d6ad98fd2a77,YouTube Library Track 33,YouTube Creator Artist 14,YouTube Audio Library,2024,180.0,YouTube Audio Library,yt_0033,audio/yt_0033.mp3,True
57bcda68-275c-4ede-a76a-fe2a889f279a,5366f9d2-3877-4acc-86a6-86615867378f,YouTube Library Track 34,YouTube Creator Artist 15,YouTube Audio Library,2024,180.0,YouTube Audio Library,yt_0034,audio/yt_0034.mp3,True
5ca0dfc6-c8e0-482a-ab8d-5fa73c6c92b5,21858ca5-2e46-4ccd-8167-53db0ecef5b0,YouTube Library Track 37,YouTube Creator Artist 18,YouTube Audio Library,2024,180.0,YouTube Audio Library,yt_0037,audio/yt_0037.mp3,True
20a22a18-0e12-432f-9f1c-250e222013c2,6a72af25-55aa-41f1-a91e-6ecc234c4b4e,YouTube Library Track 35,YouTube Creator Artist 16,YouTube Audio Library,2024,180.0,YouTube Audio Library,yt_0035,audio/yt_0035.mp3,True
dbdc91c7-f043-4998-85d6-a9ecfce81a54,d2be676d-8a6b-499a-b85f-943009a57929,YouTube Library Track 36,YouTube Creator Artist 17,YouTube Audio Library,2024,180.0,YouTube Audio Library,yt_0036,audio/yt_0036.mp3,True
96dcffb8-65a6-425f-9372-1fd71d00bc10,65b3db15-0032-418a-9c37-24f93592de9b,YouTube Library Track 39,YouTube Creator Artist 20,YouTube Audio Library,2024,180.0,YouTube Audio Library,yt_0039,audio/yt_0039.mp3,True
a9dc971c-7621-472f-913f-ef5b2a63b053,0ded3ffe-d493-4b6e-ba24-75ec018a1adb,YouTube Library Track 38,YouTube Creator Artist 19,YouTube Audio Library,2024,180.0,YouTube Audio Library,yt_0038,audio/yt_0038.mp3,True
f5ad5f06-27ee-4b67-9c19-2cfb970fcbee,a7347132-c356-4aa4-b196-b04f2f0fb881,YouTube Library Track 40,YouTube Creator Artist 1,YouTube Audio Library,2024,180.0,YouTube Audio Library,yt_0040,audio/yt_0040.mp3,True
ff411a45-48d2-4dbe-9727-fd03585e737a,9feba1b5-7b85-4a86-a833-b35399490548,YouTube Library Track 43,YouTube Creator Artist 4,YouTube Audio Library,2024,180.0,YouTube Audio Library,yt_0043,audio/yt_0043.mp3,True
c21ff5f9-5bd0-4ea0-907c-1fa9211e7fa6,cc3705e5-b8c6-4c39-af1e-cf9fd8354fa3,YouTube Library Track 41,YouTube Creator Artist 2,YouTube Audio Library,2024,180.0,YouTube Audio Library,yt_0041,audio/yt_0041.mp3,True
c9b70795-e733-4f80-8b7f-7c68d518660f,8f9bcca3-ec63-4948-83e4-c4a5da3e6f56,YouTube Library Track 44,YouTube Creator Artist 5,YouTube Audio Library,2024,180.0,YouTube Audio Library,yt_0044,audio/yt_0044.mp3,True
5776423d-ba39-4d95-9288-c751441ba635,9474473c-9d2f-4d89-b614-752029ad9297,YouTube Library Track 42,YouTube Creator Artist 3,YouTube Audio Library,2024,180.0,YouTube Audio Library,yt_0042,audio/yt_0042.mp3,True
e312b78b-4559-4481-be73-778bb939ac31,10f64523-a499-4545-9b58-f16e273c9515,YouTube Library Track 48,YouTube Creator Artist 9,YouTube Audio Library,2024,180.0,YouTube Audio Library,yt_0048,audio/yt_0048.mp3,True
d1b302be-df8b-4af0-ad78-5831fd1c3eba,a24676d1-1430-4ff1-95b2-855cb1545e8e,YouTube Library Track 46,YouTube Creator Artist 7,YouTube Audio Library,2024,180.0,YouTube Audio Library,yt_0046,audio/yt_0046.mp3,True
6bdffea9-37bd-4ae0-9e7c-c9a2489842ed,ed727f48-5ff1-4161-b65a-b3010ded7a39,YouTube Library Track 47,YouTube Creator Artist 8,YouTube Audio Library,2024,180.0,YouTube Audio Library,yt_0047,audio/yt_0047.mp3,True
2e96fbd7-7853-496a-8e1a-e12a0c3f694f,66db45d0-d682-4a63-800e-4dcc431d5054,YouTube Library Track 45,YouTube Creator Artist 6,YouTube Audio Library,2024,180.0,YouTube Audio Library,yt_0045,audio/yt_0045.mp3,True
dcf6591b-0aee-4994-be3e-47c1ed356b4d,9a986793-5e16-4487-b063-971fd5818610,YouTube Library Track 49,YouTube Creator Artist 10,YouTube Audio Library,2024,180.0,YouTube Audio Library,yt_0049,audio/yt_0049.mp3,True
cc3856fc-afd6-4dd7-85db-02870e904a46,14cd6d52-533f-4ec2-99b5-8e16730af230,YouTube Library Track 50,YouTube Creator Artist 11,YouTube Audio Library,2024,180.0,YouTube Audio Library,yt_0050,audio/yt_0050.mp3,True
977c1df2-a7db-49d0-b6db-8e36df3b9a6f,717f7721-ddca-48fa-a8d3-30775b52cfe5,YouTube Library Track 55,YouTube Creator Artist 16,YouTube Audio Library,2024,180.0,YouTube Audio Library,yt_0055,audio/yt_0055.mp3,True
558e3101-36aa-49ce-9585-a3291d38608c,5ae3e627-eb30-4ec6-98a1-1f8828c09772,YouTube Library Track 56,YouTube Creator Artist 17,YouTube Audio Library,2024,180.0,YouTube Audio Library,yt_0056,audio/yt_0056.mp3,True
4539ec27-1398-4134-803e-5a2991586b81,38ce49f8-2e1d-44d3-a546-f37787c28226,YouTube Library Track 59,YouTube Creator Artist 20,YouTube Audio Library,2024,180.0,YouTube Audio Library,yt_0059,audio/yt_0059.mp3,True
8dd07dc5-f0cc-4882-92d2-04c8b54f1b8f,66415a84-cd78-4edf-943e-e8493a6a5f8b,YouTube Library Track 60,YouTube Creator Artist 1,YouTube Audio Library,2024,180.0,YouTube Audio Library,yt_0060,audio/yt_0060.mp3,True
a293bbda-e9c0-42cc-ae01-c4ee488d20be,5844ea5d-88a6-4cdc-9ba6-b8282dbfe99f,YouTube Library Track 57,YouTube Creator Artist 18,YouTube Audio Library,2024,180.0,YouTube Audio Library,yt_0057,audio/yt_0057.mp3,True
bfe6c842-22e6-4403-9f6b-998953808997,ff7080fb-4c8b-4386-a2b5-1f4dc1f267fe,YouTube Library Track 58,YouTube Creator Artist 19,YouTube Audio Library,2024,180.0,YouTube Audio Library,yt_0058,audio/yt_0058.mp3,True
66833520-302b-4acf-ab17-a2cc2e2a8934,0b7531e8-e037-4d26-9569-96142aafe0f5,YouTube Library Track 51,YouTube Creator Artist 12,YouTube Audio Library,2024,180.0,YouTube Audio Library,yt_0051,audio/yt_0051.mp3,True
e5e1da47-89cc-418b-a51e-9efa42c09b30,2e6ec280-2931-4563-8c04-e4e2dcb69c4d,YouTube Library Track 66,YouTube Creator Artist 7,YouTube Audio Library,2024,180.0,YouTube Audio Library,yt_0066,audio/yt_0066.mp3,True
e41c27e1-4202-4f4c-bd1a-ece1a2a70eb5,7615def7-db8a-40a4-833e-4508c63aeaeb,YouTube Library Track 65,YouTube Creator Artist 6,YouTube Audio Library,2024,180.0,YouTube Audio Library,yt_0065,audio/yt_0065.mp3,True
25987ddb-a932-4732-9f61-c974126d6623,f6e3d488-e5fb-4918-a600-740f5c395af5,YouTube Library Track 52,YouTube Creator Artist 13,YouTube Audio Library,2024,180.0,YouTube Audio Library,yt_0052,audio/yt_0052.mp3,True
74e320fc-a249-478b-b629-b876fb212950,bf667e20-a36c-4a0a-8668-271e09c444ee,YouTube Library Track 53,YouTube Creator Artist 14,YouTube Audio Library,2024,180.0,YouTube Audio Library,yt_0053,audio/yt_0053.mp3,True
f8950314-01d6-4ff7-a960-5ba17b58ce26,c8eed652-afb4-47f6-af6b-b8c4aeb59f0a,YouTube Library Track 67,YouTube Creator Artist 8,YouTube Audio Library,2024,180.0,YouTube Audio Library,yt_0067,audio/yt_0067.mp3,True
891db4c3-4f46-4744-aac7-d9951c9dea9f,ea607ae0-18ad-4373-9260-dd8e65ab36b5,YouTube Library Track 62,YouTube Creator Artist 3,YouTube Audio Library,2024,180.0,YouTube Audio Library,yt_0062,audio/yt_0062.mp3,True
54a066e8-af93-4195-a5b2-b1c3354f8be6,9cf5643c-b967-49ce-b17e-6d9fdda306c1,YouTube Library Track 61,YouTube Creator Artist 2,YouTube Audio Library,2024,180.0,YouTube Audio Library,yt_0061,audio/yt_0061.mp3,True
598c77c3-d304-4709-92ec-8590a7183d37,fa7bfbab-a3b6-4809-ad1a-ed67de9ce809,YouTube Library Track 54,YouTube Creator Artist 15,YouTube Audio Library,2024,180.0,YouTube Audio Library,yt_0054,audio/yt_0054.mp3,True
fbe9aced-101a-48d4-b17f-f97c67c3bd70,797509e4-ac01-4881-a593-b1371a57734f,YouTube Library Track 63,YouTube Creator Artist 4,YouTube Audio Library,2024,180.0,YouTube Audio Library,yt_0063,audio/yt_0063.mp3,True
e9b95fcd-0cb3-4a10-b5b3-500747f7a96c,09a37e3a-5f67-4905-9a28-62506bcd6703,YouTube Library Track 68,YouTube Creator Artist 9,YouTube Audio Library,2024,180.0,YouTube Audio Library,yt_0068,audio/yt_0068.mp3,True
8c32a4f1-883f-42b1-b052-7fde9fe8db4d,c5b6797f-434e-4b6d-8ca8-8026518e4237,YouTube Library Track 69,YouTube Creator Artist 10,YouTube Audio Library,2024,180.0,YouTube Audio Library,yt_0069,audio/yt_0069.mp3,True
5e83ece5-46a6-4f60-ae1f-7a5d607f4f01,7fa87473-be95-495b-aa6b-7ca2c80b9289,YouTube Library Track 71,YouTube Creator Artist 12,YouTube Audio Library,2024,180.0,YouTube Audio Library,yt_0071,audio/yt_0071.mp3,True
a1414aee-fcb7-4a26-92ec-14cd6c11915d,5985fa80-9889-4b35-8d72-a4dd0e6c26ef,YouTube Library Track 72,YouTube Creator Artist 13,YouTube Audio Library,2024,180.0,YouTube Audio Library,yt_0072,audio/yt_0072.mp3,True
952b212d-d4e3-4a17-b8bf-ec15a72ba7f6,4e4199f1-950c-4301-94db-bc4464c41ccb,YouTube Library Track 70,YouTube Creator Artist 11,YouTube Audio Library,2024,180.0,YouTube Audio Library,yt_0070,audio/yt_0070.mp3,True
ec2854ed-b3e8-4c16-8796-2dc5aed31b26,7607f34f-190a-4570-9b5b-a07bcffbf674,YouTube Library Track 73,YouTube Creator Artist 14,YouTube Audio Library,2024,180.0,YouTube Audio Library,yt_0073,audio/yt_0073.mp3,True
36a2c1da-a4c7-4e14-8f48-68f269287f84,cf8a3d22-bcd2-4b30-a029-5f2583e8d2c5,YouTube Library Track 74,YouTube Creator Artist 15,YouTube Audio Library,2024,180.0,YouTube Audio Library,yt_0074,audio/yt_0074.mp3,True
44011372-fa48-432a-a123-eb4edeff7c31,1ec923ed-6de5-414b-9f89-e2775871892c,YouTube Library Track 75,YouTube Creator Artist 16,YouTube Audio Library,2024,180.0,YouTube Audio Library,yt_0075,audio/yt_0075.mp3,True
0b331268-7a67-4d92-b003-4662b5b28547,49b2f6a6-1a24-4d77-a4b5-11ee9c50c216,YouTube Library Track 64,YouTube Creator Artist 5,YouTube Audio Library,2024,180.0,YouTube Audio Library,yt_0064,audio/yt_0064.mp3,True
90d7ae64-3479-4ce5-9252-8b76207018c2,ce4a4feb-2e35-4c1f-b34b-a14c3f556696,YouTube Library Track 76,YouTube Creator Artist 17,YouTube Audio Library,2024,180.0,YouTube Audio Library,yt_0076,audio/yt_0076.mp3,True
96b59f16-bf21-4663-94b9-fed364dd5d59,3af2301e-32ef-4990-b40f-769827847214,YouTube Library Track 80,YouTube Creator Artist 1,YouTube Audio Library,2024,180.0,YouTube Audio Library,yt_0080,audio/yt_0080.mp3,True
51fda1b7-9da0-40b7-83fb-3e85f7007ca0,bc6a031a-78da-4622-a8f0-f5919fbee50b,YouTube Library Track 77,YouTube Creator Artist 18,YouTube Audio Library,2024,180.0,YouTube Audio Library,yt_0077,audio/yt_0077.mp3,True
ab1cdad6-a146-4510-860e-8939b8f4b10c,f39dce13-576a-499d-80bd-cfcd9a877b86,YouTube Library Track 85,YouTube Creator Artist 6,YouTube Audio Library,2024,180.0,YouTube Audio Library,yt_0085,audio/yt_0085.mp3,True
278c4280-3132-48fb-b553-40f2ebfd84f8,08949561-fc3e-441f-bfc9-5260be7e536b,YouTube Library Track 78,YouTube Creator Artist 19,YouTube Audio Library,2024,180.0,YouTube Audio Library,yt_0078,audio/yt_0078.mp3,True
35b378b5-e541-446c-a193-3144c5dc977f,ccd0210c-ccb4-4d53-815a-50502582eeec,YouTube Library Track 86,YouTube Creator Artist 7,YouTube Audio Library,2024,180.0,YouTube Audio Library,yt_0086,audio/yt_0086.mp3,True
855decf5-7fb7-4ffc-8cf7-b0f7f2b0b3c8,4aa25a07-b39d-4a71-bcf6-b2cbbe2b018d,YouTube Library Track 79,YouTube Creator Artist 20,YouTube Audio Library,2024,180.0,YouTube Audio Library,yt_0079,audio/yt_0079.mp3,True
609bf0ca-ff6d-42ad-8d15-ffbb18fbcad4,1fbc00a6-2635-4e97-b722-637d9a2de136,YouTube Library Track 81,YouTube Creator Artist 2,YouTube Audio Library,2024,180.0,YouTube Audio Library,yt_0081,audio/yt_0081.mp3,True
02968138-b5d0-421b-bce9-05abff9ba7ff,27534c29-aac3-41e2-9963-687eafd2edd0,YouTube Library Track 82,YouTube Creator Artist 3,YouTube Audio Library,2024,180.0,YouTube Audio Library,yt_0082,audio/yt_0082.mp3,True
40805a63-3281-4bc0-8749-03f527d6a8c9,807b91f6-bb14-4936-bca6-2dc87a4cb098,YouTube Library Track 87,YouTube Creator Artist 8,YouTube Audio Library,2024,180.0,YouTube Audio Library,yt_0087,audio/yt_0087.mp3,True
bada0288-eb6a-4f30-ab7f-655304e63171,a24d2900-fba6-4a15-8dbd-34133b7c08b2,YouTube Library Track 88,YouTube Creator Artist 9,YouTube Audio Library,2024,180.0,YouTube Audio Library,yt_0088,audio/yt_0088.mp3,True
24282b8f-c5c9-4f20-bd0f-ea0ddfe21b4d,2c32c646-9400-4230-bfa4-669bdca242ce,YouTube Library Track 90,YouTube Creator Artist 11,YouTube Audio Library,2024,180.0,YouTube Audio Library,yt_0090,audio/yt_0090.mp3,True
41cdca6a-a2af-4264-a3ad-00150f654f2d,7b168707-4803-46b3-8ebd-696b8210fcd9,YouTube Library Track 92,YouTube Creator Artist 13,YouTube Audio Library,2024,180.0,YouTube Audio Library,yt_0092,audio/yt_0092.mp3,True
bd7a736f-4552-4a14-8a78-b527615bb538,59094a11-4815-4786-b072-32d9554411bc,YouTube Library Track 89,YouTube Creator Artist 10,YouTube Audio Library,2024,180.0,YouTube Audio Library,yt_0089,audio/yt_0089.mp3,True
5d4a12a7-249b-4f1f-84d9-1cd17cfa48e0,7820b30e-62ae-4bde-b284-e28d14127adf,YouTube Library Track 91,YouTube Creator Artist 12,YouTube Audio Library,2024,180.0,YouTube Audio Library,yt_0091,audio/yt_0091.mp3,True
ae3f9d56-49d1-4e72-8eb6-7897a0601c75,b83ce418-1203-4a8c-b06c-ea9977fd9525,YouTube Library Track 83,YouTube Creator Artist 4,YouTube Audio Library,2024,180.0,YouTube Audio Library,yt_0083,audio/yt_0083.mp3,True
77fd10bf-08fa-4074-a19d-c52f378db93c,01bf2fe2-000e-4ed8-9f16-bb927df357e8,YouTube Library Track 93,YouTube Creator Artist 14,YouTube Audio Library,2024,180.0,YouTube Audio Library,yt_0093,audio/yt_0093.mp3,True
49ac8f67-3183-46f9-9b9f-5aab86f6dd82,940ff3d0-64fa-4c75-b055-528ccc39db71,YouTube Library Track 84,YouTube Creator Artist 5,YouTube Audio Library,2024,180.0,YouTube Audio Library,yt_0084,audio/yt_0084.mp3,True
36bc7029-fc95-4669-aeba-e74a1307919f,af2ebc4b-4b29-4b98-8cfa-c7ffce9c8233,YouTube Library Track 99,YouTube Creator Artist 20,YouTube Audio Library,2024,180.0,YouTube Audio Library,yt_0099,audio/yt_0099.mp3,True
dedbf8e1-9b0c-4dd1-8830-2041027034b8,53c7fa02-68ca-4d1a-b1c1-a214a3b949b0,YouTube Library Track 96,YouTube Creator Artist 17,YouTube Audio Library,2024,180.0,YouTube Audio Library,yt_0096,audio/yt_0096.mp3,True
d0f302fe-10cc-4ce7-b650-689e9fb76166,5c27ccd5-b2d6-499b-b381-39438db0e397,YouTube Library Track 100,YouTube Creator Artist 1,YouTube Audio Library,2024,180.0,YouTube Audio Library,yt_0100,audio/yt_0100.mp3,True
d350a139-4fde-499c-8ff9-6dd2404cb425,517669a2-0e80-44ca-8d1d-7407a28bb47f,YouTube Library Track 95,YouTube Creator Artist 16,YouTube Audio Library,2024,180.0,YouTube Audio Library,yt_0095,audio/yt_0095.mp3,True
8466cd10-4cad-41b9-b97c-7b2b200a79fc,6b2255dc-2c35-40cb-87ce-2a86763c32d6,YouTube Library Track 101,YouTube Creator Artist 2,YouTube Audio Library,2024,180.0,YouTube Audio Library,yt_0101,audio/yt_0101.mp3,True
a12ff3f1-353f-4e27-830e-5c612382eeab,831f36a1-ee57-4a38-8955-f67e9fe4a5bf,YouTube Library Track 102,YouTube Creator Artist 3,YouTube Audio Library,2024,180.0,YouTube Audio Library,yt_0102,audio/yt_0102.mp3,True
08404530-51de-4fe5-9c6a-b15d95e15827,421a7878-3980-445c-ae38-c861bafc6af1,YouTube Library Track 103,YouTube Creator Artist 4,YouTube Audio Library,2024,180.0,YouTube Audio Library,yt_0103,audio/yt_0103.mp3,True
1ad3c5d5-169b-4fa5-9cbe-74054380bd7d,479179ca-d8e7-4116-9635-4e8aa06f0899,YouTube Library Track 94,YouTube Creator Artist 15,YouTube Audio Library,2024,180.0,YouTube Audio Library,yt_0094,audio/yt_0094.mp3,True
c1b38355-5bc5-497e-9c78-25e241ab3749,bffd63ae-e85f-4863-978d-61da25d72b5c,YouTube Library Track 105,YouTube Creator Artist 6,YouTube Audio Library,2024,180.0,YouTube Audio Library,yt_0105,audio/yt_0105.mp3,True
38c85a96-4b3c-48fa-9aee-8ba73e205578,38eb836f-d8c5-45fe-b874-390f39db49a6,YouTube Library Track 106,YouTube Creator Artist 7,YouTube Audio Library,2024,180.0,YouTube Audio Library,yt_0106,audio/yt_0106.mp3,True
fb0d4f12-60df-4c17-ae16-7db9569b6a9f,605c92be-bd11-439a-9a7a-d756bb00e3b2,YouTube Library Track 110,YouTube Creator Artist 11,YouTube Audio Library,2024,180.0,YouTube Audio Library,yt_0110,audio/yt_0110.mp3,True
953b4348-3908-4325-9728-7449f949cb68,5c0d60a8-eaa5-4e42-9921-bb957e111930,YouTube Library Track 104,YouTube Creator Artist 5,YouTube Audio Library,2024,180.0,YouTube Audio Library,yt_0104,audio/yt_0104.mp3,True
8f1bc289-966a-4013-81d3-30890585e30a,53e54148-31ce-40f5-96be-97ba0ced3e64,YouTube Library Track 108,YouTube Creator Artist 9,YouTube Audio Library,2024,180.0,YouTube Audio Library,yt_0108,audio/yt_0108.mp3,True
a572f822-4b40-45a9-9712-9b4be620ecb2,9a500142-b582-4c03-956f-113b9be6cb39,YouTube Library Track 107,YouTube Creator Artist 8,YouTube Audio Library,2024,180.0,YouTube Audio Library,yt_0107,audio/yt_0107.mp3,True
4b3c61c3-4ef4-489e-99f4-7cd8ee5ad90e,ed7029cf-4cf2-461d-82bd-f6fce6912cfd,YouTube Library Track 112,YouTube Creator Artist 13,YouTube Audio Library,2024,180.0,YouTube Audio Library,yt_0112,audio/yt_0112.mp3,True
2d3016b5-eeae-44c6-872d-ffa2131dcd92,f6d95145-edfd-4df1-bfcf-d0a0f0a9eb82,YouTube Library Track 98,YouTube Creator Artist 19,YouTube Audio Library,2024,180.0,YouTube Audio Library,yt_0098,audio/yt_0098.mp3,True
8a07cecf-6723-4928-b746-0917251f1387,6f8e077b-f939-4918-b71f-9ab41941246a,YouTube Library Track 111,YouTube Creator Artist 12,YouTube Audio Library,2024,180.0,YouTube Audio Library,yt_0111,audio/yt_0111.mp3,True
2ae474ba-461d-49c2-8b3f-497fa1ed30a1,69c010f0-c664-44d2-a06a-1d21208f2631,YouTube Library Track 113,YouTube Creator Artist 14,YouTube Audio Library,2024,180.0,YouTube Audio Library,yt_0113,audio/yt_0113.mp3,True
b5f202fc-2553-488a-b0ee-8e7595ec100e,b03d1d1f-8f9f-4815-87fd-9ce683b16c98,YouTube Library Track 97,YouTube Creator Artist 18,YouTube Audio Library,2024,180.0,YouTube Audio Library,yt_0097,audio/yt_0097.mp3,True
63b489da-fb71-4726-80e8-d68a05f9e0f1,32a87bda-cdd9-4eae-b4b7-4a2af6417e85,YouTube Library Track 115,YouTube Creator Artist 16,YouTube Audio Library,2024,180.0,YouTube Audio Library,yt_0115,audio/yt_0115.mp3,True
b91f5d49-20c5-41c8-937e-7ddaf21deefa,7ff0409f-6bb2-4caf-8e0c-a212a273aab1,YouTube Library Track 114,YouTube Creator Artist 15,YouTube Audio Library,2024,180.0,YouTube Audio Library,yt_0114,audio/yt_0114.mp3,True
84ea7fd6-81f1-4a72-824d-13cf1c0e752a,25aa23ed-cfc3-43c3-afbe-d86dfb4bfc74,YouTube Library Track 116,YouTube Creator Artist 17,YouTube Audio Library,2024,180.0,YouTube Audio Library,yt_0116,audio/yt_0116.mp3,True
a17ae3bf-8954-42d7-bcbb-ab88695a836a,fdb18b97-da3a-4447-a8e6-7e0029715904,YouTube Library Track 117,YouTube Creator Artist 18,YouTube Audio Library,2024,180.0,YouTube Audio Library,yt_0117,audio/yt_0117.mp3,True
7297c367-7d08-4f68-aaa4-e21209423ec6,4887ff2a-8768-43ae-aea9-957ee6cacdb9,YouTube Library Track 109,YouTube Creator Artist 10,YouTube Audio Library,2024,180.0,YouTube Audio Library,yt_0109,audio/yt_0109.mp3,True
eec247ee-ca54-450e-85bf-8a3671bfe8e3,fd71930a-7108-4e63-9bde-24992330915c,YouTube Library Track 118,YouTube Creator Artist 19,YouTube Audio Library,2024,180.0,YouTube Audio Library,yt_0118,audio/yt_0118.mp3,True
9bdd8070-6858-4555-b8ee-9138426b6e87,038eaf6c-d6aa-46b9-bcb6-4384c3de023b,YouTube Library Track 120,YouTube Creator Artist 1,YouTube Audio Library,2024,180.0,YouTube Audio Library,yt_0120,audio/yt_0120.mp3,True
27bffe24-ec6d-4e61-9c32-8cf9682ad807,af2e40b9-2f57-495f-a49f-414d38af3989,YouTube Library Track 119,YouTube Creator Artist 20,YouTube Audio Library,2024,180.0,YouTube Audio Library,yt_0119,audio/yt_0119.mp3,True
6ae3f7a5-f989-4978-82a0-e1b9c1c1b8bc,45cf487d-3abf-4d47-87d3-1a98241b10b4,YouTube Library Track 121,YouTube Creator Artist 2,YouTube Audio Library,2024,180.0,YouTube Audio Library,yt_0121,audio/yt_0121.mp3,True
16931c64-bd94-41f6-b6d7-bacbfae18e03,1eca842f-9fed-4566-8e94-3b2fb0ee3c58,YouTube Library Track 122,YouTube Creator Artist 3,YouTube Audio Library,2024,180.0,YouTube Audio Library,yt_0122,audio/yt_0122.mp3,True
7b8ddda4-e4ab-4453-a0b1-2d13ce0261ca,54663ba2-16b7-4e03-a174-81956bcd17e4,YouTube Library Track 123,YouTube Creator Artist 4,YouTube Audio Library,2024,180.0,YouTube Audio Library,yt_0123,audio/yt_0123.mp3,True
359d0932-2a0a-4865-9f8f-03fd3b9193d2,845434a9-3b07-4e16-909f-6cbc171e8a3c,YouTube Library Track 126,YouTube Creator Artist 7,YouTube Audio Library,2024,180.0,YouTube Audio Library,yt_0126,audio/yt_0126.mp3,True
8f616829-37d3-4f97-bcd3-faa1b6e60d79,5710cea3-9a90-42c5-9210-2a40efed79ed,YouTube Library Track 125,YouTube Creator Artist 6,YouTube Audio Library,2024,180.0,YouTube Audio Library,yt_0125,audio/yt_0125.mp3,True
5ea682e0-e9eb-4f99-9a6d-e1abb7d91e32,fcf5410a-d3e7-4652-ba67-7d391872e234,YouTube Library Track 124,YouTube Creator Artist 5,YouTube Audio Library,2024,180.0,YouTube Audio Library,yt_0124,audio/yt_0124.mp3,True
c3f65e6d-203f-4fbc-802f-a9a842247cd0,a1a76246-33e1-4018-9244-5a32539d916d,YouTube Library Track 129,YouTube Creator Artist 10,YouTube Audio Library,2024,180.0,YouTube Audio Library,yt_0129,audio/yt_0129.mp3,True
41aaebc5-ccba-438c-8cd6-d35d302d8394,26f4730d-e017-4f0b-96e8-8fd5eef4abca,YouTube Library Track 132,YouTube Creator Artist 13,YouTube Audio Library,2024,180.0,YouTube Audio Library,yt_0132,audio/yt_0132.mp3,True
5e3aef12-5753-46c0-a4d9-8884a382d92a,f771b0ea-8ef2-4057-bdca-ac73f682ef96,YouTube Library Track 131,YouTube Creator Artist 12,YouTube Audio Library,2024,180.0,YouTube Audio Library,yt_0131,audio/yt_0131.mp3,True
77f05266-dbd7-4d63-abc0-f0af506095f0,f2024be4-fdeb-489c-8ad2-6e30e0e063be,YouTube Library Track 130,YouTube Creator Artist 11,YouTube Audio Library,2024,180.0,YouTube Audio Library,yt_0130,audio/yt_0130.mp3,True
780e1b09-63ca-48f6-88bb-07468167ac02,1deaede3-bd8a-4250-a283-24550677c685,YouTube Library Track 135,YouTube Creator Artist 16,YouTube Audio Library,2024,180.0,YouTube Audio Library,yt_0135,audio/yt_0135.mp3,True
1e81bf20-5e18-4aee-aed1-65adc7368860,44781304-727d-4d49-bad3-61ec4d52e5ed,YouTube Library Track 134,YouTube Creator Artist 15,YouTube Audio Library,2024,180.0,YouTube Audio Library,yt_0134,audio/yt_0134.mp3,True
d3083b0c-c47c-4d38-b976-6bbd0bb9ff35,af7f63cd-7854-4433-8aef-ac5d69091783,YouTube Library Track 133,YouTube Creator Artist 14,YouTube Audio Library,2024,180.0,YouTube Audio Library,yt_0133,audio/yt_0133.mp3,True
db48966a-8d1c-41bc-b11e-8b5424c19073,15047e10-24e9-4841-9239-2542e9fba8db,YouTube Library Track 136,YouTube Creator Artist 17,YouTube Audio Library,2024,180.0,YouTube Audio Library,yt_0136,audio/yt_0136.mp3,True
5287ea87-9259-466e-a79f-1a62911e297c,1489a1da-3337-44cc-be82-a7c07923e96e,YouTube Library Track 137,YouTube Creator Artist 18,YouTube Audio Library,2024,180.0,YouTube Audio Library,yt_0137,audio/yt_0137.mp3,True
d23f91f6-f230-442e-aa3b-959424a9034c,5223aef9-9632-4b3e-bb6e-ddd3de88f97d,YouTube Library Track 138,YouTube Creator Artist 19,YouTube Audio Library,2024,180.0,YouTube Audio Library,yt_0138,audio/yt_0138.mp3,True
ce191afd-4375-4b68-acb4-4b78763ba210,a514d076-b567-4c26-8cd7-59f7c89842ad,YouTube Library Track 140,YouTube Creator Artist 1,YouTube Audio Library,2024,180.0,YouTube Audio Library,yt_0140,audio/yt_0140.mp3,True
087d1285-698f-4989-a910-911ef8d9d36a,8ec751ba-2763-44f9-95c4-d3cf8a02e277,YouTube Library Track 139,YouTube Creator Artist 20,YouTube Audio Library,2024,180.0,YouTube Audio Library,yt_0139,audio/yt_0139.mp3,True
7a367379-10e3-4d42-bed5-008177990017,a6672950-c46b-4dc9-86b9-b57c346240ac,YouTube Library Track 142,YouTube Creator Artist 3,YouTube Audio Library,2024,180.0,YouTube Audio Library,yt_0142,audio/yt_0142.mp3,True
eadf5e3f-4ebd-4ccd-b0c1-5b7500b58d65,b9d1cd91-88bd-4830-866d-b06012f45dd3,YouTube Library Track 144,YouTube Creator Artist 5,YouTube Audio Library,2024,180.0,YouTube Audio Library,yt_0144,audio/yt_0144.mp3,True
084a2485-a6eb-44d2-8829-6a53c2cd83f1,15985c28-a267-4de4-ad90-130c2307e423,YouTube Library Track 127,YouTube Creator Artist 8,YouTube Audio Library,2024,180.0,YouTube Audio Library,yt_0127,audio/yt_0127.mp3,True
e5e6bdd3-114b-43c2-9bb0-ea858b300161,10142349-34e5-4a84-9360-b803dbc6b5ca,YouTube Library Track 128,YouTube Creator Artist 9,YouTube Audio Library,2024,180.0,YouTube Audio Library,yt_0128,audio/yt_0128.mp3,True
d6048cb7-47db-4833-bd3e-a9526461296a,d237d05f-a6f3-4050-8d36-6cfa00086c87,YouTube Library Track 143,YouTube Creator Artist 4,YouTube Audio Library,2024,180.0,YouTube Audio Library,yt_0143,audio/yt_0143.mp3,True
2e8467ff-931d-4124-9be9-eb837b8f2676,5bf2aef7-eb94-4cbf-9fb4-a313db1394be,YouTube Library Track 146,YouTube Creator Artist 7,YouTube Audio Library,2024,180.0,YouTube Audio Library,yt_0146,audio/yt_0146.mp3,True
a75fd9bc-73a3-46e3-a3af-110ceae60283,fddeada3-05f7-4ade-aeb2-dc649fd8a32b,YouTube Library Track 148,YouTube Creator Artist 9,YouTube Audio Library,2024,180.0,YouTube Audio Library,yt_0148,audio/yt_0148.mp3,True
8af4fc07-f265-4b00-8e1f-798643544879,8d631a65-8eab-4bc1-970a-108526288417,YouTube Library Track 149,YouTube Creator Artist 10,YouTube Audio Library,2024,180.0,YouTube Audio Library,yt_0149,audio/yt_0149.mp3,True
cd925f14-9d35-4d54-9a11-b8dcf5c80029,4941baa6-bfc2-4332-b996-cc7ad39728ff,YouTube Library Track 145,YouTube Creator Artist 6,YouTube Audio Library,2024,180.0,YouTube Audio Library,yt_0145,audio/yt_0145.mp3,True
66f09138-13f3-474d-a810-de5491da13f0,ddc9f497-e786-4d93-a668-94cb303617e2,YouTube Library Track 152,YouTube Creator Artist 13,YouTube Audio Library,2024,180.0,YouTube Audio Library,yt_0152,audio/yt_0152.mp3,True
4ca2654d-6e6f-483d-9428-44302b8a412c,9d47de16-c70a-4814-98ca-eb5883f64860,YouTube Library Track 153,YouTube Creator Artist 14,YouTube Audio Library,2024,180.0,YouTube Audio Library,yt_0153,audio/yt_0153.mp3,True
0b60866f-3755-4803-8ba2-72faad6b900f,9ac22b86-a174-462a-8a66-4303ebf43330,YouTube Library Track 147,YouTube Creator Artist 8,YouTube Audio Library,2024,180.0,YouTube Audio Library,yt_0147,audio/yt_0147.mp3,True
a9fb5aa8-b8b6-463f-a26f-a928b18685ab,2b19a9e2-e7a5-49b6-a2b5-77729bdd458d,YouTube Library Track 154,YouTube Creator Artist 15,YouTube Audio Library,2024,180.0,YouTube Audio Library,yt_0154,audio/yt_0154.mp3,True
3c593dd1-93d2-4b06-902c-7df8720d050c,1998f61c-c061-4c06-a9ec-67944358c99f,YouTube Library Track 155,YouTube Creator Artist 16,YouTube Audio Library,2024,180.0,YouTube Audio Library,yt_0155,audio/yt_0155.mp3,True
a02128ab-33a8-4cd4-a0d5-9286ebef6232,b00a1ece-9470-4c6c-9ced-a79ba661d60d,YouTube Library Track 141,YouTube Creator Artist 2,YouTube Audio Library,2024,180.0,YouTube Audio Library,yt_0141,audio/yt_0141.mp3,True
ba9ca459-3b18-4e8e-b6ae-8c71958bf41c,cd90e7af-f1c8-4252-bf37-210c2715d59f,YouTube Library Track 156,YouTube Creator Artist 17,YouTube Audio Library,2024,180.0,YouTube Audio Library,yt_0156,audio/yt_0156.mp3,True
5cea7508-2670-438b-bd5b-b7ac14c72db4,57cc7bde-f939-4928-9ac9-cd12bb1b33e5,YouTube Library Track 158,YouTube Creator Artist 19,YouTube Audio Library,2024,180.0,YouTube Audio Library,yt_0158,audio/yt_0158.mp3,True
1a3efeda-4199-438d-af06-6ff2b9e7f421,152ecaf9-de91-414e-b614-a9f54616637d,YouTube Library Track 161,YouTube Creator Artist 2,YouTube Audio Library,2024,180.0,YouTube Audio Library,yt_0161,audio/yt_0161.mp3,True
d270d167-bd93-4831-9f7b-cf389b13f2f8,5fd13a61-9265-4d8d-80eb-bf892c46ab03,YouTube Library Track 160,YouTube Creator Artist 1,YouTube Audio Library,2024,180.0,YouTube Audio Library,yt_0160,audio/yt_0160.mp3,True
fb85ac3b-8231-446f-b406-da9d40ee0a55,772bcaf8-52d7-48cb-89ec-fe951478a60b,YouTube Library Track 150,YouTube Creator Artist 11,YouTube Audio Library,2024,180.0,YouTube Audio Library,yt_0150,audio/yt_0150.mp3,True
afbd26dd-8909-4aec-af3d-7b07f807021a,fb4205b3-cc0a-4022-a41d-b5e083cbf6be,YouTube Library Track 163,YouTube Creator Artist 4,YouTube Audio Library,2024,180.0,YouTube Audio Library,yt_0163,audio/yt_0163.mp3,True
fdb13dac-6af6-47ab-b449-2ef500214963,71ff8672-54ef-4de5-ad10-65885a3818fa,YouTube Library Track 151,YouTube Creator Artist 12,YouTube Audio Library,2024,180.0,YouTube Audio Library,yt_0151,audio/yt_0151.mp3,True
66a1f708-9996-41f6-b819-b93c9107e34c,63c08b55-0917-4cf1-9184-12fa1e8f9d8d,YouTube Library Track 159,YouTube Creator Artist 20,YouTube Audio Library,2024,180.0,YouTube Audio Library,yt_0159,audio/yt_0159.mp3,True
e72515c5-5ebc-4a85-af58-2b9b4293a606,bc32e9f2-bd82-4b2a-9428-2b5d0c74d713,YouTube Library Track 167,YouTube Creator Artist 8,YouTube Audio Library,2024,180.0,YouTube Audio Library,yt_0167,audio/yt_0167.mp3,True
effa9c20-1a33-4f35-87c7-0f4b60b6f26c,87ca0537-4850-4016-9ff3-e240e1dcee3d,YouTube Library Track 168,YouTube Creator Artist 9,YouTube Audio Library,2024,180.0,YouTube Audio Library,yt_0168,audio/yt_0168.mp3,True
52b9a03e-3472-40dc-861c-490d031f7c82,471d2f66-d5aa-4e80-9527-625ced633702,YouTube Library Track 169,YouTube Creator Artist 10,YouTube Audio Library,2024,180.0,YouTube Audio Library,yt_0169,audio/yt_0169.mp3,True
2aa6bbff-10bf-4f48-bf5e-724794986850,0e652696-c81d-469b-b149-923024df0fad,YouTube Library Track 170,YouTube Creator Artist 11,YouTube Audio Library,2024,180.0,YouTube Audio Library,yt_0170,audio/yt_0170.mp3,True
f23ea2be-5478-422c-9287-f4005851b737,5377a03f-fd3c-4f47-9ff1-f07810bd9ada,YouTube Library Track 157,YouTube Creator Artist 18,YouTube Audio Library,2024,180.0,YouTube Audio Library,yt_0157,audio/yt_0157.mp3,True
6525c8aa-352c-4113-bb7f-f9bf5f22328d,fa17fba2-0843-437f-ba95-771399cfa5ee,YouTube Library Track 171,YouTube Creator Artist 12,YouTube Audio Library,2024,180.0,YouTube Audio Library,yt_0171,audio/yt_0171.mp3,True
41762428-5a0c-499f-a9bb-6a68ede605c2,5c4eee6d-4202-4554-8849-c0906a4dd0ca,YouTube Library Track 162,YouTube Creator Artist 3,YouTube Audio Library,2024,180.0,YouTube Audio Library,yt_0162,audio/yt_0162.mp3,True
1383d6e5-1c42-4db2-bf47-b1a921313447,f6559fbb-82d3-4322-80d4-b4837b89db96,YouTube Library Track 164,YouTube Creator Artist 5,YouTube Audio Library,2024,180.0,YouTube Audio Library,yt_0164,audio/yt_0164.mp3,True
e8face5f-df3e-4c46-abed-823a7dd223db,53aeecb8-3ae0-4a5d-a890-e9cdf925c1ca,YouTube Library Track 165,YouTube Creator Artist 6,YouTube Audio Library,2024,180.0,YouTube Audio Library,yt_0165,audio/yt_0165.mp3,True
72435aef-b13b-4290-8148-4fae7accda10,7239d5e7-aec3-4097-975d-8a23dc4dc425,YouTube Library Track 172,YouTube Creator Artist 13,YouTube Audio Library,2024,180.0,YouTube Audio Library,yt_0172,audio/yt_0172.mp3,True
6902574f-63b4-41b1-9e8f-a63614f54f06,e87306c3-c699-4a62-80d4-812ebab8d37a,YouTube Library Track 173,YouTube Creator Artist 14,YouTube Audio Library,2024,180.0,YouTube Audio Library,yt_0173,audio/yt_0173.mp3,True
0bd024fc-a1eb-4ac8-93f0-28d8300a2726,cf1b149f-ca16-4c72-b606-2c9ac420a745,YouTube Library Track 166,YouTube Creator Artist 7,YouTube Audio Library,2024,180.0,YouTube Audio Library,yt_0166,audio/yt_0166.mp3,True
c7b0c676-8432-4ec9-9c75-bd3214a4aa4d,d181335e-fd74-44c4-855b-162cec3f6460,YouTube Library Track 175,YouTube Creator Artist 16,YouTube Audio Library,2024,180.0,YouTube Audio Library,yt_0175,audio/yt_0175.mp3,True
101988b8-ab98-4398-8970-4875dfb031f7,8ac996a5-6250-46b5-b1d5-a783d953bdb5,YouTube Library Track 177,YouTube Creator Artist 18,YouTube Audio Library,2024,180.0,YouTube Audio Library,yt_0177,audio/yt_0177.mp3,True
d71e6156-fb1f-4af0-bfb6-d23c32727f10,f7aff0d0-a595-4868-90cc-5d3c39d48f4a,YouTube Library Track 174,YouTube Creator Artist 15,YouTube Audio Library,2024,180.0,YouTube Audio Library,yt_0174,audio/yt_0174.mp3,True
884659ba-8540-4b19-9cc8-7bfbf2f942ff,d5d138cf-4a6d-4c4a-ba88-aa05eb885f3a,YouTube Library Track 179,YouTube Creator Artist 20,YouTube Audio Library,2024,180.0,YouTube Audio Library,yt_0179,audio/yt_0179.mp3,True
deb4e537-20dd-4aad-a221-ea830d2f6f6e,d1d9af41-4dbd-4cc1-b470-207937d08884,YouTube Library Track 176,YouTube Creator Artist 17,YouTube Audio Library,2024,180.0,YouTube Audio Library,yt_0176,audio/yt_0176.mp3,True
864ba60a-3ae0-48f7-8c5e-6864c42c101b,d62a9de2-e211-45ae-999f-7459ebc51f8a,YouTube Library Track 178,YouTube Creator Artist 19,YouTube Audio Library,2024,180.0,YouTube Audio Library,yt_0178,audio/yt_0178.mp3,True
21a8633e-a628-40ff-aa45-6435c4f3a5e8,98ee3e66-6eaf-4ced-9bc4-3572e1ade309,YouTube Library Track 180,YouTube Creator Artist 1,YouTube Audio Library,2024,180.0,YouTube Audio Library,yt_0180,audio/yt_0180.mp3,True
690368c0-3604-4daf-b726-b3a534ffbdad,5cb4644f-048c-47ca-88ad-3770d3da5b24,YouTube Library Track 181,YouTube Creator Artist 2,YouTube Audio Library,2024,180.0,YouTube Audio Library,yt_0181,audio/yt_0181.mp3,True
4ecd0d4a-a417-4ce0-bfea-77f7b20d46db,8dd04614-388b-42fc-a538-1a466acf46f7,YouTube Library Track 182,YouTube Creator Artist 3,YouTube Audio Library,2024,180.0,YouTube Audio Library,yt_0182,audio/yt_0182.mp3,True
62090e51-3735-4add-949c-87c1b6ffac20,c7b7ee63-0e9e-4510-a0b4-c8ba5f1f97ab,YouTube Library Track 185,YouTube Creator Artist 6,YouTube Audio Library,2024,180.0,YouTube Audio Library,yt_0185,audio/yt_0185.mp3,True
4b785836-ce45-416a-a6da-ea89edd34c4a,26f98efe-cc50-472c-8afc-0657ffc65efd,YouTube Library Track 183,YouTube Creator Artist 4,YouTube Audio Library,2024,180.0,YouTube Audio Library,yt_0183,audio/yt_0183.mp3,True
17c0d2ba-dadf-4a5c-a626-f3c4710c81e3,bcacc2b1-00b2-4bea-8839-c2b15c74bce7,YouTube Library Track 184,YouTube Creator Artist 5,YouTube Audio Library,2024,180.0,YouTube Audio Library,yt_0184,audio/yt_0184.mp3,True
2bcffa15-002e-491e-807f-71bf489e8d96,9c4b23ad-e521-45b3-9c64-63c9d8656199,YouTube Library Track 190,YouTube Creator Artist 11,YouTube Audio Library,2024,180.0,YouTube Audio Library,yt_0190,audio/yt_0190.mp3,True
211cca7e-8de2-4794-8509-5ffeaab9c914,9b16af7d-57f8-443c-a4a3-e194b306becf,YouTube Library Track 189,YouTube Creator Artist 10,YouTube Audio Library,2024,180.0,YouTube Audio Library,yt_0189,audio/yt_0189.mp3,True
c6bf9845-e91a-4784-ac9f-3980b71fc98c,8158f958-cdd8-4f7f-a8ec-84b715a2b345,YouTube Library Track 188,YouTube Creator Artist 9,YouTube Audio Library,2024,180.0,YouTube Audio Library,yt_0188,audio/yt_0188.mp3,True
6b29a618-230e-4e70-92bc-e54aa857495c,acec824d-3f1f-45de-828b-eb4b7f879770,YouTube Library Track 187,YouTube Creator Artist 8,YouTube Audio Library,2024,180.0,YouTube Audio Library,yt_0187,audio/yt_0187.mp3,True
b7386243-1f6d-4d41-8606-0bd26c29aec5,bbafa074-8a64-4a4a-b707-212ecf480236,YouTube Library Track 186,YouTube Creator Artist 7,YouTube Audio Library,2024,180.0,YouTube Audio Library,yt_0186,audio/yt_0186.mp3,True
3cebcab8-a110-4f60-8941-f7ca689982a5,9719893c-afba-4bb2-af9d-cfa7e3f0a06c,YouTube Library Track 191,YouTube Creator Artist 12,YouTube Audio Library,2024,180.0,YouTube Audio Library,yt_0191,audio/yt_0191.mp3,True
f1eb3181-6bae-4154-a63d-ab21273f390e,ab6dcd25-1668-4b36-949e-3a920827f205,YouTube Library Track 194,YouTube Creator Artist 15,YouTube Audio Library,2024,180.0,YouTube Audio Library,yt_0194,audio/yt_0194.mp3,True
e7d54a38-5360-4ff6-8343-55e61ee3d81a,41ed26db-37c8-4fd5-9334-1fd5f0d84370,YouTube Library Track 197,YouTube Creator Artist 18,YouTube Audio Library,2024,180.0,YouTube Audio Library,yt_0197,audio/yt_0197.mp3,True
1a658d66-d819-422f-9142-715e1e89edf1,fe906795-3686-4f37-8f12-7ae08e7328be,YouTube Library Track 195,YouTube Creator Artist 16,YouTube Audio Library,2024,180.0,YouTube Audio Library,yt_0195,audio/yt_0195.mp3,True
382f4b73-0b23-4dcc-9530-860db5daaedf,270546e2-5c49-4f98-bba3-a9fcf83c1fcb,YouTube Library Track 196,YouTube Creator Artist 17,YouTube Audio Library,2024,180.0,YouTube Audio Library,yt_0196,audio/yt_0196.mp3,True
908bf5e7-bec3-42b7-91c3-bb2357ef11d5,584aa99b-1354-4632-9b51-7f0ae48160f4,YouTube Library Track 199,YouTube Creator Artist 20,YouTube Audio Library,2024,180.0,YouTube Audio Library,yt_0199,audio/yt_0199.mp3,True
bea47a25-fa8b-400c-86bd-95bfddb35ea1,f6b86f07-73d3-494d-8edc-1110e3ca324f,YouTube Library Track 198,YouTube Creator Artist 19,YouTube Audio Library,2024,180.0,YouTube Audio Library,yt_0198,audio/yt_0198.mp3,True
63610f6a-0b12-4a3f-a06c-ddca1ef9e965,79b67684-6443-4c79-833a-7ab46d449eaa,YouTube Library Track 200,YouTube Creator Artist 1,YouTube Audio Library,2024,180.0,YouTube Audio Library,yt_0200,audio/yt_0200.mp3,True
ccb58d6c-b0f3-4176-9b4a-87c813dab740,7f5d2766-3622-4b75-8a66-5d43b22e83b0,YouTube Library Track 201,YouTube Creator Artist 2,YouTube Audio Library,2024,180.0,YouTube Audio Library,yt_0201,audio/yt_0201.mp3,True
be69388f-27f7-4299-b4e5-1de6d3e7a5b3,40465e53-efdc-45f2-9c3a-b78cd42b1576,YouTube Library Track 193,YouTube Creator Artist 14,YouTube Audio Library,2024,180.0,YouTube Audio Library,yt_0193,audio/yt_0193.mp3,True
4bf9ea8f-eefe-4fb8-b924-b526f046ddf4,69f3742d-3441-459e-b6cd-2f70476e1dd5,YouTube Library Track 202,YouTube Creator Artist 3,YouTube Audio Library,2024,180.0,YouTube Audio Library,yt_0202,audio/yt_0202.mp3,True
d49a2ebe-70b7-4502-a25d-97b529aef2c1,e0052cc9-db8f-4ea8-8c53-f12ab6d8c0d6,YouTube Library Track 192,YouTube Creator Artist 13,YouTube Audio Library,2024,180.0,YouTube Audio Library,yt_0192,audio/yt_0192.mp3,True
4817510e-146f-470b-a788-1d53856472a5,94a0e39b-459c-4f73-9c2b-5a8896493f68,YouTube Library Track 208,YouTube Creator Artist 9,YouTube Audio Library,2024,180.0,YouTube Audio Library,yt_0208,audio/yt_0208.mp3,True
a84fe31c-5d74-4e46-a022-b88564732991,5d3860d8-640e-4a28-986c-3296c2b6ebad,YouTube Library Track 207,YouTube Creator Artist 8,YouTube Audio Library,2024,180.0,YouTube Audio Library,yt_0207,audio/yt_0207.mp3,True
9d543f6f-da05-4188-9022-ada73c22d04b,343f6369-5277-4771-8a10-bde1ff827f35,YouTube Library Track 210,YouTube Creator Artist 11,YouTube Audio Library,2024,180.0,YouTube Audio Library,yt_0210,audio/yt_0210.mp3,True
91fefbaf-b5a9-4625-9066-83e8aaaa5638,99117264-cd06-4c46-a485-60637ec40d51,YouTube Library Track 209,YouTube Creator Artist 10,YouTube Audio Library,2024,180.0,YouTube Audio Library,yt_0209,audio/yt_0209.mp3,True
f854c4b6-529a-45a3-b8a0-074aeed9306b,e2979b61-32be-44a0-a21c-5a89ab1ab66e,YouTube Library Track 211,YouTube Creator Artist 12,YouTube Audio Library,2024,180.0,YouTube Audio Library,yt_0211,audio/yt_0211.mp3,True
ad8c3a7b-1267-4fa7-a4a3-0e133051b146,2b87cd38-e095-4645-bc14-bd6e93849140,YouTube Library Track 205,YouTube Creator Artist 6,YouTube Audio Library,2024,180.0,YouTube Audio Library,yt_0205,audio/yt_0205.mp3,True
94c0b455-d820-4f9f-b516-9352c554c517,8ad46cb3-bf64-481d-8b26-01d388ff6bc4,YouTube Library Track 212,YouTube Creator Artist 13,YouTube Audio Library,2024,180.0,YouTube Audio Library,yt_0212,audio/yt_0212.mp3,True
5b820433-700b-4869-a7af-bf79193b0ad2,6b68341e-c98e-483f-9d67-a9c128d9873e,YouTube Library Track 204,YouTube Creator Artist 5,YouTube Audio Library,2024,180.0,YouTube Audio Library,yt_0204,audio/yt_0204.mp3,True
2299435d-ad7b-4618-9d6a-90e912610824,e64cdba4-7c76-4d11-bc01-f49e9722465d,YouTube Library Track 203,YouTube Creator Artist 4,YouTube Audio Library,2024,180.0,YouTube Audio Library,yt_0203,audio/yt_0203.mp3,True
fb9d2d2c-ea88-43be-ab5e-bc792662100d,214bcc71-4041-4899-b828-6f5b566aff09,YouTube Library Track 213,YouTube Creator Artist 14,YouTube Audio Library,2024,180.0,YouTube Audio Library,yt_0213,audio/yt_0213.mp3,True
b426a521-5c4f-4174-bed8-788bf87a2202,edb536b5-3344-4236-8b75-50a37e62a2a1,YouTube Library Track 214,YouTube Creator Artist 15,YouTube Audio Library,2024,180.0,YouTube Audio Library,yt_0214,audio/yt_0214.mp3,True
e332a6ef-3a98-4cdf-a4c8-d53b7145098f,9c0c6b39-c38f-4655-9b97-e5e6de2c8cfc,YouTube Library Track 206,YouTube Creator Artist 7,YouTube Audio Library,2024,180.0,YouTube Audio Library,yt_0206,audio/yt_0206.mp3,True
a9c42786-c603-4a77-bd06-38d2d7d38620,af68edce-9719-4beb-bb5e-ace4e93988b3,YouTube Library Track 215,YouTube Creator Artist 16,YouTube Audio Library,2024,180.0,YouTube Audio Library,yt_0215,audio/yt_0215.mp3,True
4bf20988-4435-436b-8758-7e46d1053c45,38651448-189d-486e-8b03-949d5b344d07,YouTube Library Track 219,YouTube Creator Artist 20,YouTube Audio Library,2024,180.0,YouTube Audio Library,yt_0219,audio/yt_0219.mp3,True
7004bdf8-dc4b-4920-a55c-90c576c39466,21286bf5-8951-436a-9d92-644595679bdb,YouTube Library Track 218,YouTube Creator Artist 19,YouTube Audio Library,2024,180.0,YouTube Audio Library,yt_0218,audio/yt_0218.mp3,True
1d143b8b-9cb9-44f8-b204-efb304b617f4,d103be20-45c3-41c9-b5f7-60bfe0a38b29,YouTube Library Track 217,YouTube Creator Artist 18,YouTube Audio Library,2024,180.0,YouTube Audio Library,yt_0217,audio/yt_0217.mp3,True
125f60fe-b3cd-4144-b9df-a262758b915e,e19e6031-5dc6-479c-b452-6c5e7886466e,YouTube Library Track 220,YouTube Creator Artist 1,YouTube Audio Library,2024,180.0,YouTube Audio Library,yt_0220,audio/yt_0220.mp3,True
4aece4a1-bcea-4c0f-905b-b4d1531afdd4,8f3ba802-fb25-4e61-9f32-ea1be0ab038a,YouTube Library Track 216,YouTube Creator Artist 17,YouTube Audio Library,2024,180.0,YouTube Audio Library,yt_0216,audio/yt_0216.mp3,True
7bd59823-2f3d-44fc-bba3-1876b4af73a1,d83c6af1-392f-4b6d-a8de-30db66c25cd5,YouTube Library Track 222,YouTube Creator Artist 3,YouTube Audio Library,2024,180.0,YouTube Audio Library,yt_0222,audio/yt_0222.mp3,True
f58dec55-d5b7-4457-9ab0-a0711d401340,98fd4086-d7d7-48cb-9d68-5edb7626cb74,YouTube Library Track 221,YouTube Creator Artist 2,YouTube Audio Library,2024,180.0,YouTube Audio Library,yt_0221,audio/yt_0221.mp3,True
4ff41983-5ddf-4c90-95d1-081123ae1f0a,97af0152-0837-41f5-ac14-9ecf6e00cb5c,YouTube Library Track 223,YouTube Creator Artist 4,YouTube Audio Library,2024,180.0,YouTube Audio Library,yt_0223,audio/yt_0223.mp3,True
7da0be99-fb43-4f30-adc6-828015ef5c67,b1f3a18c-b17d-45cd-9053-36b79272a188,YouTube Library Track 224,YouTube Creator Artist 5,YouTube Audio Library,2024,180.0,YouTube Audio Library,yt_0224,audio/yt_0224.mp3,True
1ec59e99-5e5e-4def-bb01-dfb659a41822,99baab90-0716-48cf-ac89-af15cfe873c2,YouTube Library Track 225,YouTube Creator Artist 6,YouTube Audio Library,2024,180.0,YouTube Audio Library,yt_0225,audio/yt_0225.mp3,True
85d46336-c6fa-46de-aded-fc868ae2ac9b,feddc148-fc8f-4406-981a-d63cb9448644,YouTube Library Track 226,YouTube Creator Artist 7,YouTube Audio Library,2024,180.0,YouTube Audio Library,yt_0226,audio/yt_0226.mp3,True
14279fc2-69b5-435f-989b-c04cd5b2564f,0253ff5f-8002-4113-8a42-01506da2b3b1,YouTube Library Track 227,YouTube Creator Artist 8,YouTube Audio Library,2024,180.0,YouTube Audio Library,yt_0227,audio/yt_0227.mp3,True
16d4e347-91b7-435d-b526-a063d1afed1f,09ce49c7-6582-4ca4-9706-0f3ff5cc22fe,YouTube Library Track 229,YouTube Creator Artist 10,YouTube Audio Library,2024,180.0,YouTube Audio Library,yt_0229,audio/yt_0229.mp3,True
6d0a641d-5f0e-459e-abdb-755a5e741891,fe2417df-4dd2-4351-881c-90eac1957bee,YouTube Library Track 231,YouTube Creator Artist 12,YouTube Audio Library,2024,180.0,YouTube Audio Library,yt_0231,audio/yt_0231.mp3,True
b0bda442-f8a5-41e4-baa1-1c4cc73aa798,4f7e7976-7c59-42f6-b6f1-b101470d15e2,YouTube Library Track 230,YouTube Creator Artist 11,YouTube Audio Library,2024,180.0,YouTube Audio Library,yt_0230,audio/yt_0230.mp3,True
043ee0d4-756e-4c66-b9ea-f2c1d9a582f8,04da7f63-8d8a-4eee-89df-b8e0fbc8c70c,YouTube Library Track 232,YouTube Creator Artist 13,YouTube Audio Library,2024,180.0,YouTube Audio Library,yt_0232,audio/yt_0232.mp3,True
132718a4-7201-4a9a-90df-608590e6b476,a7989f13-c484-4e00-8313-9b34e08cbeaa,YouTube Library Track 228,YouTube Creator Artist 9,YouTube Audio Library,2024,180.0,YouTube Audio Library,yt_0228,audio/yt_0228.mp3,True
d45d44ba-94d9-4206-9464-0c97a25af211,9f1b8edc-3f1d-418a-8383-fae4019cdc9a,YouTube Library Track 233,YouTube Creator Artist 14,YouTube Audio Library,2024,180.0,YouTube Audio Library,yt_0233,audio/yt_0233.mp3,True
53bc5259-7a5c-4b4f-85d0-3629674235d5,20a9be9e-78d3-48f9-ad97-3f8dd2ffdd02,YouTube Library Track 234,YouTube Creator Artist 15,YouTube Audio Library,2024,180.0,YouTube Audio Library,yt_0234,audio/yt_0234.mp3,True
dd5c8aad-31c6-498c-adbd-d8f54c5b6ee5,34c14a7f-16f1-48dc-944d-8729d94cd01e,YouTube Library Track 235,YouTube Creator Artist 16,YouTube Audio Library,2024,180.0,YouTube Audio Library,yt_0235,audio/yt_0235.mp3,True
f3cd93e7-b1d1-4cb1-add8-f3220672135f,b42d5112-92e9-4c53-98aa-2e779fac87e1,YouTube Library Track 236,YouTube Creator Artist 17,YouTube Audio Library,2024,180.0,YouTube Audio Library,yt_0236,audio/yt_0236.mp3,True
7fcc8e6b-3b93-45a0-aff1-a503b27070f5,0a7013f5-6397-41b7-8562-9c77f23c1851,YouTube Library Track 245,YouTube Creator Artist 6,YouTube Audio Library,2024,180.0,YouTube Audio Library,yt_0245,audio/yt_0245.mp3,True
58145116-a27b-44fa-bf7e-682458e2e245,68ad2d2a-68e7-478b-bb3f-14b37df70358,YouTube Library Track 238,YouTube Creator Artist 19,YouTube Audio Library,2024,180.0,YouTube Audio Library,yt_0238,audio/yt_0238.mp3,True
c186b68c-5d68-4b8f-96a6-4a335cb14a14,a8326084-8002-4cc5-9552-07287780d6e1,YouTube Library Track 239,YouTube Creator Artist 20,YouTube Audio Library,2024,180.0,YouTube Audio Library,yt_0239,audio/yt_0239.mp3,True
a2f25926-46b6-48cf-bb52-c42cfed6dc61,c3c15c26-6233-4580-b64f-63edc824b12e,YouTube Library Track 237,YouTube Creator Artist 18,YouTube Audio Library,2024,180.0,YouTube Audio Library,yt_0237,audio/yt_0237.mp3,True
a36f0e37-e456-4d5e-a245-07353042d2a9,249f2135-848c-4683-87f9-4041f4188366,YouTube Library Track 246,YouTube Creator Artist 7,YouTube Audio Library,2024,180.0,YouTube Audio Library,yt_0246,audio/yt_0246.mp3,True
720391ce-c42a-4b1d-8baf-5078718c3b85,59285420-037b-4517-99f5-d7c2061fdf1e,YouTube Library Track 242,YouTube Creator Artist 3,YouTube Audio Library,2024,180.0,YouTube Audio Library,yt_0242,audio/yt_0242.mp3,True
862a20b6-bcd6-417d-8eca-39740aa5d5a9,09c009a4-c79d-4e26-9e5f-d2763bdf6d4b,YouTube Library Track 240,YouTube Creator Artist 1,YouTube Audio Library,2024,180.0,YouTube Audio Library,yt_0240,audio/yt_0240.mp3,True
9a4ca035-60ce-4263-929f-866d7db06b92,a8622d3c-2055-48be-97fe-c072fab5d9c4,YouTube Library Track 241,YouTube Creator Artist 2,YouTube Audio Library,2024,180.0,YouTube Audio Library,yt_0241,audio/yt_0241.mp3,True
7cbbbbc5-0f33-4de2-9368-99149c461566,b32b8190-a9b9-4daa-ac9b-5503420b1fab,YouTube Library Track 247,YouTube Creator Artist 8,YouTube Audio Library,2024,180.0,YouTube Audio Library,yt_0247,audio/yt_0247.mp3,True
658cc364-45dd-4300-9d9e-d26b530a82c4,076de1f1-aa1c-4246-a4b4-ad80fd56d88f,YouTube Library Track 243,YouTube Creator Artist 4,YouTube Audio Library,2024,180.0,YouTube Audio Library,yt_0243,audio/yt_0243.mp3,True
c1cbc437-426e-4f4b-b42c-83195cbd77f8,2c465a70-c8ad-4e48-9134-76d8c7628ee1,YouTube Library Track 244,YouTube Creator Artist 5,YouTube Audio Library,2024,180.0,YouTube Audio Library,yt_0244,audio/yt_0244.mp3,True
794e0efa-a05b-432c-93ee-9cbec8a71c12,ac87853b-33da-4428-9f86-8c782f8a288e,YouTube Library Track 255,YouTube Creator Artist 16,YouTube Audio Library,2024,180.0,YouTube Audio Library,yt_0255,audio/yt_0255.mp3,True
dabb9320-a563-44d5-bf3f-184a1f7cc852,b9084b48-670c-4883-9f45-705ed4800b22,YouTube Library Track 256,YouTube Creator Artist 17,YouTube Audio Library,2024,180.0,YouTube Audio Library,yt_0256,audio/yt_0256.mp3,True
507aff6b-5f51-4f3a-ab56-7994cc64212c,b5fbc46a-793d-4176-9955-0c369cf314a7,YouTube Library Track 257,YouTube Creator Artist 18,YouTube Audio Library,2024,180.0,YouTube Audio Library,yt_0257,audio/yt_0257.mp3,True
157b4701-3982-4b24-8538-9e3ff5a3f86b,5aaa94ae-9819-4f0b-9537-2878d5fce8ae,YouTube Library Track 250,YouTube Creator Artist 11,YouTube Audio Library,2024,180.0,YouTube Audio Library,yt_0250,audio/yt_0250.mp3,True
7ffe48c4-6d97-46e0-b0e8-2e8bb326be75,c8265f71-30d5-4780-91a5-d09494e40f8d,YouTube Library Track 248,YouTube Creator Artist 9,YouTube Audio Library,2024,180.0,YouTube Audio Library,yt_0248,audio/yt_0248.mp3,True
a77165bc-3845-4a12-873f-bea6f7734d8b,558e9bd5-c587-460c-9275-e5fe3d4ec487,YouTube Library Track 258,YouTube Creator Artist 19,YouTube Audio Library,2024,180.0,YouTube Audio Library,yt_0258,audio/yt_0258.mp3,True
01f3e52a-da3b-45ce-be6d-d8ec62ee7810,d09e3d90-ba1f-4fed-9255-a85efc0a9c7a,YouTube Library Track 251,YouTube Creator Artist 12,YouTube Audio Library,2024,180.0,YouTube Audio Library,yt_0251,audio/yt_0251.mp3,True
4c0846e6-13df-40b5-9454-58727a7a4f81,d13a08f3-3834-4e8a-8620-0d91a09e9bc4,YouTube Library Track 259,YouTube Creator Artist 20,YouTube Audio Library,2024,180.0,YouTube Audio Library,yt_0259,audio/yt_0259.mp3,True
1723df4d-369b-46ea-93f1-43eaf7289f0f,a7a4502f-6122-4cb7-9226-f96989bf2ff6,YouTube Library Track 252,YouTube Creator Artist 13,YouTube Audio Library,2024,180.0,YouTube Audio Library,yt_0252,audio/yt_0252.mp3,True
28ceab25-97f6-4aaa-aa44-36e6a38cc722,718fba3d-434f-4aba-8e35-050853ff1376,YouTube Library Track 260,YouTube Creator Artist 1,YouTube Audio Library,2024,180.0,YouTube Audio Library,yt_0260,audio/yt_0260.mp3,True
8dffead5-21b4-41f9-aeac-5360360d2f55,a69abda0-8c8a-46e2-a46c-846550bfd59a,YouTube Library Track 261,YouTube Creator Artist 2,YouTube Audio Library,2024,180.0,YouTube Audio Library,yt_0261,audio/yt_0261.mp3,True
d728f155-db28-4c2e-9cc9-166a30244757,6b56aaf0-7f83-4a3f-98a5-4af06620c22b,YouTube Library Track 253,YouTube Creator Artist 14,YouTube Audio Library,2024,180.0,YouTube Audio Library,yt_0253,audio/yt_0253.mp3,True
d55e2437-26ba-4c0a-8565-145ec556df78,a352a8c9-4be9-4fff-8c25-991b94373357,YouTube Library Track 249,YouTube Creator Artist 10,YouTube Audio Library,2024,180.0,YouTube Audio Library,yt_0249,audio/yt_0249.mp3,True
4d3f7bd6-3fe4-4d82-8b94-2a971c249898,38a8a09c-f83f-464c-b0f9-1185426643d9,YouTube Library Track 263,YouTube Creator Artist 4,YouTube Audio Library,2024,180.0,YouTube Audio Library,yt_0263,audio/yt_0263.mp3,True
fcfe0965-dd7f-4565-bb7c-074f633c6d1f,a7dd4b1a-3e12-450d-ae60-d2ff3a33be82,YouTube Library Track 264,YouTube Creator Artist 5,YouTube Audio Library,2024,180.0,YouTube Audio Library,yt_0264,audio/yt_0264.mp3,True
4ef54bd9-3521-48e5-8545-a0b9a3db76df,46da31b7-1e12-4d20-aeea-6a88b8b79f79,YouTube Library Track 262,YouTube Creator Artist 3,YouTube Audio Library,2024,180.0,YouTube Audio Library,yt_0262,audio/yt_0262.mp3,True
56eecbf8-00c5-467c-b255-864fe10c53a6,1a0f7fc6-1cd1-4223-b974-b9c5b66eb954,YouTube Library Track 254,YouTube Creator Artist 15,YouTube Audio Library,2024,180.0,YouTube Audio Library,yt_0254,audio/yt_0254.mp3,True
db913e31-1ffb-4de9-8ded-8422c8e4e967,5c8507de-c9cc-4011-b06d-74e59168fdd3,YouTube Library Track 267,YouTube Creator Artist 8,YouTube Audio Library,2024,180.0,YouTube Audio Library,yt_0267,audio/yt_0267.mp3,True
4ecce57c-1183-4d21-9985-43404c04d698,091eaf8e-10c7-41c2-9b30-d7556640857b,YouTube Library Track 269,YouTube Creator Artist 10,YouTube Audio Library,2024,180.0,YouTube Audio Library,yt_0269,audio/yt_0269.mp3,True
4f2fda59-0482-40c1-be66-44d71ed430cd,fe66a4ec-aba6-4ed4-901e-f59b407550f9,YouTube Library Track 268,YouTube Creator Artist 9,YouTube Audio Library,2024,180.0,YouTube Audio Library,yt_0268,audio/yt_0268.mp3,True
fbbd68bb-efeb-4000-a983-230f7cc3944d,f8230633-3054-4982-818c-1d4f3a302a2f,YouTube Library Track 270,YouTube Creator Artist 11,YouTube Audio Library,2024,180.0,YouTube Audio Library,yt_0270,audio/yt_0270.mp3,True
9c8bfa17-4b53-4211-a069-c088c21d5119,48f748e7-6152-4977-beed-5f10e5854c7a,YouTube Library Track 265,YouTube Creator Artist 6,YouTube Audio Library,2024,180.0,YouTube Audio Library,yt_0265,audio/yt_0265.mp3,True
6c01e519-1c2f-45c7-a487-841f24e432c8,2fb2532b-bb2e-43ea-acd1-93470ac8fa91,YouTube Library Track 272,YouTube Creator Artist 13,YouTube Audio Library,2024,180.0,YouTube Audio Library,yt_0272,audio/yt_0272.mp3,True
d6d3693e-5f68-4da2-9eb1-1c010f675f2c,070cad86-d67a-43a8-839d-79c437c41748,YouTube Library Track 274,YouTube Creator Artist 15,YouTube Audio Library,2024,180.0,YouTube Audio Library,yt_0274,audio/yt_0274.mp3,True
b96e801f-30fd-493b-9545-e12a0c8fc436,718e4c8c-5e05-4d0b-bc57-2a455473a3c5,YouTube Library Track 273,YouTube Creator Artist 14,YouTube Audio Library,2024,180.0,YouTube Audio Library,yt_0273,audio/yt_0273.mp3,True
9a068407-3040-4600-bdd0-8af24a99a1e5,e5e775bc-f93c-4619-8add-899cae136626,YouTube Library Track 271,YouTube Creator Artist 12,YouTube Audio Library,2024,180.0,YouTube Audio Library,yt_0271,audio/yt_0271.mp3,True
c926e653-614e-4403-b374-65f2acbca2b2,18a087bc-3569-4cfa-a4f8-9b36f411a65f,YouTube Library Track 275,YouTube Creator Artist 16,YouTube Audio Library,2024,180.0,YouTube Audio Library,yt_0275,audio/yt_0275.mp3,True
65c9d062-466e-4bfe-b9cd-8253d66cb8d3,132301f4-c257-4305-b80a-4d93aef36d11,YouTube Library Track 276,YouTube Creator Artist 17,YouTube Audio Library,2024,180.0,YouTube Audio Library,yt_0276,audio/yt_0276.mp3,True
55c4cec0-c858-413f-9cc9-a02d9ffa0265,2818d1d7-2cbd-4f8c-962d-f2d8299dd615,YouTube Library Track 277,YouTube Creator Artist 18,YouTube Audio Library,2024,180.0,YouTube Audio Library,yt_0277,audio/yt_0277.mp3,True
81fe82bd-6aa3-4e33-bcf5-edcd5441aa22,8242fff8-dc23-4b6d-808a-ed932ad12e59,YouTube Library Track 279,YouTube Creator Artist 20,YouTube Audio Library,2024,180.0,YouTube Audio Library,yt_0279,audio/yt_0279.mp3,True
dbe3d1e1-2dfc-45a0-8974-0320a85974d1,e42deeff-df2f-4dc5-be29-8f6d8d08fbde,YouTube Library Track 280,YouTube Creator Artist 1,YouTube Audio Library,2024,180.0,YouTube Audio Library,yt_0280,audio/yt_0280.mp3,True
9758b31d-4f26-4a5f-b5d4-55b0d4c19821,efc65dbf-5e63-452b-a8b2-5db042fde0bb,YouTube Library Track 278,YouTube Creator Artist 19,YouTube Audio Library,2024,180.0,YouTube Audio Library,yt_0278,audio/yt_0278.mp3,True
59590988-ddb3-466a-947b-7990200d2be7,daf9cdbc-4237-48fd-9664-c57e8c2724bc,YouTube Library Track 281,YouTube Creator Artist 2,YouTube Audio Library,2024,180.0,YouTube Audio Library,yt_0281,audio/yt_0281.mp3,True
727966d2-80a2-4475-a0a8-5dce448f6f29,bf56e4a2-091e-4fd4-97ae-bce38148c09a,YouTube Library Track 282,YouTube Creator Artist 3,YouTube Audio Library,2024,180.0,YouTube Audio Library,yt_0282,audio/yt_0282.mp3,True
d37b05e4-db14-4dee-9302-ffdedcd47576,e01ce5d2-adac-4594-827a-3fda735e41ce,YouTube Library Track 284,YouTube Creator Artist 5,YouTube Audio Library,2024,180.0,YouTube Audio Library,yt_0284,audio/yt_0284.mp3,True
089dc168-766c-4ec8-9ecb-137b785aa5f1,a27b63f7-3c3b-44a7-9fe7-5814dd5b6d1d,YouTube Library Track 283,YouTube Creator Artist 4,YouTube Audio Library,2024,180.0,YouTube Audio Library,yt_0283,audio/yt_0283.mp3,True
ff5bc373-dc47-45c2-8bd5-ca860b61bac7,db05e59c-001d-4555-8b91-fd02a353009c,YouTube Library Track 285,YouTube Creator Artist 6,YouTube Audio Library,2024,180.0,YouTube Audio Library,yt_0285,audio/yt_0285.mp3,True
c8578f22-4157-4256-b550-325f943d8179,d59257c9-3dbc-48af-9a01-3c9de3979f4b,YouTube Library Track 286,YouTube Creator Artist 7,YouTube Audio Library,2024,180.0,YouTube Audio Library,yt_0286,audio/yt_0286.mp3,True
d88ba8ea-d602-4f7d-bba2-3692d72e9a37,606e7749-6619-4df9-8793-167fd38411eb,YouTube Library Track 266,YouTube Creator Artist 7,YouTube Audio Library,2024,180.0,YouTube Audio Library,yt_0266,audio/yt_0266.mp3,True
041d33e5-9367-4d9d-8f53-320e2406e5aa,83e74e07-68ae-45a3-b7a3-d13dc219eea1,YouTube Library Track 291,YouTube Creator Artist 12,YouTube Audio Library,2024,180.0,YouTube Audio Library,yt_0291,audio/yt_0291.mp3,True
77dab2f8-7393-4c29-b61b-02efb586b746,54418d4b-fa6c-4b1d-8cb9-be03c71f0b03,YouTube Library Track 287,YouTube Creator Artist 8,YouTube Audio Library,2024,180.0,YouTube Audio Library,yt_0287,audio/yt_0287.mp3,True
99d020a1-b86e-42e8-beef-b561badbd75c,c031be1a-a20d-4458-b361-b0e4b00565e1,YouTube Library Track 294,YouTube Creator Artist 15,YouTube Audio Library,2024,180.0,YouTube Audio Library,yt_0294,audio/yt_0294.mp3,True
83d05588-cd6a-49dd-8bf6-05b1e751146b,6b40e0e6-c513-4a01-874d-bd5b4257e4ea,YouTube Library Track 295,YouTube Creator Artist 16,YouTube Audio Library,2024,180.0,YouTube Audio Library,yt_0295,audio/yt_0295.mp3,True
e6caa175-9498-4f34-a3a3-80869304e340,78dace13-55e3-46b9-8f5e-caa024af22b1,YouTube Library Track 289,YouTube Creator Artist 10,YouTube Audio Library,2024,180.0,YouTube Audio Library,yt_0289,audio/yt_0289.mp3,True
0786f537-d229-4f75-84ee-b82e54539384,5b0fe58b-0da6-4f0d-8e1d-b1002769e26c,YouTube Library Track 288,YouTube Creator Artist 9,YouTube Audio Library,2024,180.0,YouTube Audio Library,yt_0288,audio/yt_0288.mp3,True
89b2840e-343f-4e31-8918-49c5df0a4e5b,d2db648c-aa9b-4b52-9cd5-00dce477a93a,YouTube Library Track 297,YouTube Creator Artist 18,YouTube Audio Library,2024,180.0,YouTube Audio Library,yt_0297,audio/yt_0297.mp3,True
e3fb01e7-0562-4bb5-a500-5d2d5c6d3803,aaa08171-580d-4e5b-a982-657b02fac888,YouTube Library Track 290,YouTube Creator Artist 11,YouTube Audio Library,2024,180.0,YouTube Audio Library,yt_0290,audio/yt_0290.mp3,True
8fd5241d-e300-4bd0-959e-045d1ef66414,1f4a0ec8-00de-449d-99fc-00753b6256cd,YouTube Library Track 298,YouTube Creator Artist 19,YouTube Audio Library,2024,180.0,YouTube Audio Library,yt_0298,audio/yt_0298.mp3,True
5e3b1a17-9811-4386-be0a-67fc7db541d7,7bb819da-dfc2-4096-b891-7926c6b21d63,YouTube Library Track 296,YouTube Creator Artist 17,YouTube Audio Library,2024,180.0,YouTube Audio Library,yt_0296,audio/yt_0296.mp3,True
a9677262-90bb-476d-95c5-c19be8594425,8e219c86-4556-4c33-bd93-23e28c062da8,YouTube Library Track 299,YouTube Creator Artist 20,YouTube Audio Library,2024,180.0,YouTube Audio Library,yt_0299,audio/yt_0299.mp3,True
e81de90a-5153-4dee-a366-9c89d1c1d73f,4c639f8e-f48a-440f-9a3e-d28babc0fd0a,YouTube Library Track 293,YouTube Creator Artist 14,YouTube Audio Library,2024,180.0,YouTube Audio Library,yt_0293,audio/yt_0293.mp3,True
397f2c50-53d2-48ef-aeef-2c9f50b488f7,daf088b4-f899-4551-b2bc-fe30aeada0d2,YouTube Library Track 301,YouTube Creator Artist 2,YouTube Audio Library,2024,180.0,YouTube Audio Library,yt_0301,audio/yt_0301.mp3,True
20706b7b-4e86-4d7f-a546-af448aa98c71,5d1ab1b7-18b6-4efe-9400-ff0d77e35861,YouTube Library Track 292,YouTube Creator Artist 13,YouTube Audio Library,2024,180.0,YouTube Audio Library,yt_0292,audio/yt_0292.mp3,True
9396b665-e23a-4f8f-9810-696d346775b0,6b8fdc15-e41e-4a4d-974f-7789e4c555df,YouTube Library Track 302,YouTube Creator Artist 3,YouTube Audio Library,2024,180.0,YouTube Audio Library,yt_0302,audio/yt_0302.mp3,True
2717749e-39be-4161-8f2f-08b05074193a,c887258a-00e2-434b-b844-08220d5514b4,YouTube Library Track 308,YouTube Creator Artist 9,YouTube Audio Library,2024,180.0,YouTube Audio Library,yt_0308,audio/yt_0308.mp3,True
c2970694-07a3-4295-85b7-41566e107be2,8992002f-42d9-4bb1-80a4-6371f7290ca3,YouTube Library Track 309,YouTube Creator Artist 10,YouTube Audio Library,2024,180.0,YouTube Audio Library,yt_0309,audio/yt_0309.mp3,True
11f78240-1d21-42ca-afe3-788e705784ec,e2102069-018b-4ec8-97b3-1ec3da562bcd,YouTube Library Track 300,YouTube Creator Artist 1,YouTube Audio Library,2024,180.0,YouTube Audio Library,yt_0300,audio/yt_0300.mp3,True
e73c5b04-55d8-4aa4-b1ed-3f7d109676d4,b735d4d2-cea3-4d39-8f0b-a8b47880c4b1,YouTube Library Track 303,YouTube Creator Artist 4,YouTube Audio Library,2024,180.0,YouTube Audio Library,yt_0303,audio/yt_0303.mp3,True
c504b279-43f3-47fa-9eef-e971fb8e9a73,d1e5ca20-3709-4bbb-8cba-d99b6c06a5fd,YouTube Library Track 310,YouTube Creator Artist 11,YouTube Audio Library,2024,180.0,YouTube Audio Library,yt_0310,audio/yt_0310.mp3,True
88addf4c-d239-4eab-a194-4b6cbe2d1edf,0c523829-f01d-4ee9-8418-bba4d469e4a0,YouTube Library Track 306,YouTube Creator Artist 7,YouTube Audio Library,2024,180.0,YouTube Audio Library,yt_0306,audio/yt_0306.mp3,True
527155ba-825a-42de-9276-74ea18898ab6,f3ceec73-c3c7-4fd4-acee-903b6922c8c8,YouTube Library Track 311,YouTube Creator Artist 12,YouTube Audio Library,2024,180.0,YouTube Audio Library,yt_0311,audio/yt_0311.mp3,True
a7b18537-e554-4787-88fe-8fd02d787177,18f324a0-6576-4d68-bb57-2fe04085e05f,YouTube Library Track 312,YouTube Creator Artist 13,YouTube Audio Library,2024,180.0,YouTube Audio Library,yt_0312,audio/yt_0312.mp3,True
f2ff7ebf-b670-436a-af1f-ea0a9c6429c3,00e529de-f93d-4c6c-ad2c-699c430dbcce,YouTube Library Track 313,YouTube Creator Artist 14,YouTube Audio Library,2024,180.0,YouTube Audio Library,yt_0313,audio/yt_0313.mp3,True
c4a91b27-b890-40d0-9efd-ba4a32837087,7eec8a1a-a23a-4e78-9702-f4f6efbda324,YouTube Library Track 307,YouTube Creator Artist 8,YouTube Audio Library,2024,180.0,YouTube Audio Library,yt_0307,audio/yt_0307.mp3,True
cf8a9e5a-d38f-423f-89c4-82077c1c4cbe,ffefb9f0-6d11-415e-87d6-53e7208b698f,YouTube Library Track 314,YouTube Creator Artist 15,YouTube Audio Library,2024,180.0,YouTube Audio Library,yt_0314,audio/yt_0314.mp3,True
8392b43a-d0ef-46a4-bf51-767d21b1f95f,3368ef2d-b0be-40d9-a5d1-e251aea85250,YouTube Library Track 316,YouTube Creator Artist 17,YouTube Audio Library,2024,180.0,YouTube Audio Library,yt_0316,audio/yt_0316.mp3,True
e061a7f6-831a-4d44-a185-7a4345a24ede,7fe7c5af-3971-4056-8456-9ee7f35d72d4,YouTube Library Track 305,YouTube Creator Artist 6,YouTube Audio Library,2024,180.0,YouTube Audio Library,yt_0305,audio/yt_0305.mp3,True
e8cc6628-3786-4bc2-8c16-ac98f144f36b,992a8570-c433-4faa-b883-d74e25a14dfa,YouTube Library Track 315,YouTube Creator Artist 16,YouTube Audio Library,2024,180.0,YouTube Audio Library,yt_0315,audio/yt_0315.mp3,True
66dcc908-4c2c-48ea-a2b7-ccc598425329,570722a1-01ef-48de-88d7-2be24ac8d412,YouTube Library Track 317,YouTube Creator Artist 18,YouTube Audio Library,2024,180.0,YouTube Audio Library,yt_0317,audio/yt_0317.mp3,True
655bd69c-23b4-43b3-9efe-41c84c67808d,3cf88a66-a432-46c1-9bf3-f57baa1c0ae0,YouTube Library Track 304,YouTube Creator Artist 5,YouTube Audio Library,2024,180.0,YouTube Audio Library,yt_0304,audio/yt_0304.mp3,True
f5407ca5-daf2-4de0-9f17-d84f258e3dde,c22e0893-8a48-404d-beb4-96a48747b6e1,YouTube Library Track 318,YouTube Creator Artist 19,YouTube Audio Library,2024,180.0,YouTube Audio Library,yt_0318,audio/yt_0318.mp3,True
e6fa6ee9-e9a9-4094-80d2-b307357b7ef6,632346d3-6228-46a2-a7b4-603f8897162d,YouTube Library Track 319,YouTube Creator Artist 20,YouTube Audio Library,2024,180.0,YouTube Audio Library,yt_0319,audio/yt_0319.mp3,True
dc1827c4-5877-4d0a-923b-ba1cc324f72c,a372c5d6-9e50-4d2f-9ef9-fc65406d4069,YouTube Library Track 320,YouTube Creator Artist 1,YouTube Audio Library,2024,180.0,YouTube Audio Library,yt_0320,audio/yt_0320.mp3,True
2ae2e001-1095-41b1-b3fb-d3929fbc5352,0627aa42-ac70-4c51-bf06-7df7be2162b6,YouTube Library Track 322,YouTube Creator Artist 3,YouTube Audio Library,2024,180.0,YouTube Audio Library,yt_0322,audio/yt_0322.mp3,True
d7bc86c7-7907-4d1f-a895-b514923cd970,51784ac5-bdc8-4d74-8221-c12fcf79b392,YouTube Library Track 321,YouTube Creator Artist 2,YouTube Audio Library,2024,180.0,YouTube Audio Library,yt_0321,audio/yt_0321.mp3,True
7c26f42b-33a2-4a86-95d7-dd4bfd0b6e85,6e2002cb-e6c7-473e-adf3-790e3fe9fd44,YouTube Library Track 323,YouTube Creator Artist 4,YouTube Audio Library,2024,180.0,YouTube Audio Library,yt_0323,audio/yt_0323.mp3,True
6a53f71f-8322-483a-ad36-18867f903626,bbc328e8-8e80-4e12-964c-fcf46e0499f1,YouTube Library Track 325,YouTube Creator Artist 6,YouTube Audio Library,2024,180.0,YouTube Audio Library,yt_0325,audio/yt_0325.mp3,True
f738d155-5e09-4563-af88-f78f1d6b947f,f703d98f-c390-463d-a883-bc3968cfe1f3,YouTube Library Track 324,YouTube Creator Artist 5,YouTube Audio Library,2024,180.0,YouTube Audio Library,yt_0324,audio/yt_0324.mp3,True
da3e22e7-3533-477c-9244-b33e17baa146,ddb05c3c-400e-4332-9462-ec9651f8140d,YouTube Library Track 327,YouTube Creator Artist 8,YouTube Audio Library,2024,180.0,YouTube Audio Library,yt_0327,audio/yt_0327.mp3,True
cfbd618f-fe91-4499-afe6-5eac9d4a1fb2,20a919cb-168f-499c-b551-c70cc9cc41ac,YouTube Library Track 326,YouTube Creator Artist 7,YouTube Audio Library,2024,180.0,YouTube Audio Library,yt_0326,audio/yt_0326.mp3,True
21385671-6586-421e-b82f-62250b9fed58,f5aaa5bf-5291-49f5-afe4-b5c1a7463ada,YouTube Library Track 328,YouTube Creator Artist 9,YouTube Audio Library,2024,180.0,YouTube Audio Library,yt_0328,audio/yt_0328.mp3,True
f88f9789-0ba6-4c1a-8739-318f3d2436f5,0bf86621-797b-45fb-8a86-9f0c1f7eb1a6,YouTube Library Track 329,YouTube Creator Artist 10,YouTube Audio Library,2024,180.0,YouTube Audio Library,yt_0329,audio/yt_0329.mp3,True
a405d22f-6ef0-488c-bc38-30c3a7479e90,a70503fc-53d5-4692-ba65-0abf40b45353,YouTube Library Track 333,YouTube Creator Artist 14,YouTube Audio Library,2024,180.0,YouTube Audio Library,yt_0333,audio/yt_0333.mp3,True
ad1f2931-da69-4b2b-80da-7a872c6c0d04,f131d53b-6b3a-4a1a-a936-5917dc8ebd00,YouTube Library Track 330,YouTube Creator Artist 11,YouTube Audio Library,2024,180.0,YouTube Audio Library,yt_0330,audio/yt_0330.mp3,True
c3e587bc-5dc6-4e94-9fef-1f96e3488566,01ab15f2-4975-48cc-bbca-4a39fb83acbd,YouTube Library Track 339,YouTube Creator Artist 20,YouTube Audio Library,2024,180.0,YouTube Audio Library,yt_0339,audio/yt_0339.mp3,True
af7c282c-ddd4-4c0f-8242-8f9b1c4c2e48,e15796b8-a7c9-4101-b70c-4b247c3156fa,YouTube Library Track 331,YouTube Creator Artist 12,YouTube Audio Library,2024,180.0,YouTube Audio Library,yt_0331,audio/yt_0331.mp3,True
98634572-d6f3-45e5-90d8-430d8150bd23,62f654bd-45d1-4acf-ac9d-d41b2a5aa7f5,YouTube Library Track 336,YouTube Creator Artist 17,YouTube Audio Library,2024,180.0,YouTube Audio Library,yt_0336,audio/yt_0336.mp3,True
120f7e51-a3d6-4401-ac58-6f66d2320359,7b5fe14e-57e7-4419-b10e-06216e275bca,YouTube Library Track 332,YouTube Creator Artist 13,YouTube Audio Library,2024,180.0,YouTube Audio Library,yt_0332,audio/yt_0332.mp3,True
2fbc15cd-68a5-43ac-8b0d-05eeed441e2e,a343a5fb-c722-4203-8b67-69576f561cb9,YouTube Library Track 334,YouTube Creator Artist 15,YouTube Audio Library,2024,180.0,YouTube Audio Library,yt_0334,audio/yt_0334.mp3,True
50bd0ef3-500a-4559-a7ed-771de46f7d91,c88be3a3-662d-4758-baa5-1dd95e1c8423,YouTube Library Track 337,YouTube Creator Artist 18,YouTube Audio Library,2024,180.0,YouTube Audio Library,yt_0337,audio/yt_0337.mp3,True
ce59d3c8-fa49-4cff-b407-ac1ee9ae4afd,aa916732-44e4-4b38-981f-e88e3468d574,YouTube Library Track 335,YouTube Creator Artist 16,YouTube Audio Library,2024,180.0,YouTube Audio Library,yt_0335,audio/yt_0335.mp3,True
03051b91-779d-4456-bf13-b9b212bb1bf2,83db9ba8-f301-4643-8bd3-06fcac2114d9,YouTube Library Track 340,YouTube Creator Artist 1,YouTube Audio Library,2024,180.0,YouTube Audio Library,yt_0340,audio/yt_0340.mp3,True
b62ca189-9594-444a-a261-c52e26bdfc20,805c70ad-8398-4617-9a9d-32c02bb22f47,YouTube Library Track 341,YouTube Creator Artist 2,YouTube Audio Library,2024,180.0,YouTube Audio Library,yt_0341,audio/yt_0341.mp3,True
a91e69af-2ec5-4c2f-b40d-1dbf82650a91,0a363bc9-9af3-47fa-b02e-5d65cd3c73f6,YouTube Library Track 343,YouTube Creator Artist 4,YouTube Audio Library,2024,180.0,YouTube Audio Library,yt_0343,audio/yt_0343.mp3,True
93462b55-00ff-4245-9259-4a05b07c0a87,004b0760-924d-4304-a2b1-8e90f7030dc3,YouTube Library Track 342,YouTube Creator Artist 3,YouTube Audio Library,2024,180.0,YouTube Audio Library,yt_0342,audio/yt_0342.mp3,True
bab76141-93d5-4c8f-827a-d9014f44e0c9,cfdef318-0c42-405e-84b2-046e809a1ed3,YouTube Library Track 344,YouTube Creator Artist 5,YouTube Audio Library,2024,180.0,YouTube Audio Library,yt_0344,audio/yt_0344.mp3,True
f639dd30-1a02-4d2e-ae5e-b9cce805b8cd,4d6cccb2-8579-4614-a568-dd500b42d1f1,YouTube Library Track 338,YouTube Creator Artist 19,YouTube Audio Library,2024,180.0,YouTube Audio Library,yt_0338,audio/yt_0338.mp3,True
41591b3d-5ff8-4563-8a07-9a0918b49240,c34d822d-270a-432f-bd51-7d270c557741,YouTube Library Track 346,YouTube Creator Artist 7,YouTube Audio Library,2024,180.0,YouTube Audio Library,yt_0346,audio/yt_0346.mp3,True
0c72dad8-dfa8-43f0-94c8-03e451b6eda8,620ce01f-44bd-4fcb-be92-944b87776b7f,YouTube Library Track 345,YouTube Creator Artist 6,YouTube Audio Library,2024,180.0,YouTube Audio Library,yt_0345,audio/yt_0345.mp3,True
f78f152a-301f-4e6a-a0a0-4d6abea2807a,578a88c3-9635-4f67-a94a-76cf9d3d597e,YouTube Library Track 347,YouTube Creator Artist 8,YouTube Audio Library,2024,180.0,YouTube Audio Library,yt_0347,audio/yt_0347.mp3,True
fd269138-e1f9-48a0-b621-4bebc8c32d51,762e4088-be46-4b56-82c4-7abaf3f727b2,YouTube Library Track 348,YouTube Creator Artist 9,YouTube Audio Library,2024,180.0,YouTube Audio Library,yt_0348,audio/yt_0348.mp3,True
1f043312-57ab-4d4c-a367-8e829d75ccca,7dce5ab4-3c42-46e2-8920-7d55c02a7353,YouTube Library Track 349,YouTube Creator Artist 10,YouTube Audio Library,2024,180.0,YouTube Audio Library,yt_0349,audio/yt_0349.mp3,True
3d3ce493-05f3-40a5-8ece-553a988120a6,2f203b0c-0dde-4e96-a02c-1f6fdc06d642,YouTube Library Track 350,YouTube Creator Artist 11,YouTube Audio Library,2024,180.0,YouTube Audio Library,yt_0350,audio/yt_0350.mp3,True
bb9a6c44-38fc-4403-8649-e99db23d598c,4a2987f2-a0cb-45bf-b990-f4350855e42a,YouTube Library Track 354,YouTube Creator Artist 15,YouTube Audio Library,2024,180.0,YouTube Audio Library,yt_0354,audio/yt_0354.mp3,True
5fdcbcf4-1b9d-47c7-bb46-ea4286eeead0,0321227b-eacc-4a94-9f2e-c687ea5ffeb9,YouTube Library Track 355,YouTube Creator Artist 16,YouTube Audio Library,2024,180.0,YouTube Audio Library,yt_0355,audio/yt_0355.mp3,True
aa7a6688-6131-4e8c-8047-68ef7fb33be1,21deb92b-0813-4334-9be7-b10be9aee614,YouTube Library Track 357,YouTube Creator Artist 18,YouTube Audio Library,2024,180.0,YouTube Audio Library,yt_0357,audio/yt_0357.mp3,True
b3e90418-fce9-4807-99af-6ffc9d504e3e,f9c6e008-a9a5-4eea-9f87-45d14be73156,YouTube Library Track 353,YouTube Creator Artist 14,YouTube Audio Library,2024,180.0,YouTube Audio Library,yt_0353,audio/yt_0353.mp3,True
ee208398-ca61-4e80-8367-3c8c3c070f68,90e919fb-b75f-4fdd-aef0-037b59161bc4,YouTube Library Track 356,YouTube Creator Artist 17,YouTube Audio Library,2024,180.0,YouTube Audio Library,yt_0356,audio/yt_0356.mp3,True
86c20191-4942-4494-a388-62c2b4010975,1fa3b589-569c-4f63-b487-aecec04b749d,YouTube Library Track 358,YouTube Creator Artist 19,YouTube Audio Library,2024,180.0,YouTube Audio Library,yt_0358,audio/yt_0358.mp3,True
61bd179b-068c-4d7f-82c0-7c442558354f,cb680a46-e78f-491d-b2fe-4fb93a617b30,YouTube Library Track 359,YouTube Creator Artist 20,YouTube Audio Library,2024,180.0,YouTube Audio Library,yt_0359,audio/yt_0359.mp3,True
c87b5dca-6524-4141-a47c-33569ae1cb85,dafb27ed-161d-4545-8dc5-446f7ecb6c92,YouTube Library Track 363,YouTube Creator Artist 4,YouTube Audio Library,2024,180.0,YouTube Audio Library,yt_0363,audio/yt_0363.mp3,True
0b32110f-0eae-42d1-8a17-e11656521345,cb14bd4f-414b-4e98-b0ae-9ac219206fab,YouTube Library Track 352,YouTube Creator Artist 13,YouTube Audio Library,2024,180.0,YouTube Audio Library,yt_0352,audio/yt_0352.mp3,True
c0802512-7c66-4b51-a0b3-729414c35b30,db0ab7a0-1bf0-462f-adb6-383afcacd462,YouTube Library Track 364,YouTube Creator Artist 5,YouTube Audio Library,2024,180.0,YouTube Audio Library,yt_0364,audio/yt_0364.mp3,True
fcfcc445-a973-4b89-bef8-681afd38b727,e794a98e-1655-4152-888c-04141b38f696,YouTube Library Track 366,YouTube Creator Artist 7,YouTube Audio Library,2024,180.0,YouTube Audio Library,yt_0366,audio/yt_0366.mp3,True
3770c29b-5439-422c-91d7-8ebbcf6b3744,f19b0065-214f-4f1d-9b4c-6e9f167466d3,YouTube Library Track 360,YouTube Creator Artist 1,YouTube Audio Library,2024,180.0,YouTube Audio Library,yt_0360,audio/yt_0360.mp3,True
5842c37d-23dd-4046-bda9-0709a89a9aee,e2be4ea8-4ff2-4bf6-bce1-d007a5a0c7d9,YouTube Library Track 351,YouTube Creator Artist 12,YouTube Audio Library,2024,180.0,YouTube Audio Library,yt_0351,audio/yt_0351.mp3,True
6001c490-4215-4832-a324-05c3ca6e4d82,99feb83f-4afa-4cd8-bd8b-1ca4bcbf3633,YouTube Library Track 365,YouTube Creator Artist 6,YouTube Audio Library,2024,180.0,YouTube Audio Library,yt_0365,audio/yt_0365.mp3,True
fa8c0e8f-2de0-4bf1-b31e-9731955a3275,2064c006-0155-408e-82d3-fba8d343a7a6,YouTube Library Track 361,YouTube Creator Artist 2,YouTube Audio Library,2024,180.0,YouTube Audio Library,yt_0361,audio/yt_0361.mp3,True
2b6db04d-7734-401b-a4f9-0e694d29caed,2251c514-039f-472d-8c61-ed770ae430b2,YouTube Library Track 368,YouTube Creator Artist 9,YouTube Audio Library,2024,180.0,YouTube Audio Library,yt_0368,audio/yt_0368.mp3,True
e9fbf66b-0379-44e8-b60a-a91fcd9e1abe,2d50c01a-2db6-4d8d-bf56-0fa0f1274fe1,YouTube Library Track 362,YouTube Creator Artist 3,YouTube Audio Library,2024,180.0,YouTube Audio Library,yt_0362,audio/yt_0362.mp3,True
28922f7c-52df-4f2e-9a1f-1a89889edb26,22c3146f-ccf8-4220-8b3f-effadc5765d2,YouTube Library Track 370,YouTube Creator Artist 11,YouTube Audio Library,2024,180.0,YouTube Audio Library,yt_0370,audio/yt_0370.mp3,True
927ebe77-f285-47db-9a8c-385e9f306e21,73d5b4c2-5b3f-47d0-9e8e-a0cfcb20ce32,YouTube Library Track 375,YouTube Creator Artist 16,YouTube Audio Library,2024,180.0,YouTube Audio Library,yt_0375,audio/yt_0375.mp3,True
3b82ede7-556f-4695-824b-19874e3234cf,e664935f-2c7c-4daf-94f3-c9d6bb9d1ef0,YouTube Library Track 374,YouTube Creator Artist 15,YouTube Audio Library,2024,180.0,YouTube Audio Library,yt_0374,audio/yt_0374.mp3,True
560dce32-22bf-4c49-96fd-ab7c28844299,1d409340-3e67-454e-8cc7-b3df31501cc6,YouTube Library Track 367,YouTube Creator Artist 8,YouTube Audio Library,2024,180.0,YouTube Audio Library,yt_0367,audio/yt_0367.mp3,True
87143fbc-5ae9-4e18-a78b-66f77cb6aea0,f8d36d28-5613-4a50-b87d-90d20e99f8c6,YouTube Library Track 371,YouTube Creator Artist 12,YouTube Audio Library,2024,180.0,YouTube Audio Library,yt_0371,audio/yt_0371.mp3,True
2bfd5d53-331b-40d2-b8e6-c52b2e7effbe,ee45fd92-9e52-40b7-8181-948f620c3b45,YouTube Library Track 376,YouTube Creator Artist 17,YouTube Audio Library,2024,180.0,YouTube Audio Library,yt_0376,audio/yt_0376.mp3,True
9b184038-d96e-41bc-a224-48d497112ad2,108153e5-b40b-49fd-ac7a-c8b245598538,YouTube Library Track 372,YouTube Creator Artist 13,YouTube Audio Library,2024,180.0,YouTube Audio Library,yt_0372,audio/yt_0372.mp3,True
88eda0b9-f8a1-4016-b545-6f6e40c75abf,b8bc7dbe-339a-417e-a084-d02035f80790,YouTube Library Track 377,YouTube Creator Artist 18,YouTube Audio Library,2024,180.0,YouTube Audio Library,yt_0377,audio/yt_0377.mp3,True
698057e2-6493-440e-a543-5c2a71550952,4fe3013d-c197-4c95-9cdb-2a1a26c0d394,YouTube Library Track 380,YouTube Creator Artist 1,YouTube Audio Library,2024,180.0,YouTube Audio Library,yt_0380,audio/yt_0380.mp3,True
f958e623-51b2-4715-99b3-864af5fb1c68,6a3beab3-8877-4344-b217-ebccccc1b2af,YouTube Library Track 379,YouTube Creator Artist 20,YouTube Audio Library,2024,180.0,YouTube Audio Library,yt_0379,audio/yt_0379.mp3,True
d9a2b62d-698f-43f8-acb2-2838d95aea82,8cafc67b-453f-4cac-b2a6-7ed7412a4e7d,YouTube Library Track 369,YouTube Creator Artist 10,YouTube Audio Library,2024,180.0,YouTube Audio Library,yt_0369,audio/yt_0369.mp3,True
4328f268-7e19-4f74-a721-6974edbead9d,9ba24bd2-d866-4287-8aa1-e47f4e558f01,YouTube Library Track 373,YouTube Creator Artist 14,YouTube Audio Library,2024,180.0,YouTube Audio Library,yt_0373,audio/yt_0373.mp3,True
e2ed3cbf-f0fa-4dd0-9d19-11938da16a9a,f501795b-4455-45f3-85bc-b13b6fe4da73,YouTube Library Track 382,YouTube Creator Artist 3,YouTube Audio Library,2024,180.0,YouTube Audio Library,yt_0382,audio/yt_0382.mp3,True
86ffab57-7040-43e7-9e91-3c150760b44d,2a183195-f2de-48ed-8545-8bc36d28c420,YouTube Library Track 381,YouTube Creator Artist 2,YouTube Audio Library,2024,180.0,YouTube Audio Library,yt_0381,audio/yt_0381.mp3,True
f71ac696-adba-4d74-813d-dc43842c0eb4,6109624a-dcdf-4217-a722-c9b7a6ac1ea7,YouTube Library Track 383,YouTube Creator Artist 4,YouTube Audio Library,2024,180.0,YouTube Audio Library,yt_0383,audio/yt_0383.mp3,True
8b31df5a-1ff2-4a90-97d8-44f0a1cdabf1,a3fd0f70-8bae-4bcd-b43c-519e37de6d2d,YouTube Library Track 384,YouTube Creator Artist 5,YouTube Audio Library,2024,180.0,YouTube Audio Library,yt_0384,audio/yt_0384.mp3,True
a187dd20-207e-45c7-94d7-44914b33162c,bb2e14fe-9827-4319-bc96-cb9ad641c40a,YouTube Library Track 386,YouTube Creator Artist 7,YouTube Audio Library,2024,180.0,YouTube Audio Library,yt_0386,audio/yt_0386.mp3,True
13759bdd-5215-4e21-a4fe-08e38954a846,69b76b22-3ea7-4d0e-a6b2-93918bab0d43,YouTube Library Track 387,YouTube Creator Artist 8,YouTube Audio Library,2024,180.0,YouTube Audio Library,yt_0387,audio/yt_0387.mp3,True
32638a58-b12a-4c80-83c3-7fab40680c89,712c64f7-3835-4ed0-87ca-d68141c6f952,YouTube Library Track 389,YouTube Creator Artist 10,YouTube Audio Library,2024,180.0,YouTube Audio Library,yt_0389,audio/yt_0389.mp3,True
220ca6dc-0a24-47dc-bf2e-2e3319ce86d5,e5850fa8-d671-44bf-bb7b-32cae9e5a53c,YouTube Library Track 378,YouTube Creator Artist 19,YouTube Audio Library,2024,180.0,YouTube Audio Library,yt_0378,audio/yt_0378.mp3,True
2dd171f0-006a-479e-a5ae-abb8c40f6297,0e85e5bb-a179-429a-883f-b9dcabf85604,YouTube Library Track 388,YouTube Creator Artist 9,YouTube Audio Library,2024,180.0,YouTube Audio Library,yt_0388,audio/yt_0388.mp3,True
6960fc29-ff2b-4900-aa2a-71b60eb9c0f1,94b75461-46ff-4f12-bd22-ce7fc44ef383,YouTube Library Track 385,YouTube Creator Artist 6,YouTube Audio Library,2024,180.0,YouTube Audio Library,yt_0385,audio/yt_0385.mp3,True
68e0acbb-cdee-4300-8cde-78c79d9b2138,8758178d-0716-41b0-94c1-28da5b31819e,YouTube Library Track 391,YouTube Creator Artist 12,YouTube Audio Library,2024,180.0,YouTube Audio Library,yt_0391,audio/yt_0391.mp3,True
920ccdbe-7c11-4e4e-b969-d2c2f7b7cec2,b8699ba8-b287-44f6-a548-3d106fb85a7f,YouTube Library Track 393,YouTube Creator Artist 14,YouTube Audio Library,2024,180.0,YouTube Audio Library,yt_0393,audio/yt_0393.mp3,True
b08e4e52-69d9-493a-904d-64c0078a7027,aa9d880c-5c8a-45fa-9217-b146d9b8286f,YouTube Library Track 390,YouTube Creator Artist 11,YouTube Audio Library,2024,180.0,YouTube Audio Library,yt_0390,audio/yt_0390.mp3,True
b3479db5-1599-49d2-82b5-84e6f5ba7d20,b4eb5216-3c11-4baf-b9e3-41ff880a55bc,YouTube Library Track 398,YouTube Creator Artist 19,YouTube Audio Library,2024,180.0,YouTube Audio Library,yt_0398,audio/yt_0398.mp3,True
707b1f40-544b-4471-adb2-4bfd0a7e31ed,68e47e1e-8f7c-48e0-bc0b-621b7a7de7b5,YouTube Library Track 395,YouTube Creator Artist 16,YouTube Audio Library,2024,180.0,YouTube Audio Library,yt_0395,audio/yt_0395.mp3,True
22f08291-1b9e-46b8-95ee-975afe5493a3,81776e99-5378-4238-9de4-69a9f4473173,YouTube Library Track 396,YouTube Creator Artist 17,YouTube Audio Library,2024,180.0,YouTube Audio Library,yt_0396,audio/yt_0396.mp3,True
76f57068-1ef4-46d1-9405-02464d75f93a,8729e12a-3d50-4874-92c2-b2471cc5326c,YouTube Library Track 397,YouTube Creator Artist 18,YouTube Audio Library,2024,180.0,YouTube Audio Library,yt_0397,audio/yt_0397.mp3,True
0631607b-62e5-476f-8928-324dc06391b1,c13cf290-b7a1-447f-bdf6-806b6d467cfb,YouTube Library Track 400,YouTube Creator Artist 1,YouTube Audio Library,2024,180.0,YouTube Audio Library,yt_0400,audio/yt_0400.mp3,True
8bd3c3f1-f7f4-4224-be9f-c1f4a336951b,f591ba12-147c-42c3-bf42-59350dfae646,YouTube Library Track 399,YouTube Creator Artist 20,YouTube Audio Library,2024,180.0,YouTube Audio Library,yt_0399,audio/yt_0399.mp3,True
9d452dd9-da49-4866-9c1b-b590bd200efb,8c2aec54-1cf9-4c0f-8872-f71e8fe98800,YouTube Library Track 392,YouTube Creator Artist 13,YouTube Audio Library,2024,180.0,YouTube Audio Library,yt_0392,audio/yt_0392.mp3,True
c8f57363-86cc-4a4c-88af-435e85d81ba6,75965d86-754a-47bd-ae27-33f4073901cd,YouTube Library Track 394,YouTube Creator Artist 15,YouTube Audio Library,2024,180.0,YouTube Audio Library,yt_0394,audio/yt_0394.mp3,True
a47bae9c-7f99-42df-8378-3d00d3150574,7ce3083d-3739-4f66-9599-ff34d97552e3,FMA Track 000212,FMA Artist,Free Music Archive Collection,2023,30.0,FMA,212,audio/000212.mp3,True
42112f07-c457-4fa9-a83a-140da51bdc14,4a1c73f0-8250-4cb8-87c7-f8da5ba8982a,FMA Track 000255,FMA Artist,Free Music Archive Collection,2023,30.0,FMA,255,audio/000255.mp3,True
5c1bbad1-910d-4240-a63a-e5d32834f941,836f0333-a2a4-4422-9dc9-ead7368f268d,FMA Track 000459,FMA Artist,Free Music Archive Collection,2023,30.0,FMA,459,audio/000459.mp3,True
02971c85-e408-44dd-9e95-60fd298747bc,7e556cc7-3eed-4b90-81bb-b15d933aa7ab,FMA Track 000666,FMA Artist,Free Music Archive Collection,2023,30.0,FMA,666,audio/000666.mp3,True
97249479-a1d4-432e-a5f5-693017177428,acfe7e3d-8a2c-473b-be79-234741ba3bab,FMA Track 000694,FMA Artist,Free Music Archive Collection,2023,30.0,FMA,694,audio/000694.mp3,True
1741a02f-236f-4ceb-9fa5-763985ed47c9,c04853a1-f422-4769-b977-68dad4c7ef91,FMA Track 000706,FMA Artist,Free Music Archive Collection,2023,30.0,FMA,706,audio/000706.mp3,True
1d8f9403-91ab-43ce-8e4d-bc723869b42a,649ea362-b78b-40ec-944f-bbe02663c3ad,FMA Track 000814,FMA Artist,Free Music Archive Collection,2023,30.0,FMA,814,audio/000814.mp3,True
52916873-564b-4a5b-9d21-277da0744e7c,179d6d22-4410-4536-8d86-f0a4faa4aacf,FMA Track 000892,FMA Artist,Free Music Archive Collection,2023,30.0,FMA,892,audio/000892.mp3,True
64112c8f-53a7-4a1a-bf5a-4fdb10446387,df6ade2d-1548-4526-9052-aeedcb208343,FMA Track 000998,FMA Artist,Free Music Archive Collection,2023,30.0,FMA,998,audio/000998.mp3,True
06fc29ba-71f0-4cb3-9476-e89bdcc5bcb1,1dae32bd-4a26-4df8-a3ce-65d4b1373a3e,FMA Track 001069,FMA Artist,Free Music Archive Collection,2023,30.0,FMA,1069,audio/001069.mp3,True
fd4ae8bf-a911-4ea2-8986-8bc284c6190d,986e0ea5-f7c9-4919-8036-777f251b9abb,FMA Track 001083,FMA Artist,Free Music Archive Collection,2023,30.0,FMA,1083,audio/001083.mp3,True
44db2c76-7380-458d-80e2-338c427ab73e,fceaf0c2-1066-4866-b8f2-7660f10079df,FMA Track 001276,FMA Artist,Free Music Archive Collection,2023,30.0,FMA,1276,audio/001276.mp3,True
55121ebe-cd57-49e2-b30b-34e7cb3b829e,6fe6d05d-f7b7-41a9-b5e9-cc3df3a64337,FMA Track 001277,FMA Artist,Free Music Archive Collection,2023,30.0,FMA,1277,audio/001277.mp3,True
521f7311-b98a-4e8b-a642-f009ace78d14,ed14a713-c9d2-41f8-9ec5-c2da5a9e6276,FMA Track 001544,FMA Artist,Free Music Archive Collection,2023,30.0,FMA,1544,audio/001544.mp3,True
b3a3f25c-964c-46b0-839e-751f13944da3,bedb37a7-7640-4703-b66e-7cde9314a0e6,FMA Track 001680,FMA Artist,Free Music Archive Collection,2023,30.0,FMA,1680,audio/001680.mp3,True
c66d0a24-cdd8-4504-890d-600b1aaed1ce,5c215bb8-23c2-4ec5-b212-2cd5a8aa3621,FMA Track 001686,FMA Artist,Free Music Archive Collection,2023,30.0,FMA,1686,audio/001686.mp3,True
1603d66c-1bea-43e4-b8fa-847558f3bb54,5dc8e7e9-d078-47b3-a14a-09e19ad4a4d7,FMA Track 001924,FMA Artist,Free Music Archive Collection,2023,30.0,FMA,1924,audio/001924.mp3,True
b6674d82-c0bf-4aec-8126-b122c7b431ab,bfc5cc61-c366-49ae-8dea-c51f1386d62a,FMA Track 003272,FMA Artist,Free Music Archive Collection,2023,30.0,FMA,3272,audio/003272.mp3,True
3317fda8-bae3-4963-b18e-b6664889eff3,f5b343eb-e417-4560-ac35-0baacfc263b1,FMA Track 003722,FMA Artist,Free Music Archive Collection,2023,30.0,FMA,3722,audio/003722.mp3,True
60ac767e-af43-4e0c-b657-ee15e7e69a07,001656b0-41f6-45e4-8402-fbd342ee02f5,FMA Track 003775,FMA Artist,Free Music Archive Collection,2023,30.0,FMA,3775,audio/003775.mp3,True
be27fb0b-07c0-47b8-b744-4c9f6ef90640,9546aaff-a71d-44be-a90a-e81925d7c367,FMA Track 003905,FMA Artist,Free Music Archive Collection,2023,30.0,FMA,3905,audio/003905.mp3,True
5157912c-7776-4225-8bdd-6fb1f84dbaff,a8ecef2b-d23d-450c-ac9d-8b3972619870,FMA Track 003920,FMA Artist,Free Music Archive Collection,2023,30.0,FMA,3920,audio/003920.mp3,True
ee68c8c9-27aa-4555-8fab-4454537c4cea,31c6d0d8-6d18-4808-a7ee-14d847ecf57d,FMA Track 003950,FMA Artist,Free Music Archive Collection,2023,30.0,FMA,3950,audio/003950.mp3,True
3736e3b1-c56a-4e3e-bb90-064f9fc7f72e,c7544bdb-3b4e-4416-a825-3dcda333af4d,FMA Track 004017,FMA Artist,Free Music Archive Collection,2023,30.0,FMA,4017,audio/004017.mp3,True
40f04e3a-9451-49b8-85ac-820477e5ac2b,3163799f-11ea-4438-ba48-2557d1577a7e,FMA Track 004067,FMA Artist,Free Music Archive Collection,2023,30.0,FMA,4067,audio/004067.mp3,True
e6ced041-fa99-4b7c-bf42-fcbdbeb08a60,afbe25b9-f3f3-4fa6-b27f-e6b0195abf53,FMA Track 004236,FMA Artist,Free Music Archive Collection,2023,30.0,FMA,4236,audio/004236.mp3,True
8909745c-bd31-40d7-ac91-b92e2ee671da,346ec056-320a-4da4-a64d-cc184b6aeb72,FMA Track 004509,FMA Artist,Free Music Archive Collection,2023,30.0,FMA,4509,audio/004509.mp3,True
c011a9a7-404d-40f2-81e8-9de2c00719e3,6b97fb4f-248d-48bc-9b84-821be59d0e9b,FMA Track 004684,FMA Artist,Free Music Archive Collection,2023,30.0,FMA,4684,audio/004684.mp3,True
96b2bcef-f2ba-465a-9426-d88817ad13f3,672fc28b-f57f-490a-91de-2e007220d1ab,FMA Track 004777,FMA Artist,Free Music Archive Collection,2023,30.0,FMA,4777,audio/004777.mp3,True
76fa1073-889f-4664-8238-11c12cfbaff1,269b5ccb-891e-4877-a4e1-9ce91f2f45d7,FMA Track 004784,FMA Artist,Free Music Archive Collection,2023,30.0,FMA,4784,audio/004784.mp3,True
7511c96c-ac1d-46cf-ac4f-1ab81e039bb1,0de9ea87-3ffa-4ac6-8534-1c35b29856c6,FMA Track 004835,FMA Artist,Free Music Archive Collection,2023,30.0,FMA,4835,audio/004835.mp3,True
f9a8f5bd-3019-4e2b-a7e7-1c683af5674e,3358f9e4-204b-412f-9f2a-53d736092e69,FMA Track 005006,FMA Artist,Free Music Archive Collection,2023,30.0,FMA,5006,audio/005006.mp3,True
853c0207-dc0a-47bc-a297-b13ac9e2f631,e2ea85ca-1078-451f-bc7e-ce97dea903f0,FMA Track 005170,FMA Artist,Free Music Archive Collection,2023,30.0,FMA,5170,audio/005170.mp3,True
f9033b06-f398-4436-aab3-81afb02c8d97,75098787-99fc-47e9-a326-b7e338166542,FMA Track 005381,FMA Artist,Free Music Archive Collection,2023,30.0,FMA,5381,audio/005381.mp3,True
fe407f03-4f19-4261-ad8f-33b627b7ac12,d78986e3-3ecb-4023-bafc-f5d4da389e5b,FMA Track 006467,FMA Artist,Free Music Archive Collection,2023,30.0,FMA,6467,audio/006467.mp3,True
0fc42694-cfe9-4e2f-be10-0a6b8ed92fe6,391dd635-990a-407b-b30c-f25cc2d55acb,FMA Track 006607,FMA Artist,Free Music Archive Collection,2023,30.0,FMA,6607,audio/006607.mp3,True
13505512-d414-44f7-b65d-7e9a8bae3ac0,1ce58e7f-5245-42b6-9a19-7d4a2adc28c1,FMA Track 006610,FMA Artist,Free Music Archive Collection,2023,30.0,FMA,6610,audio/006610.mp3,True
f6e8cfa3-e0c0-4f2c-b5ad-b430b87f7def,0f2013d3-410e-4633-8d7a-426943d28ba8,FMA Track 006611,FMA Artist,Free Music Archive Collection,2023,30.0,FMA,6611,audio/006611.mp3,True
c8245446-dfa9-405a-9c31-beff8051aebb,a140d8d8-8791-459b-8177-e332b4e9d945,FMA Track 006778,FMA Artist,Free Music Archive Collection,2023,30.0,FMA,6778,audio/006778.mp3,True
d5fe8c38-3580-4f29-a701-681adcc83a58,f0cf59d0-e7d1-4f4d-ae06-7666f762ad52,FMA Track 006788,FMA Artist,Free Music Archive Collection,2023,30.0,FMA,6788,audio/006788.mp3,True
61886c89-2b66-425c-9dd5-296ed94dd7ce,b4e27044-e2c1-472d-8e25-57467e44f995,FMA Track 006803,FMA Artist,Free Music Archive Collection,2023,30.0,FMA,6803,audio/006803.mp3,True
395f18e6-8e7f-487a-a79c-949832d70e67,005484e5-47bf-4ed8-9029-c2282e910ec4,FMA Track 007385,FMA Artist,Free Music Archive Collection,2023,30.0,FMA,7385,audio/007385.mp3,True
c8599139-beb4-4a92-887a-71f35f3d9842,17f69ce8-dcae-4bc7-a706-a2a979a65f69,FMA Track 007393,FMA Artist,Free Music Archive Collection,2023,30.0,FMA,7393,audio/007393.mp3,True
d7ec9a76-2724-43ed-b6a0-96c50ed3af8c,0cde8df8-4791-4cf3-82a5-a05791893534,FMA Track 008345,FMA Artist,Free Music Archive Collection,2023,30.0,FMA,8345,audio/008345.mp3,True
4d82f62a-0909-4908-b5f1-1605ee77b9c4,53c529d0-ba87-4fb3-abab-edb30918d760,FMA Track 009511,FMA Artist,Free Music Archive Collection,2023,30.0,FMA,9511,audio/009511.mp3,True
3399dda7-9490-4bec-94a9-232036026cf9,a0d0d87b-600b-413b-98f0-b7cb0c57318f,FMA Track 009962,FMA Artist,Free Music Archive Collection,2023,30.0,FMA,9962,audio/009962.mp3,True
31f26670-f45c-4728-8e4a-f77e5170188b,3aa27e86-6b4c-47f7-9bb2-7e3a1c8723bf,FMA Track 010441,FMA Artist,Free Music Archive Collection,2023,30.0,FMA,10441,audio/010441.mp3,True
89d2707c-c3d0-4388-b72e-4de98c65c70f,beadb9e5-6958-48d8-abe1-bab54576681d,FMA Track 010669,FMA Artist,Free Music Archive Collection,2023,30.0,FMA,10669,audio/010669.mp3,True
136c89af-3ec8-4344-b02a-536a779d945f,7de606eb-6f54-43ff-a315-8dcdd4930288,FMA Track 010677,FMA Artist,Free Music Archive Collection,2023,30.0,FMA,10677,audio/010677.mp3,True
7fb83357-2bca-4d22-bbab-3996d330ccda,4766f437-5dfe-4666-8fc6-550583eebdc5,FMA Track 010684,FMA Artist,Free Music Archive Collection,2023,30.0,FMA,10684,audio/010684.mp3,True
580d6ab1-b434-4df4-95f0-cc6649b0970f,e7b86c9b-e8ee-497a-b850-39ec08225ab7,FMA Track 010805,FMA Artist,Free Music Archive Collection,2023,30.0,FMA,10805,audio/010805.mp3,True
076914c1-d4d6-4b2b-a428-a2634358376c,d285af4c-eb96-43ec-8b25-481644b2e601,FMA Track 010808,FMA Artist,Free Music Archive Collection,2023,30.0,FMA,10808,audio/010808.mp3,True
2a97e7b8-eb86-469c-959b-435b34f6cf34,e29c8667-2b56-4d3e-8829-42647487706f,FMA Track 010992,FMA Artist,Free Music Archive Collection,2023,30.0,FMA,10992,audio/010992.mp3,True
5bb2af93-6e03-46b9-9d0a-3083f5dac5e1,1221b70a-08e0-4496-9a1c-98b51fcb7e95,FMA Track 011059,FMA Artist,Free Music Archive Collection,2023,30.0,FMA,11059,audio/011059.mp3,True
8851770e-3ff3-4165-a2e9-23612f494e6d,93f1e4f7-3cb4-43f6-9ebd-c7ff44194835,FMA Track 011237,FMA Artist,Free Music Archive Collection,2023,30.0,FMA,11237,audio/011237.mp3,True
c1a4fa0b-1171-4233-88a6-affa8cd9695a,5d7a6eac-7a48-4781-a6eb-94b3b045b173,FMA Track 011262,FMA Artist,Free Music Archive Collection,2023,30.0,FMA,11262,audio/011262.mp3,True
03091b03-494f-4586-ae49-30cabc61df7e,7559b5c9-0646-4190-8562-4d53abafa9be,FMA Track 011504,FMA Artist,Free Music Archive Collection,2023,30.0,FMA,11504,audio/011504.mp3,True
0e090704-74f3-4606-904b-9fd70f066764,a6be4433-de95-45ce-aaf7-c597f9b5d3b2,FMA Track 011673,FMA Artist,Free Music Archive Collection,2023,30.0,FMA,11673,audio/011673.mp3,True
12b36a0d-3171-417a-9532-3609bd214125,1ac38e9a-50bd-409d-8473-23cad794d062,FMA Track 011682,FMA Artist,Free Music Archive Collection,2023,30.0,FMA,11682,audio/011682.mp3,True
5b0b74bd-07d5-43e8-9f69-db49bc1c746d,bb488d7f-becf-418b-8c18-4d264819257d,FMA Track 011770,FMA Artist,Free Music Archive Collection,2023,30.0,FMA,11770,audio/011770.mp3,True
116ccf98-fa93-4869-9d3a-bb5cfb10b854,542c24fd-f93d-4fed-961d-e2f5b54d068c,FMA Track 011785,FMA Artist,Free Music Archive Collection,2023,30.0,FMA,11785,audio/011785.mp3,True
09a26097-cbeb-479b-9d0b-c6af89ff55a4,a550ec47-0bcd-4e52-b6d4-add280c486d8,FMA Track 011790,FMA Artist,Free Music Archive Collection,2023,30.0,FMA,11790,audio/011790.mp3,True
2b036d09-6cb9-4672-8569-f05471535141,54309e04-8a45-41bd-ac35-f21c00bf74eb,FMA Track 011792,FMA Artist,Free Music Archive Collection,2023,30.0,FMA,11792,audio/011792.mp3,True
70e9e8e3-1e15-410f-9011-868d683b9d48,57baf113-5282-4a96-a881-c7922ce320ae,FMA Track 011795,FMA Artist,Free Music Archive Collection,2023,30.0,FMA,11795,audio/011795.mp3,True
a667c7e5-2367-4598-b39b-3efd41e06038,069a5a03-ddd9-447f-abf4-b7e407c5a6c3,FMA Track 011803,FMA Artist,Free Music Archive Collection,2023,30.0,FMA,11803,audio/011803.mp3,True
f6d9356f-5657-4e54-b4c5-1510a3e55382,71b2366e-08bf-47b6-806b-8ac940bf21c3,FMA Track 011919,FMA Artist,Free Music Archive Collection,2023,30.0,FMA,11919,audio/011919.mp3,True
ca747610-333e-45bd-a97a-bd94290c83c5,3ac33ea5-997d-433b-8042-b6e33b7830d0,FMA Track 012061,FMA Artist,Free Music Archive Collection,2023,30.0,FMA,12061,audio/012061.mp3,True
63f65523-819f-4611-8b59-112ff87cdc71,7b6c488b-ba48-49b9-b872-480baedd3c9a,FMA Track 012174,FMA Artist,Free Music Archive Collection,2023,30.0,FMA,12174,audio/012174.mp3,True
9281a9be-d3c5-4cce-b8c2-e7db3f67423d,329a4c16-bb92-4a51-a12c-51d4406f3652,FMA Track 012394,FMA Artist,Free Music Archive Collection,2023,30.0,FMA,12394,audio/012394.mp3,True
033ae76b-a36a-4f7c-9358-3f1125f63685,d3aede3d-ab7c-41f5-9ac6-4ab59ab185d7,FMA Track 012690,FMA Artist,Free Music Archive Collection,2023,30.0,FMA,12690,audio/012690.mp3,True
a900bec3-a5e1-4f25-aa32-1781d8dd4818,3ac15799-fa8a-43d0-95ef-99ec3643e541,FMA Track 013474,FMA Artist,Free Music Archive Collection,2023,30.0,FMA,13474,audio/013474.mp3,True
fd58eef5-a1c6-4c28-b1c2-220f25017966,cea1f61b-3064-43eb-931e-bfb2185005f3,FMA Track 013561,FMA Artist,Free Music Archive Collection,2023,30.0,FMA,13561,audio/013561.mp3,True
7ea81bb9-9190-4182-89a0-3cf370bd1148,4d59ca11-33ee-449d-abf3-316d1b7079d6,FMA Track 014315,FMA Artist,Free Music Archive Collection,2023,30.0,FMA,14315,audio/014315.mp3,True
82bc2d87-5574-4690-88d8-37d1ab11e6c7,88a23e75-1f32-454b-838f-58acd1e63318,FMA Track 014344,FMA Artist,Free Music Archive Collection,2023,30.0,FMA,14344,audio/014344.mp3,True
698476c9-7e95-4e18-b43e-184b6aa5561d,75bd5bd1-ac3d-4409-b1af-a1b895acd3ca,FMA Track 014358,FMA Artist,Free Music Archive Collection,2023,30.0,FMA,14358,audio/014358.mp3,True
a5d3e55d-5183-4d71-bd4a-3b0c4029327a,0f97d765-b5ef-467e-a7d7-94be7fb9553a,FMA Track 014572,FMA Artist,Free Music Archive Collection,2023,30.0,FMA,14572,audio/014572.mp3,True
62f6cfa6-cbb8-4f88-af07-e5bef59d827d,5a6e8e03-7693-41d0-b5f7-d0fc9d26c559,FMA Track 014586,FMA Artist,Free Music Archive Collection,2023,30.0,FMA,14586,audio/014586.mp3,True
c3781244-c499-4d7f-8349-df40c631e48d,59c8e183-f08e-4e37-9a6d-477b266c2472,FMA Track 014601,FMA Artist,Free Music Archive Collection,2023,30.0,FMA,14601,audio/014601.mp3,True
28bb60be-433f-4e7e-b866-597ef43d22ae,ee1a6d0f-0486-48c4-a871-128ba93e176f,FMA Track 014603,FMA Artist,Free Music Archive Collection,2023,30.0,FMA,14603,audio/014603.mp3,True
06d0d890-c010-4040-9caf-39a97ff42f84,c963cccd-29f4-46a1-b6fa-51789cc515e3,FMA Track 014809,FMA Artist,Free Music Archive Collection,2023,30.0,FMA,14809,audio/014809.mp3,True
90521096-2369-449c-ad25-d3f705c80e44,5a207318-6024-4a1e-80ec-e51e13f18264,FMA Track 015210,FMA Artist,Free Music Archive Collection,2023,30.0,FMA,15210,audio/015210.mp3,True
0b76c20c-97de-4c1c-a205-49ab58782d4a,61176fd6-b078-4b51-bee6-c339528c2c1d,FMA Track 015464,FMA Artist,Free Music Archive Collection,2023,30.0,FMA,15464,audio/015464.mp3,True
b0e6f884-631c-4041-86b8-b6560489af43,8b989d3d-4c86-4359-83af-e49fe6a7388e,FMA Track 015487,FMA Artist,Free Music Archive Collection,2023,30.0,FMA,15487,audio/015487.mp3,True
7520c888-b0db-42bb-869e-72db561b2d22,af30eac0-450f-4374-ba07-13724a8e38ec,FMA Track 015488,FMA Artist,Free Music Archive Collection,2023,30.0,FMA,15488,audio/015488.mp3,True
b43d2c89-3478-4ee1-b769-344e86607532,c3d46565-950c-4e96-a00d-f79d74a87f07,FMA Track 015625,FMA Artist,Free Music Archive Collection,2023,30.0,FMA,15625,audio/015625.mp3,True
cd358dd0-340d-4868-ae4b-23677d8fd447,d3534b2d-2db7-4ccb-95b5-7213c2fdadef,FMA Track 016339,FMA Artist,Free Music Archive Collection,2023,30.0,FMA,16339,audio/016339.mp3,True
935b4e43-119f-4491-83b8-53743ac3710f,cfb87cb3-9fd6-4277-bad3-ee81b5e27c49,FMA Track 016822,FMA Artist,Free Music Archive Collection,2023,30.0,FMA,16822,audio/016822.mp3,True
ad52e1a5-974d-472f-bd24-a1a563b76ddc,211ea3bb-31d0-4b66-8f75-c60ed0e06ac9,FMA Track 017608,FMA Artist,Free Music Archive Collection,2023,30.0,FMA,17608,audio/017608.mp3,True
ed059e98-5f57-428e-8b31-f8ed1cdd0d00,c89e5456-fa66-49be-935c-a6a9de24d56f,FMA Track 017633,FMA Artist,Free Music Archive Collection,2023,30.0,FMA,17633,audio/017633.mp3,True
39dfa500-eeb0-4ffb-bf4e-2a6ea72921e7,c8f827ad-23be-4e52-b66e-5c2d2607c5f1,FMA Track 018032,FMA Artist,Free Music Archive Collection,2023,30.0,FMA,18032,audio/018032.mp3,True
7ecf3bd0-2056-4664-95ee-81984c429c0d,8d811a13-c8fd-4fab-87ec-38fe75da6a5a,FMA Track 018611,FMA Artist,Free Music Archive Collection,2023,30.0,FMA,18611,audio/018611.mp3,True
ffd0d60b-c130-412b-8db2-6b0660032843,6b42e2ea-8435-4a95-b4da-109e3ca5bab7,FMA Track 019689,FMA Artist,Free Music Archive Collection,2023,30.0,FMA,19689,audio/019689.mp3,True
9c83c058-275a-40b1-ab7b-49e9e7c598c9,f46e0fe2-05ce-463e-a823-4dd5be1c6724,FMA Track 020050,FMA Artist,Free Music Archive Collection,2023,30.0,FMA,20050,audio/020050.mp3,True
e1a5fca0-ce42-440f-a207-aeba938fee1d,6ee67c21-ea6c-4e11-b74c-8c31ecb2e1c7,FMA Track 020424,FMA Artist,Free Music Archive Collection,2023,30.0,FMA,20424,audio/020424.mp3,True
48a28738-48fb-4d43-9a55-062ed475fa8d,e0bf8ccb-fe71-42a7-b8c5-5357df49f731,FMA Track 021859,FMA Artist,Free Music Archive Collection,2023,30.0,FMA,21859,audio/021859.mp3,True
565de1b4-012c-413d-825a-a1887490c48e,c26c21bd-2c7e-4a97-bc02-3749f29b4b69,FMA Track 022296,FMA Artist,Free Music Archive Collection,2023,30.0,FMA,22296,audio/022296.mp3,True
5a90afb3-a478-4959-b268-c680e0f8e72b,ec37a316-1a46-4a6d-8a68-42835d7b0ccb,FMA Track 023010,FMA Artist,Free Music Archive Collection,2023,30.0,FMA,23010,audio/023010.mp3,True
88839c21-2a98-4643-bfa6-6d2bb373cea0,ab222427-1015-4fa6-a7c9-850dd3ff21d6,FMA Track 023505,FMA Artist,Free Music Archive Collection,2023,30.0,FMA,23505,audio/023505.mp3,True
caad3f13-19a2-4450-a7f2-2f21d627297c,32620dd6-409c-4bff-9fed-d8f0d0f2b013,FMA Track 024370,FMA Artist,Free Music Archive Collection,2023,30.0,FMA,24370,audio/024370.mp3,True
aa5b1581-01e7-40e3-89e0-4aad74ed8274,0b9a4e95-4abe-4c81-9b4d-21e721677064,FMA Track 024720,FMA Artist,Free Music Archive Collection,2023,30.0,FMA,24720,audio/024720.mp3,True
b3242162-f02e-45ab-adbe-659126bd5e59,022169d8-ebf2-4c27-8177-73ee52205af9,FMA Track 024739,FMA Artist,Free Music Archive Collection,2023,30.0,FMA,24739,audio/024739.mp3,True
e9492ff1-9063-4b0c-845c-8418b20f4098,f35e9ea7-d193-4527-b75a-338d71190caa,FMA Track 024747,FMA Artist,Free Music Archive Collection,2023,30.0,FMA,24747,audio/024747.mp3,True
8e3b483c-8d32-429e-9a1b-e3da528745ea,512c73e1-7af7-45f7-98f0-cb4d14056c50,FMA Track 024842,FMA Artist,Free Music Archive Collection,2023,30.0,FMA,24842,audio/024842.mp3,True
ee70d099-61cd-40e8-96ee-8e337f257e7a,d9a175de-08c5-435b-be55-5e7ed66740b0,FMA Track 024912,FMA Artist,Free Music Archive Collection,2023,30.0,FMA,24912,audio/024912.mp3,True
36fbf686-6e5f-46a3-ab71-9c07b4eb0ceb,cfa2123b-8bc7-4f9c-92c9-3e9474ccbdb8,FMA Track 024915,FMA Artist,Free Music Archive Collection,2023,30.0,FMA,24915,audio/024915.mp3,True
4c5b6e44-eafa-4baa-b0d9-a7d182dd82e1,de607ea0-c269-4fd6-b4bf-9e18949dcf0f,FMA Track 025030,FMA Artist,Free Music Archive Collection,2023,30.0,FMA,25030,audio/025030.mp3,True
a7a1078f-bf0d-4e10-b61c-7256a8d089bd,443e54ca-7a4d-417f-b377-30f4e9c1cd33,FMA Track 025031,FMA Artist,Free Music Archive Collection,2023,30.0,FMA,25031,audio/025031.mp3,True
3fd5f00e-1821-4cdf-90e1-8a62a954034e,49230db8-fa53-4747-b377-5c0930526965,FMA Track 025063,FMA Artist,Free Music Archive Collection,2023,30.0,FMA,25063,audio/025063.mp3,True
4a40de9e-4761-4e8b-b4ac-6c6d443e02e4,4d8ee189-f49d-4dde-9531-a1ee7cd616f1,FMA Track 025124,FMA Artist,Free Music Archive Collection,2023,30.0,FMA,25124,audio/025124.mp3,True
4deed729-dcac-4065-91e0-3f9797ad01d5,2cf71e83-0670-4bcb-aa48-997b1fe5bd87,FMA Track 025216,FMA Artist,Free Music Archive Collection,2023,30.0,FMA,25216,audio/025216.mp3,True
ac6ff383-7a6f-4774-b739-ef0ba042d2aa,41618ed5-5188-4fce-b688-4386afc683c1,FMA Track 025378,FMA Artist,Free Music Archive Collection,2023,30.0,FMA,25378,audio/025378.mp3,True
f88315a7-8689-4c9c-ad41-d3a0ea5c62a4,21485db9-b225-4c92-90a0-cab95000e651,FMA Track 025669,FMA Artist,Free Music Archive Collection,2023,30.0,FMA,25669,audio/025669.mp3,True
150a88ec-4cc7-4619-b16d-a43a67b14872,6cfbde8d-dfff-4bbf-a095-3c993006cb3f,FMA Track 025795,FMA Artist,Free Music Archive Collection,2023,30.0,FMA,25795,audio/025795.mp3,True
f2fce5fb-bf95-4993-850f-44dff6269139,41514edb-6006-4f31-a198-8a8f3255cb1e,FMA Track 025797,FMA Artist,Free Music Archive Collection,2023,30.0,FMA,25797,audio/025797.mp3,True
b7bf992d-d14c-4421-b1db-0eed5af4c8cd,de306c3f-d05a-459a-8a1d-8ce76db22f90,FMA Track 026012,FMA Artist,Free Music Archive Collection,2023,30.0,FMA,26012,audio/026012.mp3,True
b39cc704-286b-40d7-8164-830f1aa549af,10bde625-fbd3-4131-889b-67d98efe5999,FMA Track 026014,FMA Artist,Free Music Archive Collection,2023,30.0,FMA,26014,audio/026014.mp3,True
ba850061-fc3b-4526-bad1-ffa30521a063,c759ee77-3193-4efb-851a-566680005f40,FMA Track 026016,FMA Artist,Free Music Archive Collection,2023,30.0,FMA,26016,audio/026016.mp3,True
768b1116-5bb8-4f1a-958e-2b640de027e5,094ade18-fac7-4260-903b-33a621fdd2a4,FMA Track 026017,FMA Artist,Free Music Archive Collection,2023,30.0,FMA,26017,audio/026017.mp3,True
a6243e9f-3723-482a-8298-34b7301dc50e,93310d61-e0e5-4731-bb62-09e97f4e4821,FMA Track 026025,FMA Artist,Free Music Archive Collection,2023,30.0,FMA,26025,audio/026025.mp3,True
b8b6aec0-e3b9-427c-9145-2997cf887ccc,4a89aedd-5f86-4af6-9578-8d0d0fa821b9,FMA Track 026465,FMA Artist,Free Music Archive Collection,2023,30.0,FMA,26465,audio/026465.mp3,True
4d3927e8-bb4c-4262-acfc-9b672549c8c4,3635c0d8-dee1-48ca-b28f-8e024395f519,FMA Track 026466,FMA Artist,Free Music Archive Collection,2023,30.0,FMA,26466,audio/026466.mp3,True
e8a9dbc2-04a0-4554-a3d1-d0a39c1bb0b5,9084f5b8-bfa2-45a0-a36e-b49bd04f3a39,FMA Track 026605,FMA Artist,Free Music Archive Collection,2023,30.0,FMA,26605,audio/026605.mp3,True
c59e1697-009a-400d-8d73-63bcb29553b8,fdc0f91a-be18-4701-9cd1-da986dbd9c53,FMA Track 026642,FMA Artist,Free Music Archive Collection,2023,30.0,FMA,26642,audio/026642.mp3,True
1cff9508-bf30-4127-8dd4-8431273288c8,ee68957e-a780-47ce-b8ff-aab203948854,FMA Track 027610,FMA Artist,Free Music Archive Collection,2023,30.0,FMA,27610,audio/027610.mp3,True
e0c77b93-18da-4c8f-ac5f-67ac05c33ed7,d6cc68cc-2c12-43e0-a855-3321849451a1,FMA Track 027667,FMA Artist,Free Music Archive Collection,2023,30.0,FMA,27667,audio/027667.mp3,True
893dfb03-252f-4a94-b86f-1ff5570184b5,d7570662-badd-4cc0-a8b8-6a3adda7a491,FMA Track 027978,FMA Artist,Free Music Archive Collection,2023,30.0,FMA,27978,audio/027978.mp3,True
b03d66f6-037c-4e82-a994-4d9c7c2408f8,baf0e799-90f8-474d-969a-c388a9f83bee,FMA Track 027987,FMA Artist,Free Music Archive Collection,2023,30.0,FMA,27987,audio/027987.mp3,True
216d7e40-ef75-49ec-8bb3-0db7c612dcd7,d3aef4ed-c7fc-470e-ba71-8030036deaf9,FMA Track 028546,FMA Artist,Free Music Archive Collection,2023,30.0,FMA,28546,audio/028546.mp3,True
d46adcf1-b746-494e-8cae-802331923c2e,94e55727-7a4d-4cef-9496-fa08f02026f0,FMA Track 028692,FMA Artist,Free Music Archive Collection,2023,30.0,FMA,28692,audio/028692.mp3,True
f9e79a06-5fa6-4ed8-8e5a-2952238d035b,107ee1a8-e5d7-4922-93db-5321c8485d54,FMA Track 029044,FMA Artist,Free Music Archive Collection,2023,30.0,FMA,29044,audio/029044.mp3,True
0364d0c8-351a-464a-8282-c2e9158ed2bc,e2f08734-194c-45df-9fa3-65ab3a655115,FMA Track 029271,FMA Artist,Free Music Archive Collection,2023,30.0,FMA,29271,audio/029271.mp3,True
73346e93-341e-4128-980a-5af74f50ce78,41d84307-6bd9-431f-bac2-cd1664eca304,FMA Track 029587,FMA Artist,Free Music Archive Collection,2023,30.0,FMA,29587,audio/029587.mp3,True
2f1ac1bc-c348-4564-9dfd-890f275b74ce,19190019-f37b-4e4e-8e76-af6ac6340d68,FMA Track 029719,FMA Artist,Free Music Archive Collection,2023,30.0,FMA,29719,audio/029719.mp3,True
dbe0954b-9c1e-48f9-896f-998c1ddcf112,40f22216-3052-404c-8131-170f9a1e4afa,FMA Track 030059,FMA Artist,Free Music Archive Collection,2023,30.0,FMA,30059,audio/030059.mp3,True
724bbd32-9edd-4308-b03a-159383f89612,6597b439-d5a5-4161-a0b0-d7744cbda02f,FMA Track 031040,FMA Artist,Free Music Archive Collection,2023,30.0,FMA,31040,audio/031040.mp3,True
f05e814f-c156-46e2-afe3-9a05699667f6,1b2f6c04-a722-49c9-bac8-09cfe8798296,FMA Track 031042,FMA Artist,Free Music Archive Collection,2023,30.0,FMA,31042,audio/031042.mp3,True
c3c34cd3-8cf3-4221-82a4-3548bca07e29,e5d09a42-b7e2-4cd3-8c44-bea9b3c782f8,FMA Track 032075,FMA Artist,Free Music Archive Collection,2023,30.0,FMA,32075,audio/032075.mp3,True
a97dce20-cdaf-4f55-87ea-eee27a4c3427,1253d52a-7754-436a-ac7d-d2e83a81bcde,FMA Track 032218,FMA Artist,Free Music Archive Collection,2023,30.0,FMA,32218,audio/032218.mp3,True
a1101072-4dd8-46c8-9a72-6130d77fd05f,656cfcd6-3fb2-4e6e-a3d1-437560260881,FMA Track 032338,FMA Artist,Free Music Archive Collection,2023,30.0,FMA,32338,audio/032338.mp3,True
189961f5-b20e-41f3-bc95-f50f4987d9f1,1b194231-dee5-4850-af7d-5c324ca24a96,FMA Track 032435,FMA Artist,Free Music Archive Collection,2023,30.0,FMA,32435,audio/032435.mp3,True
8825bb8c-6faa-4f4b-83ad-4cfef126f539,c06fcdb2-e7cc-4943-820c-317ef658275c,FMA Track 032760,FMA Artist,Free Music Archive Collection,2023,30.0,FMA,32760,audio/032760.mp3,True
15842db8-fdb4-480a-af59-e745f2ccd5a0,2f1cef77-c1ca-449a-b2ac-4967725ea19b,FMA Track 032882,FMA Artist,Free Music Archive Collection,2023,30.0,FMA,32882,audio/032882.mp3,True
c6268226-5a74-4ead-b644-54b998ca2860,de630a96-87da-4998-b832-414ed0c8aab7,FMA Track 033422,FMA Artist,Free Music Archive Collection,2023,30.0,FMA,33422,audio/033422.mp3,True
3a753233-034a-4b9d-a7c1-d65505f8b7c2,e41407f5-34a9-4997-9e93-5279dc8d78f8,FMA Track 033460,FMA Artist,Free Music Archive Collection,2023,30.0,FMA,33460,audio/033460.mp3,True
1be60be6-6880-42e0-b74e-064305e494e1,e91a4be6-ab7e-4fb2-ac32-408ecf3c5522,FMA Track 033465,FMA Artist,Free Music Archive Collection,2023,30.0,FMA,33465,audio/033465.mp3,True
eea71749-5c09-44ad-b5bd-580dc8ad1333,23d0ef83-9b6a-4d43-a165-95938355c9cb,FMA Track 033477,FMA Artist,Free Music Archive Collection,2023,30.0,FMA,33477,audio/033477.mp3,True
5fd9b696-a844-4cef-972f-9eb7dafa0677,481ab8af-2993-4585-ba22-ab874ee9a492,FMA Track 034147,FMA Artist,Free Music Archive Collection,2023,30.0,FMA,34147,audio/034147.mp3,True
68a336de-ba70-4ddf-acf0-50bc90ac598b,0b69222d-db79-4740-b38a-2f62b96faed7,FMA Track 034257,FMA Artist,Free Music Archive Collection,2023,30.0,FMA,34257,audio/034257.mp3,True
75e732f8-7c77-495d-9365-3386cd86975e,4263bb5a-2c15-4b51-a723-b2459d4eca40,FMA Track 035008,FMA Artist,Free Music Archive Collection,2023,30.0,FMA,35008,audio/035008.mp3,True
953f05e4-7fc1-4d09-a1f1-09436471ba5b,421a9101-795c-4dd0-bc09-aeb1d483c613,FMA Track 035296,FMA Artist,Free Music Archive Collection,2023,30.0,FMA,35296,audio/035296.mp3,True
d5523fa1-0f25-49f4-b605-11023797946a,5da0e7ab-4943-4652-9eec-52948b051583,FMA Track 035299,FMA Artist,Free Music Archive Collection,2023,30.0,FMA,35299,audio/035299.mp3,True
b3496675-e635-43b2-8607-e0949b902df8,9d48160f-e6a1-42ea-ae23-5fda09f80274,FMA Track 036257,FMA Artist,Free Music Archive Collection,2023,30.0,FMA,36257,audio/036257.mp3,True
4dba0985-e35e-44b3-8bb6-9df2c3e30e16,2e6fadf3-3318-42e1-9e43-878499256799,FMA Track 036322,FMA Artist,Free Music Archive Collection,2023,30.0,FMA,36322,audio/036322.mp3,True
eca96666-4309-428d-bd7a-230c51e5180c,11f707f5-3dab-483d-9069-cf63c96858aa,FMA Track 036983,FMA Artist,Free Music Archive Collection,2023,30.0,FMA,36983,audio/036983.mp3,True
3c4cf551-6377-45f3-a460-f523ab51cdb2,e4a56bbf-f768-43a7-a165-2b83b43bcd1e,FMA Track 036984,FMA Artist,Free Music Archive Collection,2023,30.0,FMA,36984,audio/036984.mp3,True
06f5a308-52f9-403d-b521-906067d81c88,3b61888d-549b-4012-a58b-424a13135d73,FMA Track 036985,FMA Artist,Free Music Archive Collection,2023,30.0,FMA,36985,audio/036985.mp3,True
8495d382-896a-41fd-b3ea-67158319fc34,7e2fcd43-83c6-421c-a484-7061d01f00d6,FMA Track 036997,FMA Artist,Free Music Archive Collection,2023,30.0,FMA,36997,audio/036997.mp3,True
bb48c0a5-8c81-46cb-a751-dfd6a5a6c829,e5af2fe4-2bcd-44b6-87de-3efdc949e516,FMA Track 037121,FMA Artist,Free Music Archive Collection,2023,30.0,FMA,37121,audio/037121.mp3,True
79a5f525-c096-4bb6-8990-e3711c3adf6b,2c335516-6625-4e21-b3b8-0c3f985ff7e6,FMA Track 037324,FMA Artist,Free Music Archive Collection,2023,30.0,FMA,37324,audio/037324.mp3,True
c4034f6d-9f86-4985-b963-808078a35c28,448f7e8e-a277-4aff-be36-af5365fbcf27,FMA Track 037369,FMA Artist,Free Music Archive Collection,2023,30.0,FMA,37369,audio/037369.mp3,True
1c48ee31-80b4-4c39-adb2-4facf4cfe0e2,23501c3f-9514-4b4b-9692-44bb4a769cd5,FMA Track 037416,FMA Artist,Free Music Archive Collection,2023,30.0,FMA,37416,audio/037416.mp3,True
db211a2b-b800-4fd6-85c0-7f065d708c7b,21669104-65b8-4154-b66d-0aaf3bb81135,FMA Track 038777,FMA Artist,Free Music Archive Collection,2023,30.0,FMA,38777,audio/038777.mp3,True
8f15536c-8da6-41ac-8593-d23138f8ccf4,40e5f9c0-1466-43e5-b551-98bd62aa094b,FMA Track 038822,FMA Artist,Free Music Archive Collection,2023,30.0,FMA,38822,audio/038822.mp3,True
0d7f1d84-5d09-4e42-8277-e7b01415054c,ff9adf6e-ee43-468d-a2fe-c6cd018ca58f,FMA Track 038826,FMA Artist,Free Music Archive Collection,2023,30.0,FMA,38826,audio/038826.mp3,True
4203f340-5de7-4023-8ca4-e8a75a6b60b0,54955875-0af4-4dd8-835f-112c0283dff1,FMA Track 038891,FMA Artist,Free Music Archive Collection,2023,30.0,FMA,38891,audio/038891.mp3,True
9d945865-10f7-42c4-beef-6ab0418f7bf3,ae54a023-b5ef-40b5-9417-a71387950ff7,FMA Track 038899,FMA Artist,Free Music Archive Collection,2023,30.0,FMA,38899,audio/038899.mp3,True
7bb84baa-df83-4950-9eea-4d95ff70a1bf,66e9a537-2ea7-4e9f-a75b-5d95a62d5c8b,FMA Track 038901,FMA Artist,Free Music Archive Collection,2023,30.0,FMA,38901,audio/038901.mp3,True
1e3495c6-8485-4a4c-a092-ee596d0ac31c,cf2818d9-440b-4280-80e4-34910c2e1343,FMA Track 038906,FMA Artist,Free Music Archive Collection,2023,30.0,FMA,38906,audio/038906.mp3,True
e5d33668-a53b-4c73-a971-adcc11c65251,84030550-ec01-4c68-af1f-aa17014bcb03,FMA Track 039318,FMA Artist,Free Music Archive Collection,2023,30.0,FMA,39318,audio/039318.mp3,True
e718257d-cea6-4000-8785-387ff5407b3d,da75eb64-074e-404c-b8de-28a4ff8ae715,FMA Track 039659,FMA Artist,Free Music Archive Collection,2023,30.0,FMA,39659,audio/039659.mp3,True
d9a33511-26ea-4296-a526-4d56c38b6bf4,dbf85caa-f592-417c-98ed-4eb7d01a7f26,FMA Track 039664,FMA Artist,Free Music Archive Collection,2023,30.0,FMA,39664,audio/039664.mp3,True
3a24ab21-9848-4691-9d29-e46e6fffb544,1260ccf4-68b6-4a9e-8b70-e4ec997e6581,FMA Track 039875,FMA Artist,Free Music Archive Collection,2023,30.0,FMA,39875,audio/039875.mp3,True
0075a989-7c7c-4ff9-a78b-146bc76e5132,fb709560-252e-45e5-91fc-0b65ea185f38,FMA Track 040139,FMA Artist,Free Music Archive Collection,2023,30.0,FMA,40139,audio/040139.mp3,True
e18469d6-1c22-449c-804d-5300c0b68a63,181207a7-9727-43ed-a51d-36e3834768bb,FMA Track 040230,FMA Artist,Free Music Archive Collection,2023,30.0,FMA,40230,audio/040230.mp3,True
be5da2e0-eb88-4803-84cb-82746576e42d,13a0bd72-b93a-486c-97b9-f953f176f273,FMA Track 040938,FMA Artist,Free Music Archive Collection,2023,30.0,FMA,40938,audio/040938.mp3,True
2d900455-4a4e-44d5-8554-c4380077ffdf,f3fc9232-0a29-4f8c-8878-94ec7e25c2f4,FMA Track 041020,FMA Artist,Free Music Archive Collection,2023,30.0,FMA,41020,audio/041020.mp3,True
02a6de2f-1f8a-49c4-a27d-2baac20a6fc6,538d2cae-9052-4303-9082-271d8346ff5a,FMA Track 041147,FMA Artist,Free Music Archive Collection,2023,30.0,FMA,41147,audio/041147.mp3,True
aec4777d-feec-499d-b6ff-72872da04c0f,a29cfed5-e774-4d88-b550-10b4a4f68a66,FMA Track 041825,FMA Artist,Free Music Archive Collection,2023,30.0,FMA,41825,audio/041825.mp3,True
85f80357-82f6-4d42-8493-99a5100f5ef0,84f26ba9-766e-406a-8df6-a2bd731b6b28,FMA Track 042044,FMA Artist,Free Music Archive Collection,2023,30.0,FMA,42044,audio/042044.mp3,True
7a922584-6b18-467a-bf82-c2f88dc1a8bd,8ab9809b-80cf-480f-82f3-2ca5d1b1f1b0,FMA Track 042129,FMA Artist,Free Music Archive Collection,2023,30.0,FMA,42129,audio/042129.mp3,True
240ba7e5-da2a-4ee6-8560-640070ebb477,7c1f9304-a250-4196-b391-5cba062d6e29,FMA Track 042234,FMA Artist,Free Music Archive Collection,2023,30.0,FMA,42234,audio/042234.mp3,True
75884987-71fa-4b53-9759-619ee4490c8a,5e89a355-cebd-4a5b-a829-c1f0322ac95a,FMA Track 042245,FMA Artist,Free Music Archive Collection,2023,30.0,FMA,42245,audio/042245.mp3,True
1bb2b374-d66d-4dd6-bbd8-b4706146b614,351a3c46-e407-401f-b6d6-1b52ec471a6b,FMA Track 042247,FMA Artist,Free Music Archive Collection,2023,30.0,FMA,42247,audio/042247.mp3,True
d5ecf04a-e33c-46a9-8156-2046ffaaa2cd,6241663e-c1af-48d6-9ade-9c590e992ef5,FMA Track 042372,FMA Artist,Free Music Archive Collection,2023,30.0,FMA,42372,audio/042372.mp3,True
755f5ca9-4756-4969-96bd-b7d2503d4bb6,780008b1-629f-4125-8fed-d14bfce51e77,FMA Track 042377,FMA Artist,Free Music Archive Collection,2023,30.0,FMA,42377,audio/042377.mp3,True
7c45849a-9add-42d9-aa86-3aea2fe1246a,232da360-721a-4275-8104-435ef991f122,FMA Track 043023,FMA Artist,Free Music Archive Collection,2023,30.0,FMA,43023,audio/043023.mp3,True
1e1d653d-de74-42fa-af3e-0f21ee1972c1,b3c2b102-0f0d-4eed-afe4-58f405c832fd,FMA Track 043025,FMA Artist,Free Music Archive Collection,2023,30.0,FMA,43025,audio/043025.mp3,True
d2909c7b-d78b-43c9-8b1c-3f079c11137e,96d90803-3f04-48b5-8243-03000f2c3629,FMA Track 043027,FMA Artist,Free Music Archive Collection,2023,30.0,FMA,43027,audio/043027.mp3,True
9e11ad2c-6c77-44d1-a6e7-c8bb8a88bbd5,ef37d927-c6f5-4847-b9e6-ec4ece75674b,FMA Track 043594,FMA Artist,Free Music Archive Collection,2023,30.0,FMA,43594,audio/043594.mp3,True
1276ef62-8b8f-414b-bed7-96a71dadda39,a7bed972-2638-4b0f-ba84-fdda3f4faf47,FMA Track 043595,FMA Artist,Free Music Archive Collection,2023,30.0,FMA,43595,audio/043595.mp3,True
0ff91b6a-1d59-449e-9fe1-6a2883a800ae,7f72d2b4-609f-4861-91f3-43222f4a3ead,FMA Track 043599,FMA Artist,Free Music Archive Collection,2023,30.0,FMA,43599,audio/043599.mp3,True
afd1fe2e-a15a-4d92-85f8-d7013fb39ef0,7da14943-c7e8-494a-b345-366daac6ae1c,FMA Track 043691,FMA Artist,Free Music Archive Collection,2023,30.0,FMA,43691,audio/043691.mp3,True
a5975721-1bfb-431e-9a73-e933bcb62cf2,b5e51ee1-cdab-4ad8-9a17-d6c1a752ec00,FMA Track 043697,FMA Artist,Free Music Archive Collection,2023,30.0,FMA,43697,audio/043697.mp3,True
826ba45b-b959-4cc0-97a5-fddcb45388b6,81e2d5f8-8421-4c1c-ba0a-2bb714d42389,FMA Track 043698,FMA Artist,Free Music Archive Collection,2023,30.0,FMA,43698,audio/043698.mp3,True
f804b955-97cd-4fbd-96aa-f28b5004f110,c2a9e88d-2739-4492-974f-784849b2f838,FMA Track 043765,FMA Artist,Free Music Archive Collection,2023,30.0,FMA,43765,audio/043765.mp3,True
a739a093-9ba9-480b-9c6c-0caec7b7e611,03b1e87d-2920-41d1-8e4c-0f7921c8e912,FMA Track 043883,FMA Artist,Free Music Archive Collection,2023,30.0,FMA,43883,audio/043883.mp3,True
f4155617-6ede-4960-935e-47e243f80cf8,d55c222f-3fee-4ade-824e-8a0b7d62f1da,FMA Track 044792,FMA Artist,Free Music Archive Collection,2023,30.0,FMA,44792,audio/044792.mp3,True
b5f87936-1676-41a4-b3b4-da89ada10a0b,df5271a6-5a98-42e6-a871-04c6445b61c1,FMA Track 044796,FMA Artist,Free Music Archive Collection,2023,30.0,FMA,44796,audio/044796.mp3,True
471ee211-d0f2-4eb6-87d7-a2e2dfad9928,5cb58bcb-46fa-41c7-ba5d-dac195695910,FMA Track 044849,FMA Artist,Free Music Archive Collection,2023,30.0,FMA,44849,audio/044849.mp3,True
b2091a8e-437e-4686-867d-6b581974704b,3c2bec91-7fdd-42c8-9649-958e010dffb9,FMA Track 044854,FMA Artist,Free Music Archive Collection,2023,30.0,FMA,44854,audio/044854.mp3,True
333bd062-07f6-475c-915b-bbf1a1a7903a,b0285ca6-bbbd-4883-877a-f0131b211886,FMA Track 044949,FMA Artist,Free Music Archive Collection,2023,30.0,FMA,44949,audio/044949.mp3,True
fd509b0a-4652-4149-bfc3-b99b6e553c81,1607ae0a-4aa6-4da5-b333-6b0c81c0e1f0,FMA Track 045151,FMA Artist,Free Music Archive Collection,2023,30.0,FMA,45151,audio/045151.mp3,True
6af5b202-8e61-4cc8-9218-23e54b0d81d1,28c2f52f-1b61-43e4-a919-02ecf5e655ea,FMA Track 045335,FMA Artist,Free Music Archive Collection,2023,30.0,FMA,45335,audio/045335.mp3,True
1e2ca7b0-09ad-4fa7-bc83-7028999d7ec0,fd443020-5507-4bc8-9c9d-b106179f1429,FMA Track 045387,FMA Artist,Free Music Archive Collection,2023,30.0,FMA,45387,audio/045387.mp3,True
0ce41206-83d9-4026-9629-72dbf979ebb0,5ab67a0b-4c80-469e-9361-0ebf63823449,FMA Track 045513,FMA Artist,Free Music Archive Collection,2023,30.0,FMA,45513,audio/045513.mp3,True
2d21038a-0eaa-40ae-b992-44b5ac9f8064,3bb565f8-94f0-4e5b-b204-389161157896,FMA Track 045941,FMA Artist,Free Music Archive Collection,2023,30.0,FMA,45941,audio/045941.mp3,True
4c827c7a-bcf8-4d5c-b867-69541eb81a7a,a0e7673a-fa93-4f61-ae3b-be76ae1afa74,FMA Track 046840,FMA Artist,Free Music Archive Collection,2023,30.0,FMA,46840,audio/046840.mp3,True
229f710e-3f70-474e-a62c-a67bbd0ae00b,63e1537e-c850-4e16-900a-9cb1768d2b60,FMA Track 047075,FMA Artist,Free Music Archive Collection,2023,30.0,FMA,47075,audio/047075.mp3,True
5a7d666e-001c-4a24-a316-85612d3e469e,ff152849-e706-45f2-826f-f4a68274657d,FMA Track 047195,FMA Artist,Free Music Archive Collection,2023,30.0,FMA,47195,audio/047195.mp3,True
c09029a5-54cc-4e30-b2cc-11f76d66165e,141ef428-c76a-4982-9314-ba2d4d02bd8c,FMA Track 047202,FMA Artist,Free Music Archive Collection,2023,30.0,FMA,47202,audio/047202.mp3,True
c1e01c91-be02-4425-b1a0-88e51e2aadbd,aeb94b85-3e6e-48e9-a3a0-65b13993fff6,FMA Track 047506,FMA Artist,Free Music Archive Collection,2023,30.0,FMA,47506,audio/047506.mp3,True
0e51e8a9-0802-4d7b-a1f8-c781798dbfe4,128b918f-065c-4693-8f05-0ce7492b689f,FMA Track 047659,FMA Artist,Free Music Archive Collection,2023,30.0,FMA,47659,audio/047659.mp3,True
47f49dfd-fd86-4b15-86ef-9989cdd73429,bdf06a9d-1915-4c22-8111-f5ac1fc1dad7,FMA Track 047666,FMA Artist,Free Music Archive Collection,2023,30.0,FMA,47666,audio/047666.mp3,True
90b86b12-c5a1-4c65-bfc5-d3a4ae6b7af1,d88de0e4-62cf-4daa-9c23-78c69020d30f,FMA Track 047897,FMA Artist,Free Music Archive Collection,2023,30.0,FMA,47897,audio/047897.mp3,True
2b9378fe-971b-4e15-866f-596014fae0ae,3646c00a-1a69-4492-9164-01bee5872655,FMA Track 048293,FMA Artist,Free Music Archive Collection,2023,30.0,FMA,48293,audio/048293.mp3,True
642bc071-f214-429b-b97d-b97b2d87ec5a,dbb66a5e-3ce3-4c17-9d0b-b9523835bbb2,FMA Track 048446,FMA Artist,Free Music Archive Collection,2023,30.0,FMA,48446,audio/048446.mp3,True
0fe16d5d-8ab4-4015-81dd-be505ea7fb2a,8a666117-204d-4a36-a315-139ae375c737,FMA Track 048457,FMA Artist,Free Music Archive Collection,2023,30.0,FMA,48457,audio/048457.mp3,True
ea72e96c-c189-49a5-bdf3-69a7efb7c844,2408bdc8-c0d2-48dc-94e8-64fad235b69b,FMA Track 049812,FMA Artist,Free Music Archive Collection,2023,30.0,FMA,49812,audio/049812.mp3,True
38845bec-5dda-4ace-b6ef-29adfd1c6e58,c0187f85-c4da-4864-a766-d4b504c99748,FMA Track 049842,FMA Artist,Free Music Archive Collection,2023,30.0,FMA,49842,audio/049842.mp3,True
0cb57969-e29d-45f9-9b56-6035c880e96a,782f5d7c-eeeb-4361-ab9f-40ca563c922b,FMA Track 049844,FMA Artist,Free Music Archive Collection,2023,30.0,FMA,49844,audio/049844.mp3,True
688fefcf-5df5-4259-9465-bc429fe45d0c,22904725-18b8-46a1-a673-e57dd4f7cd09,FMA Track 049857,FMA Artist,Free Music Archive Collection,2023,30.0,FMA,49857,audio/049857.mp3,True
47cc1b17-1523-4101-a560-0677d8264f27,e518097c-594b-4fa6-bd1f-58b4b8ffe825,FMA Track 050272,FMA Artist,Free Music Archive Collection,2023,30.0,FMA,50272,audio/050272.mp3,True
cf5f7f64-063a-4608-87d2-15cb890aac3d,55e6e5fb-0a48-493c-8852-fc3e5ff90329,FMA Track 051292,FMA Artist,Free Music Archive Collection,2023,30.0,FMA,51292,audio/051292.mp3,True
1ee62415-2443-479c-affb-db177b089ac2,fea459e4-7a45-4bc2-9374-c042cf9d2a9f,FMA Track 051999,FMA Artist,Free Music Archive Collection,2023,30.0,FMA,51999,audio/051999.mp3,True
8fd4f072-2e78-404f-841e-7b77b3d88165,c6ab4393-ce2a-4de2-989a-ae87ffa1ef32,FMA Track 052041,FMA Artist,Free Music Archive Collection,2023,30.0,FMA,52041,audio/052041.mp3,True
9c768b46-4b1c-4ee4-8b22-13604f7e3568,b1578e18-4757-4f93-8653-067bccb0b82a,FMA Track 052045,FMA Artist,Free Music Archive Collection,2023,30.0,FMA,52045,audio/052045.mp3,True
84259a4a-8fa4-4702-b720-7b4c870fcc6a,bbc89aad-207d-41c4-b040-9f6e613401e6,FMA Track 052118,FMA Artist,Free Music Archive Collection,2023,30.0,FMA,52118,audio/052118.mp3,True
90efeda9-719c-4791-a4b4-caa2ec167e3b,ca22f4d6-a691-4d73-98cc-9ea461b60402,FMA Track 052119,FMA Artist,Free Music Archive Collection,2023,30.0,FMA,52119,audio/052119.mp3,True
5f27336e-a26e-45ab-b648-75913545e9fe,94551542-6af9-4b4b-9620-738c25d1e71e,FMA Track 052121,FMA Artist,Free Music Archive Collection,2023,30.0,FMA,52121,audio/052121.mp3,True
6d22f061-684e-42d2-b36c-0dcdaac27e69,ddda80b4-be81-47b7-b936-3c5595323e91,FMA Track 052125,FMA Artist,Free Music Archive Collection,2023,30.0,FMA,52125,audio/052125.mp3,True
09b3eb44-2895-408d-8473-82592288e089,5fce0954-9508-4921-b73d-6a591822edbc,FMA Track 052375,FMA Artist,Free Music Archive Collection,2023,30.0,FMA,52375,audio/052375.mp3,True
087d8a39-7ec5-4a89-b4a1-e8c07311d076,edfda95b-a512-40a9-98b3-cfbb0c2ccd54,FMA Track 052449,FMA Artist,Free Music Archive Collection,2023,30.0,FMA,52449,audio/052449.mp3,True
17be4355-8786-4ec7-bef8-ec7b627d2ddf,ee805658-1775-4036-b739-cad869ad7d75,FMA Track 052508,FMA Artist,Free Music Archive Collection,2023,30.0,FMA,52508,audio/052508.mp3,True
d7aa6abf-1ab5-4d5c-9079-ebcb214cefce,90b051e2-264b-4601-aba5-29b0830b40f1,FMA Track 052636,FMA Artist,Free Music Archive Collection,2023,30.0,FMA,52636,audio/052636.mp3,True
cc09ab2c-53e2-45c8-8b79-2d928702bf79,4211c3e5-26e1-4331-ad2b-7a5972b4ab4f,FMA Track 052861,FMA Artist,Free Music Archive Collection,2023,30.0,FMA,52861,audio/052861.mp3,True
9d9faf4c-bd43-4514-9964-3367946a830a,610c42cb-5a13-4db2-8b60-b628bfa792a1,FMA Track 052954,FMA Artist,Free Music Archive Collection,2023,30.0,FMA,52954,audio/052954.mp3,True
92b251fa-dcc0-49d7-b4c1-b4ffd15a3ced,3240cee9-2d41-4a51-ba11-8b5f1d845e5c,FMA Track 053228,FMA Artist,Free Music Archive Collection,2023,30.0,FMA,53228,audio/053228.mp3,True
3f38e8ca-1059-44bd-8c20-1af56e34ee5a,f90666a4-240c-4dfa-a4fd-7a87e883b7b4,FMA Track 053299,FMA Artist,Free Music Archive Collection,2023,30.0,FMA,53299,audio/053299.mp3,True
9075f7de-1097-4407-bbc8-80595a4ff68f,ff90509d-d348-4cc3-accf-b496874b3519,FMA Track 053592,FMA Artist,Free Music Archive Collection,2023,30.0,FMA,53592,audio/053592.mp3,True
19579396-37bb-4814-aa47-fd491f618a96,63242edc-301a-4b5c-a239-20df973ee5d8,FMA Track 053807,FMA Artist,Free Music Archive Collection,2023,30.0,FMA,53807,audio/053807.mp3,True
0c01145c-6aea-438d-a0db-9f802efad0df,32502c1a-be72-4141-9715-cc492e626d7c,FMA Track 054033,FMA Artist,Free Music Archive Collection,2023,30.0,FMA,54033,audio/054033.mp3,True
2fd291c8-22b3-4335-9852-71abc4faa3af,9bb05fe3-ae7b-4999-a2ff-d9928d8a6347,FMA Track 054063,FMA Artist,Free Music Archive Collection,2023,30.0,FMA,54063,audio/054063.mp3,True
3528a09a-4021-49e5-90c0-d76e14b78fdb,c562934f-45fb-48d4-ac9f-cbceb757d835,FMA Track 054149,FMA Artist,Free Music Archive Collection,2023,30.0,FMA,54149,audio/054149.mp3,True
4cd76e08-0577-408a-822c-6752fd033442,cfcf2c20-f024-41a9-a411-2844b9dd2ec8,FMA Track 054155,FMA Artist,Free Music Archive Collection,2023,30.0,FMA,54155,audio/054155.mp3,True
f4dcdbf0-93b9-41a7-8e9d-bf0a3d96f7c8,9c9c69a3-ea9b-4e57-9a0d-81f90321f942,FMA Track 054160,FMA Artist,Free Music Archive Collection,2023,30.0,FMA,54160,audio/054160.mp3,True
cdafb5b8-8800-45a5-a65d-bcaab2760c9e,97c57e48-d97a-4bea-a220-8e49299b0524,FMA Track 054437,FMA Artist,Free Music Archive Collection,2023,30.0,FMA,54437,audio/054437.mp3,True
c0a41703-6961-40d6-a0c1-09c6f87eb5a6,01df6022-f921-48d7-ad44-ba395875300b,FMA Track 054465,FMA Artist,Free Music Archive Collection,2023,30.0,FMA,54465,audio/054465.mp3,True
f9479eaf-0251-45c9-9e06-22daba9fdb32,4562ee9e-eae5-40dd-80d8-1342b35a2bea,FMA Track 054466,FMA Artist,Free Music Archive Collection,2023,30.0,FMA,54466,audio/054466.mp3,True
39e85d88-09c0-49ca-8b3e-33bcdd83f846,8c85c447-0cb2-4ef1-8624-fffc762148bf,FMA Track 054570,FMA Artist,Free Music Archive Collection,2023,30.0,FMA,54570,audio/054570.mp3,True
503d72e1-d223-40c6-bd37-42fb48388bb0,2763c65e-edf7-45a0-a999-156d183cf1e1,FMA Track 055097,FMA Artist,Free Music Archive Collection,2023,30.0,FMA,55097,audio/055097.mp3,True
a3f49750-2bc8-43c1-b747-63197a95b43c,ee6d3982-e989-4225-b6eb-596e796bb088,FMA Track 055232,FMA Artist,Free Music Archive Collection,2023,30.0,FMA,55232,audio/055232.mp3,True
b33558ad-643b-42bf-b719-098a0bdf196f,746d6ec3-015c-45e6-bb7f-443eabd33ff1,FMA Track 055236,FMA Artist,Free Music Archive Collection,2023,30.0,FMA,55236,audio/055236.mp3,True
d838b0c1-ad26-4bb5-85e6-584b1c7ebbbc,62cbc7e8-13f4-4bfe-b46b-a3ddedcd999e,FMA Track 055716,FMA Artist,Free Music Archive Collection,2023,30.0,FMA,55716,audio/055716.mp3,True
9b0e99e1-cf4f-4192-ae17-a7b0d7b599bf,f2f84030-cf90-43b0-a592-5fce1f65d0b9,FMA Track 055786,FMA Artist,Free Music Archive Collection,2023,30.0,FMA,55786,audio/055786.mp3,True
4fe54dd7-82ba-4ed4-8db7-6a9e3800d0d6,f8986ee1-4ecb-4ef3-a7ab-a7c17d11427b,FMA Track 055807,FMA Artist,Free Music Archive Collection,2023,30.0,FMA,55807,audio/055807.mp3,True
dc47c6c3-9d04-4308-a5a1-9919afdce6a6,ab7770ad-5858-48b2-b94a-d3a1943afa0c,FMA Track 055827,FMA Artist,Free Music Archive Collection,2023,30.0,FMA,55827,audio/055827.mp3,True
1e11fbcf-67f7-4cef-9813-9f453ce566b7,135bad82-28d1-4ba3-8396-ceeb2678e57d,FMA Track 056465,FMA Artist,Free Music Archive Collection,2023,30.0,FMA,56465,audio/056465.mp3,True
742b394e-0b9e-4ccd-953b-0512e160293c,e623f75b-c340-4272-a074-2b63691fd598,FMA Track 056645,FMA Artist,Free Music Archive Collection,2023,30.0,FMA,56645,audio/056645.mp3,True
0c3b6c25-998b-42b5-96ee-c040ee75b8de,3867d19c-02cc-47a4-a36d-e7a9eef7ab83,FMA Track 056649,FMA Artist,Free Music Archive Collection,2023,30.0,FMA,56649,audio/056649.mp3,True
93932550-38ed-4344-a942-85a43646044f,c08ec64c-7417-4e50-9008-a62c077e7df9,FMA Track 057175,FMA Artist,Free Music Archive Collection,2023,30.0,FMA,57175,audio/057175.mp3,True
c9061918-3d35-4fbf-a154-6a66f934af70,afd904f7-1bad-49b6-a7a6-f634050b2505,FMA Track 057178,FMA Artist,Free Music Archive Collection,2023,30.0,FMA,57178,audio/057178.mp3,True
45ee7f1e-d9ec-4d78-bc99-12a24efca9ee,9c67acb2-20c9-4448-bb6c-ede912884a33,FMA Track 057439,FMA Artist,Free Music Archive Collection,2023,30.0,FMA,57439,audio/057439.mp3,True
94bf1ea5-89ef-4486-bef2-21f419c38ca6,02023765-f750-40f5-8265-1c1c88e454a2,FMA Track 057500,FMA Artist,Free Music Archive Collection,2023,30.0,FMA,57500,audio/057500.mp3,True
f41d9f5d-d8aa-4705-a4fa-cccc240bfd15,69c25a54-b7c0-4ab9-a71a-dadefadb8573,FMA Track 057640,FMA Artist,Free Music Archive Collection,2023,30.0,FMA,57640,audio/057640.mp3,True
6d2791c4-45d6-4316-b0a9-7e878f4f18a4,0c750770-4d56-453c-a41a-2aa33c05d75c,FMA Track 057665,FMA Artist,Free Music Archive Collection,2023,30.0,FMA,57665,audio/057665.mp3,True
584f882e-3ed2-4803-b0cd-1cefcdd3e4f8,2f469e30-37e8-4f00-92c4-f53915a6ee8c,FMA Track 057697,FMA Artist,Free Music Archive Collection,2023,30.0,FMA,57697,audio/057697.mp3,True
11b83a7f-9d31-4cd4-b983-8f7873eb8897,2c024989-ce8e-4b7f-a326-ea4391ccd2cc,FMA Track 057823,FMA Artist,Free Music Archive Collection,2023,30.0,FMA,57823,audio/057823.mp3,True
ce00f143-c347-421f-b117-476943793e19,ec803586-517d-4d5a-8836-ec31fa6d3f7c,FMA Track 058052,FMA Artist,Free Music Archive Collection,2023,30.0,FMA,58052,audio/058052.mp3,True
bb6c2ba1-4784-4d61-89cc-34f029c4b4f7,37bffb95-9575-43f0-b45e-38573a1bf094,FMA Track 059562,FMA Artist,Free Music Archive Collection,2023,30.0,FMA,59562,audio/059562.mp3,True
d12ead7b-880a-4a67-86fb-36df9489175c,31a4dce7-8576-4a5a-939a-81d71c31ca83,FMA Track 059660,FMA Artist,Free Music Archive Collection,2023,30.0,FMA,59660,audio/059660.mp3,True
eb113021-c942-49ab-a4ed-a044e07ca823,8014318e-7c71-407d-8db1-cc09a5b7198b,FMA Track 059675,FMA Artist,Free Music Archive Collection,2023,30.0,FMA,59675,audio/059675.mp3,True
d6390db9-c6c7-4a76-806e-9d1af69f2aab,9957b0aa-2d08-42e7-8e02-24fafdf68c51,FMA Track 059679,FMA Artist,Free Music Archive Collection,2023,30.0,FMA,59679,audio/059679.mp3,True
2bfbbb7c-1025-461a-ae13-6fe762040b62,e440f202-2374-4678-bd29-69d69e89455d,FMA Track 059718,FMA Artist,Free Music Archive Collection,2023,30.0,FMA,59718,audio/059718.mp3,True
49b56a0c-18d9-4c96-b835-cb504c4619ab,b7de15b1-78cf-4fa6-ba39-523d9fe0dfee,FMA Track 059720,FMA Artist,Free Music Archive Collection,2023,30.0,FMA,59720,audio/059720.mp3,True
5d109502-0fe3-4148-a050-de64eb942ab3,1ee54145-107a-4d87-8fbc-fb1ef1d0e75f,FMA Track 059726,FMA Artist,Free Music Archive Collection,2023,30.0,FMA,59726,audio/059726.mp3,True
4fef7d08-2fec-420d-9a36-cb1849917b17,9c20f6b1-26f1-4806-bc85-8685c4359b72,FMA Track 059876,FMA Artist,Free Music Archive Collection,2023,30.0,FMA,59876,audio/059876.mp3,True
fb2749dc-7ee2-4f59-80ef-2909e0bb9242,2a2a3fb6-7ef6-42fa-9304-4f8f81a4c6b6,FMA Track 060038,FMA Artist,Free Music Archive Collection,2023,30.0,FMA,60038,audio/060038.mp3,True
00af18f7-f9b6-47ef-956e-ae28e049857a,be1ef2da-4c19-4193-9ca9-921a574d9657,FMA Track 060041,FMA Artist,Free Music Archive Collection,2023,30.0,FMA,60041,audio/060041.mp3,True
e1882d3e-dbe3-491b-8c44-0333faf67838,283b76e9-d284-40bc-9609-cf746967275b,FMA Track 060472,FMA Artist,Free Music Archive Collection,2023,30.0,FMA,60472,audio/060472.mp3,True
a8a55526-6c46-4907-a868-c02e731f6d44,da79b1e9-4277-44f8-a58b-afb0d1a1f7e6,FMA Track 060510,FMA Artist,Free Music Archive Collection,2023,30.0,FMA,60510,audio/060510.mp3,True
1a7a7f69-795b-4bc6-bbd9-1c9896b2285a,56128b48-0bcf-47bd-ac0a-efebed71bcf5,FMA Track 060544,FMA Artist,Free Music Archive Collection,2023,30.0,FMA,60544,audio/060544.mp3,True
92da020f-9e5e-48b1-898c-0c5b39c8806c,96fe8206-ecd6-4c3c-998a-9d13c3d99025,FMA Track 060873,FMA Artist,Free Music Archive Collection,2023,30.0,FMA,60873,audio/060873.mp3,True
e0b4ded1-aa46-409a-8681-f62f15decc8d,ed28b060-58d9-487b-af1e-866e1f8476a1,FMA Track 061592,FMA Artist,Free Music Archive Collection,2023,30.0,FMA,61592,audio/061592.mp3,True
eb2e0d4b-6321-44f4-9c32-f781834097ff,9ebc1708-91e7-42f3-a871-dde484e249cc,FMA Track 061679,FMA Artist,Free Music Archive Collection,2023,30.0,FMA,61679,audio/061679.mp3,True
01935d25-527a-4a45-955d-5501ae717573,534183db-0d5b-4cdf-9867-d7b99e8bd8d6,FMA Track 062001,FMA Artist,Free Music Archive Collection,2023,30.0,FMA,62001,audio/062001.mp3,True
1573e515-f955-44e2-91d5-bbdffe2d3745,f1b12638-4b65-47c0-a99e-5e39ad6589d0,FMA Track 062187,FMA Artist,Free Music Archive Collection,2023,30.0,FMA,62187,audio/062187.mp3,True
b53c8205-b9ac-4019-8fe0-b40c3ce14e17,2d687eeb-3f4f-40da-926c-3b5eb339d95d,FMA Track 062191,FMA Artist,Free Music Archive Collection,2023,30.0,FMA,62191,audio/062191.mp3,True
9ee491c4-b2d3-4f25-89a4-88e4cc065282,70eb7cc5-a91b-4fdf-a753-2e7ff7b8b747,FMA Track 062526,FMA Artist,Free Music Archive Collection,2023,30.0,FMA,62526,audio/062526.mp3,True
2f80c37d-cdd3-42c4-800c-3f53668201b6,30087252-209f-4637-b2c6-59662db34512,FMA Track 062749,FMA Artist,Free Music Archive Collection,2023,30.0,FMA,62749,audio/062749.mp3,True
f2a3f7f4-e861-4850-83c2-947c3bbf190b,08421e4e-4467-457b-a1a6-e1b7cc70fe3f,FMA Track 063471,FMA Artist,Free Music Archive Collection,2023,30.0,FMA,63471,audio/063471.mp3,True
349bbbdc-a046-4e0d-9642-730fcc9f24b7,f6442b30-e1fd-4f30-97a5-6b44b43aa97c,FMA Track 063655,FMA Artist,Free Music Archive Collection,2023,30.0,FMA,63655,audio/063655.mp3,True
414ea473-bf77-4f12-b806-0300df5c5dad,7544c85f-eb7c-48e8-966c-1ef23716961b,FMA Track 063757,FMA Artist,Free Music Archive Collection,2023,30.0,FMA,63757,audio/063757.mp3,True
14f4e197-8682-47d1-a9d8-c139685e8996,a75581dd-c583-435a-8aa9-13e45f9b4253,FMA Track 064008,FMA Artist,Free Music Archive Collection,2023,30.0,FMA,64008,audio/064008.mp3,True
d643e0e2-b138-4b32-99b4-ddbee235730b,91b8e741-a7dc-4f02-9aeb-8b7554338919,FMA Track 064009,FMA Artist,Free Music Archive Collection,2023,30.0,FMA,64009,audio/064009.mp3,True
9feb9610-2810-4e48-9d4e-4079716bbdb5,242067ea-22e9-45a5-b83c-7bcf71d1f815,FMA Track 064093,FMA Artist,Free Music Archive Collection,2023,30.0,FMA,64093,audio/064093.mp3,True
81e6ba49-cfce-4eb5-8726-2da9a4b0064a,d0ac417a-dacd-4015-b74a-211353c6d096,FMA Track 064516,FMA Artist,Free Music Archive Collection,2023,30.0,FMA,64516,audio/064516.mp3,True
52239662-f827-40a7-8311-412605603c38,7f36f309-2a33-4a0a-829e-402a58aeb8cf,FMA Track 064535,FMA Artist,Free Music Archive Collection,2023,30.0,FMA,64535,audio/064535.mp3,True
87546d67-f3d1-42d5-9619-c0a5a21a96a2,9a621874-911d-4063-afba-ab3dc5560515,FMA Track 064553,FMA Artist,Free Music Archive Collection,2023,30.0,FMA,64553,audio/064553.mp3,True
b3046037-d364-46a5-a195-1ed234335743,ee49cff7-db99-42cc-bb30-1329b1c0e9a6,FMA Track 064592,FMA Artist,Free Music Archive Collection,2023,30.0,FMA,64592,audio/064592.mp3,True
1bd29763-870c-454a-99dc-34d4b659f1b2,40ade5a7-916e-4ec3-93ac-0ec3a93e0702,FMA Track 064601,FMA Artist,Free Music Archive Collection,2023,30.0,FMA,64601,audio/064601.mp3,True
54a06ab4-efb1-4ced-ba37-9fdf2887141d,1c44898c-d1f9-4ffe-a0ed-5c91b700a5d0,FMA Track 064856,FMA Artist,Free Music Archive Collection,2023,30.0,FMA,64856,audio/064856.mp3,True
90ba7e3f-7dae-4d76-9010-05aa5d45fd02,119c0200-83b1-4a27-92f7-8b1002c17a3d,FMA Track 064860,FMA Artist,Free Music Archive Collection,2023,30.0,FMA,64860,audio/064860.mp3,True
f9a204fc-f76f-4941-9edd-58c233de8e5f,bd971309-f77b-492c-aada-c822ba0d4077,FMA Track 064893,FMA Artist,Free Music Archive Collection,2023,30.0,FMA,64893,audio/064893.mp3,True
a4450680-2d59-4d14-8251-1242f40997ee,c25656b0-2bc6-48ec-8b70-7187305e3b63,FMA Track 064995,FMA Artist,Free Music Archive Collection,2023,30.0,FMA,64995,audio/064995.mp3,True
e9cc6917-5bda-4065-bc99-1c22880fabf4,775e8e65-dd49-4749-b20b-14f585792029,FMA Track 065752,FMA Artist,Free Music Archive Collection,2023,30.0,FMA,65752,audio/065752.mp3,True
c331e43f-3847-4e7f-bef8-9304e4753ddc,b8677ea3-e2a7-4331-addf-700b5ae6e8d2,FMA Track 065780,FMA Artist,Free Music Archive Collection,2023,30.0,FMA,65780,audio/065780.mp3,True
e362e01b-0256-4093-ba15-cc146655414a,49e895a3-d6a1-4af7-8e85-46ebe295478c,FMA Track 066058,FMA Artist,Free Music Archive Collection,2023,30.0,FMA,66058,audio/066058.mp3,True
be56e28b-c3b1-40df-9e9b-b118a336339c,751d644e-7b00-489a-ae88-953617cea98a,FMA Track 066394,FMA Artist,Free Music Archive Collection,2023,30.0,FMA,66394,audio/066394.mp3,True
b30eabbd-de8f-4667-93c6-a3255c123960,85f2d268-56f2-4706-af43-c0aa1b22ebfb,FMA Track 066469,FMA Artist,Free Music Archive Collection,2023,30.0,FMA,66469,audio/066469.mp3,True
ffb68423-c717-4f73-ae81-c084a32ba2a9,9ae2319c-8330-44ce-9f4e-55bf5d1c49df,FMA Track 066525,FMA Artist,Free Music Archive Collection,2023,30.0,FMA,66525,audio/066525.mp3,True
4fb3037d-324c-4065-b06d-cc74e8d4e10c,e3126bcf-547d-4009-a8fd-70dbbb767121,FMA Track 066650,FMA Artist,Free Music Archive Collection,2023,30.0,FMA,66650,audio/066650.mp3,True
cdad6d48-d87e-4100-b5ba-6b2796ed0a99,56840fca-f684-4d09-8f9a-944bb7f59010,FMA Track 067010,FMA Artist,Free Music Archive Collection,2023,30.0,FMA,67010,audio/067010.mp3,True
55268187-6d15-44ba-b2db-2c85371ed0fd,f81e8530-f0ba-4b16-af50-bdaff127c0e8,FMA Track 067011,FMA Artist,Free Music Archive Collection,2023,30.0,FMA,67011,audio/067011.mp3,True
44c18306-c248-428d-baac-06050484ee7e,0633048d-59e3-4ea2-9ded-2ec15b9ce9d5,FMA Track 067121,FMA Artist,Free Music Archive Collection,2023,30.0,FMA,67121,audio/067121.mp3,True
a2dc1460-3fce-4a92-b7aa-c6094b6f49d8,007b4b03-bcfe-4776-ad9e-d62dd2b38d7e,FMA Track 067235,FMA Artist,Free Music Archive Collection,2023,30.0,FMA,67235,audio/067235.mp3,True
958d4a27-cc03-4aec-ab1e-56b0f3e0327e,067c8c3e-6c5b-4862-aade-2c93fe758ea0,FMA Track 067363,FMA Artist,Free Music Archive Collection,2023,30.0,FMA,67363,audio/067363.mp3,True
39fb78f2-7d3f-4c2f-8f5c-fb889b2ba3fb,86a5dc1a-a698-41b5-a3f7-6839ca3ce4bc,FMA Track 067661,FMA Artist,Free Music Archive Collection,2023,30.0,FMA,67661,audio/067661.mp3,True
204c38b3-c56e-4083-b04c-29db3832bae4,63f7d877-bcf1-4ce0-9796-1c0793fde3d8,FMA Track 067763,FMA Artist,Free Music Archive Collection,2023,30.0,FMA,67763,audio/067763.mp3,True
84adadaf-8eee-475a-83e1-6960bb1239a1,25ebec0b-0e63-4bfc-a794-1d3bb2334089,FMA Track 067766,FMA Artist,Free Music Archive Collection,2023,30.0,FMA,67766,audio/067766.mp3,True
080d20fb-fa39-49fc-82cf-583890e4249a,620be805-c43f-41df-9c07-22da1cdbda44,FMA Track 068536,FMA Artist,Free Music Archive Collection,2023,30.0,FMA,68536,audio/068536.mp3,True
db14aab3-6ba1-4451-a47b-cfb41cbe346a,621d7d6a-9abb-465f-a32e-b76cb3b5d761,FMA Track 068537,FMA Artist,Free Music Archive Collection,2023,30.0,FMA,68537,audio/068537.mp3,True
63a9dcd3-1800-4e0c-b6ec-588357c8b8d4,f4ba2f02-d6a8-4ff0-8baf-ffa3bd8233e6,FMA Track 068538,FMA Artist,Free Music Archive Collection,2023,30.0,FMA,68538,audio/068538.mp3,True
235a6e1f-49be-4806-96d5-7b546368bd02,f499f766-b1cc-4bf6-a76f-e3622aeb730b,FMA Track 068541,FMA Artist,Free Music Archive Collection,2023,30.0,FMA,68541,audio/068541.mp3,True
e6e60b7d-dbd6-4dac-ad8a-5145d1b92cbb,8228afaf-eee3-49aa-a82a-c66f107d1c53,FMA Track 068837,FMA Artist,Free Music Archive Collection,2023,30.0,FMA,68837,audio/068837.mp3,True
34e4a486-8551-4c81-93e0-b9bc371b53b4,aaa546a7-4205-483e-92eb-a7d13bebd3ef,FMA Track 068842,FMA Artist,Free Music Archive Collection,2023,30.0,FMA,68842,audio/068842.mp3,True
f0de0457-71bf-47e5-b7a4-4a8bf01646a6,dbcef98b-b9c4-4f86-acc6-a873b41b50d1,FMA Track 068891,FMA Artist,Free Music Archive Collection,2023,30.0,FMA,68891,audio/068891.mp3,True
1fd8c7c1-33ca-4781-8639-78dc1340bdb7,a129c0ab-3e7c-418d-8204-7fae2283e2d1,FMA Track 068893,FMA Artist,Free Music Archive Collection,2023,30.0,FMA,68893,audio/068893.mp3,True
b5c902c5-5b57-442d-83b9-8c93bebec5c9,4995e5e7-6e57-4e0d-a3c6-a3c53322ac63,FMA Track 069197,FMA Artist,Free Music Archive Collection,2023,30.0,FMA,69197,audio/069197.mp3,True
bd336dc7-d163-4202-9915-613a3d404eb4,63e6a075-c4dc-4fa2-8171-80203214de20,FMA Track 069747,FMA Artist,Free Music Archive Collection,2023,30.0,FMA,69747,audio/069747.mp3,True
b3cfd81c-0a8f-4fc6-a1f8-ac73391f3f2c,6a24c8be-5e81-43e1-a26c-b8110a0d8a7b,FMA Track 069788,FMA Artist,Free Music Archive Collection,2023,30.0,FMA,69788,audio/069788.mp3,True
d20102ab-6a94-4394-baf5-327d530e1540,067bbdd7-af59-4e4d-8bcd-514633b2a1ea,FMA Track 069792,FMA Artist,Free Music Archive Collection,2023,30.0,FMA,69792,audio/069792.mp3,True
54392e26-1adb-423c-8aa5-f1e6c1919424,f0926dd1-cef4-43d2-8b9d-c5e4a4436ba9,FMA Track 070409,FMA Artist,Free Music Archive Collection,2023,30.0,FMA,70409,audio/070409.mp3,True
f1310eaa-9df4-4d40-bba3-a78932d4a02b,116f92ab-d887-4429-b5ea-02207886d818,FMA Track 070873,FMA Artist,Free Music Archive Collection,2023,30.0,FMA,70873,audio/070873.mp3,True
464c830e-e664-496a-9bd7-eb567a8ff544,247607c7-6f60-4ac3-8511-73b91c5cb13d,FMA Track 071157,FMA Artist,Free Music Archive Collection,2023,30.0,FMA,71157,audio/071157.mp3,True
3a1cf251-baa1-4623-a9e0-476c9dcf8863,484386b1-c77f-40c5-8abd-c48d67195abc,FMA Track 071247,FMA Artist,Free Music Archive Collection,2023,30.0,FMA,71247,audio/071247.mp3,True
a336471f-7539-42a5-bd8b-152ee41fdd32,de9c5ca1-3b8a-40f8-80c0-1079758894ff,FMA Track 071508,FMA Artist,Free Music Archive Collection,2023,30.0,FMA,71508,audio/071508.mp3,True
d6e6cebe-49e0-4757-acb4-b6c8d926a1bd,119899e3-38f2-4d26-b443-7043f96d858b,FMA Track 071509,FMA Artist,Free Music Archive Collection,2023,30.0,FMA,71509,audio/071509.mp3,True
545fe052-b5b3-4298-b594-a19595bce9a7,fd76f6bb-816a-4bbf-93b6-6a7b0a5a6261,FMA Track 071514,FMA Artist,Free Music Archive Collection,2023,30.0,FMA,71514,audio/071514.mp3,True
3273fe46-c07b-4111-be44-e63d2a2f060f,50628286-4007-4861-a141-2d2ee266fd3a,FMA Track 071822,FMA Artist,Free Music Archive Collection,2023,30.0,FMA,71822,audio/071822.mp3,True
cca6923c-4899-4e05-b0da-e9ae122e627b,1d3678b8-fd83-4f14-9db5-b55270aae783,FMA Track 071884,FMA Artist,Free Music Archive Collection,2023,30.0,FMA,71884,audio/071884.mp3,True
55ad9dfd-ba82-4cac-9edc-a1c5bc414efd,5dec6e53-a664-4717-a71b-0d50a3c3d18f,FMA Track 071938,FMA Artist,Free Music Archive Collection,2023,30.0,FMA,71938,audio/071938.mp3,True
0e7e00b5-624c-4b2d-9256-65fec6e1da85,fe03ea25-1bcf-48ce-a4cb-fffed7ee2677,FMA Track 072056,FMA Artist,Free Music Archive Collection,2023,30.0,FMA,72056,audio/072056.mp3,True
49d8681f-0833-48c0-9e2f-6ff934f371f1,387103f0-24ed-456a-89d7-2448461e6fe3,FMA Track 072288,FMA Artist,Free Music Archive Collection,2023,30.0,FMA,72288,audio/072288.mp3,True
980443ec-80f3-49c6-8628-f2836d26514e,94421335-c4af-4b44-8e6b-fcc10c61bf46,FMA Track 072290,FMA Artist,Free Music Archive Collection,2023,30.0,FMA,72290,audio/072290.mp3,True
75c969b5-3b0b-41eb-918c-2bb3d78bafcf,4383c7c3-a731-4f49-8d72-cab3577c197b,FMA Track 072605,FMA Artist,Free Music Archive Collection,2023,30.0,FMA,72605,audio/072605.mp3,True
e3d198b7-8c65-40c0-863a-866e73558660,4dc2ee14-e16f-4b06-8e8a-e8b032c62ca5,FMA Track 072782,FMA Artist,Free Music Archive Collection,2023,30.0,FMA,72782,audio/072782.mp3,True
963a282c-1fe6-4784-af80-8f94342b427d,a831da50-7421-4880-9a52-6881f983941f,FMA Track 072783,FMA Artist,Free Music Archive Collection,2023,30.0,FMA,72783,audio/072783.mp3,True
97017b00-9b4a-4860-860f-9c7f56c4e78c,86960cfe-4348-45c1-bcbb-587cb77abec7,FMA Track 072930,FMA Artist,Free Music Archive Collection,2023,30.0,FMA,72930,audio/072930.mp3,True
e14cfa12-2f55-4c78-81fb-0027a1755454,c0badeb8-db3c-4cfd-b935-3555f9cbd3fe,FMA Track 073175,FMA Artist,Free Music Archive Collection,2023,30.0,FMA,73175,audio/073175.mp3,True
a86e3d7c-dd37-450d-bc72-b89490315bff,1908bb2e-f942-4651-b777-f67c2c3a895c,FMA Track 073193,FMA Artist,Free Music Archive Collection,2023,30.0,FMA,73193,audio/073193.mp3,True
b155ff09-fe0e-41a4-bcf5-8f5b634d480d,cd8709f7-3139-40a4-803e-695202718b3b,FMA Track 073309,FMA Artist,Free Music Archive Collection,2023,30.0,FMA,73309,audio/073309.mp3,True
7342d498-c6ea-4bfe-8690-1d611e35a907,58d500a9-68c6-4af2-88d9-cfaacea5742b,FMA Track 073365,FMA Artist,Free Music Archive Collection,2023,30.0,FMA,73365,audio/073365.mp3,True
6ac99396-2845-4f40-8277-18b1ff7e4718,2d104191-1ff4-4955-acca-898fa9118e6c,FMA Track 073371,FMA Artist,Free Music Archive Collection,2023,30.0,FMA,73371,audio/073371.mp3,True
9d9d1d70-4a37-4c84-bfde-c4026eba1654,b32afb45-f884-45f7-9dd9-f2572bf1d6a6,FMA Track 073486,FMA Artist,Free Music Archive Collection,2023,30.0,FMA,73486,audio/073486.mp3,True
0dce8953-6425-4228-b356-864a9b8ab9cf,78ff5d5d-e122-4dc7-ba13-ea3714f52d4d,FMA Track 073551,FMA Artist,Free Music Archive Collection,2023,30.0,FMA,73551,audio/073551.mp3,True
60f95335-1020-45c5-953a-6711247d0122,ea3d05bd-ec3b-4e68-a2f7-900c19b4627f,FMA Track 073561,FMA Artist,Free Music Archive Collection,2023,30.0,FMA,73561,audio/073561.mp3,True
5450b2d1-668e-48e0-8974-3173f0434c85,148a50bf-229b-43d8-a8a5-1899dc2335a6,FMA Track 073587,FMA Artist,Free Music Archive Collection,2023,30.0,FMA,73587,audio/073587.mp3,True
2b29a11e-5e29-4672-b580-61a80f2ed189,1546cde0-f93e-429a-9f98-ec9d8821df4b,FMA Track 074002,FMA Artist,Free Music Archive Collection,2023,30.0,FMA,74002,audio/074002.mp3,True
98f3046d-1c96-4375-8ce6-c4e42bb5b6b7,3f934c36-b4fc-4f39-b818-02f6408fa6c5,FMA Track 074381,FMA Artist,Free Music Archive Collection,2023,30.0,FMA,74381,audio/074381.mp3,True
f117676d-d0b0-436e-a3e6-e0844120c36a,a3bd99c7-d521-4e63-9cab-55ebbe9dfeaf,FMA Track 074445,FMA Artist,Free Music Archive Collection,2023,30.0,FMA,74445,audio/074445.mp3,True
48ac2d35-8386-4935-9370-bf3342eb647b,74070d73-b332-45d7-9ac5-a5729d9e2a34,FMA Track 074706,FMA Artist,Free Music Archive Collection,2023,30.0,FMA,74706,audio/074706.mp3,True
7c02f793-cbfc-48b1-956a-d7a23c2a7e1d,31944944-7a21-4dff-b5b3-fd850324a05f,FMA Track 075376,FMA Artist,Free Music Archive Collection,2023,30.0,FMA,75376,audio/075376.mp3,True
0ea56235-4534-4801-adc4-c5498187f585,5c0e4a95-c45d-4fdc-a3c3-2d361d2ca49e,FMA Track 075380,FMA Artist,Free Music Archive Collection,2023,30.0,FMA,75380,audio/075380.mp3,True
c590ee24-a1a1-4452-9976-9273953a424c,73f8807c-03ed-40d8-906b-7cd807a1e95a,FMA Track 075391,FMA Artist,Free Music Archive Collection,2023,30.0,FMA,75391,audio/075391.mp3,True
308e5d30-d372-4c2e-9f4c-9a16afe6dba7,d219ca93-31b5-4365-852e-f76cd171f3c0,FMA Track 075393,FMA Artist,Free Music Archive Collection,2023,30.0,FMA,75393,audio/075393.mp3,True
1519fcb0-2d03-4635-ba2a-7ae241fb725c,774a8f13-9e61-450d-b917-38c4acf86ebd,FMA Track 075417,FMA Artist,Free Music Archive Collection,2023,30.0,FMA,75417,audio/075417.mp3,True
c3f676b0-a8bf-4244-9a03-9ea476ac097f,3ccace23-e9bf-44eb-96e9-3817e574cc1a,FMA Track 075418,FMA Artist,Free Music Archive Collection,2023,30.0,FMA,75418,audio/075418.mp3,True
76f9c1b0-e52a-4880-932f-3e73a0b3ddfb,6ada6f42-f060-4f73-b4a5-407c9a03bd45,FMA Track 075764,FMA Artist,Free Music Archive Collection,2023,30.0,FMA,75764,audio/075764.mp3,True
6d76925f-a40e-4059-8592-f97b29992d38,e2a35506-ca3c-4ba7-85ba-e664f26f0852,FMA Track 075788,FMA Artist,Free Music Archive Collection,2023,30.0,FMA,75788,audio/075788.mp3,True
c3af45f9-11d2-4937-862b-2ed53048b44f,4103c560-2935-48eb-b8d7-8336f8d23f63,FMA Track 076128,FMA Artist,Free Music Archive Collection,2023,30.0,FMA,76128,audio/076128.mp3,True
be9c7545-63ef-40d7-a95d-b27a59730e37,9d794e1b-8ed0-4ed5-842b-4365c8582e31,FMA Track 076375,FMA Artist,Free Music Archive Collection,2023,30.0,FMA,76375,audio/076375.mp3,True
5db6cdc0-4f68-4afd-af46-cdb9d85b1e87,8792fb7e-b937-46a6-8ebe-8374bc657a9c,FMA Track 077952,FMA Artist,Free Music Archive Collection,2023,30.0,FMA,77952,audio/077952.mp3,True
36c336af-a167-415e-9314-f95766f2d957,4614ec09-9d12-4870-a846-b074c085bde9,FMA Track 078038,FMA Artist,Free Music Archive Collection,2023,30.0,FMA,78038,audio/078038.mp3,True
c0cd32c2-2dd3-4045-8321-3693c578fe63,5ebdc1f4-275d-464f-8edf-955c1b9bae3f,FMA Track 078841,FMA Artist,Free Music Archive Collection,2023,30.0,FMA,78841,audio/078841.mp3,True
27e53f09-b604-4382-bc06-c5930c26717f,4ce7e460-f353-4d8e-a2fd-450c5e618725,FMA Track 079575,FMA Artist,Free Music Archive Collection,2023,30.0,FMA,79575,audio/079575.mp3,True
6634ea54-a558-4cec-8ff3-75b12636ea1e,c7e0fbd5-a011-406a-a7d5-94a8354e1936,FMA Track 079610,FMA Artist,Free Music Archive Collection,2023,30.0,FMA,79610,audio/079610.mp3,True
b9f00ce3-b8b4-4f56-805e-0d1ae3e72342,87136e44-c0b2-42a2-a48b-7e19ea071324,FMA Track 079988,FMA Artist,Free Music Archive Collection,2023,30.0,FMA,79988,audio/079988.mp3,True
96cc2852-7595-4948-9f78-198301f6e7aa,d0095525-9409-4190-a73b-52053b4d9af7,FMA Track 080341,FMA Artist,Free Music Archive Collection,2023,30.0,FMA,80341,audio/080341.mp3,True
3ac101f3-013b-4365-8596-f3c0f2aeee72,715d3b9d-7e9e-49ae-a1a5-60700b6aefeb,FMA Track 080834,FMA Artist,Free Music Archive Collection,2023,30.0,FMA,80834,audio/080834.mp3,True
374a5706-4b85-434b-82c7-daf8f690912f,95761c84-c7d7-427a-bdd6-852665c7e92d,FMA Track 081033,FMA Artist,Free Music Archive Collection,2023,30.0,FMA,81033,audio/081033.mp3,True
00be638b-33c0-450e-bf47-1deb58c67791,9bdf0f3a-cec3-479c-8674-14a62b4f7761,FMA Track 081945,FMA Artist,Free Music Archive Collection,2023,30.0,FMA,81945,audio/081945.mp3,True
4e7d31ff-50aa-44d4-b6b0-dd824c8be07a,7d31d564-b5f8-4d68-999c-9933f8dfe4e6,FMA Track 082462,FMA Artist,Free Music Archive Collection,2023,30.0,FMA,82462,audio/082462.mp3,True
22540df6-c218-4136-a754-7c982e719413,69a61fd8-dee6-406a-b73a-9332b2e3ae40,FMA Track 082917,FMA Artist,Free Music Archive Collection,2023,30.0,FMA,82917,audio/082917.mp3,True
5879b681-ad0f-4723-8285-c96beadd6f35,c73800a9-1fe2-4a6d-a879-2fac0e388a3b,FMA Track 083600,FMA Artist,Free Music Archive Collection,2023,30.0,FMA,83600,audio/083600.mp3,True
88e60c1d-5371-4794-882a-5b9dc11025b4,1ed58696-2962-4ac9-a2bb-25673e36e0ce,FMA Track 083911,FMA Artist,Free Music Archive Collection,2023,30.0,FMA,83911,audio/083911.mp3,True
e203d10e-c53f-4cc0-9ff2-d22c28227f2f,6eb81a3c-01d1-42b6-b650-1bd7828345b7,FMA Track 084135,FMA Artist,Free Music Archive Collection,2023,30.0,FMA,84135,audio/084135.mp3,True
7f7d96ab-338b-489f-83a1-fb9c52ebc196,8247f43e-6950-4f8f-894a-658260112529,FMA Track 084605,FMA Artist,Free Music Archive Collection,2023,30.0,FMA,84605,audio/084605.mp3,True
5b297e46-4882-4b26-a465-ef31d6eb35f0,de2bb64c-7d4c-4e80-997a-859c4cb73738,FMA Track 084788,FMA Artist,Free Music Archive Collection,2023,30.0,FMA,84788,audio/084788.mp3,True
12869633-59cb-4085-87b9-d6bfcfdadba1,58317d7b-ada3-46dc-ae73-f65156fa96d6,FMA Track 085318,FMA Artist,Free Music Archive Collection,2023,30.0,FMA,85318,audio/085318.mp3,True
e8781784-9717-4ba5-991f-77a4de1f6b27,a265ec9a-9fb6-4e67-b680-ced2e39b7b96,FMA Track 085346,FMA Artist,Free Music Archive Collection,2023,30.0,FMA,85346,audio/085346.mp3,True
2b763d53-272d-427f-8ba9-6bde1fa4d204,6c8240f5-49f6-4714-88b1-e0a593132ca3,FMA Track 085482,FMA Artist,Free Music Archive Collection,2023,30.0,FMA,85482,audio/085482.mp3,True
ee3364b5-86cb-4eb5-8a33-03168d9d436c,e4a317a0-66cf-4531-8e43-a48f4ee30c1d,FMA Track 085489,FMA Artist,Free Music Archive Collection,2023,30.0,FMA,85489,audio/085489.mp3,True
183deddf-3c59-4d4b-afa7-4eb75d52ab85,c8445077-6d28-4aa6-bc5b-39cc6223df1b,FMA Track 085490,FMA Artist,Free Music Archive Collection,2023,30.0,FMA,85490,audio/085490.mp3,True
753e5a87-c2db-4328-b3a4-9dc81f5ea363,1b5b0640-6075-40c6-8e0c-dc60f46cb960,FMA Track 085595,FMA Artist,Free Music Archive Collection,2023,30.0,FMA,85595,audio/085595.mp3,True
ffc834ed-6ea9-496b-8a37-6bda70e22325,bff07bda-5395-4435-a8ca-77a11e39e131,FMA Track 085817,FMA Artist,Free Music Archive Collection,2023,30.0,FMA,85817,audio/085817.mp3,True
2225e392-bd95-49cf-8311-94a8f54d4121,cbe79c0d-8761-4762-b778-c188bb811f24,FMA Track 085833,FMA Artist,Free Music Archive Collection,2023,30.0,FMA,85833,audio/085833.mp3,True
06bd70d3-a7e4-4b3f-96b5-91f3cc71ebcc,cc4386ab-eea3-4217-9413-f991add6e6d1,FMA Track 086117,FMA Artist,Free Music Archive Collection,2023,30.0,FMA,86117,audio/086117.mp3,True
858e74fb-468a-4cf2-a68c-0210ca5a9e04,608762c0-faa6-4365-872f-8c30548ffb67,FMA Track 086416,FMA Artist,Free Music Archive Collection,2023,30.0,FMA,86416,audio/086416.mp3,True
9b45b7ee-4b2d-4757-b4e8-79687b2cadb7,0643a54b-f331-46d7-b1d0-201d7a33b472,FMA Track 086483,FMA Artist,Free Music Archive Collection,2023,30.0,FMA,86483,audio/086483.mp3,True
72c81a39-5f1a-4970-91e1-5fb5a41e3dc1,c5fcd8ba-f879-4953-95f6-99f5482f0ac7,FMA Track 086720,FMA Artist,Free Music Archive Collection,2023,30.0,FMA,86720,audio/086720.mp3,True
07970769-c5fb-4d79-a306-9fef8ce88fd6,d61dd666-1455-4940-95ef-1392eaf92af9,FMA Track 086993,FMA Artist,Free Music Archive Collection,2023,30.0,FMA,86993,audio/086993.mp3,True
21a5af4a-60a1-40a1-914b-d78e5cca9e0f,5d3fd486-f23a-44a8-8bcc-a73147e7c3ec,FMA Track 087101,FMA Artist,Free Music Archive Collection,2023,30.0,FMA,87101,audio/087101.mp3,True
498f9965-aaa7-446e-818d-7b078dff9a40,8e3231d6-8da6-4723-9f97-3bbc31cf4e6a,FMA Track 087106,FMA Artist,Free Music Archive Collection,2023,30.0,FMA,87106,audio/087106.mp3,True
5f261801-61e7-41df-bc9d-18352cb7f300,bf30f71a-e592-43ba-b0b3-79604890eca2,FMA Track 087107,FMA Artist,Free Music Archive Collection,2023,30.0,FMA,87107,audio/087107.mp3,True
7baf3d7a-fe20-4575-807a-2bb50900d57c,c5c38798-ffc8-4d78-9d42-ec92fe5c2431,FMA Track 087160,FMA Artist,Free Music Archive Collection,2023,30.0,FMA,87160,audio/087160.mp3,True
21171ab0-e0a7-4457-b63b-3acbcbddd67a,416dc889-1928-4240-83c1-c4ddaa4fe142,FMA Track 087185,FMA Artist,Free Music Archive Collection,2023,30.0,FMA,87185,audio/087185.mp3,True
3e6465e4-d7fc-49e9-8991-9b1faefcaa06,e92293eb-6063-440c-80ca-a205037d41bf,FMA Track 087188,FMA Artist,Free Music Archive Collection,2023,30.0,FMA,87188,audio/087188.mp3,True
2fcf7162-9239-4c22-9c56-bd120f5bb083,75778258-f341-49ba-ac0e-af48da5e9646,FMA Track 087190,FMA Artist,Free Music Archive Collection,2023,30.0,FMA,87190,audio/087190.mp3,True
1739e445-19af-49a8-bed2-3ae4c6f72644,20f6ae29-9eed-47b1-b88a-4e5428ec5d6a,FMA Track 087363,FMA Artist,Free Music Archive Collection,2023,30.0,FMA,87363,audio/087363.mp3,True
23df18c3-c662-4812-865e-2e80ec7c4ddb,de94fd0b-d8d1-4549-9401-7220e4212812,FMA Track 087968,FMA Artist,Free Music Archive Collection,2023,30.0,FMA,87968,audio/087968.mp3,True
2f75d197-5f57-4242-90fa-0b1735b3dcb0,63dbc7ef-12a4-4c5d-a06d-cbb082eff4c5,FMA Track 088848,FMA Artist,Free Music Archive Collection,2023,30.0,FMA,88848,audio/088848.mp3,True
a54c08b9-5f3d-4faa-9e35-ba2e9c41f890,4d6f419f-b518-4b54-933e-fc1298012390,FMA Track 088876,FMA Artist,Free Music Archive Collection,2023,30.0,FMA,88876,audio/088876.mp3,True
e515591e-3afe-4eee-b2ef-becf44a600e5,d135b0f5-d8d8-40f0-8d12-30ef88d76945,FMA Track 089376,FMA Artist,Free Music Archive Collection,2023,30.0,FMA,89376,audio/089376.mp3,True
9b261cb0-6480-48b0-9121-3f95236b4229,19ae6ac2-baa1-4334-83bc-7ba999db424b,FMA Track 089447,FMA Artist,Free Music Archive Collection,2023,30.0,FMA,89447,audio/089447.mp3,True
6d716dd2-6384-4788-bd55-20bb7c71e68c,e9166b1e-179a-42d6-8d74-7bfc2121468c,FMA Track 089841,FMA Artist,Free Music Archive Collection,2023,30.0,FMA,89841,audio/089841.mp3,True
dc5ce031-d2af-4c71-a36c-c3d1c5aafa97,2ad5ed9e-f779-4b19-a63e-6104a781ee56,FMA Track 090582,FMA Artist,Free Music Archive Collection,2023,30.0,FMA,90582,audio/090582.mp3,True
f4f5fac8-8014-4338-9986-f9cb2d8059f8,5e27e054-1c67-4b39-8b3b-de1daa336eff,FMA Track 090826,FMA Artist,Free Music Archive Collection,2023,30.0,FMA,90826,audio/090826.mp3,True
69bbb89c-4e47-4b5f-8478-fd5834b71dd2,72802027-25b6-45b9-80eb-8435279f0a43,FMA Track 091160,FMA Artist,Free Music Archive Collection,2023,30.0,FMA,91160,audio/091160.mp3,True
e05837ac-68b7-4609-8836-ec45ce613b0f,99748368-afc1-47f7-915e-430913ec1fa1,FMA Track 091162,FMA Artist,Free Music Archive Collection,2023,30.0,FMA,91162,audio/091162.mp3,True
e51bf0d0-c347-49e8-ae26-45e6cfe25aee,fd128137-6f0f-4718-a4e7-4d75e94fd127,FMA Track 091179,FMA Artist,Free Music Archive Collection,2023,30.0,FMA,91179,audio/091179.mp3,True
d34ae322-185b-4c3c-81c8-388a26307501,483e995f-91e4-4363-b902-4867e89db16d,FMA Track 091181,FMA Artist,Free Music Archive Collection,2023,30.0,FMA,91181,audio/091181.mp3,True
1f68b8d3-f616-497e-8f54-03efb0a2b6ee,5ae78508-d930-44ee-a7ee-2f5d3276d9fa,FMA Track 091619,FMA Artist,Free Music Archive Collection,2023,30.0,FMA,91619,audio/091619.mp3,True
8a41d382-77d4-4f35-89f4-da9d4849ffe7,5eb2dc1b-3933-420b-8bfe-23ab9b16948b,FMA Track 091622,FMA Artist,Free Music Archive Collection,2023,30.0,FMA,91622,audio/091622.mp3,True
0cf67cde-a3d5-44ad-b51d-12e2744add8c,1d95c177-71b0-4ba1-86f9-ae930ee86ffe,FMA Track 092366,FMA Artist,Free Music Archive Collection,2023,30.0,FMA,92366,audio/092366.mp3,True
23a5cd3e-2e31-4ef1-8d00-53675bc9aea7,43f5b0bd-53ab-4a42-9003-eec9fa54a40c,FMA Track 092881,FMA Artist,Free Music Archive Collection,2023,30.0,FMA,92881,audio/092881.mp3,True
a454ed01-8cff-41c6-bb06-b9821862a505,54aae72f-5c4c-4ff1-bca0-1b47f71fd534,FMA Track 092886,FMA Artist,Free Music Archive Collection,2023,30.0,FMA,92886,audio/092886.mp3,True
48d7ba62-e122-4317-87b5-899f9e1fbcb9,9be33a69-d006-4097-ad03-94f5205ea750,FMA Track 092951,FMA Artist,Free Music Archive Collection,2023,30.0,FMA,92951,audio/092951.mp3,True
f4a11d79-7a43-41f6-9381-c29c6a7a6c4b,99230688-ccd6-4908-b761-5799e87b3c59,FMA Track 093522,FMA Artist,Free Music Archive Collection,2023,30.0,FMA,93522,audio/093522.mp3,True
1e5f84bc-a71c-46fa-ba7d-1a4d7e17ce6f,840b321a-e58a-45c6-a8e0-70b10b882f4c,FMA Track 093981,FMA Artist,Free Music Archive Collection,2023,30.0,FMA,93981,audio/093981.mp3,True
2087c712-e825-4a36-84f1-0975abf1f87a,88f38151-9ba8-44c8-9ba0-89a21ac1ed8c,FMA Track 094036,FMA Artist,Free Music Archive Collection,2023,30.0,FMA,94036,audio/094036.mp3,True
abfbfdd6-bd86-4979-95fa-e10a30bffec4,b81c9710-fe1d-4578-8dbc-25a28422ffd0,FMA Track 094037,FMA Artist,Free Music Archive Collection,2023,30.0,FMA,94037,audio/094037.mp3,True
263d3295-1c1c-411d-89ad-237331261a06,c03fc9f4-5239-4f65-bca4-27b8bac31439,FMA Track 094468,FMA Artist,Free Music Archive Collection,2023,30.0,FMA,94468,audio/094468.mp3,True
98ea31a2-b467-4c05-abdf-b509a82ea456,a5dd2afd-6527-400c-8c08-fd092f70dc12,FMA Track 095251,FMA Artist,Free Music Archive Collection,2023,30.0,FMA,95251,audio/095251.mp3,True
4abd7b67-76c1-4a6b-a02e-9c0f006778a7,c3f15f5f-9c95-4fc1-82c5-98fa4d98d57e,FMA Track 095452,FMA Artist,Free Music Archive Collection,2023,30.0,FMA,95452,audio/095452.mp3,True
b0736253-96ee-4040-a654-8a7c15757839,31af5867-b395-4845-a29f-17c87b3d1d52,FMA Track 095486,FMA Artist,Free Music Archive Collection,2023,30.0,FMA,95486,audio/095486.mp3,True
4d4a7591-f6d9-476f-80d2-52bff618a803,d976aee7-efe5-45e4-aa1a-fa6da099d598,FMA Track 095564,FMA Artist,Free Music Archive Collection,2023,30.0,FMA,95564,audio/095564.mp3,True
478ccb16-0ad8-41df-b9ed-e6ee6bd75bbe,9f0dce1c-80fd-4392-9b8b-e3b597f135c2,FMA Track 096403,FMA Artist,Free Music Archive Collection,2023,30.0,FMA,96403,audio/096403.mp3,True
e60bdac2-0605-4b6d-b988-3cf327364ff8,a5ac43b4-7ade-4550-8bcf-563a2d4d60eb,FMA Track 096408,FMA Artist,Free Music Archive Collection,2023,30.0,FMA,96408,audio/096408.mp3,True
b11bc0ad-6a87-4899-9067-3428bb5203bf,26406219-6157-406c-b282-9294d4778dd1,FMA Track 096678,FMA Artist,Free Music Archive Collection,2023,30.0,FMA,96678,audio/096678.mp3,True
b24dd0d4-5cae-4b17-8918-33d9ac84e071,a371d7a0-0f41-4f0f-9430-2ea067f24dbb,FMA Track 096935,FMA Artist,Free Music Archive Collection,2023,30.0,FMA,96935,audio/096935.mp3,True
9e494b68-dd09-44f6-bf72-b6b837ade863,ecc86f43-8cee-4264-b7b1-8a48ca5fe63a,FMA Track 097283,FMA Artist,Free Music Archive Collection,2023,30.0,FMA,97283,audio/097283.mp3,True
68aa97ac-3650-4c12-8dfb-6ecdb83f3202,bdb16a3d-b776-42ae-a29c-e6ab6fc881d7,FMA Track 097542,FMA Artist,Free Music Archive Collection,2023,30.0,FMA,97542,audio/097542.mp3,True
22dba4e6-ee66-413f-b48e-0f91016ed493,c0021a8a-d35c-41ed-bf7d-17766d7b5730,FMA Track 097544,FMA Artist,Free Music Archive Collection,2023,30.0,FMA,97544,audio/097544.mp3,True
9fef4c43-fefe-4f3d-b550-3a6bf5c5e580,aebdccb6-8b9f-4c19-bf9b-963eb7e58b7c,FMA Track 097568,FMA Artist,Free Music Archive Collection,2023,30.0,FMA,97568,audio/097568.mp3,True
b87ce513-75f2-4048-91a7-0136bc07640b,f1235919-d314-4074-ba86-ddb8d23d12e2,FMA Track 097587,FMA Artist,Free Music Archive Collection,2023,30.0,FMA,97587,audio/097587.mp3,True
28e641ac-4b21-4d80-adc2-424905c3331d,7433e201-ac99-4a55-95b4-15f90e0fe9ab,FMA Track 097845,FMA Artist,Free Music Archive Collection,2023,30.0,FMA,97845,audio/097845.mp3,True
e9fed2f7-215d-47e6-9e0b-3f625fda9214,49e6201b-dbda-4954-9ad1-219faecd24a3,FMA Track 098206,FMA Artist,Free Music Archive Collection,2023,30.0,FMA,98206,audio/098206.mp3,True
cbd551c7-190f-4107-b48c-2ce2d74814a2,5eb777cd-ac17-461e-8ed8-8a9e37bee018,FMA Track 098227,FMA Artist,Free Music Archive Collection,2023,30.0,FMA,98227,audio/098227.mp3,True
da481daf-9bd9-419e-b68b-965bc2986b9f,247ff156-fc85-4eee-bf60-1b1cf00e3aa8,FMA Track 098549,FMA Artist,Free Music Archive Collection,2023,30.0,FMA,98549,audio/098549.mp3,True
4b38cd51-94f8-472d-a96d-1eaf0d08e68b,4bbb9792-5680-4650-91e3-ef2683d51fd6,FMA Track 098552,FMA Artist,Free Music Archive Collection,2023,30.0,FMA,98552,audio/098552.mp3,True
73e55eef-d021-4291-8213-3ea474983ffa,603cd6cc-c95f-468c-bf1b-698b559d4c56,FMA Track 098556,FMA Artist,Free Music Archive Collection,2023,30.0,FMA,98556,audio/098556.mp3,True
4e1073e2-9c88-4434-a8ba-6dcae44d57dd,76d60b15-d22e-49ad-9e12-de4ef2d1ebb3,FMA Track 098567,FMA Artist,Free Music Archive Collection,2023,0.5,FMA,98567,audio/098567.mp3,True
90947df6-c36a-4f95-b24d-10e046311ebc,633e9ddf-0149-4520-ae4d-6b552bd2309c,FMA Track 098585,FMA Artist,Free Music Archive Collection,2023,30.0,FMA,98585,audio/098585.mp3,True
6a93a9ec-b8c0-4496-957e-969522beaf95,621a4d48-7d3a-431e-b1a2-5ca837301c04,FMA Track 098619,FMA Artist,Free Music Archive Collection,2023,30.0,FMA,98619,audio/098619.mp3,True
566844c8-cc7f-402f-a0a6-73138fbc1f15,cf4059b4-1ee4-4575-a0d1-bd88f790cd94,FMA Track 099440,FMA Artist,Free Music Archive Collection,2023,30.0,FMA,99440,audio/099440.mp3,True
b10691cf-7a7d-4bf3-b7e1-aa8c1ac15118,1c85b6d2-1ffc-4f28-a521-29fa061daae1,FMA Track 099704,FMA Artist,Free Music Archive Collection,2023,30.0,FMA,99704,audio/099704.mp3,True
2efa72de-6ab0-40f7-b651-7ec12730d175,a9564581-baef-4dbc-9bd1-c77b4294ea33,So On and Yo!,LOWdown,Free Music Archive Collection,2023,30.0,FMA,100478,audio/100478.mp3,True
1ecd5e69-e8c7-4f53-af17-ec3d0f9261c3,5e288457-0eaf-4077-8ee6-dfe7de0d4975,Lyrikil Tranzportashun,LOWdown,Free Music Archive Collection,2023,30.0,FMA,100480,audio/100480.mp3,True
6712b28e-fce5-4a03-8a48-3a1ce88023ef,680a7fd8-0c59-4658-913d-e5a6539c8b44,Electron,Megatone,Free Music Archive Collection,2023,30.0,FMA,100544,audio/100544.mp3,True
0e4f0b9d-3c97-4bc5-b5c3-67b86f043d39,1c304da8-d4b6-482a-ab53-3b2659a77033,The Rebel Youth,DJ Def Chad,Free Music Archive Collection,2023,30.0,FMA,100949,audio/100949.mp3,True
5e998e0d-40df-4553-abf5-5af1ec1e2f4d,343102e1-d49a-4b96-9ede-bf1ad25a6279,Kill The Flesh,Dyman,Free Music Archive Collection,2023,30.0,FMA,100976,audio/100976.mp3,True
8f75726b-7cc4-4b92-b8e0-e555d86b6eb5,b40a62c9-0882-4944-adf4-b809753ac7bd,Este Sol,La Sabrosa Sabrosura,Free Music Archive Collection,2023,30.0,FMA,101116,audio/101116.mp3,True
b4895a48-80a3-4950-aa87-15ecb609bca7,45c05592-50e1-430e-927d-e289bf65fa25,Sound Mind,Alexei Borisov and Anton Mobin,Free Music Archive Collection,2023,30.0,FMA,102114,audio/102114.mp3,True
d1c316a1-b453-4c0c-b657-8fe3aeeda20e,6e306766-45bf-4f2f-9733-0fb12ea50aca,Young Girls,Novi Split,Free Music Archive Collection,2023,30.0,FMA,103521,audio/103521.mp3,True
95f100d6-2fb2-42d9-ad6d-d2e5f5e863ab,e7eb0057-7f4f-46b0-b795-895436aa8151,You Already Know,SKGB,Free Music Archive Collection,2023,30.0,FMA,104278,audio/104278.mp3,True
2d1a2e6b-f929-4f14-ab37-c9f63e019367,7164ab4c-f246-487d-bac2-787877a448a2,Thollem McDonas,Noise Problems Selections,Free Music Archive Collection,2023,30.0,FMA,104725,audio/104725.mp3,True
c9155601-8a6a-4acf-90d1-95bbf791e780,1c405c02-233a-40c6-8e4a-9b5cae4b756e,Vulve,Egg Nebula,Free Music Archive Collection,2023,30.0,FMA,105414,audio/105414.mp3,True
83f6b1d4-6ec0-46d8-b496-2d277039d92e,26a0d769-2cf5-4237-954b-76c6d4b46443,Beta,All Urban Outfield,Free Music Archive Collection,2023,30.0,FMA,105825,audio/105825.mp3,True
ae77128f-4dd5-4eb8-9ca9-5c7412764c56,719b6023-f56a-49ab-8911-93a684d9f9a7,Cold Steel,Matt Sowell,Free Music Archive Collection,2023,30.0,FMA,105914,audio/105914.mp3,True
605b4b39-01fc-4988-b48b-f5c7ab04099a,72da01cc-e630-42ff-beb0-ac961daa7b47,South Pacific Pt. II,Night Rally,Free Music Archive Collection,2023,30.0,FMA,106274,audio/106274.mp3,True
087d01f3-6a03-4ac9-9677-07c2d44933d5,ba9299de-e6ba-4f57-9502-fe6bd9c753cf,By Request,Apache Tomcat,Free Music Archive Collection,2023,30.0,FMA,106562,audio/106562.mp3,True
750fe3c4-cab1-44de-b557-b5b66b80ee62,621cbd09-cbe9-475c-abe2-9602f4f939ee,Victoria's Son,Apache Tomcat,Free Music Archive Collection,2023,30.0,FMA,106564,audio/106564.mp3,True
b241237c-e833-4869-90d6-5f4160c62351,e2ebae5e-c81b-401e-9e18-2ce8117fa3d8,Tube Top Language,Apache Tomcat,Free Music Archive Collection,2023,30.0,FMA,106567,audio/106567.mp3,True
c79d19c6-881a-4d4a-b93e-5cd54f6a7663,8adc4674-750c-4094-a3db-1da9b4ec06b2,Windfall,Westy Reflector,Free Music Archive Collection,2023,30.0,FMA,106877,audio/106877.mp3,True
f6446aa2-6133-4901-a7bd-86793d2e4430,01ede7bb-b499-4f69-b479-2a5379ed4085,STM LIGNE MAUVE PART 1,Alaclair Ensemble,Free Music Archive Collection,2023,30.0,FMA,107025,audio/107025.mp3,True
0586834b-5c2d-4ab3-a858-87d2fb537654,0ad6913c-b93d-4ca7-96ae-c2bf3c4c1227,LICORNES,Alaclair Ensemble,Free Music Archive Collection,2023,30.0,FMA,107027,audio/107027.mp3,True
df95d7fe-4ae8-4734-b532-ded256e17b27,b0a89db0-e67d-43a8-bffe-3f037579d670,VARIETTE (avec Jam),Alaclair Ensemble,Free Music Archive Collection,2023,30.0,FMA,107029,audio/107029.mp3,True
fb983d8d-3644-44bf-9286-40b666f4a031,6a5f2217-fdd3-41e2-b964-472fedd0a1e2,BACKSTAGE,Alaclair Ensemble,Free Music Archive Collection,2023,30.0,FMA,107030,audio/107030.mp3,True
db483a22-234f-420b-a918-e8ee075cfe61,3f7d2b5a-3972-40d1-b710-093839955bf1,Dem a Sin Melodica Cut (ft I-lodica),Don Goliath mmet I-lodica,Free Music Archive Collection,2023,30.0,FMA,107179,audio/107179.mp3,True
22d53790-6cd5-4b9d-bde8-5850fb34de03,06af3072-9c06-4bee-bcb4-c8bf3be3f6a4,Ises to Jah Saxophone cut (ft Samson Benji),Don Goliath meet Samson Benji,Free Music Archive Collection,2023,30.0,FMA,107182,audio/107182.mp3,True
bc3ab2fa-ab88-4431-94e2-b8a1c5214c50,2707c97d-a27b-4e06-b1f8-d1a41df372ce,Guiding star Dub,Don Goliath,Free Music Archive Collection,2023,30.0,FMA,107188,audio/107188.mp3,True
1d7939c6-f626-4b78-90f9-9641ae3ecc5e,ad77c2bb-dbbf-4545-a2c6-46788fa9d93f,On a qu'à se dire que l'on s'en fout,Aussitôt Mort / MORT MORT MORT,Free Music Archive Collection,2023,30.0,FMA,107389,audio/107389.mp3,True
43e9b997-d608-4796-9c6b-741aba130229,85920310-adcc-49b1-80d7-5b52a0b1e4af,Piano Piano,CRTVTR,Free Music Archive Collection,2023,30.0,FMA,107476,audio/107476.mp3,True
375727fd-1b7b-4f1e-8dc6-648185b77150,f2a355f4-7107-4a1e-a716-62a7e2da740d,Rain 1,Vägskäl,Free Music Archive Collection,2023,30.0,FMA,107531,audio/107531.mp3,True
f0a3d5e4-32d1-4a78-9e6d-cd3f6a71290a,ab64f7e1-6e46-4c11-939d-c3938bfd121c,Ode to Diving Pelicans (Reprise),Kelly Latimore,Free Music Archive Collection,2023,30.0,FMA,107588,audio/107588.mp3,True
d907673a-63d5-403f-a01a-a7db202a2b5c,6b0af8e6-ceae-4f69-9c93-e65a002e842d,Ode to the Beloved Basement Saints,Kelly Latimore,Free Music Archive Collection,2023,30.0,FMA,107591,audio/107591.mp3,True
b23d2ffb-1e94-41f9-8658-3d327c69e858,713d0f4e-3b98-44b5-9d82-dfab0a54022d,Fields of Phosphene,Kelly Latimore,Free Music Archive Collection,2023,30.0,FMA,107595,audio/107595.mp3,True
a38a4917-13b0-4a0f-85b4-d53b6a7495fa,65db0dd4-f3b0-4089-b1aa-93b9dfeb607e,I Know His Blood,Vienna Ditto,Free Music Archive Collection,2023,30.0,FMA,107616,audio/107616.mp3,True
eeda7d0a-7ba8-468b-b758-8e7bb10db6c0,61c0f539-9bea-4376-9bb2-6a131ca3f0d4,Space horror,Radioactive Sparrow,Free Music Archive Collection,2023,30.0,FMA,108050,audio/108050.mp3,True
a644dd94-1019-43c8-87fa-9e1cb7ce413c,38519ea6-698a-4794-8803-9c1af23cb363,Pahuutta sydän,Marlaja Virta & ono,Free Music Archive Collection,2023,30.0,FMA,108230,audio/108230.mp3,True
28d11e6e-23d0-4a60-be20-026a6977fd3e,4a8ea6b3-5b0f-472d-8f52-b210d6034372,Beast Mode,Azureflux,Free Music Archive Collection,2023,30.0,FMA,108341,audio/108341.mp3,True
733c3889-59db-4046-860c-be2097726d61,aea742bc-50c3-4646-9f1e-bd3e5bcaa5c4,"No Hope, No Salvation",Alex Mason,Free Music Archive Collection,2023,30.0,FMA,108475,audio/108475.mp3,True
3750a23c-85fd-4cb1-ab07-12e619db7489,07fa8087-99a6-4981-be29-5062f188ee10,Everything in you,Sun Sunych,Free Music Archive Collection,2023,30.0,FMA,108490,audio/108490.mp3,True
aec7b3a4-f921-475d-aaf4-7661dc458a7f,060bb9ac-8fbd-42f3-ba72-a66f61f3ce2f,Get Ready,Ghost By Nature,Free Music Archive Collection,2023,30.0,FMA,108524,audio/108524.mp3,True
2a944ea7-017e-4de0-bbd9-28ae67cd9349,956e5bd8-b54f-4538-8ec8-00f3db0f3ada,Faraway (4 Mike & Annie),Tha Silent Partner,Free Music Archive Collection,2023,30.0,FMA,108840,audio/108840.mp3,True
8d2943d9-ead4-4f68-92d0-d5d74f6d2128,29e949a2-6a9f-491e-b5f8-e952dfd3a784,"Trendafilcheto, Karamfilcheto",Black Sea Hotel,Free Music Archive Collection,2023,30.0,FMA,108863,audio/108863.mp3,True
fd22a2ee-fafe-44f4-ba62-371bab1985ae,f8106e48-2344-4a6c-b25a-6225cf204e71,Mr. Person,The Mystery Artist,Free Music Archive Collection,2023,30.0,FMA,108961,audio/108961.mp3,True
a16a726d-1644-4d96-9486-eaaa0d811e7b,26b7824f-b65f-4ac6-bbc8-fc089d03a8c0,Sha Na,Vicky and The Vengents,Free Music Archive Collection,2023,30.0,FMA,109235,audio/109235.mp3,True
0c226289-d82c-405d-b416-e272f7144f6b,c06e9267-4eda-461c-9623-5b6fe9c26d62,Tonight We Will Rise,Stephen Bartolomei,Free Music Archive Collection,2023,30.0,FMA,109445,audio/109445.mp3,True
a99c2c7f-77fa-4274-9920-7e94fb40b635,d2961303-954a-49f7-b527-344ea6b15e24,Sick Joke,Doom,Free Music Archive Collection,2023,30.0,FMA,109481,audio/109481.mp3,True
15ea64ca-8841-43bf-b842-079129bc350c,e4f8d980-75b0-4aea-a4f0-13444a0ddaa4,"Big, Bad, And Heavy (Intro)",CM & Tha Silent Partner,Free Music Archive Collection,2023,30.0,FMA,109684,audio/109684.mp3,True
afc40764-fbf2-409c-b82e-c330785c4d41,ad24c11d-003c-4fea-a64f-9120f8f331ce,Symmetrical,Tiruset,Free Music Archive Collection,2023,30.0,FMA,109712,audio/109712.mp3,True
bdc4cc1f-3950-4e2c-a5b3-e05c6e3be4c7,aece4260-a66a-4019-aed9-2731db86bde2,London,Debby Schwartz,Free Music Archive Collection,2023,30.0,FMA,109900,audio/109900.mp3,True
721dcfd3-5ea9-4a2a-90f3-fd8f4e31970b,9f13c707-cb2e-4afe-aa8c-4efda5c3aa5e,"shanti devi golden child, bluhd",Phemale,Free Music Archive Collection,2023,30.0,FMA,109957,audio/109957.mp3,True
bc532664-b239-4e30-8667-2f920826ba33,04618399-cca9-4047-a31b-605c5b20f293,"au retarde , ferox",Phemale,Free Music Archive Collection,2023,30.0,FMA,109958,audio/109958.mp3,True
f56408a1-b59a-49e2-8372-ef9da5568daf,68639dab-789a-40b2-97d7-a13b97fa1b02,Eat My Chips,Azureflux,Free Music Archive Collection,2023,30.0,FMA,110105,audio/110105.mp3,True
0f3ac88e-3e85-47e9-8996-b5ba4510a9f5,69af1ff2-23c9-45ac-8dc0-b814bfd2b54e,La tapa del viernes,Circus Marcus,Free Music Archive Collection,2023,30.0,FMA,110209,audio/110209.mp3,True
f3c7fc23-dcb8-48b8-89f4-dea906fe90bb,9234df33-2284-4e45-8737-4ad44a033302,Big Plans (J. Glaze Remix),Kellee Maize & J. Glaze Productions,Free Music Archive Collection,2023,30.0,FMA,110262,audio/110262.mp3,True
5d6f9078-af8c-4c33-9fa5-d40a396082e4,bd1083b5-65f3-466d-9f8e-ab2ad723128c,Catch Me (J. Glaze Remix),Kellee Maize & J. Glaze Productions,Free Music Archive Collection,2023,30.0,FMA,110264,audio/110264.mp3,True
fb6e69ad-dd90-4423-bca9-c8b632684e90,e460512d-8a13-400c-91f9-731670fa3448,Punkinhead Ahoy!,Il Sogno Del Marinaio,Free Music Archive Collection,2023,30.0,FMA,110650,audio/110650.mp3,True
c4e7a05c-0295-4032-bade-ea35bad6c1a6,905fdc5f-e07d-4689-9597-36a6742c4174,Il Sogno Del Fienile,Il Sogno Del Marinaio,Free Music Archive Collection,2023,30.0,FMA,110653,audio/110653.mp3,True
73f1ec99-a629-4bc2-8e8d-14dc17a17c5f,1c1394d3-1baa-4766-ad9d-520040c45add,Spirit of the Valley (feat. M-PeX),Anima,Free Music Archive Collection,2023,30.0,FMA,110690,audio/110690.mp3,True
facf90b1-f19f-495d-80f5-5fd40fe7ef09,f9798afe-db39-46ab-9657-e7016e7fa3d2,"Bloc Party 2 (Accapella) (Featuring CM aka Creative, C-Doc, The Honorable Sleaze, L-Mega & Pot-C)",D3Zs,Free Music Archive Collection,2023,30.0,FMA,110736,audio/110736.mp3,True
549b4a26-156f-40cb-9d3a-cc6ad20d7498,9a19f634-36ef-40c7-9ba4-92d11f8a6345,Treppe 3,Rod Hamilton,Free Music Archive Collection,2023,30.0,FMA,111154,audio/111154.mp3,True
58095e30-f2b6-48e6-8355-a741527cdacb,298912cf-3c28-4319-84f4-dd1e0d412b20,Zoeloe,JTPE,Free Music Archive Collection,2023,30.0,FMA,111416,audio/111416.mp3,True
986db513-c0fe-4c76-afd2-4a9035dac96e,3ef89c04-787a-4538-bec3-986716a7f548,Sin By Sin (severe illusions - MOAN remix),MULTIPOINT INJECTOR,Free Music Archive Collection,2023,30.0,FMA,111873,audio/111873.mp3,True
79990fd0-18bb-4a14-a130-69da68b17bad,1e18079b-5189-4cc9-99af-00359d0dcda0,Earthquake,Gal Pals,Free Music Archive Collection,2023,30.0,FMA,111974,audio/111974.mp3,True
0ac04f1f-271e-4a94-9758-660ae577744a,f60fff8d-c6d0-439b-82ca-5fd81e420268,She,Still Pluto,Free Music Archive Collection,2023,30.0,FMA,112065,audio/112065.mp3,True
7c19daee-ebae-4804-9acc-d9d9b481cdb9,d7873532-95ce-4a88-a133-ad95746910a4,1+i,Martin Rach,Free Music Archive Collection,2023,30.0,FMA,112133,audio/112133.mp3,True
dbae94a5-b766-4efe-8424-84fc59a73277,68849440-3191-4e11-9eb7-8305a609f7b0,Chameleon,Cloudkicker,Free Music Archive Collection,2023,30.0,FMA,112314,audio/112314.mp3,True
2c873dc5-55cd-45ea-9e9c-bf24fd0e72ae,0e1deadd-17ec-4faa-9481-f6f2ce18a235,Forsaken,Is,Free Music Archive Collection,2023,30.0,FMA,112733,audio/112733.mp3,True
9a47596e-3f8a-411e-87c0-d1e8eb886311,ed9fc0de-100b-4be1-a48f-0a23c3794717,WAR ON CRISIS,ODOR BABY,Free Music Archive Collection,2023,30.0,FMA,112781,audio/112781.mp3,True
0a68ecc7-0890-4d79-80fe-0420e830fa11,b395bb50-c1d0-47e7-a9d3-e5528c86a97f,GLOBAL DEATH MATCH,ODOR BABY,Free Music Archive Collection,2023,30.0,FMA,112785,audio/112785.mp3,True
4d0f2b55-000b-4e30-a447-c206b19dccd4,76c4d3c3-ca99-45c9-adac-af4a6f3a436b,All Eventualities,Gillicuddy,Free Music Archive Collection,2023,30.0,FMA,112975,audio/112975.mp3,True
66a6e455-22fb-4437-b34d-ad09fb647d4a,1730ded2-e12b-4eec-b0f6-4c4ba0b3d5a7,I Told Jesus ft. Sharam Shahbazi,One S.P.,Free Music Archive Collection,2023,30.0,FMA,113032,audio/113032.mp3,True
11ab5a1f-079e-49d9-81da-4c023721f8fe,09da88ad-ab46-4f5c-9f33-7d2194f4f2a7,1 A. I (with Danish National Symphony Orchestra),Periskop,Free Music Archive Collection,2023,30.0,FMA,113267,audio/113267.mp3,True
1e1f3b07-93ff-4387-88f6-8be7a62c07b2,17e28d58-46fe-49d0-9c9d-288424f32bfd,Once the Sky,A Crooked Pulse,Free Music Archive Collection,2023,30.0,FMA,113512,audio/113512.mp3,True
e37197dc-55c5-4077-8568-99edc99c9814,f2973812-33a4-49e9-a0ba-e4c9002f9a08,One Thing,Brett Saxon,Free Music Archive Collection,2023,30.0,FMA,113949,audio/113949.mp3,True
fc7f4c1f-d098-4d55-a1a1-86bd36b718ba,1df4e299-d969-4448-b3c9-a9a08e2a2bb7,Clover,Little Glass Men,Free Music Archive Collection,2023,30.0,FMA,113970,audio/113970.mp3,True
8972e0ff-2157-4027-af70-5997d0aab416,85fa9f35-6e13-442f-9a7e-2e9f1168ee94,Gotta Believe,Aviscerall,Free Music Archive Collection,2023,30.0,FMA,114045,audio/114045.mp3,True
c746a885-482b-4518-85e9-9a09a77fb218,7c002d35-83e7-448c-a24f-3360b90aa607,Union Square (Anthony Seeha Remix),Decktonic,Free Music Archive Collection,2023,30.0,FMA,114062,audio/114062.mp3,True
8d48620a-19ee-45a3-9acb-fd657b5b36a2,23ddea19-f572-4397-9539-aca087884fc9,Any Time Any Place,Decktonic,Free Music Archive Collection,2023,30.0,FMA,114064,audio/114064.mp3,True
f6142371-dcca-4db1-b6ed-e2b8c0ea55bc,6a1f0aea-34c6-46e6-b319-0d756e596611,Sweetly,Blue Dot Sessions,Free Music Archive Collection,2023,30.0,FMA,114072,audio/114072.mp3,True
2d46ed10-dcab-4fb4-b1ef-f107919deacc,ff3172cd-d6ac-4d29-bac4-75ceed8c7422,Winter Theme,Blue Dot Sessions,Free Music Archive Collection,2023,30.0,FMA,114077,audio/114077.mp3,True
f2caa6a8-f92f-4303-a402-4dd4394783e7,bd086e43-57b8-4726-b918-5f6e7e4c5567,Ruggles (ft epsilon not),Uncle Milk,Free Music Archive Collection,2023,30.0,FMA,114265,audio/114265.mp3,True
d0ba623f-8d23-444c-a306-2f5d5df1aed5,a0d5efde-c704-4bd4-a206-978762a2d0e3,Boss Ass Bits,Azureflux,Free Music Archive Collection,2023,30.0,FMA,114282,audio/114282.mp3,True
82bf914a-b81a-4161-a51d-66bf197b171f,a4394a98-9a99-4a4b-975e-96b746f91d47,Quantum Leaper (feat. Lady Parsec),Azureflux,Free Music Archive Collection,2023,30.0,FMA,114283,audio/114283.mp3,True
4c579d55-1b23-451e-8b2d-5d76b0ba98fd,7c3f5098-4608-4d2e-84bd-cac356ae659b,Origin l,Scott Holmes,Free Music Archive Collection,2023,30.0,FMA,114399,audio/114399.mp3,True
297d6833-afd7-4668-bb4d-5e8e7636751e,682c7c09-e660-4339-ac4b-7be6a46015cc,Feather,Scott Holmes,Free Music Archive Collection,2023,30.0,FMA,114408,audio/114408.mp3,True
428e348e-747e-4479-99cc-e7312f0a7ff0,40c31801-6887-4b9d-94b5-9ebd0e05d953,Ikn hob ongehoybn shplin a libe,Zingeray!,Free Music Archive Collection,2023,30.0,FMA,114936,audio/114936.mp3,True
dc514934-e32d-4670-9dc9-b664072fb934,2cb08566-09d1-455e-8e21-a1d22ff99b3b,Squire Tuck - Homage to John Carpenter,Squire Tuck,Free Music Archive Collection,2023,30.0,FMA,115176,audio/115176.mp3,True
8ee66a1a-d659-4625-aa97-fa364dc901af,b9fa0ea0-73c9-45a8-99d4-c084e129a50f,Neli Storime,Niva,Free Music Archive Collection,2023,30.0,FMA,115267,audio/115267.mp3,True
50feb4a6-47fb-47f7-8727-19db291e28de,904a0d55-60d0-4a89-ab3c-c46094fed719,Čoček of Vranje,Catherine Foster Brass Band,Free Music Archive Collection,2023,30.0,FMA,115271,audio/115271.mp3,True
1ca1b875-32c5-461b-859d-bcb975e7887e,786aa9e4-9ea7-4c58-8204-bdea930a5395,Squire Tuck - Rush to the Head,Squire Tuck,Free Music Archive Collection,2023,30.0,FMA,115293,audio/115293.mp3,True
87149c60-bb89-4bbf-a177-1b1ee99dcba8,b0cdb29f-d3a0-499d-9ba7-0bc51ebee788,Farsical - Thematic,Blue Dot Sessions,Free Music Archive Collection,2023,30.0,FMA,115474,audio/115474.mp3,True
e9ee87a3-5bb0-4fac-ab34-be2dc49652a4,8ed90419-303a-43d5-97f1-036174bd8e68,Lost Star,Jelsonic,Free Music Archive Collection,2023,30.0,FMA,115768,audio/115768.mp3,True
0fab40bd-a879-49ca-aeff-633427267fb2,14867b4c-4302-4e04-a5d3-7bda7a309df1,OST 01 Tutorial,sawsquarenoise,Free Music Archive Collection,2023,30.0,FMA,115811,audio/115811.mp3,True
17a520f3-3f96-4785-8edd-9a78e8ba6011,55e53f5d-f7dc-4295-873b-8fb79f284eb1,11am,Dead Peoples Records,Free Music Archive Collection,2023,30.0,FMA,115850,audio/115850.mp3,True
5194dd64-1c66-4eaf-aef0-08433e0d498d,01286b09-fb33-4ddc-a207-3a1e98e877f4,Story Four - The Method,Blue Dot Sessions,Free Music Archive Collection,2023,30.0,FMA,115891,audio/115891.mp3,True
8f6f6f6c-633b-4d14-a690-3b81903dc79c,4193170b-8832-4793-bfde-dcbd6b33a6b7,Bonus Life,Radarsat-1,Free Music Archive Collection,2023,30.0,FMA,116239,audio/116239.mp3,True
4e9d50fa-ec16-40ed-b411-79deef75543d,5a2b1730-8687-484d-aa51-60dcc21e500c,Electronica 3,Asthmatic Astronaut,Free Music Archive Collection,2023,30.0,FMA,116388,audio/116388.mp3,True
6748c0f2-ec3f-4bb7-b7d3-bb1ec4b0c35f,a034ef19-ee18-4ef1-8dfb-4083eea242d5,December Mourning,Montana Skies,Free Music Archive Collection,2023,30.0,FMA,116451,audio/116451.mp3,True
d286f29d-2fb6-4841-a26b-917f1a247c72,d2960f9d-fe4b-4c00-a1ef-47978338e76f,Transit,Blue Dot Sessions,Free Music Archive Collection,2023,30.0,FMA,116490,audio/116490.mp3,True
1975f710-fedb-4308-8d6f-d0e20331eac6,676958bb-1580-4a22-ac45-07208fff9279,R.A.H.M.A.V.N. [221],SULCUS,Free Music Archive Collection,2023,30.0,FMA,116514,audio/116514.mp3,True
05a3734d-4ec2-41df-a5ad-30792810a0f5,78118775-379b-429b-b8ad-f06ca31963f4,Ray Gun - FasterFasterBrighter,Blue Dot Sessions,Free Music Archive Collection,2023,30.0,FMA,116870,audio/116870.mp3,True
3b4cfeab-d364-4fa4-a774-e982d74e0054,6daf2643-4c89-49fd-8010-5315ec802fe6,Fortsetzung Folgt,Gumbel,Free Music Archive Collection,2023,30.0,FMA,116882,audio/116882.mp3,True
a046d265-0cb1-465b-b382-3292cbeb8025,0689c72a-8368-4d7d-be91-76c83d4d9788,Reptile Theme,Blue Dot Sessions,Free Music Archive Collection,2023,30.0,FMA,117161,audio/117161.mp3,True
856f70dc-c132-4588-9734-8a0293a9cbfe,068f5fdd-1c6f-4346-8822-8ce4e2494286,bonus - La jeune Pierre - alt piano mix,Ulrike Mod,Free Music Archive Collection,2023,30.0,FMA,117626,audio/117626.mp3,True
ed60c4a5-7e5c-4e4e-9e62-938c1df2bce0,3d746b5a-f7ee-4ffd-b2e2-84796cc7035d,Fayah,La Inédita,Free Music Archive Collection,2023,30.0,FMA,117666,audio/117666.mp3,True
31c5d0a2-f484-4c4b-9945-f04dcd110f26,8831d16c-3936-4da9-841e-40593f4164fc,After Dark,Project 5am,Free Music Archive Collection,2023,30.0,FMA,118070,audio/118070.mp3,True
2ec32bbd-4e43-4a60-849c-ef9bd30dc99d,037169a8-47d0-4416-9e87-fadf95fa8174,Ave,PC-ONE,Free Music Archive Collection,2023,30.0,FMA,118195,audio/118195.mp3,True
845f37a7-88c5-4039-a7ea-ddde4b3863c4,efe1c8b3-e24a-44a0-9f70-76861ec4103a,Nature World Love,FortyOne,Free Music Archive Collection,2023,30.0,FMA,119063,audio/119063.mp3,True
dafa0b58-ba47-478f-9891-aa84340a22df,32a66249-97bc-4e5f-b729-3a894ce7f848,Battle Hymn Of The Children,FortyOne,Free Music Archive Collection,2023,30.0,FMA,119086,audio/119086.mp3,True
59f7f537-4029-4a5f-8223-18c38fa98984,1234719e-0f1f-4334-8c82-e5bf9f22f7e2,"A. And Now! More News, Debate, And Let's Not Forget Their Opinions / B. Commercial Break",Nicholas Smith,Free Music Archive Collection,2023,30.0,FMA,119579,audio/119579.mp3,True
45d348bd-1f49-4622-ac7d-ecb06e0968a5,066ac737-7110-4b32-ab1a-dc47f68b1d83,Dash and Slope,Blue Dot Sessions,Free Music Archive Collection,2023,30.0,FMA,119899,audio/119899.mp3,True
6b68194b-6b8e-4b2a-bbe5-399da5a758c9,6eae5d87-84c1-42bc-b15e-66ad2c0c7411,Goals,J Mano,Free Music Archive Collection,2023,30.0,FMA,119942,audio/119942.mp3,True
c64fff19-2bfa-4309-a592-1425ca332b36,624f4e12-bf82-47eb-83fc-425042634ae7,Kids Say The Darndest Things,Cassette Tape Bandits,Free Music Archive Collection,2023,30.0,FMA,119992,audio/119992.mp3,True
3a1217d4-7c2a-415d-a450-2f02c9f387a2,d990d3cb-eddb-4681-8a44-14562386e78a,ET The Extra Testicle,Cassette Tape Bandits,Free Music Archive Collection,2023,30.0,FMA,119993,audio/119993.mp3,True
d1706e3c-0444-4a41-a3e7-87f15f21d12e,516ea112-f077-4037-83b7-3a2a88f68ca3,Do The Food,The Nourishment,Free Music Archive Collection,2023,30.0,FMA,120099,audio/120099.mp3,True
040942d8-0744-4379-a018-0ca0deb02916,248e7292-fd2e-44bb-93fa-2148c15bdedd,Old Long Sin,The Slate Pipe Banjo Draggers,Free Music Archive Collection,2023,30.0,FMA,120150,audio/120150.mp3,True
5c86e56a-dd73-4e4a-95a4-81a599200e42,f25f7e00-f0d3-4a95-a640-c8e8e0c61b74,Comfort Stand Records Remix Project : Song #2,FortyOne,Free Music Archive Collection,2023,30.0,FMA,120208,audio/120208.mp3,True
7260e74b-0703-4d1d-8b4e-97458550318f,3f5ff455-8c9a-4d0c-8c55-bb84c220d763,Doctor 1,Cory Gray,Free Music Archive Collection,2023,30.0,FMA,120304,audio/120304.mp3,True
4032dd78-8718-4b3d-a816-c42a744249e3,d5fcce6d-2ea9-424a-a57f-22bb0779c586,One Shot Charlie,Cory Gray,Free Music Archive Collection,2023,30.0,FMA,120319,audio/120319.mp3,True
5455b5aa-fb8f-4256-94e1-92ef257a758c,6678d344-1e4d-40be-b378-69831bed82a6,Quoting Dead Comedians,Cory Gray,Free Music Archive Collection,2023,30.0,FMA,120321,audio/120321.mp3,True
b6fe5625-d20d-45df-8e2f-1242315facb3,8b9156cc-0085-443e-8e95-0a5bf867b4fa,Rosie,Cory Gray,Free Music Archive Collection,2023,30.0,FMA,120322,audio/120322.mp3,True
aad413a6-6e0b-478b-b076-56ff11f53559,b8aab5f5-9bc7-41ab-be24-8d5f29fa5809,Walls Of The World,Cory Gray,Free Music Archive Collection,2023,30.0,FMA,120328,audio/120328.mp3,True
7c4b93c2-8b4a-4cbc-84f7-bc654db9267e,0d0b77a9-e145-43c7-879a-b9f75d311465,Wrecking Ball,Cory Gray,Free Music Archive Collection,2023,30.0,FMA,120331,audio/120331.mp3,True
9dcb05c6-56cb-4143-a045-961fa9ba7f83,1119cae8-1d71-4a4c-a061-9f9e6fcb5b6a,Stratoskop,SPCZ,Free Music Archive Collection,2023,30.0,FMA,120466,audio/120466.mp3,True
73524092-afaf-4aa4-ab9a-8f861ff045cb,91af0aa4-597e-47e6-9697-dc336f66f444,Sphere,SPCZ,Free Music Archive Collection,2023,30.0,FMA,120471,audio/120471.mp3,True
9865dd44-5da1-4c9d-a3a6-b84fc0912223,3ffc419e-a331-466e-a9f1-fc869bdd93ea,Zaczek,Kotúče DM,Free Music Archive Collection,2023,30.0,FMA,120518,audio/120518.mp3,True
a88f8252-851e-4de9-9eaa-a7af990850a4,59c60b62-288c-40ff-8610-5c755796edff,Time-Scene #2,Running Point,Free Music Archive Collection,2023,30.0,FMA,121288,audio/121288.mp3,True
e4553f3c-e4f5-4be5-b9fa-2ecbfcbcb2a5,340028f6-d2f8-40bf-9f9c-c4b07e116e1a,sollerod fascists,Coin Locker Kid,Free Music Archive Collection,2023,30.0,FMA,121315,audio/121315.mp3,True
eea7734b-194f-4e1c-8565-85de41676f23,b92efeb6-622b-4f76-95bd-f7636cdd4a07,AVIATION CRAB ORCHESTRA (HARSH NOISE POSER),ODOR BABY,Free Music Archive Collection,2023,30.0,FMA,121346,audio/121346.mp3,True
83ac8a3d-683c-499c-81d1-3c4e21330f92,95b57426-ca20-44ef-b24c-ac5e43f7936b,Three Pianos,Satellite Ensemble,Free Music Archive Collection,2023,30.0,FMA,121474,audio/121474.mp3,True
863e5103-0ba5-4fdc-9538-bf1ff5377bef,13f122d7-ce13-4f0c-8067-3155497af2f8,Japanese Vacation,Spider Bags,Free Music Archive Collection,2023,30.0,FMA,121570,audio/121570.mp3,True
a5279b3d-cf13-44e7-9fae-e7153852cbfb,9e7f95e8-c21f-419c-962b-8e705f54ed6f,Sunken Lighthouse,happiness in aeroplanes,Free Music Archive Collection,2023,30.0,FMA,121664,audio/121664.mp3,True
45f16917-1207-4252-b340-1ef9c68c7737,2c5f8b69-87a5-44ad-a472-843f17d662f0,Birmingham Road Birthday Song featuring Lucy Hill,Frozen Houses,Free Music Archive Collection,2023,30.0,FMA,121739,audio/121739.mp3,True
8234d04b-2432-41ee-916c-cef3322472b9,e14b6ceb-fbd2-41d8-af4e-be6c4781f5a0,finished enconomic survivor,Frozen Houses,Free Music Archive Collection,2023,30.0,FMA,121740,audio/121740.mp3,True
95f606e4-2c53-46ae-986c-87593e804bbb,6d664acd-6eda-4b46-8fc4-cf0571dafc17,Perfect Day,The Britemores,Free Music Archive Collection,2023,30.0,FMA,121866,audio/121866.mp3,True
55f391a4-d07a-45b4-8afa-98137daa0333,e867b5d8-b9ef-4bdf-9e7c-6cf05c212a4a,Babylon fall dubwize ft Jam York,Negritage,Free Music Archive Collection,2023,30.0,FMA,121922,audio/121922.mp3,True
2a64a552-6fe4-4ba5-a842-75c1172c80ee,ecc1286e-ebb3-4a05-b83f-8997d4f727e5,Guetto Rockers in dub,Negritage,Free Music Archive Collection,2023,30.0,FMA,121930,audio/121930.mp3,True
97cce9ea-227b-4520-a2ad-9425eb9ea468,9d1edfa5-e330-4887-ae00-64e23039f8be,Genome Chomsky (pt I),Anthony Donovan & Jaan Patterson,Free Music Archive Collection,2023,30.0,FMA,122143,audio/122143.mp3,True
a86ac42f-e8ec-44f6-8139-d5571686b5ed,2e25f991-9a60-4c25-9eb7-ae44999f750f,"""Point of no return""",Menion,Free Music Archive Collection,2023,30.0,FMA,122579,audio/122579.mp3,True
285e1743-3b86-4c22-a874-3a0245bd6708,c9faf0fb-cd37-49b1-9ce6-7e3a8d78d2be,Rivers And Mountains,Josh Spacek,Free Music Archive Collection,2023,30.0,FMA,122649,audio/122649.mp3,True
b24b681a-bedc-41c6-9292-a70c50596e46,9ccb8cc6-b4a8-41d2-b057-05964b50cf35,Zeffa,Hicham Chahidi,Free Music Archive Collection,2023,30.0,FMA,122901,audio/122901.mp3,True
e15031fa-81e7-4a49-870b-da647c4371fa,776f397b-7de1-4bfd-9f5e-b8eb8d284dd9,Incubating In Ice,Anima,Free Music Archive Collection,2023,30.0,FMA,123000,audio/123000.mp3,True
56a14e6e-7c4d-44bf-812b-da11388eaab4,83a21e68-43a3-4b5e-b8e4-722df149ead4,Lullaby To Myself,Joanna Sternberg,Free Music Archive Collection,2023,30.0,FMA,123097,audio/123097.mp3,True
49edd81e-5eb9-4943-967f-715aa8146ed6,efabd9b8-0f3a-473c-a9d9-d65058a61b76,One Million Ways,K3N,Free Music Archive Collection,2023,30.0,FMA,123147,audio/123147.mp3,True
37d76307-004b-453f-9904-9a55d09c76c0,de8f3e5f-eb03-44fa-9921-ab48d6b238d4,Wheels Of Fortune (411),The Dread,Free Music Archive Collection,2023,30.0,FMA,123442,audio/123442.mp3,True
d7e596e6-9bbf-4a19-9445-1a6506df5145,441156b8-7ad9-47ed-810e-bb3d90455f61,Let Her Go - Studio Tape Track 4,Ian Alex Mac,Free Music Archive Collection,2023,30.0,FMA,123467,audio/123467.mp3,True
012433da-1dc3-4407-a226-996aed2c88ac,eced084b-05b7-4761-b5db-c4f5a5b2bb67,Carol Annes Crunch - Studio Tape Track 5,Ian Alex Mac,Free Music Archive Collection,2023,30.0,FMA,123468,audio/123468.mp3,True
f3904e56-1014-4ea7-abf0-77d869f08004,6da08b60-aa81-45d1-a895-f5cd84a73c4b,Ketchup,David Mumford,Free Music Archive Collection,2023,30.0,FMA,123490,audio/123490.mp3,True
9a5b7b2b-1fc0-4cb9-a3f2-1631cd76a78d,81f83726-8d0f-4099-9880-37d8b788c337,Sustos (Azureflux Remix),Dragão Inkomodo,Free Music Archive Collection,2023,30.0,FMA,123504,audio/123504.mp3,True
559e56bf-616b-451b-81a4-00567945da67,92e0b482-d0e5-4468-b0d6-1a02a7755fce,Side B: Hall Of Dope / Chaos On The One (Part 2) / Old Snow,C-Doc,Free Music Archive Collection,2023,30.0,FMA,123647,audio/123647.mp3,True
c00dff44-c34b-4a9e-8194-f108452ce56c,05c1c6ff-ec36-4251-ba98-d102433470fd,Freestyle 32,BenJamin Banger,Free Music Archive Collection,2023,30.0,FMA,123971,audio/123971.mp3,True
9eb4a481-c4d9-4a4f-99df-1a2adb75652e,208be310-97cc-41ba-85b0-3dcacadfbcab,"Fuck Yall, Im Goin Pop",BenJamin Banger,Free Music Archive Collection,2023,30.0,FMA,123978,audio/123978.mp3,True
819c4582-90f2-4aca-a531-b4fcfce3c41b,c0eaa96b-dfac-4386-86e7-7bf5bc4f3f38,Wrecking Ball Surprise,Bloodgod,Free Music Archive Collection,2023,30.0,FMA,124185,audio/124185.mp3,True
1a3c16b0-e2c6-46cc-aa97-17be23cdd560,c5c07cdb-ff7b-40b6-9c38-4da2d39a51a8,'n Wind fuatan,Josef Nadek,Free Music Archive Collection,2023,30.0,FMA,124509,audio/124509.mp3,True
3202efe7-0f3d-4349-bc10-5d6a7264ccf6,74414589-ec26-4687-98f7-4e8b30bb48fd,Mindship,Sergey Cheremisinov,Free Music Archive Collection,2023,30.0,FMA,124874,audio/124874.mp3,True
2da8e42f-a576-49df-a083-422288e8a9ac,4d56282d-ad7d-49b1-8881-e89cee113551,Big Fatty,Gorowski,Free Music Archive Collection,2023,30.0,FMA,125156,audio/125156.mp3,True
c9243efd-d206-48be-89f0-6337f62d06ce,079bf30f-4d96-46e6-af39-d5ec2a5d535c,Marvelous,Derek Clegg,Free Music Archive Collection,2023,30.0,FMA,125183,audio/125183.mp3,True
aac65308-75dd-4575-a149-461430caa5d1,0d8eb245-826a-4a0b-9921-3b4c4b4b4329,Too Late,Derek Clegg,Free Music Archive Collection,2023,30.0,FMA,125187,audio/125187.mp3,True
c80f913d-3bc7-4c70-ad66-329dc1146d31,19516e95-141d-4349-b0cf-4857bfe19e1c,Iglesia de Nuestra Señora de Fatima,Derek Baron,Free Music Archive Collection,2023,30.0,FMA,125239,audio/125239.mp3,True
c6498b26-2462-4d14-a61b-ec49e7deab24,76cb196c-872e-4476-9de8-9b1ab123e81c,Tokay,Dengue Fever,Free Music Archive Collection,2023,30.0,FMA,125314,audio/125314.mp3,True
4a40020e-a6e2-45c2-99b8-53c5db263728,8d93d0a7-d1fb-4ada-b4b5-3afdc882fdf4,Hopper's Encore,Attic Ted,Free Music Archive Collection,2023,30.0,FMA,125377,audio/125377.mp3,True
f85fa1ef-9390-43ae-8c39-5c345d85d4d0,61eb7724-d99a-43b0-8fe2-2bbff7d237f9,Haunted Beach Party,The Pandoras,Free Music Archive Collection,2023,30.0,FMA,125432,audio/125432.mp3,True
e6352c3f-e95f-4662-8c93-e60a1417b2e1,d5a59724-d7ed-4e26-9ad3-a0a002f38f64,Drifting Spade,Blue Dot Sessions,Free Music Archive Collection,2023,30.0,FMA,125617,audio/125617.mp3,True
6d70c51d-ee18-495a-9101-1a3911aa760a,dc3be3c0-aa21-4ac8-94ab-a80e2c529265,Gondola Blue,Blue Dot Sessions,Free Music Archive Collection,2023,30.0,FMA,125825,audio/125825.mp3,True
0e856a6c-5bb0-4049-a45f-66739f9417bf,e91788fe-1b53-45ea-b5a1-cfffc3206269,Pickers,Blue Dot Sessions,Free Music Archive Collection,2023,30.0,FMA,126017,audio/126017.mp3,True
3bd40b45-5249-4969-9a5f-eedce18014aa,24c48cb1-706c-469b-9f5a-82c2ccb7327c,Just Dream,Joao Picoito,Free Music Archive Collection,2023,30.0,FMA,126188,audio/126188.mp3,True
70fdc231-2916-4c4d-b44f-140f56ea50ae,9e6d8f20-7f41-4263-afe9-6a098ec141b2,Cumbia Masonica,Ø+yn + GMC,Free Music Archive Collection,2023,30.0,FMA,126223,audio/126223.mp3,True
3d4d62ae-47de-49c2-b64f-42352ab14401,ec9f35bc-a145-46c2-8f7d-734d2736d70b,الغول,Ø+yn + GMC,Free Music Archive Collection,2023,30.0,FMA,126226,audio/126226.mp3,True
352d964e-5681-4fc5-9b19-b05f44484ebb,1802d24d-75c5-4bb9-b6b7-1d9022c2e8f8,Javan,Blue Dot Sessions,Free Music Archive Collection,2023,30.0,FMA,126229,audio/126229.mp3,True
98ac85f9-70be-4e61-a3ff-0b682e4f9fca,41a9a65f-b649-45c9-bc1b-980295e5f5ba,Silent Passing,Janneh,Free Music Archive Collection,2023,30.0,FMA,126317,audio/126317.mp3,True
269ea282-363b-4270-937c-4512770dcc0e,fc7fb98c-46b8-4981-9e6b-26b372ab2427,Distress Call,Janneh,Free Music Archive Collection,2023,30.0,FMA,126319,audio/126319.mp3,True
c132ff82-4f4d-480d-bd2f-e7c83c5e77aa,abae336c-abb3-4f47-b8e1-b1da31088091,Baldwin,Shy Kids,Free Music Archive Collection,2023,30.0,FMA,126402,audio/126402.mp3,True
f61787df-2ccf-4a4e-ad5d-7df0ca12b212,fa93063c-33a3-4429-8c27-1365af4fdf6f,A Simple Shroud,Blue Dot Sessions,Free Music Archive Collection,2023,30.0,FMA,126408,audio/126408.mp3,True
deaeeb99-6cea-43c6-b4a4-af2258ace447,16d03607-d77d-41a3-8d1e-2d0bfa3f5715,Stop motion,Shy and the Fight,Free Music Archive Collection,2023,30.0,FMA,126427,audio/126427.mp3,True
0288078e-9ce9-42d1-ac9d-22c57c9ade8d,fab5bde4-f6ec-4f59-811e-15be16c6fe46,Agia Kore,Autumna X Triage,Free Music Archive Collection,2023,30.0,FMA,126519,audio/126519.mp3,True
30d93505-ae16-4d78-84ef-d7fcaebbd7fd,7001fcf4-42e7-43c4-811f-54639f005639,Sixes Are Silent (Alternate Version),Skyjelly,Free Music Archive Collection,2023,30.0,FMA,126598,audio/126598.mp3,True
d00c3080-9236-4dd8-b8cf-14526ed2d569,e2439b44-f61a-4034-aed3-cf2b29763672,The Taylor Swift Capitalist Death Cult,Fields Ohio,Free Music Archive Collection,2023,30.0,FMA,126601,audio/126601.mp3,True
856511be-d65d-49df-9b5d-24694e7f096d,06eccc6c-0f5d-417c-9cb9-f08156794302,To Ruin,Sleep Out,Free Music Archive Collection,2023,30.0,FMA,126673,audio/126673.mp3,True
c5479924-8dfb-4e42-8343-c7f54b1b3eaa,689c36c6-c3b9-499a-8e7e-a90029f616d8,Blue Jay,Blue Dot Sessions,Free Music Archive Collection,2023,30.0,FMA,126720,audio/126720.mp3,True
b6002e2a-5aa9-4a35-b898-d3199040072c,db3c05a6-7367-4d1a-b03f-f4aad2c51926,Best Of Me,Derek Clegg,Free Music Archive Collection,2023,30.0,FMA,126746,audio/126746.mp3,True
13080999-a736-45b6-b2d4-08d0fa6f4421,c049ac20-dc7b-41b8-b5da-f7353ff3e023,Mirror,Robin Mitchell,Free Music Archive Collection,2023,30.0,FMA,127066,audio/127066.mp3,True
41dbe70e-b00f-491c-8850-bb36773ed960,cca9771b-2d87-4cb8-9d11-9fb6cf482d98,Careful,Wintermitts,Free Music Archive Collection,2023,30.0,FMA,127187,audio/127187.mp3,True
5a00108f-4e71-4955-9915-a30d03786375,1a3a5842-826e-40e9-90ec-cc893a37b37f,Hvis du ser mig går det skidt,Stærosaurus,Free Music Archive Collection,2023,30.0,FMA,127191,audio/127191.mp3,True
bec2e6ab-8d8c-4871-9635-fc6170024f9b,6d7093bf-b5df-4b6d-aed1-9fcfbe5b3fbc,The Chamber,Satori Ensemble,Free Music Archive Collection,2023,30.0,FMA,127210,audio/127210.mp3,True
ddbe874f-4494-407c-804b-8c561266c8b6,0fe6b745-c058-47d9-99a8-beb3087a8073,Shin A-lam,Hissing Fauna,Free Music Archive Collection,2023,30.0,FMA,127276,audio/127276.mp3,True
1805c402-54ec-474f-882a-67236bdc126b,6dc4d4f5-cebf-4cbb-8224-955e8328f503,Roundtrip,"Oh Yeah, the Future",Free Music Archive Collection,2023,30.0,FMA,127302,audio/127302.mp3,True
bccacf59-3b45-45ba-8d47-c5d08e9e2b5c,3899822e-848a-4526-9f44-70d78e7848c9,Nine Stones,Andrew Howes,Free Music Archive Collection,2023,30.0,FMA,127339,audio/127339.mp3,True
a53c316b-f0ad-4424-b548-dc5579835c3a,6dd8f0a6-677c-4fc8-8364-03d548081890,Violoncello Intermezzo,Mal Occhio,Free Music Archive Collection,2023,30.0,FMA,127422,audio/127422.mp3,True
1f9783c2-ca29-44a0-9eed-8698ccef1918,06c5cb19-507b-4dce-982e-3a2f0150cfad,Mama Medusa,HighWay17,Free Music Archive Collection,2023,30.0,FMA,127469,audio/127469.mp3,True
1f7dc25a-98f1-44fd-9359-f6ebca231186,5bd63f60-2f62-4c4d-9c2f-e0aafb3c1715,Entrap,Blue Dot Sessions,Free Music Archive Collection,2023,30.0,FMA,127496,audio/127496.mp3,True
15145f41-3932-4816-9cd9-6dcedaa82730,63eea55e-8b7c-4f0b-835b-b0eb034c3a25,In Other Times,Blue Dot Sessions,Free Music Archive Collection,2023,30.0,FMA,127497,audio/127497.mp3,True
849ab96d-b97c-4adb-b354-f5833033375b,64ad1934-54e1-43c9-8a5a-d6cbeaa0961e,No Brain,Space Monkey Death Sequence,Free Music Archive Collection,2023,30.0,FMA,127532,audio/127532.mp3,True
4aee8457-1578-48af-8999-bd81f21fcde5,10cb1ab4-7e5a-4f9f-8b7c-903ec1621b40,Ein Art Einleitung,Music for Rabbits,Free Music Archive Collection,2023,30.0,FMA,127620,audio/127620.mp3,True
24e34811-511e-4db3-8db0-2b6f80ff23fb,a7ddfdbe-7f61-4dbd-9401-d5844f036c59,Rich Albertoni / Stinge,Mellow Harsher,Free Music Archive Collection,2023,30.0,FMA,127720,audio/127720.mp3,True
26b085b7-ac18-4729-9e5f-6d0c3b0034fb,e7eee060-f462-4442-b899-ad9484d432c6,See You Cry,Gingerlys,Free Music Archive Collection,2023,30.0,FMA,127913,audio/127913.mp3,True
a3adf68f-3342-48ae-a86c-58709104c19d,76c37c8c-3edd-49dd-8e2c-a4621a5e0e62,Flattered,Blue Dot Sessions,Free Music Archive Collection,2023,30.0,FMA,128471,audio/128471.mp3,True
fe11e34f-f67b-4ce0-8599-6421cf6b0d3e,b13819b9-59e3-4af5-99a9-d75e646b6adc,A Burst of Light,Blue Dot Sessions,Free Music Archive Collection,2023,30.0,FMA,128473,audio/128473.mp3,True
5e7312d0-3e00-418f-aacd-42f695510a4a,a7d5a35f-6059-419b-ab14-8960596ab986,GO!GO!GO!,Emerald Park,Free Music Archive Collection,2023,30.0,FMA,128477,audio/128477.mp3,True
398e2f07-67f7-4a6c-97f7-bf28d64289f9,80ecb65d-a20c-481c-bf92-a898564ca8a9,We Can Talk About That (Instrumental),Ant The Symbol,Free Music Archive Collection,2023,30.0,FMA,128666,audio/128666.mp3,True
b1a25822-42f0-45cb-92e5-eae8ee9d5461,b3203c83-d07d-4e03-b640-a876dc6fa345,Lathe,Blue Dot Sessions,Free Music Archive Collection,2023,30.0,FMA,128812,audio/128812.mp3,True
35267ea5-f878-4b8e-b273-e610aa6e0ff2,d348db02-c651-4660-855f-b7d774b6f3bc,Festive Felicitations,Squire Tuck,Free Music Archive Collection,2023,30.0,FMA,128878,audio/128878.mp3,True
8d9642c5-3043-48b2-8160-4ac018092ee7,2d510e94-cd10-44c5-a3b9-670c3f60b4a2,Bringing Joy at Christmas,Squire Tuck,Free Music Archive Collection,2023,30.0,FMA,128879,audio/128879.mp3,True
a87020e9-0049-4894-8831-fcc8210ee599,2680113b-03bc-4b9c-a336-1ef63cb3ed48,Sad Times,Squire Tuck,Free Music Archive Collection,2023,30.0,FMA,128886,audio/128886.mp3,True
ce74f631-be6f-470d-a28d-4159fd1dce43,23f0c28b-84dc-42e3-b1c2-1f54e5281107,The Last Goodbyes of Planet Earth,Squire Tuck,Free Music Archive Collection,2023,30.0,FMA,128888,audio/128888.mp3,True
3a597849-d258-4bb1-a903-995943f5b88b,9637f872-8028-40de-9e94-5150ec073940,Streamer,Blue Dot Sessions,Free Music Archive Collection,2023,30.0,FMA,129044,audio/129044.mp3,True
cd3ee144-342e-4026-87de-ca5446cce212,f4e58ae3-b328-4781-af6e-24842958cf3a,Duane Stomp,The Vivisectors,Free Music Archive Collection,2023,30.0,FMA,129093,audio/129093.mp3,True
7d42e5f7-c2dd-44bb-8afb-da177ae28ea8,d1b8a911-2e09-481b-b876-8e98bcdf1bde,To The Wind,A la Mode,Free Music Archive Collection,2023,30.0,FMA,129392,audio/129392.mp3,True
a8f7db8b-2371-4f0c-8c49-25c326caba08,dec2f74d-c86c-4dc5-bc64-667251e5d2b8,Rock This Session,Jerry Harris,Free Music Archive Collection,2023,30.0,FMA,129398,audio/129398.mp3,True
d986d905-ad46-482e-b7fd-dc4f047d0d18,0f749730-561f-4e5c-8fde-5a3e417f9c03,Should I,Trevor Flowers and Iheka-Chama,Free Music Archive Collection,2023,30.0,FMA,129403,audio/129403.mp3,True
f973d212-ca59-41e7-af4a-e05065a20c89,be15998e-2706-4384-95fe-c56bee24517b,Tentacle Hentaij - Core Noisetone,Ralph Brown,Free Music Archive Collection,2023,30.0,FMA,129624,audio/129624.mp3,True
83522261-0a09-4c26-9c4e-ef5117d5d426,aa24e145-fd87-401c-b76e-f1bee19fec00,Penny17,Captive Portal,Free Music Archive Collection,2023,30.0,FMA,129807,audio/129807.mp3,True
92952f00-12e3-4365-873e-4ab08a34429d,6dd1d5b4-a62a-4a03-b9cc-02202745222a,Cali,Tzelalot,Free Music Archive Collection,2023,30.0,FMA,129876,audio/129876.mp3,True
35f2d6d7-e65f-4d55-b1ca-9cdc810780a3,f455a984-7b2e-44b1-b3c5-6df1259854b1,In Da Trap,Dollar Boyz,Free Music Archive Collection,2023,30.0,FMA,129910,audio/129910.mp3,True
4df2cde4-3e42-4187-95c2-53c93e2a5fae,e550ef84-7f53-47c2-990b-1043a66eeb8c,Soul Survivor,Dollar Boyz,Free Music Archive Collection,2023,30.0,FMA,129918,audio/129918.mp3,True
f3b8cdf7-210c-460e-9d70-649a7cc38f7c,2da0522b-9d81-465c-889f-6202dc4efa74,Picnic at the reactor,Michett,Free Music Archive Collection,2023,30.0,FMA,130135,audio/130135.mp3,True
abab0bdc-b1b6-467c-adc9-b7c6b32688f0,e96e86be-0be7-4bde-a89f-9a1d4f0e490b,Funky Motion,Cheese N Pot-C,Free Music Archive Collection,2023,30.0,FMA,130650,audio/130650.mp3,True
ec9634fb-7c21-45d2-b26d-614bcab98ee8,6e3b6118-be70-4045-8106-ae5b5b8f571a,The Friendly Monster Shop,The Zombie Dandies,Free Music Archive Collection,2023,30.0,FMA,130683,audio/130683.mp3,True
e90c7277-ec68-42cf-b127-6a55116cc7f7,abaf4e83-d290-4d8a-b270-1dca6b55a258,Twenty Somethin',Jimmy & The Threats,Free Music Archive Collection,2023,30.0,FMA,130711,audio/130711.mp3,True
e70ab947-d357-48de-b6bf-19dc255490e8,d279261a-4b64-42a4-b41e-76dce34954ce,The Stars Look Different (Ziggy Stardust Mix),spinningmerkaba,Free Music Archive Collection,2023,30.0,FMA,130927,audio/130927.mp3,True
746ad5f0-5574-4059-adff-22848b789eda,7ffadcf1-699a-4179-8ad5-018ca0631a47,All The Stupid Things You Say,Albin Andersson,Free Music Archive Collection,2023,30.0,FMA,130951,audio/130951.mp3,True
aeb65c06-56dd-4af3-a7cf-43f6d30318f5,c073fe12-3f99-4019-b23b-6ed1bbc9b679,Turning,Blue Dot Sessions,Free Music Archive Collection,2023,30.0,FMA,130993,audio/130993.mp3,True
b6e95e62-cb89-4323-ac5b-e56cce7a52ce,96825dc3-39e2-4712-875f-7e11a8e706d3,Zombies,Pot-C,Free Music Archive Collection,2023,30.0,FMA,131016,audio/131016.mp3,True
5ecf21cf-5593-4728-9a75-fd57c2b20806,cbe2527f-ea0d-4d67-afe1-68963c55b593,The Silver Hatch,Blue Dot Sessions,Free Music Archive Collection,2023,30.0,FMA,131326,audio/131326.mp3,True
489988da-ae3e-4908-947d-0e2b95dd9904,a8374d6d-4bba-41ae-b727-443a6278a761,B08 Mario,Mom Jeans,Free Music Archive Collection,2023,30.0,FMA,131454,audio/131454.mp3,True
2963ba50-e892-45e0-8758-bbdff7c2471f,e980e1c8-a73a-4035-867e-524c0e4b432c,Let Me Rock,The Flamin' Groovies,Free Music Archive Collection,2023,30.0,FMA,131657,audio/131657.mp3,True
1f36c0c2-4c3f-4ed8-9a0c-360b8c7b3756,fc398e37-599e-41c4-af96-d9d66a7bee38,Above Us,David Szesztay,Free Music Archive Collection,2023,30.0,FMA,131911,audio/131911.mp3,True
6a1bd420-7c11-4211-aca2-f2516ef49122,10dd1e5d-2e73-4f57-a69b-922b01c6b549,Open Windows,David Szesztay,Free Music Archive Collection,2023,30.0,FMA,131919,audio/131919.mp3,True
f31924f7-aa2d-4594-af5a-22e5d903de28,ccc3874f-b216-43b9-87da-3fdfc6845bf4,Tsangala,Yale Women's Slavic Chorus,Free Music Archive Collection,2023,30.0,FMA,131950,audio/131950.mp3,True
0acfe3d4-c948-428b-92c5-f2c7cda63bd9,e08e8e3e-d9fc-4fc4-a95c-9788399ca4b2,Credit Where Credit Is Due,Timezone LaFontaine,Free Music Archive Collection,2023,30.0,FMA,132117,audio/132117.mp3,True
a72b877c-dd1b-45e9-a39f-3f4e5f25b322,8d51cbc5-b0bf-4db8-9f2f-ada62fbd6973,Not Quite There,Ava Zandieh,Free Music Archive Collection,2023,30.0,FMA,132449,audio/132449.mp3,True
94d1b066-b283-4292-907b-55995766f729,fa5d7adf-2579-45f8-bb56-cb7e25c083fb,Bosa Nova,Gardenella,Free Music Archive Collection,2023,30.0,FMA,132781,audio/132781.mp3,True
4af76a03-206d-42a8-9dbc-c486f376a471,0acf17e1-9020-48ae-813d-f287080457ff,Fuck Texas,Gardenella,Free Music Archive Collection,2023,30.0,FMA,132784,audio/132784.mp3,True
5eb496ed-3c41-4d1e-bf96-b631681bdaec,e01439d9-35c5-4385-8b57-676cae954d98,She,Gardenella,Free Music Archive Collection,2023,30.0,FMA,132790,audio/132790.mp3,True
4d595a69-a417-47de-9b2b-c26b794d6c82,feeff83e-e6b4-499e-8acb-4623efcb644f,Pulse,SPCZ,Free Music Archive Collection,2023,30.0,FMA,133029,audio/133029.mp3,True
0309cd63-b8a5-4d48-a83f-db34f2955945,8e1b786e-a8e5-4571-a875-61cd8f0a5d84,Horse ride 2,TRG Banks,Free Music Archive Collection,2023,30.0,FMA,133435,audio/133435.mp3,True
38e66ee1-d277-4174-b329-e11e9f87ecfd,648b97ed-a9a0-4483-8e4c-8020e61deac9,Extravaganza,TRG Banks,Free Music Archive Collection,2023,30.0,FMA,133448,audio/133448.mp3,True
4c13250a-da23-4c4c-985f-11a5e5cab573,d40059e2-9bde-4a07-b487-a5e9c2b740da,Flying,TRG Banks,Free Music Archive Collection,2023,30.0,FMA,133451,audio/133451.mp3,True
f82a33b2-1771-4de9-9a86-57ff83585d0b,aa9035e3-cb67-4cff-afe5-2929730dca87,Chains Down,David Szesztay,Free Music Archive Collection,2023,30.0,FMA,133538,audio/133538.mp3,True
216818c9-5b8a-48e5-9586-865d063795ef,3658f1d2-60b1-4d58-8072-d13e085cd757,Wake Up,David Szesztay,Free Music Archive Collection,2023,30.0,FMA,133580,audio/133580.mp3,True
359206dd-25f8-4810-bee5-fd035420abc8,123d98f2-1870-429b-b2e7-f56eed2c2d31,66,Bonnie 'Prince' Billy,Free Music Archive Collection,2023,30.0,FMA,133639,audio/133639.mp3,True
16650ed5-f32b-4884-9551-9137e988bae2,6c3439bd-1bca-4983-86b0-5640f3f8ebec,The Ball is Round,David Rovics,Free Music Archive Collection,2023,30.0,FMA,133803,audio/133803.mp3,True
ded8779e-f68c-4738-8173-e807bead6b41,90af2985-e0ce-408e-859f-6fdb9f97675d,Quiet Raga,Nimisha Shankar,Free Music Archive Collection,2023,30.0,FMA,133837,audio/133837.mp3,True
64d3a274-7631-455f-9bce-0d9a2fdfbec8,5b242ae1-193b-469a-8629-c6a06c13196b,Plan II,Raul Diaz Palomar,Free Music Archive Collection,2023,30.0,FMA,133942,audio/133942.mp3,True
84418a51-cf4c-49e0-93dc-b15b49aea04b,8616a15e-6541-4d2e-a389-7ae5918e95a9,The Journey,Marcos H. Bolanos,Free Music Archive Collection,2023,30.0,FMA,133968,audio/133968.mp3,True
15abbbc3-a7d5-4253-bed4-aa66748bb928,7adf5055-ba96-4882-8100-1c8a536c260a,Instrumental,Purling Hiss (Solo),Free Music Archive Collection,2023,30.0,FMA,134594,audio/134594.mp3,True
75fed166-51cc-4b45-9bf6-5d47425bc5b2,e5be79e2-72a1-43de-877f-76770a1e8ba6,Needy Ass,Tha Silent Partner,Free Music Archive Collection,2023,30.0,FMA,134825,audio/134825.mp3,True
59400540-4af0-4b15-8e03-17bd0c2cda41,c5ae065d-ba80-47d1-976e-1f7f8d1ddd97,-Sheydaii,"Turku, Nomads of the Silk Road",Free Music Archive Collection,2023,30.0,FMA,134918,audio/134918.mp3,True
51a64248-b59c-49ec-b6d8-900b1118474e,34633350-832c-4c37-82d7-c61e252ccf7f,-Yesilim,"Turku, Nomads of the Silk Road",Free Music Archive Collection,2023,30.0,FMA,134935,audio/134935.mp3,True
296f3b4d-ea38-4c8a-a640-3de1d7d6d486,90f81f0e-830b-44c4-9f8c-a04e2ec228df,-Bir Demet Yasemen,"Turku, Nomads of the Silk Road",Free Music Archive Collection,2023,30.0,FMA,134941,audio/134941.mp3,True
100f33d1-eb25-4368-979f-bd21a950ee76,e4bb1b40-074b-4efb-bdc9-4a3b69be4aa3,Penceresi Yola Karsi,"Turku, Nomads of the Silk Road",Free Music Archive Collection,2023,30.0,FMA,134962,audio/134962.mp3,True
a57ab426-3e53-420a-b216-793fccceac0a,1a398665-d13a-4f3b-807e-dd589dbc3d22,L'herbe verte,Anga,Free Music Archive Collection,2023,30.0,FMA,135028,audio/135028.mp3,True
f1345a99-380f-49b9-9085-ce2eb35326f8,23f82661-6fdf-479d-a471-86c8cd86429e,Nihavent Longa,Ehl-i Keyif,Free Music Archive Collection,2023,30.0,FMA,135224,audio/135224.mp3,True
8d2ddff4-b172-4501-9357-ce19305da469,fda80df7-cfbf-4c2b-b3fc-1d131ad5fe0a,The Coldest Winter,Caleb Lemond,Free Music Archive Collection,2023,30.0,FMA,135338,audio/135338.mp3,True
b5f7ed64-70cb-4e08-aa37-ed7ee63ba221,f9c66fdb-342b-4d89-9595-3657cb0be220,Colour,Lamprey,Free Music Archive Collection,2023,30.0,FMA,135364,audio/135364.mp3,True
17cf656d-982c-4c56-90f1-db57f4037bb1,b9dd7184-8b83-4070-9bf1-495db4148d33,Grethel,Lamprey,Free Music Archive Collection,2023,30.0,FMA,135369,audio/135369.mp3,True
8e3b9b1b-953f-44b2-bc74-0681005aa3a6,f5055c34-e86b-4527-b9e5-3f640d561e6c,Parasite,Lamprey,Free Music Archive Collection,2023,30.0,FMA,135372,audio/135372.mp3,True
7e5356c8-9703-4d09-b57e-311eb560d24a,4077e1b7-83ca-4c06-a2a7-b1034e845b6d,Daydreamin' feat. Knwlan Ryn,Marquice Turner,Free Music Archive Collection,2023,30.0,FMA,135990,audio/135990.mp3,True
1a7c38f0-844a-47e1-99f3-25516e31c890,1f136ac5-04b0-4e2f-a3ef-f99ef1ddff38,I Hate The Weekend,Tacocat,Free Music Archive Collection,2023,30.0,FMA,136091,audio/136091.mp3,True
8fa4425e-91a8-4d08-bd92-d0de42228e44,35824f96-4b53-4657-aac6-f76053b0d8e3,NAMAEWANAINAMAEGANAI,Urban Predator,Free Music Archive Collection,2023,30.0,FMA,137356,audio/137356.mp3,True
ba7df091-c536-4134-9c22-42b641e4b096,d0ea6ce6-a4e3-4c28-9a3b-198ca0eb08ee,The Party,Monkey Mind,Free Music Archive Collection,2023,30.0,FMA,137419,audio/137419.mp3,True
0b3b9b54-3f37-4a26-81c2-bc0119a0ebde,b85b0098-3ee8-4448-8a1c-dcf51e55c2e7,Sunpowered Surfboard,The Vivisectors,Free Music Archive Collection,2023,30.0,FMA,137716,audio/137716.mp3,True
1387e0c8-bb07-40bc-82ae-0e9b6b6728d3,09a4d2d9-12a8-478a-a6b8-832b62c372c5,Redemption,The Vivisectors,Free Music Archive Collection,2023,30.0,FMA,137721,audio/137721.mp3,True
45ed63a6-1e40-4d14-a0bb-65cf33468875,41144964-fef1-4a96-8aeb-7850a3cd5ed2,Russki Psycho,The Vivisectors,Free Music Archive Collection,2023,30.0,FMA,137724,audio/137724.mp3,True
c0add2ba-a83b-4b8f-840d-49fb56ffaaa7,a0455996-ff81-43a8-867b-228be9277778,Childhood Memories (DocSonic Mixx) featuring D3Zs,C-Doc,Free Music Archive Collection,2023,30.0,FMA,137901,audio/137901.mp3,True
2dc7677a-ad60-4479-ad83-1d07b7db0e3d,4d629125-f430-45a8-8b10-ab0c87891536,One Knife,Every Now and Every Then,Free Music Archive Collection,2023,30.0,FMA,138060,audio/138060.mp3,True
403f9eb1-6cc9-4f0a-8e6b-0c9e0297b8b2,96f24aaf-0407-491a-834c-3b9441f376ad,Dark Angel,Black Flamingo,Free Music Archive Collection,2023,30.0,FMA,138062,audio/138062.mp3,True
0e581c39-6f77-40d9-8b19-f78242a09ef7,4f2f07fd-a2a4-4c73-bb1f-1c7605b086b8,Zombie,Black Flamingo,Free Music Archive Collection,2023,30.0,FMA,138065,audio/138065.mp3,True
142edc54-c5f8-4eaa-8e2f-2f5e3a353ebf,70613073-0ef0-4a5f-9f28-4dee4cdcb651,Drifting,Black Flamingo,Free Music Archive Collection,2023,30.0,FMA,138066,audio/138066.mp3,True
d9355537-b98c-4dcd-8a16-5c662a76728b,1f703579-4fd1-408f-8c63-dd893fec30bc,2/3 Straight Edge,Angstbreaker,Free Music Archive Collection,2023,30.0,FMA,138351,audio/138351.mp3,True
c419e88b-d6b0-482d-b677-e60137fdf29c,01e0e919-c04b-4bc9-a199-330e0513a654,At The Leaving Star Lounge,dadala,Free Music Archive Collection,2023,30.0,FMA,139329,audio/139329.mp3,True
3623b6f9-55b3-4e72-ba80-a1646e47689f,65f02eaa-9a10-4897-91c5-9aea74ba658a,Freeway,Dave Nelson,Free Music Archive Collection,2023,30.0,FMA,139534,audio/139534.mp3,True
cfb02127-0c42-497d-a7aa-3760eeffcbb7,c30e6ce6-2844-4d6b-ac7a-a4fd02d0accb,Special K,Resonancedj,Free Music Archive Collection,2023,30.0,FMA,139995,audio/139995.mp3,True
40af3e68-6c57-4292-9d0c-45a98b64edac,6799043e-3ec0-4b20-839d-1e4567e9ed9b,Coco,Jorge Mario Zuleta,Free Music Archive Collection,2023,30.0,FMA,140266,audio/140266.mp3,True
4f507373-8900-4890-bce6-83de387d9347,325a86f0-b369-4528-a2be-0fb32326bba5,No Country For Old Men (D's Muddy Water Breakfix Mixx),The Impossebulls,Free Music Archive Collection,2023,30.0,FMA,140626,audio/140626.mp3,True
4cb3c7c1-ee3f-44d4-bda5-8dfde2c5dfe7,406422f6-0759-420f-b962-cd5db80e0ef7,Morning Bell,Nihilore,Free Music Archive Collection,2023,30.0,FMA,140922,audio/140922.mp3,True
3935ed4e-8d42-47d4-ad6d-091625b31502,297e361f-acfb-45f2-bb29-747348c00a46,Fly Blackbird Fly : rewrite,-ono-,Free Music Archive Collection,2023,30.0,FMA,140935,audio/140935.mp3,True
b3a8c7eb-9a31-4246-b209-61dd3431af66,8c61d06a-6b25-4928-8b1a-1b877c8caf8f,So Sad : rewrite,-ono-,Free Music Archive Collection,2023,30.0,FMA,140939,audio/140939.mp3,True
6eb0d27a-d645-4ad2-89bb-630429ae3790,c5cf3a01-31ff-4a67-ae50-f6ed5b4bf720,Seis,Corazones service,Free Music Archive Collection,2023,30.0,FMA,141173,audio/141173.mp3,True
5d23981e-d2d4-4312-8803-b32a8ccf27a4,8ae1b99e-01ff-4e2b-a9e2-5b6d32c2d9c5,Stay (Teknique Remix) (Featuring Jeff Barringer),Simple CUT,Free Music Archive Collection,2023,30.0,FMA,141181,audio/141181.mp3,True
f0030ee3-1318-42b0-a97c-67d36e1f812d,cae25013-c9c5-4156-820c-3a91d2ff7cf7,Podcast Theme,Kevin Hartnell,Free Music Archive Collection,2023,30.0,FMA,141290,audio/141290.mp3,True
95d7d8ec-97c4-46cd-8bc4-552f79b93412,0600b347-ba0f-490a-b087-6ddd1646c25c,Dope Man,Yshwa,Free Music Archive Collection,2023,30.0,FMA,141566,audio/141566.mp3,True
eda9dcfc-7458-4ed4-aa02-40961db55e29,83579673-7fa9-4f3d-b672-05893782ba52,Dub For Gaza,Mikuś,Free Music Archive Collection,2023,30.0,FMA,141594,audio/141594.mp3,True
0acf16d3-f439-4129-bc30-ac079c8b3ed4,777c5d15-4e00-4c1f-aa46-98d911838935,Refinery,Remain,Free Music Archive Collection,2023,30.0,FMA,141873,audio/141873.mp3,True
1234f385-02c8-4a09-b86e-91d0be85d1fc,6dccb0a7-41c5-46f5-8c84-ffc11018476a,Tinderstix and Russian River,We Is Shore Dedicated,Free Music Archive Collection,2023,30.0,FMA,141901,audio/141901.mp3,True
ace3f0a2-b71f-45d3-99d1-4ee4d4e2de2f,a3f84ede-2738-4e85-93a6-55413b5eeb73,woke up feeling blessed,SK,Free Music Archive Collection,2023,30.0,FMA,142092,audio/142092.mp3,True
091ca02d-9981-4e9c-9efe-b0440c796734,dcefb42c-4799-43e4-98db-59384033a62d,Collapse,Sioum,Free Music Archive Collection,2023,30.0,FMA,142402,audio/142402.mp3,True
6923ace9-1466-4026-8593-adb05f283257,1717918f-7df0-4f12-8385-dcd699f3ede9,El mig amic,Terratombats,Free Music Archive Collection,2023,30.0,FMA,142538,audio/142538.mp3,True
aab33f53-4d5b-4759-b878-35d6f03be2f0,0935d705-6484-41b5-82e4-6479fc87a4a5,Vull viure d'aventures,Terratombats,Free Music Archive Collection,2023,30.0,FMA,142539,audio/142539.mp3,True
0d97fc1c-2a2b-47f7-8198-a963a08d3c8d,48f53f1b-c81a-47c1-91db-6c9ba8aca674,Come to Me,Rony Friedman,Free Music Archive Collection,2023,30.0,FMA,142552,audio/142552.mp3,True
2aca8a5e-b7d1-41e6-abb5-9c958891550d,a36441fd-0557-4a67-a7fd-07caddff8a04,Senegal,GOYMAMBA,Free Music Archive Collection,2023,30.0,FMA,142571,audio/142571.mp3,True
ecb459ce-d0a2-4c43-83e6-f16a045c4c21,914974c7-36f0-4983-b955-73e66647c45e,Silverdirt,J1*,Free Music Archive Collection,2023,30.0,FMA,142671,audio/142671.mp3,True
5d3b8e72-f1cc-484e-80ae-6d8eb757caa1,321d19f7-33e3-46dd-ab4c-d5aab28d82e7,Apollo,Mystery Mammal,Free Music Archive Collection,2023,30.0,FMA,143046,audio/143046.mp3,True
3905695e-68d8-4558-a4c7-080c549ed56e,3a516f69-4d25-42c0-93e0-814871ac154b,There Is Something Wrong,Mystery Mammal,Free Music Archive Collection,2023,30.0,FMA,143057,audio/143057.mp3,True
62c57e8d-a396-402b-aadb-d0ccf0a5b73b,1a78e277-5049-4ae0-bd1a-47a0380f09b9,Living In A Dream,Twin Guns,Free Music Archive Collection,2023,30.0,FMA,143097,audio/143097.mp3,True
6b6be71e-76c9-4b78-bdab-c2c8c87ed2c8,bfc35788-bc3a-43f9-8ca4-1acb10dd9101,March Of The Undead,The Invasion,Free Music Archive Collection,2023,30.0,FMA,143218,audio/143218.mp3,True
04a9f2c8-3e93-4f00-85c7-23cb112941e5,3527d838-4731-4ef6-ab7e-8cedad31d213,Swanhead,TRG Banks,Free Music Archive Collection,2023,30.0,FMA,143239,audio/143239.mp3,True
2514cfdf-9dab-4959-ac80-a959ce56fda6,34c48c4f-d344-42f3-b741-1ca278da2b59,Take Your Pills,Chase Alan Willis,Free Music Archive Collection,2023,30.0,FMA,143306,audio/143306.mp3,True
09582a26-a2af-484a-9714-51056c347900,2285e2e2-48dd-4e7a-aaef-81cd3dfe3502,Escape from Carpinteria Island,Chase Alan Willis,Free Music Archive Collection,2023,30.0,FMA,143308,audio/143308.mp3,True
a122e650-8c33-4173-b51e-af69b2f4c941,90cf8f32-3e58-4ac5-8535-0e07f9096d8c,Henna Negra,J-K,Free Music Archive Collection,2023,30.0,FMA,144172,audio/144172.mp3,True
bc36419e-f511-4e26-a089-f400b9905f65,e4dfb435-4ea7-4065-949f-dd54c273e988,New Moon,Dave Keifer,Free Music Archive Collection,2023,30.0,FMA,144492,audio/144492.mp3,True
da05e8a4-7a30-4da1-82f5-d6e696083bae,f9988835-cad4-4da8-8242-0db3201401ab,Lantern (Acoustic),Wildlight,Free Music Archive Collection,2023,30.0,FMA,144546,audio/144546.mp3,True
bb4e84b8-3570-444f-b22c-3b5eaef0ce33,3777a689-444c-4353-9a05-5678f0de502b,Move Like The Ocean (Acoustic),Wildlight,Free Music Archive Collection,2023,30.0,FMA,144552,audio/144552.mp3,True
bceecadc-5988-4f63-be2e-fb0db526af1c,1d5df7c1-9b0b-4104-a273-27ba635bc71e,Bea6 (Oelek dromer rmx),Richard Jonas,Free Music Archive Collection,2023,30.0,FMA,145042,audio/145042.mp3,True
e5e0f300-32dd-4cd6-9d62-afab5a1530d4,b50af2da-16f5-451b-85b7-76ad87ffaf61,Soundtrack 2. Act 6,Steve Burnett,Free Music Archive Collection,2023,30.0,FMA,145189,audio/145189.mp3,True
d1fa8ed0-4729-4c5e-88d5-6ff19152d0fd,0949b563-af89-4212-b439-cd3bc53776c5,Opening the Mouth/ Salt,Conduit,Free Music Archive Collection,2023,30.0,FMA,145199,audio/145199.mp3,True
be99e864-03c8-464a-a40f-79d48e03c6e7,ca20e4ab-d531-4397-8100-0388cc5d9c98,Tabea (Live at Galleri Bleue),Ars Sonor,Free Music Archive Collection,2023,30.0,FMA,145464,audio/145464.mp3,True
f5966369-619e-4f88-b278-da0bcd2134b5,225e1ac4-5763-40d7-98aa-31ead0d229fc,Homage to John Carpenter's Halloween Soundtrack,Squire Tuck,Free Music Archive Collection,2023,30.0,FMA,145476,audio/145476.mp3,True
6f2beffa-2c02-4e8f-a6e8-1660f6382716,a4d5d830-eba1-4ef7-a125-901a612f8061,Roommates (Piano Version by AGPB),This Mess is Mine,Free Music Archive Collection,2023,30.0,FMA,145556,audio/145556.mp3,True
7cfd304a-0be5-4ad4-a9c5-cab508368e84,9e86a198-4f84-4393-87d6-b63ec1c0ea61,SELF EXPLORER,North Cape Lights,Free Music Archive Collection,2023,30.0,FMA,145606,audio/145606.mp3,True
2537de63-e61d-46fc-958f-019322d37716,366bc611-bd09-440f-b71a-ef7c79f9388d,Godspeed (Lyndon Scarfe Remix),Maxwell Powers,Free Music Archive Collection,2023,30.0,FMA,145710,audio/145710.mp3,True
b09e9028-972c-40dc-80ee-6ce644ebc340,037878e8-efcb-4149-b2a2-914cfea3b5db,So On and Yo! (D.A.I.S.Y. Age Instrumental),LOWdown,Free Music Archive Collection,2023,30.0,FMA,145729,audio/145729.mp3,True
8d98d339-b7da-4b1c-8c50-a2572b75fe8c,c6022216-0fba-4a96-a902-4d1471cd640a,The BizBoxx,The Impossebulls,Free Music Archive Collection,2023,30.0,FMA,145748,audio/145748.mp3,True
c1e849f6-08be-4bbb-a4af-82c0d64fe7b2,e4909e8d-dfee-4525-8af4-75c75db3ddac,Liars & Conmen,The Impossebulls,Free Music Archive Collection,2023,30.0,FMA,145749,audio/145749.mp3,True
471a68a9-2bae-438d-bd91-bafff4870a1a,68905d13-104b-48f2-8bcb-6004e67760f0,Facing Inwards,Squire Tuck,Free Music Archive Collection,2023,30.0,FMA,145887,audio/145887.mp3,True
add96ca3-6eae-4add-b507-8f025df6fb29,bb149751-8a8b-4080-aa91-2259d3bcc9d5,The Cross,A-Grav Lab,Free Music Archive Collection,2023,30.0,FMA,146152,audio/146152.mp3,True
495d034d-5231-4e89-b1dd-d35c9b561571,7d180b8e-601f-4933-a80a-e1355f22b283,The Cavern,Langax,Free Music Archive Collection,2023,30.0,FMA,146458,audio/146458.mp3,True
38f3796e-338d-432d-bf8a-e868342bee62,caf0d86e-544c-4858-93c5-ce822005321d,Majestic Magnets (Headsnack Remix),Regenerated Headpiece,Free Music Archive Collection,2023,30.0,FMA,146687,audio/146687.mp3,True
b2815167-1244-439e-8aca-44c3679c6fc2,3cc86ccc-357e-4783-a3c4-35b20df56551,"Extraordinary League of HipHop Dads (Featuring Headsnack, Brash, Phashara & Venomous 2000)",ILLUS & ICBM,Free Music Archive Collection,2023,30.0,FMA,146716,audio/146716.mp3,True
b70cec65-96cf-4342-8808-e91563bac830,69401f4e-a709-44cc-aee7-c1de30cb9531,ALLMACKS (Drunken Masters Version) (Live),Regenerated Headpiece,Free Music Archive Collection,2023,30.0,FMA,146727,audio/146727.mp3,True
ea1774eb-5323-4cd4-a178-549b8f56b4df,d9063a9f-52a3-4bf7-b864-c47c5e90c7a2,Reaces Peaces,Derek Clegg,Free Music Archive Collection,2023,30.0,FMA,146968,audio/146968.mp3,True
3146383d-9d6a-4e68-8247-d0fe382a985e,0c0216a7-3ab9-4d91-818d-69ec04d8df64,So Is She,Derek Clegg,Free Music Archive Collection,2023,30.0,FMA,146969,audio/146969.mp3,True
1e1d1280-8a0f-4679-bd47-956ca06bef88,8cdea185-01be-493f-8323-b5ebbf3c9457,Depravity,Lozo Musico,Free Music Archive Collection,2023,30.0,FMA,147261,audio/147261.mp3,True
08cd6aa8-3a93-4146-8751-26b27d3529a2,f4473d15-1972-44e5-8a20-8775fea898db,Niceness,Red Star Martyrs,Free Music Archive Collection,2023,30.0,FMA,148074,audio/148074.mp3,True
423a5f8e-d220-408c-a411-7178ce9a2122,afbbfcdd-d5a9-45c1-9e63-b397a6bf319b,Hots For Brooklyn Instrumental,Ryan Cullinane,Free Music Archive Collection,2023,30.0,FMA,148120,audio/148120.mp3,True
23d853cf-0660-44d7-8a52-4d1b524fa9dd,a53745ee-7ce4-430f-aec8-603080764fbf,Hand of The Hunter,Josh Armistead,Free Music Archive Collection,2023,30.0,FMA,148235,audio/148235.mp3,True
70e12ae5-5238-4672-998c-c2cf87288d79,aad371dc-d2f6-48c4-b48f-48e12a377b62,Lovefingers,Silver Apples,Free Music Archive Collection,2023,30.0,FMA,148246,audio/148246.mp3,True
2ecd43d7-58c5-4f84-b74e-a69e95498f4b,81faa079-deb4-4443-a0fb-54067a61abc8,Main Course,LoveyDove,Free Music Archive Collection,2023,30.0,FMA,148290,audio/148290.mp3,True
5dc35920-1543-4928-b6f9-2bcb761dd0d5,67c5d374-95f7-4982-815f-05d7ab2f29da,Un truc 5,Nicolas Carras,Free Music Archive Collection,2023,30.0,FMA,148302,audio/148302.mp3,True
18bd1a22-6692-459b-94fd-48c31495b517,8a72c42e-2369-471f-a205-02ba278d4f21,No lyrics,In De Nadfin,Free Music Archive Collection,2023,30.0,FMA,148429,audio/148429.mp3,True
6ae40555-7a0f-4229-9ae2-0f5fc42a27da,a4b145bb-e4ab-452f-a35a-4bd2157a5abe,Arid Badlands,No Human,Free Music Archive Collection,2023,30.0,FMA,148443,audio/148443.mp3,True
7139aa57-a7c9-4503-a08f-d43c2e8c6294,06de9a0f-9097-49eb-b538-ee43551fd3e9,Talking To My Own Mirage,Carroll,Free Music Archive Collection,2023,30.0,FMA,148510,audio/148510.mp3,True
97e4c031-4abb-4c5c-8f30-49dbb2f60826,ac6b72c7-6489-4dd7-a31f-8e43bdc664b9,Elise en analyse,Le Manque,Free Music Archive Collection,2023,30.0,FMA,148586,audio/148586.mp3,True
c09a202e-b5ed-48d0-9177-1e22d206189a,e8c1322a-a354-46e6-bec1-1b32de627ed2,My Deviance,Red Crickets,Free Music Archive Collection,2023,30.0,FMA,148606,audio/148606.mp3,True
f7dea7f4-68f3-44ae-8103-abccb1804b7a,90a5eada-aa31-4483-974d-7ff7146542d0,A Mess,Red Crickets,Free Music Archive Collection,2023,30.0,FMA,148613,audio/148613.mp3,True
84f9bed1-db75-4b7a-8062-13eab3f3a9c5,9f243a03-72d7-4f33-ba03-09acb65457e8,Blue Piano,K. Sparks,Free Music Archive Collection,2023,30.0,FMA,149124,audio/149124.mp3,True
34440609-ff4a-4041-a7ad-64b701f05760,ed674355-e93b-46eb-a252-a9d104ad7c82,Celestial Navigation,Blue Dot Sessions,Free Music Archive Collection,2023,30.0,FMA,149143,audio/149143.mp3,True
98249590-cafa-485a-a07d-6568fab2f569,0125d614-1532-4d00-a1b2-b572fc979bba,Rising Heart,Sro,Free Music Archive Collection,2023,30.0,FMA,149700,audio/149700.mp3,True
88ee1e03-4438-49a5-bbab-2db1009d6dd3,5c0500d2-ff57-4bb8-b34a-88de061a3c8f,Answering M,Sro,Free Music Archive Collection,2023,30.0,FMA,149701,audio/149701.mp3,True
337d33f0-6d71-4f57-9683-0ce13918039f,808ce8fe-8abb-42b8-bc7d-f2d0c66da89a,Step One,Fatal Injection,Free Music Archive Collection,2023,30.0,FMA,149712,audio/149712.mp3,True
6dc27602-4357-47f7-abd1-b475300781aa,0cacdb30-6e16-40e8-a552-e723980510a3,Dark November #12,Wayne Kinos,Free Music Archive Collection,2023,30.0,FMA,149727,audio/149727.mp3,True
6079076c-8537-41f4-b640-b92df41fac90,39c66069-2f42-43db-b9a0-f4ee29417e74,Inner Mental Cage,Controlled Insanity,Free Music Archive Collection,2023,30.0,FMA,149776,audio/149776.mp3,True
36075ffd-5b1b-4c06-bf54-8761f44a0359,86c29ac2-9340-4b1a-8173-6d6ca2800906,B4-C'est gratuit (et ça le restera toujours),Manuel Duval,Free Music Archive Collection,2023,30.0,FMA,149842,audio/149842.mp3,True
e493085f-4a58-4bd2-b663-d2bf7432d8d2,b6fd0cc7-242d-40c0-8b2c-48d97d31db0c,Opa Tsupa,Peter Lyster,Free Music Archive Collection,2023,30.0,FMA,152425,audio/152425.mp3,True
0241575a-643d-4050-a1ee-2e75f72753ff,6f10e473-f9c8-4e08-8eca-7897e00061d6,La Samba (en public),Trotski Nautique,Free Music Archive Collection,2023,30.0,FMA,153383,audio/153383.mp3,True
bce81fc4-519c-4dd2-9e88-796eadb780f6,a95473fe-bccc-430c-b2f0-dda3bfff1198,Métal Province,Trotski Nautique,Free Music Archive Collection,2023,30.0,FMA,153452,audio/153452.mp3,True
f5e588a0-2032-4f00-a3b9-56a463417706,7aefe09a-5d97-43b0-935a-354376036acd,Calm Flight,Fleslit,Free Music Archive Collection,2023,30.0,FMA,154305,audio/154305.mp3,True
fe8c3abc-aed9-407f-a1b9-64c786b3adb5,349aee5f-5bcd-4a12-a866-7a9b34c03783,Cover Track TRSHS00013,Cover Artist,Cover Songs Collection,2024,344.6,SecondHandSongs / Cover Set,TRSHS00013,audio/TRSHS00013.mp3,True
ab757336-bc61-464e-a7de-266029e078ec,18799e56-040c-47a1-a1e0-c7a98ba8b9fc,Cover Track TRSHS00024,Cover Artist,Cover Songs Collection,2024,325.8,SecondHandSongs / Cover Set,TRSHS00024,audio/TRSHS00024.mp3,True
bf046a03-838b-498c-9a57-4bb2fe62443a,83a2b8ce-a024-4aee-8ca8-217356b20705,Cover Track TRSHS00033,Cover Artist,Cover Songs Collection,2024,280.1,SecondHandSongs / Cover Set,TRSHS00033,audio/TRSHS00033.mp3,True
49c6213a-2c3b-4d5b-9771-efc6036f0065,6bd9db3e-f31d-43b0-92db-c40062ed90de,Cover Track TRSHS00021,Cover Artist,Cover Songs Collection,2024,373.3,SecondHandSongs / Cover Set,TRSHS00021,audio/TRSHS00021.mp3,True
13cf82fc-af0d-48d8-b2b6-1a2e1c88e076,43175590-78db-4a47-bed5-e70473c56498,Cover Track TRSHS00031,Cover Artist,Cover Songs Collection,2024,354.5,SecondHandSongs / Cover Set,TRSHS00031,audio/TRSHS00031.mp3,True
48b6e504-0ace-4058-98f0-6ee52146ae8f,04a91113-f85b-4f33-bbbd-4ab708e162da,Cover Track TRSHS00022,Cover Artist,Cover Songs Collection,2024,180.0,SecondHandSongs / Cover Set,TRSHS00022,audio/TRSHS00022.mp3,True
14a8f4be-915d-45e8-be58-8902b912e0c8,93bef2a7-c349-43dc-b124-9106478f9e22,Cover Track TRSHS00032,Cover Artist,Cover Songs Collection,2024,425.9,SecondHandSongs / Cover Set,TRSHS00032,audio/TRSHS00032.mp3,True
f6c3cfec-9897-483d-a469-57a1b78240a4,ea01f01c-aae6-4476-a80d-99d9eede1c25,Cover Track TRSHS00023,Cover Artist,Cover Songs Collection,2024,438.0,SecondHandSongs / Cover Set,TRSHS00023,audio/TRSHS00023.mp3,True
cdfd314e-0b10-4927-bf27-2249f973926a,a0d35af3-6ab0-4c08-a027-15db64ff4183,Cover Track TRSHS00012,Cover Artist,Cover Songs Collection,2024,470.8,SecondHandSongs / Cover Set,TRSHS00012,audio/TRSHS00012.mp3,True
45fb843b-9af0-4f3a-9667-c327850d21a0,4ee973a7-0885-4baa-9fb2-e0173e5d6214,Cover Track TRSHS00011,Cover Artist,Cover Songs Collection,2024,528.2,SecondHandSongs / Cover Set,TRSHS00011,audio/TRSHS00011.mp3,True
c8f3c613-a770-4a12-b655-8d88fe95e90c,52fe5a08-1f40-4bcc-8e94-c1b25d35a02a,Cover Track TRSHS00034,Cover Artist,Cover Songs Collection,2024,373.3,SecondHandSongs / Cover Set,TRSHS00034,audio/TRSHS00034.mp3,True
750592f6-fff9-4a64-9747-d94c0b02eb1e,81bc142a-d40f-4d95-a37a-dd55e817f0b8,Cover Track TRSHS00041,Cover Artist,Cover Songs Collection,2024,354.5,SecondHandSongs / Cover Set,TRSHS00041,audio/TRSHS00041.mp3,True
2ad1110e-916e-44b6-870a-1ca43262ed4e,7c0e5ecf-2258-47f9-be9d-a21538ceb7c2,Cover Track TRSHS00042,Cover Artist,Cover Songs Collection,2024,280.1,SecondHandSongs / Cover Set,TRSHS00042,audio/TRSHS00042.mp3,True
a9f4750a-ac04-421a-924c-bb5f3b120c1b,2d03b3f1-9bda-43a4-9d54-e427e2a7a3a2,Cover Track TRSHS00035,Cover Artist,Cover Songs Collection,2024,528.2,SecondHandSongs / Cover Set,TRSHS00035,audio/TRSHS00035.mp3,True
1ea0fb5e-681d-418c-b264-00ba58114d06,6598f2b6-6888-46ef-b24d-8b451194aa08,Cover Track TRSHS00052,Cover Artist,Cover Songs Collection,2024,354.5,SecondHandSongs / Cover Set,TRSHS00052,audio/TRSHS00052.mp3,True
05a903f5-ffce-489a-972b-0d5c6ffca3bd,d6876c36-15ba-4a47-a39d-9fc205ea0271,Cover Track TRSHS00061,Cover Artist,Cover Songs Collection,2024,389.9,SecondHandSongs / Cover Set,TRSHS00061,audio/TRSHS00061.mp3,True
b62e5940-053d-4d39-9f70-84aa9bd17645,3642c27f-2c40-459b-80ad-8fd97b3366a9,Cover Track TRSHS00051,Cover Artist,Cover Songs Collection,2024,421.3,SecondHandSongs / Cover Set,TRSHS00051,audio/TRSHS00051.mp3,True
79419ab6-a137-41b8-90d8-cd7578858d55,bee82b91-2b68-4bc8-9cd9-f2def575baa0,Cover Track TRSHS00062,Cover Artist,Cover Songs Collection,2024,421.3,SecondHandSongs / Cover Set,TRSHS00062,audio/TRSHS00062.mp3,True
bb8c17d9-9c2d-4f3f-94e1-5c26c54e62a9,5e28dca3-8a1b-4e8d-93fe-103d682b0f45,Cover Track TRSHS00063,Cover Artist,Cover Songs Collection,2024,426.6,SecondHandSongs / Cover Set,TRSHS00063,audio/TRSHS00063.mp3,True
af51ea8b-4a5d-417a-8f3b-1724e51ba008,77db0046-3c72-4937-84ca-6e7363db6bad,Cover Track TRSHS00053,Cover Artist,Cover Songs Collection,2024,438.0,SecondHandSongs / Cover Set,TRSHS00053,audio/TRSHS00053.mp3,True
e16124d0-5aa8-4c42-b594-02c51a5b089f,67f3703d-f6b9-4a7c-84cc-7091e5771125,Cover Track TRSHS00064,Cover Artist,Cover Songs Collection,2024,426.6,SecondHandSongs / Cover Set,TRSHS00064,audio/TRSHS00064.mp3,True
fcf5b4f0-63c8-452b-b9ff-2015cbe8fbf6,4fb2f7b2-3dba-4991-a807-2c7060935275,Cover Track TRSHS00071,Cover Artist,Cover Songs Collection,2024,303.0,SecondHandSongs / Cover Set,TRSHS00071,audio/TRSHS00071.mp3,True
c4babb6d-b13d-45b1-a4c0-745a9b2fa4e7,c63513f8-e0bd-41ea-9c8e-9e93df2ed2ad,Cover Track TRSHS00075,Cover Artist,Cover Songs Collection,2024,280.1,SecondHandSongs / Cover Set,TRSHS00075,audio/TRSHS00075.mp3,True
2c9b1fab-6471-4873-9915-13fd5fe7da2d,d082d6fd-5c8f-41c2-adc9-605ff3cf5aa5,Cover Track TRSHS00072,Cover Artist,Cover Songs Collection,2024,517.0,SecondHandSongs / Cover Set,TRSHS00072,audio/TRSHS00072.mp3,True
9129e0dc-b21a-4932-ac38-c2e1991228c3,ad24ffa2-6215-4eea-9451-de941744b3e5,Cover Track TRSHS00073,Cover Artist,Cover Songs Collection,2024,325.8,SecondHandSongs / Cover Set,TRSHS00073,audio/TRSHS00073.mp3,True
3e3e0804-661b-45be-a16b-759de4003c51,510b1a09-437a-40b3-89c8-96c372be7a9a,Cover Track TRSHS00082,Cover Artist,Cover Songs Collection,2024,280.1,SecondHandSongs / Cover Set,TRSHS00082,audio/TRSHS00082.mp3,True
79020cf5-f418-4509-b4d5-10467ff1d3d3,d18e9dc6-32af-47cf-9905-231c7c5eaad2,Cover Track TRSHS00074,Cover Artist,Cover Songs Collection,2024,354.5,SecondHandSongs / Cover Set,TRSHS00074,audio/TRSHS00074.mp3,True
ad79e8e0-2d54-4c34-ab96-bc256d4fdbc8,897c2c55-595b-4ffc-8991-af1a29956fab,Cover Track TRSHS00081,Cover Artist,Cover Songs Collection,2024,426.6,SecondHandSongs / Cover Set,TRSHS00081,audio/TRSHS00081.mp3,True
708b80e9-d9d7-4a96-b2c7-656346667613,36810018-526f-4f03-b6f9-e23aef8ec54d,Cover Track TRSHS00091,Cover Artist,Cover Songs Collection,2024,483.4,SecondHandSongs / Cover Set,TRSHS00091,audio/TRSHS00091.mp3,True
04ac4682-92bf-40ad-a0dc-ecf6b45a6925,e3eac4b5-1542-414b-a248-ebc3f5e4e8b7,Cover Track TRSHS00092,Cover Artist,Cover Songs Collection,2024,551.9,SecondHandSongs / Cover Set,TRSHS00092,audio/TRSHS00092.mp3,True
09be3210-71aa-4641-b252-a98982b620c8,cc895da4-9c0a-440c-a2d9-d6de4701ab61,Cover Track TRSHS00093,Cover Artist,Cover Songs Collection,2024,470.8,SecondHandSongs / Cover Set,TRSHS00093,audio/TRSHS00093.mp3,True
738087d8-e7ca-48a2-bec1-1f93df0c7262,74d82227-8811-428c-9f2c-874ce2fc6cfc,Cover Track TRSHS00102,Cover Artist,Cover Songs Collection,2024,389.9,SecondHandSongs / Cover Set,TRSHS00102,audio/TRSHS00102.mp3,True
177217ff-df47-4a29-b85f-f11293cdc5b9,eb80e1da-9c68-447f-8a99-8ce34acc0399,Cover Track TRSHS00101,Cover Artist,Cover Songs Collection,2024,426.6,SecondHandSongs / Cover Set,TRSHS00101,audio/TRSHS00101.mp3,True
a73711c3-3519-40e0-9672-68cb8fcbc674,bde9bd38-257b-489d-8743-63b1cbf9b627,Cover Track TRSHS00103,Cover Artist,Cover Songs Collection,2024,389.9,SecondHandSongs / Cover Set,TRSHS00103,audio/TRSHS00103.mp3,True
5a629325-1eb8-4cd1-84b3-03287345729d,ef6ae1b2-d179-46bf-8a7b-3867c2b1de5d,Cover Track TRSHS00104,Cover Artist,Cover Songs Collection,2024,551.9,SecondHandSongs / Cover Set,TRSHS00104,audio/TRSHS00104.mp3,True
606a2bc2-eee6-43a9-879c-98e05dd55b41,57c5d706-42b6-4970-ad42-d0fbc684337c,Cover Track TRSHS00112,Cover Artist,Cover Songs Collection,2024,426.6,SecondHandSongs / Cover Set,TRSHS00112,audio/TRSHS00112.mp3,True
7249930d-d0d4-48fb-91af-6a50ce40ea21,e57dc3ac-6edf-4850-9368-d6408061bda1,Cover Track TRSHS00111,Cover Artist,Cover Songs Collection,2024,517.0,SecondHandSongs / Cover Set,TRSHS00111,audio/TRSHS00111.mp3,True
a921e3c3-1bf0-4f34-8536-f939a29b3719,dd476417-6bd2-41e1-a48c-fed264829e84,Cover Track TRSHS00114,Cover Artist,Cover Songs Collection,2024,354.5,SecondHandSongs / Cover Set,TRSHS00114,audio/TRSHS00114.mp3,True
c89ab4df-0e49-4831-9c0a-65d9194a60ec,feb2735c-85e7-4360-a57c-d7a6cee1df1a,Cover Track TRSHS00115,Cover Artist,Cover Songs Collection,2024,389.9,SecondHandSongs / Cover Set,TRSHS00115,audio/TRSHS00115.mp3,True
c591ee6e-dd55-443a-a721-eafdac7a26c4,a9929a2d-0e9a-4212-b1e7-6d30de7d7f0a,Cover Track TRSHS00121,Cover Artist,Cover Songs Collection,2024,517.0,SecondHandSongs / Cover Set,TRSHS00121,audio/TRSHS00121.mp3,True
2793c49c-9308-44bf-ba76-78d2b4adc50d,a2a91786-9411-466c-b194-98fc33ec8cc5,Cover Track TRSHS00113,Cover Artist,Cover Songs Collection,2024,426.6,SecondHandSongs / Cover Set,TRSHS00113,audio/TRSHS00113.mp3,True
a86fe33f-47f2-49fb-9750-76aceecca3e5,06ec6e28-943f-4fb7-8996-71104eda5e88,Cover Track TRSHS00122,Cover Artist,Cover Songs Collection,2024,438.0,SecondHandSongs / Cover Set,TRSHS00122,audio/TRSHS00122.mp3,True
1df488ef-e132-4965-80f7-8a9036eaa9cf,1e3c4930-e0b3-4d8a-b218-12f2ee0f0987,Cover Track TRSHS00131,Cover Artist,Cover Songs Collection,2024,438.0,SecondHandSongs / Cover Set,TRSHS00131,audio/TRSHS00131.mp3,True
e98597bc-955a-4b59-9f35-7c13fe2b7b64,8022e2ca-50e4-42dc-b422-ae70537c85b6,Cover Track TRSHS00132,Cover Artist,Cover Songs Collection,2024,514.4,SecondHandSongs / Cover Set,TRSHS00132,audio/TRSHS00132.mp3,True
9b910faa-283b-4d0a-b690-61133b4b72e8,bb1dabe0-de48-48ae-9cd7-5fa5d7d36e36,Cover Track TRSHS00133,Cover Artist,Cover Songs Collection,2024,421.3,SecondHandSongs / Cover Set,TRSHS00133,audio/TRSHS00133.mp3,True
4e8239c4-04e9-4e2b-8e01-871669bf2f99,4ab30821-3e15-4420-a132-5ee9258327e7,Cover Track TRSHS00144,Cover Artist,Cover Songs Collection,2024,303.0,SecondHandSongs / Cover Set,TRSHS00144,audio/TRSHS00144.mp3,True
53932ef1-8401-4bf4-a618-675db818b2f1,0fe8d0af-fab5-452e-9b37-3a4886d12452,Cover Track TRSHS00142,Cover Artist,Cover Songs Collection,2024,426.6,SecondHandSongs / Cover Set,TRSHS00142,audio/TRSHS00142.mp3,True
8480e75c-f57b-430c-8f09-e4b6aa376564,76897d8f-c0c2-48a7-a494-8dfd19e9d5ee,Cover Track TRSHS00143,Cover Artist,Cover Songs Collection,2024,517.0,SecondHandSongs / Cover Set,TRSHS00143,audio/TRSHS00143.mp3,True
a5b34f4c-5bf8-4eb1-84fe-11835d3b640e,658111c4-76a3-41b3-8368-daab3b83b5e5,Cover Track TRSHS00141,Cover Artist,Cover Songs Collection,2024,551.9,SecondHandSongs / Cover Set,TRSHS00141,audio/TRSHS00141.mp3,True
a07c380a-f4f0-4c7a-82c0-b22f7e1036cf,e666ccf0-d6aa-4467-bcae-91af60278ad5,Cover Track TRSHS00151,Cover Artist,Cover Songs Collection,2024,354.5,SecondHandSongs / Cover Set,TRSHS00151,audio/TRSHS00151.mp3,True
1c33d4c6-ef85-4663-a48c-c13e3a2ab2f6,4f6f8168-76f7-4a19-a75e-1bcc546acdbd,Cover Track TRSHS00152,Cover Artist,Cover Songs Collection,2024,389.9,SecondHandSongs / Cover Set,TRSHS00152,audio/TRSHS00152.mp3,True
bba47887-4a4c-4298-9fee-f37e77bb7b1f,2688d310-97c2-42f4-be18-81d516961fff,Cover Track TRSHS00153,Cover Artist,Cover Songs Collection,2024,354.5,SecondHandSongs / Cover Set,TRSHS00153,audio/TRSHS00153.mp3,True
182b559e-89d2-4f42-9bcc-6254f5a691e9,08584a58-415e-4645-8ad7-0e5fe293cfd8,Cover Track TRSHS00154,Cover Artist,Cover Songs Collection,2024,470.8,SecondHandSongs / Cover Set,TRSHS00154,audio/TRSHS00154.mp3,True
324b57af-450a-493a-b19c-da02a24615c9,b970e710-d3b4-4b1f-b57f-33d7f903f3aa,Cover Track TRSHS00155,Cover Artist,Cover Songs Collection,2024,426.6,SecondHandSongs / Cover Set,TRSHS00155,audio/TRSHS00155.mp3,True
f8823f5b-ad98-4962-8da9-41dc1c65f18f,de76e3e0-6512-450e-afaf-44f4a21cef4d,Cover Track TRSHS00182,Cover Artist,Cover Songs Collection,2024,325.8,SecondHandSongs / Cover Set,TRSHS00182,audio/TRSHS00182.mp3,True
7661e519-7d93-4417-8dd9-0f4198a42e36,d8c1cec5-2b67-49cb-8633-b8a732c37983,Cover Track TRSHS00191,Cover Artist,Cover Songs Collection,2024,280.1,SecondHandSongs / Cover Set,TRSHS00191,audio/TRSHS00191.mp3,True
54d7395b-9485-4382-8d58-bb5d311b8e9d,417c16f7-2a14-482e-94ff-99fd9cadb8ed,Cover Track TRSHS00181,Cover Artist,Cover Songs Collection,2024,389.9,SecondHandSongs / Cover Set,TRSHS00181,audio/TRSHS00181.mp3,True
c4ba2dcd-0f28-48d7-8879-acd4ea1a6b71,455b657e-fd97-4ed8-bc41-22a17a4a4bc0,Cover Track TRSHS00183,Cover Artist,Cover Songs Collection,2024,303.0,SecondHandSongs / Cover Set,TRSHS00183,audio/TRSHS00183.mp3,True
51873699-db61-44d1-9614-fe70dda77e2b,59cc63f7-b96b-4f02-aa0c-ce2d880f59ac,Cover Track TRSHS00172,Cover Artist,Cover Songs Collection,2024,528.2,SecondHandSongs / Cover Set,TRSHS00172,audio/TRSHS00172.mp3,True
1a8a3749-d943-4f38-899b-aaba64d96e93,977bf1a4-d870-4c81-957b-d7db9182b908,Cover Track TRSHS00171,Cover Artist,Cover Songs Collection,2024,517.0,SecondHandSongs / Cover Set,TRSHS00171,audio/TRSHS00171.mp3,True
98eb5fe6-f9c7-491b-a512-755af681c1ae,92a1f787-cd6a-4743-ad41-67c1aad97412,Cover Track TRSHS00173,Cover Artist,Cover Songs Collection,2024,483.4,SecondHandSongs / Cover Set,TRSHS00173,audio/TRSHS00173.mp3,True
53540e8c-9402-44f6-92b0-a655fbb42e62,4c8da8ba-f701-42cf-899e-ba54621b5f21,Cover Track TRSHS00184,Cover Artist,Cover Songs Collection,2024,483.4,SecondHandSongs / Cover Set,TRSHS00184,audio/TRSHS00184.mp3,True
18fb6fbc-86cc-47cf-9850-e9b90a2960bf,84ae7b58-b61e-4bd3-a028-a897bdbc89fe,Cover Track TRSHS00211,Cover Artist,Cover Songs Collection,2024,438.0,SecondHandSongs / Cover Set,TRSHS00211,audio/TRSHS00211.mp3,True
a37bd8e7-4e7e-4d3f-b122-ec41c9d6927a,fe42a68d-1a93-47f1-8f2b-6ec3f0d96ec4,Cover Track TRSHS00212,Cover Artist,Cover Songs Collection,2024,280.1,SecondHandSongs / Cover Set,TRSHS00212,audio/TRSHS00212.mp3,True
b72f34e4-2107-4d49-a57e-af021d8d7fdf,331d9cec-8e17-47dd-9ba5-bd11c004c64e,Cover Track TRSHS00192,Cover Artist,Cover Songs Collection,2024,303.0,SecondHandSongs / Cover Set,TRSHS00192,audio/TRSHS00192.mp3,True
62405194-4de3-4374-83db-a19dfe3c9fe5,456955aa-12d7-4150-a761-705b692c5d18,Cover Track TRSHS00161,Cover Artist,Cover Songs Collection,2024,426.6,SecondHandSongs / Cover Set,TRSHS00161,audio/TRSHS00161.mp3,True
63dcb5ac-ea32-4838-8998-2a98abb7be3c,d15e1550-ebf1-4274-9810-0940e14ce794,Cover Track TRSHS00213,Cover Artist,Cover Songs Collection,2024,354.5,SecondHandSongs / Cover Set,TRSHS00213,audio/TRSHS00213.mp3,True
e3ccc206-a975-4423-9dd1-651c1b55684e,eb0c4b33-b4ca-441f-b296-45ef88dcc50b,Cover Track TRSHS00162,Cover Artist,Cover Songs Collection,2024,517.0,SecondHandSongs / Cover Set,TRSHS00162,audio/TRSHS00162.mp3,True
0bb0d6d8-9986-43cf-9785-3d3156555319,685d9ebb-a7e6-465e-a58b-1f834001cf55,Cover Track TRSHS00221,Cover Artist,Cover Songs Collection,2024,426.6,SecondHandSongs / Cover Set,TRSHS00221,audio/TRSHS00221.mp3,True
8614ca67-7980-4b2b-aee7-ff4cb7faca6f,2b8019c6-b492-4d36-8c69-fd109d77a7dd,Cover Track TRSHS00222,Cover Artist,Cover Songs Collection,2024,280.1,SecondHandSongs / Cover Set,TRSHS00222,audio/TRSHS00222.mp3,True
9f4a1bfd-ad9c-4696-817b-84f5bb4b26e9,2cdf9844-16af-4548-be0f-8d952dfc51ff,Cover Track TRSHS00195,Cover Artist,Cover Songs Collection,2024,303.0,SecondHandSongs / Cover Set,TRSHS00195,audio/TRSHS00195.mp3,True
9e246a65-43d8-4adc-9ef2-d167077f272f,f299e569-c086-4816-aa44-c59532f7bba0,Cover Track TRSHS00194,Cover Artist,Cover Songs Collection,2024,528.2,SecondHandSongs / Cover Set,TRSHS00194,audio/TRSHS00194.mp3,True
61a24b38-8a17-4938-9996-41279cdc8586,0a4d11aa-8940-493f-9349-d8d755c250ff,Cover Track TRSHS00223,Cover Artist,Cover Songs Collection,2024,389.9,SecondHandSongs / Cover Set,TRSHS00223,audio/TRSHS00223.mp3,True
9d2d50c2-a55c-43e1-8cf8-0e1fb3752680,65d55d3d-d993-4943-91f1-e611072e4f7e,Cover Track TRSHS00193,Cover Artist,Cover Songs Collection,2024,438.0,SecondHandSongs / Cover Set,TRSHS00193,audio/TRSHS00193.mp3,True
bdf9adbf-bcdd-4d53-91ba-5fb09bd1e3bd,dcaad3d1-3daa-46eb-93e0-7bbe94710287,Cover Track TRSHS00224,Cover Artist,Cover Songs Collection,2024,551.9,SecondHandSongs / Cover Set,TRSHS00224,audio/TRSHS00224.mp3,True
2103f934-e50b-453f-8d75-0bfc560456ac,545216f9-b62c-42b2-81bd-ae96ec0a5473,Cover Track TRSHS00231,Cover Artist,Cover Songs Collection,2024,303.0,SecondHandSongs / Cover Set,TRSHS00231,audio/TRSHS00231.mp3,True
5eee081a-9d66-4ea7-af4d-42094fad5ac5,556c251c-a428-41fa-bbb2-661f573786db,Cover Track TRSHS00232,Cover Artist,Cover Songs Collection,2024,280.1,SecondHandSongs / Cover Set,TRSHS00232,audio/TRSHS00232.mp3,True
f89461fa-31b0-4603-94d4-930fdf0ed6cc,e2d41624-4d53-44e1-b84d-dc8859793590,Cover Track TRSHS00233,Cover Artist,Cover Songs Collection,2024,483.4,SecondHandSongs / Cover Set,TRSHS00233,audio/TRSHS00233.mp3,True
fa99eb6e-e46a-4f35-9235-e0efffc3b50c,e23b9c86-71a8-482b-a8ec-26280631aba9,Cover Track TRSHS00234,Cover Artist,Cover Songs Collection,2024,354.5,SecondHandSongs / Cover Set,TRSHS00234,audio/TRSHS00234.mp3,True
b6e04b4b-1b88-4538-ba61-da1a0d13f486,63bb8fb1-4b00-4cfe-98f5-45066f057815,Cover Track TRSHS00235,Cover Artist,Cover Songs Collection,2024,344.6,SecondHandSongs / Cover Set,TRSHS00235,audio/TRSHS00235.mp3,True
826db136-2b04-47ea-b04a-b43bfcee1838,f759137a-c50c-4c44-98d0-e331dde2adb0,Cover Track TRSHS00201,Cover Artist,Cover Songs Collection,2024,483.4,SecondHandSongs / Cover Set,TRSHS00201,audio/TRSHS00201.mp3,True
7de2938f-a6d8-4b16-8703-054d8b65943d,a6f760fa-78d5-492e-ac4a-c0fb0c0243f2,Cover Track TRSHS00202,Cover Artist,Cover Songs Collection,2024,483.4,SecondHandSongs / Cover Set,TRSHS00202,audio/TRSHS00202.mp3,True
f2075283-d217-46ea-b81c-b526c760717d,24f45c4d-c6ca-45d4-b78e-a01ec0ba7815,Cover Track TRSHS00241,Cover Artist,Cover Songs Collection,2024,483.4,SecondHandSongs / Cover Set,TRSHS00241,audio/TRSHS00241.mp3,True
7cf556d4-b9c7-4650-be6b-64e4702b4944,338f4768-9c34-4620-9d7a-d77cb787cfaf,Cover Track TRSHS00253,Cover Artist,Cover Songs Collection,2024,354.5,SecondHandSongs / Cover Set,TRSHS00253,audio/TRSHS00253.mp3,True
8319b2db-838e-471a-95fa-807c5fbafd47,2d08a819-dabc-479d-b423-cfc9debebb32,Cover Track TRSHS00262,Cover Artist,Cover Songs Collection,2024,426.6,SecondHandSongs / Cover Set,TRSHS00262,audio/TRSHS00262.mp3,True
72e392bd-6a77-42a9-b393-f0ff057627af,86004d5b-6360-403a-91ba-dce00b67f450,Cover Track TRSHS00261,Cover Artist,Cover Songs Collection,2024,528.2,SecondHandSongs / Cover Set,TRSHS00261,audio/TRSHS00261.mp3,True
168016d3-7850-4925-8737-edf65c1cc958,63347d87-a16c-4f39-9d1c-e123e6f51306,Cover Track TRSHS00263,Cover Artist,Cover Songs Collection,2024,421.3,SecondHandSongs / Cover Set,TRSHS00263,audio/TRSHS00263.mp3,True
a0156ab0-ea17-4efb-9ffc-cfa275204f7b,03e3a58a-b942-49d5-8ed3-5a6c99a7ef53,Cover Track TRSHS00271,Cover Artist,Cover Songs Collection,2024,303.0,SecondHandSongs / Cover Set,TRSHS00271,audio/TRSHS00271.mp3,True
d918c625-361e-4e27-94f1-140ce6a11912,be4431b8-d983-48c8-8d42-58c938c31016,Cover Track TRSHS00264,Cover Artist,Cover Songs Collection,2024,325.8,SecondHandSongs / Cover Set,TRSHS00264,audio/TRSHS00264.mp3,True
41b2adc8-9c4c-4fc0-a50c-f72ab22b6e5b,0774adf3-cb2a-40bf-a12d-93fdb1afc81e,Cover Track TRSHS00272,Cover Artist,Cover Songs Collection,2024,373.3,SecondHandSongs / Cover Set,TRSHS00272,audio/TRSHS00272.mp3,True
13d494ec-49f4-4a40-b7df-67ddca68feee,55971d58-26d3-413a-8729-48b58b1dc4c5,Cover Track TRSHS00273,Cover Artist,Cover Songs Collection,2024,517.0,SecondHandSongs / Cover Set,TRSHS00273,audio/TRSHS00273.mp3,True
ade4d5de-732b-4ee4-863d-393f8da11654,9523ee32-aef1-483d-acf1-b3b039c854fc,Cover Track TRSHS00242,Cover Artist,Cover Songs Collection,2024,551.9,SecondHandSongs / Cover Set,TRSHS00242,audio/TRSHS00242.mp3,True
730c4634-26de-4bab-8205-f324de29ca89,d8e8e027-8bfa-4ba5-adc2-736f7c732006,Cover Track TRSHS00274,Cover Artist,Cover Songs Collection,2024,514.4,SecondHandSongs / Cover Set,TRSHS00274,audio/TRSHS00274.mp3,True
54d8d742-18b5-4a30-95bb-41279637b7eb,e06d0873-c5f1-4099-950b-9c1c67797822,Cover Track TRSHS00281,Cover Artist,Cover Songs Collection,2024,426.6,SecondHandSongs / Cover Set,TRSHS00281,audio/TRSHS00281.mp3,True
01cf99b8-4ca4-4c53-b1c4-a7c84e374039,4be97897-0c05-4f8f-a4fa-62e97e6d0409,Cover Track TRSHS00275,Cover Artist,Cover Songs Collection,2024,438.0,SecondHandSongs / Cover Set,TRSHS00275,audio/TRSHS00275.mp3,True
91466dfb-d44d-48af-b23e-7c671e5cf3a0,557b83a3-15b2-4604-a47b-a7ad1cfbff38,Cover Track TRSHS00252,Cover Artist,Cover Songs Collection,2024,280.1,SecondHandSongs / Cover Set,TRSHS00252,audio/TRSHS00252.mp3,True
ad21bf8b-d68f-42ce-8618-5d9ed2019e38,f68416cc-96be-46a4-8639-9ab9f9ccea84,Cover Track TRSHS00251,Cover Artist,Cover Songs Collection,2024,514.4,SecondHandSongs / Cover Set,TRSHS00251,audio/TRSHS00251.mp3,True
be48e0b5-e8ba-4c03-a65a-aece6fb88b04,df9c153a-e94f-440a-bc39-5ba243d13284,Cover Track TRSHS00282,Cover Artist,Cover Songs Collection,2024,483.4,SecondHandSongs / Cover Set,TRSHS00282,audio/TRSHS00282.mp3,True
4ff6aa3c-f61b-4809-b77a-9729f06e39a3,691c2d55-3d94-434a-8719-4a0184e7c3d4,Cover Track TRSHS00291,Cover Artist,Cover Songs Collection,2024,517.0,SecondHandSongs / Cover Set,TRSHS00291,audio/TRSHS00291.mp3,True
259d971a-ed02-4fc6-8433-15a555614981,0279d3f3-e2a9-4442-a7da-1ca9e7de0df8,Cover Track TRSHS00304,Cover Artist,Cover Songs Collection,2024,373.3,SecondHandSongs / Cover Set,TRSHS00304,audio/TRSHS00304.mp3,True
927b973c-b6ef-40e7-9770-ce36de1ab50d,21f54fd3-d78b-4392-9a76-b887b513c0f0,Cover Track TRSHS00293,Cover Artist,Cover Songs Collection,2024,325.8,SecondHandSongs / Cover Set,TRSHS00293,audio/TRSHS00293.mp3,True
ed4adcd3-8155-48a2-8258-310fb0238724,f168dde7-72d8-4f8d-9ef4-2eef4a3e5070,Cover Track TRSHS00292,Cover Artist,Cover Songs Collection,2024,483.4,SecondHandSongs / Cover Set,TRSHS00292,audio/TRSHS00292.mp3,True
bc73f403-f13e-4b15-92a0-bdade438269b,0e26e955-7833-4891-b06f-3c1ba4f63ad0,Cover Track TRSHS00311,Cover Artist,Cover Songs Collection,2024,528.2,SecondHandSongs / Cover Set,TRSHS00311,audio/TRSHS00311.mp3,True
51c55eda-fac9-43bc-8e01-5f23484bd569,f9a78a8b-d534-4cbc-ab4a-35e518baf116,Cover Track TRSHS00312,Cover Artist,Cover Songs Collection,2024,280.1,SecondHandSongs / Cover Set,TRSHS00312,audio/TRSHS00312.mp3,True
141a0419-60ed-4071-ad41-73c85197ea83,c5b7ef90-6659-480b-bdfe-d7c0a76bc7e2,Cover Track TRSHS00301,Cover Artist,Cover Songs Collection,2024,344.6,SecondHandSongs / Cover Set,TRSHS00301,audio/TRSHS00301.mp3,True
2d738b91-3767-4da4-a52c-ddf137154b37,df1a2ebd-a252-4a85-8fec-7e812f2a87ab,Cover Track TRSHS00314,Cover Artist,Cover Songs Collection,2024,438.0,SecondHandSongs / Cover Set,TRSHS00314,audio/TRSHS00314.mp3,True
0efb62f6-4509-4d5d-8407-e6ebdeef7ff1,175fc719-8d5f-463b-b56b-213b82e4cd9b,Cover Track TRSHS00313,Cover Artist,Cover Songs Collection,2024,514.4,SecondHandSongs / Cover Set,TRSHS00313,audio/TRSHS00313.mp3,True
19a6a5dd-bf7b-428a-a0af-1cce32cc9c30,5848b160-9781-4adf-ae3a-d220c8db5cb8,Cover Track TRSHS00332,Cover Artist,Cover Songs Collection,2024,354.5,SecondHandSongs / Cover Set,TRSHS00332,audio/TRSHS00332.mp3,True
a92d99c0-e61a-4fa0-95f7-e3bf6bba810b,b29a090f-f26a-4015-b8aa-9cd1483fa9ca,Cover Track TRSHS00333,Cover Artist,Cover Songs Collection,2024,303.0,SecondHandSongs / Cover Set,TRSHS00333,audio/TRSHS00333.mp3,True
c78bfbaf-674e-42b0-b5a7-9c2e3073a596,31c2feda-fb25-42aa-8087-63d673dde102,Cover Track TRSHS00303,Cover Artist,Cover Songs Collection,2024,303.0,SecondHandSongs / Cover Set,TRSHS00303,audio/TRSHS00303.mp3,True
47d4ce2b-f8a6-455b-86ba-0ee01d6d04eb,b6b3443d-0698-4b2d-a0ca-c94093a5dd08,Cover Track TRSHS00315,Cover Artist,Cover Songs Collection,2024,421.3,SecondHandSongs / Cover Set,TRSHS00315,audio/TRSHS00315.mp3,True
2f21e38f-3260-4d8f-8706-112ad96137f4,c5eee40c-c715-43c8-94c7-b03702acaf3e,Cover Track TRSHS00302,Cover Artist,Cover Songs Collection,2024,344.6,SecondHandSongs / Cover Set,TRSHS00302,audio/TRSHS00302.mp3,True
b07f62aa-3811-4b5d-9c12-5722ba71ab55,af4f88cd-25ee-47e6-871c-b455b284adbc,Cover Track TRSHS00321,Cover Artist,Cover Songs Collection,2024,528.2,SecondHandSongs / Cover Set,TRSHS00321,audio/TRSHS00321.mp3,True
83c20146-925f-4e56-bdff-f615c46d1fe3,fe3a5fff-dc8f-44e8-94a3-c5f065655744,Cover Track TRSHS00342,Cover Artist,Cover Songs Collection,2024,421.3,SecondHandSongs / Cover Set,TRSHS00342,audio/TRSHS00342.mp3,True
f8d106be-368b-43a6-8ed6-f6eb49086b47,1c0534d2-e05e-41c0-83aa-cda65d1acb00,Cover Track TRSHS00343,Cover Artist,Cover Songs Collection,2024,438.0,SecondHandSongs / Cover Set,TRSHS00343,audio/TRSHS00343.mp3,True
9f1fd9e8-a91b-4b4d-8c37-77640950751e,f70a3baf-81b0-46fb-b7f7-37eb556d2a04,Cover Track TRSHS00341,Cover Artist,Cover Songs Collection,2024,514.4,SecondHandSongs / Cover Set,TRSHS00341,audio/TRSHS00341.mp3,True
2be8b87b-faa7-4118-8f0b-c4b31ef0cafc,a5fa8df0-61aa-41fd-bb0a-d96248b26c90,Cover Track TRSHS00322,Cover Artist,Cover Songs Collection,2024,344.6,SecondHandSongs / Cover Set,TRSHS00322,audio/TRSHS00322.mp3,True
413c2f0d-cf90-41ff-ac8f-17b03676090c,a9fc2e6f-4069-4332-93c7-a4cfa1048fc5,Cover Track TRSHS00351,Cover Artist,Cover Songs Collection,2024,325.8,SecondHandSongs / Cover Set,TRSHS00351,audio/TRSHS00351.mp3,True
3b1f3ec4-503d-4516-99c4-7250019b663c,504c6a08-a828-4b2f-996f-6d9842bfaca8,Cover Track TRSHS00344,Cover Artist,Cover Songs Collection,2024,528.2,SecondHandSongs / Cover Set,TRSHS00344,audio/TRSHS00344.mp3,True
e7672300-9372-4f26-af28-2e090651781b,c5772712-c3f9-45a4-8fa0-264049905918,Cover Track TRSHS00352,Cover Artist,Cover Songs Collection,2024,551.9,SecondHandSongs / Cover Set,TRSHS00352,audio/TRSHS00352.mp3,True
b02e1614-3965-49eb-a220-3a33d8190f84,85aa1328-3d19-4ae4-9c6a-315721077ad2,Cover Track TRSHS00353,Cover Artist,Cover Songs Collection,2024,325.8,SecondHandSongs / Cover Set,TRSHS00353,audio/TRSHS00353.mp3,True
1e9b318f-62dc-4fe6-97c7-7e144d7cb81f,f990845c-a45c-44de-904b-80cea803d458,Cover Track TRSHS00354,Cover Artist,Cover Songs Collection,2024,280.1,SecondHandSongs / Cover Set,TRSHS00354,audio/TRSHS00354.mp3,True
5f94ef90-3d7c-4284-b76a-b7a0aad19b88,d51bb58b-fedd-4e0c-a9e5-f805c93b39b0,Cover Track TRSHS00361,Cover Artist,Cover Songs Collection,2024,421.3,SecondHandSongs / Cover Set,TRSHS00361,audio/TRSHS00361.mp3,True
70a2c89e-c4b7-43a7-a5d2-f5b01ee7a7a5,d877643c-43d4-4313-a8d7-5728ab6493fb,Cover Track TRSHS00371,Cover Artist,Cover Songs Collection,2024,389.9,SecondHandSongs / Cover Set,TRSHS00371,audio/TRSHS00371.mp3,True
fe2f090a-17a1-4adf-9d03-b56aedd1b885,fea4013b-8c66-48ec-8fbe-c1c6c5d2afa9,Cover Track TRSHS00331,Cover Artist,Cover Songs Collection,2024,421.3,SecondHandSongs / Cover Set,TRSHS00331,audio/TRSHS00331.mp3,True
152e8b06-40e2-4100-b555-f7f97a8edcb2,02ead42d-663d-4614-8cae-748afa84a3e3,Cover Track TRSHS00372,Cover Artist,Cover Songs Collection,2024,373.3,SecondHandSongs / Cover Set,TRSHS00372,audio/TRSHS00372.mp3,True
e3fe5d66-0453-4d20-85aa-4b0d601ad8da,7aaf752e-6d8c-435d-92ad-81ff27b1a0de,Cover Track TRSHS00373,Cover Artist,Cover Songs Collection,2024,470.8,SecondHandSongs / Cover Set,TRSHS00373,audio/TRSHS00373.mp3,True
d80ea1aa-c223-4ec0-9351-e6935883bf13,4327edff-5c98-4689-848c-aa65fc26921d,Cover Track TRSHS00381,Cover Artist,Cover Songs Collection,2024,389.9,SecondHandSongs / Cover Set,TRSHS00381,audio/TRSHS00381.mp3,True
d2aae991-c458-4a9b-95e0-e107c00b9948,80983fd9-bcbb-43c8-80b7-9105a3cdf5a0,Cover Track TRSHS00382,Cover Artist,Cover Songs Collection,2024,344.6,SecondHandSongs / Cover Set,TRSHS00382,audio/TRSHS00382.mp3,True
59c87012-4262-4a5a-b11a-540839ecce04,e5f81c6a-2222-49e3-a253-08ba4b9fbd69,Cover Track TRSHS00383,Cover Artist,Cover Songs Collection,2024,551.9,SecondHandSongs / Cover Set,TRSHS00383,audio/TRSHS00383.mp3,True
28b9ada1-971d-4e07-b332-70ab33365cc9,e3b14e97-f549-4472-8e50-dca4134a9df8,Cover Track TRSHS00384,Cover Artist,Cover Songs Collection,2024,421.3,SecondHandSongs / Cover Set,TRSHS00384,audio/TRSHS00384.mp3,True
6c88a679-e169-4ea8-9029-3368c012bf9d,91a36c65-77fc-405e-b015-cc6e84e2479e,Cover Track TRSHS00391,Cover Artist,Cover Songs Collection,2024,551.9,SecondHandSongs / Cover Set,TRSHS00391,audio/TRSHS00391.mp3,True
a54bee1b-e60c-452f-abd1-d11fb53d0440,9b7376c5-02fa-4d11-97e0-522fefa1b0d9,Cover Track TRSHS00393,Cover Artist,Cover Songs Collection,2024,303.0,SecondHandSongs / Cover Set,TRSHS00393,audio/TRSHS00393.mp3,True
98bf6a3c-04c6-4349-b578-1916e018aeea,d05907c5-b664-4d1c-b225-8498573b60f2,Cover Track TRSHS00395,Cover Artist,Cover Songs Collection,2024,354.5,SecondHandSongs / Cover Set,TRSHS00395,audio/TRSHS00395.mp3,True
e97ac69d-66a4-48c4-8799-18c6cd06d29f,f02d3305-d754-4cb5-9009-f96c41b743b0,Cover Track TRSHS00401,Cover Artist,Cover Songs Collection,2024,517.0,SecondHandSongs / Cover Set,TRSHS00401,audio/TRSHS00401.mp3,True
74988122-dddb-48c9-bb69-b3b753be2702,60293412-7481-4bdc-af42-d45b387ed918,Cover Track TRSHS00394,Cover Artist,Cover Songs Collection,2024,389.9,SecondHandSongs / Cover Set,TRSHS00394,audio/TRSHS00394.mp3,True
55c15545-cafc-4a37-95b0-ac9402800595,8bb7283d-f31f-44a5-b89d-3f8b52a72ba9,Cover Track TRSHS00392,Cover Artist,Cover Songs Collection,2024,517.0,SecondHandSongs / Cover Set,TRSHS00392,audio/TRSHS00392.mp3,True
663efc9a-9e9a-456d-8199-99a8351ad7cd,8c236cd9-da2f-4db1-8bf6-20002fbae57e,Cover Track TRSHS00402,Cover Artist,Cover Songs Collection,2024,344.6,SecondHandSongs / Cover Set,TRSHS00402,audio/TRSHS00402.mp3,True
f531148a-24c7-473b-b915-14f2f3c0b82a,76cc4c7d-b786-43c2-88bd-3a1c76916d0d,Cover Track TRSHS00362,Cover Artist,Cover Songs Collection,2024,280.1,SecondHandSongs / Cover Set,TRSHS00362,audio/TRSHS00362.mp3,True
f291d4a8-2b85-4cd4-a338-7d5896f825b3,a5dbcf07-877e-4d8a-b67b-e22c38f5aa74,Cover Track TRSHS00412,Cover Artist,Cover Songs Collection,2024,426.6,SecondHandSongs / Cover Set,TRSHS00412,audio/TRSHS00412.mp3,True
ec22004f-4fd0-4068-b542-e5e7545743cf,ba962a77-f9c9-4014-8db1-66b763f4183f,Cover Track TRSHS00411,Cover Artist,Cover Songs Collection,2024,389.9,SecondHandSongs / Cover Set,TRSHS00411,audio/TRSHS00411.mp3,True
16274847-6b9c-4815-9e0c-f415dc127dbb,5548c9e9-c0c3-4b65-a292-a92643d5e7ca,Cover Track TRSHS00355,Cover Artist,Cover Songs Collection,2024,354.5,SecondHandSongs / Cover Set,TRSHS00355,audio/TRSHS00355.mp3,True
74c88114-dbf7-49f2-9f0c-d2f30df42b10,bb3903f0-ed12-48a7-9b19-25112cc8ba66,Cover Track TRSHS00413,Cover Artist,Cover Songs Collection,2024,303.0,SecondHandSongs / Cover Set,TRSHS00413,audio/TRSHS00413.mp3,True
e8493f51-ee74-4d8a-80eb-18f661137126,cc28e23d-7a7a-484d-854b-25084658562d,Cover Track TRSHS00421,Cover Artist,Cover Songs Collection,2024,344.6,SecondHandSongs / Cover Set,TRSHS00421,audio/TRSHS00421.mp3,True
59c0d73d-de23-44ed-8337-a96f2c9234da,3009c816-0aa3-406d-8d71-bb58212b60f5,Cover Track TRSHS00424,Cover Artist,Cover Songs Collection,2024,421.3,SecondHandSongs / Cover Set,TRSHS00424,audio/TRSHS00424.mp3,True
25af924d-56fd-404b-84fe-99cfda3c2bc8,529337a9-6808-45d3-b2a3-b97ecb7a7cad,Cover Track TRSHS00423,Cover Artist,Cover Songs Collection,2024,438.0,SecondHandSongs / Cover Set,TRSHS00423,audio/TRSHS00423.mp3,True
16fdaa68-7e69-4dcc-9ff2-a1f67d6cd2c4,89b36b18-3bc3-4525-98ae-e57c0e4714eb,Cover Track TRSHS00432,Cover Artist,Cover Songs Collection,2024,421.3,SecondHandSongs / Cover Set,TRSHS00432,audio/TRSHS00432.mp3,True
e0ca4e56-6d12-4ad8-8226-3e5225621750,d385e8a2-bcba-4189-8a74-419961fb99ed,Cover Track TRSHS00422,Cover Artist,Cover Songs Collection,2024,551.9,SecondHandSongs / Cover Set,TRSHS00422,audio/TRSHS00422.mp3,True
4cbf0bc1-e61c-4633-acd3-54107cc2c8b7,fd80b969-250e-43cd-9f84-1967d979d1da,Cover Track TRSHS00433,Cover Artist,Cover Songs Collection,2024,528.2,SecondHandSongs / Cover Set,TRSHS00433,audio/TRSHS00433.mp3,True
37a56462-7060-4be4-98e4-9c6284f600bc,9342911f-ae85-4e10-8375-785973e134ca,Cover Track TRSHS00434,Cover Artist,Cover Songs Collection,2024,421.3,SecondHandSongs / Cover Set,TRSHS00434,audio/TRSHS00434.mp3,True
0a19ff12-2ae7-4133-84bb-9409b0200265,6a9e5e1c-b2c5-4c10-a29d-1cb79bf820bf,Cover Track TRSHS00431,Cover Artist,Cover Songs Collection,2024,426.6,SecondHandSongs / Cover Set,TRSHS00431,audio/TRSHS00431.mp3,True
9bfe1b84-d0b7-47d6-9589-642b6877e96b,8997c4e9-bc9e-4ffd-8bee-708e52d46482,Cover Track TRSHS00452,Cover Artist,Cover Songs Collection,2024,470.8,SecondHandSongs / Cover Set,TRSHS00452,audio/TRSHS00452.mp3,True
e494a65c-3e8f-4596-b2ed-95d4f92e6fd4,f8a155da-51ea-47b1-8e89-29a5d5ab8a04,Cover Track TRSHS00451,Cover Artist,Cover Songs Collection,2024,528.2,SecondHandSongs / Cover Set,TRSHS00451,audio/TRSHS00451.mp3,True
3cb506bb-d9cf-4935-b77f-09bd39096de2,d8f95db6-8b33-42c1-bd28-3a76508ef136,Cover Track TRSHS00453,Cover Artist,Cover Songs Collection,2024,354.5,SecondHandSongs / Cover Set,TRSHS00453,audio/TRSHS00453.mp3,True
5ea41073-4dbf-4b0a-895c-40d3011bda0c,56eaa946-c6cb-408e-be64-75fc2995442d,Cover Track TRSHS00463,Cover Artist,Cover Songs Collection,2024,517.0,SecondHandSongs / Cover Set,TRSHS00463,audio/TRSHS00463.mp3,True
c9ae5f68-9f08-4069-af10-7dc0e4fa7c95,77556ea7-73d4-4075-9392-a15620b491e3,Cover Track TRSHS00471,Cover Artist,Cover Songs Collection,2024,514.4,SecondHandSongs / Cover Set,TRSHS00471,audio/TRSHS00471.mp3,True
917c2141-17ab-42b7-9f55-67ccfaf45a37,9225ed4e-d784-4f50-beed-e6083c29a455,Cover Track TRSHS00441,Cover Artist,Cover Songs Collection,2024,421.3,SecondHandSongs / Cover Set,TRSHS00441,audio/TRSHS00441.mp3,True
5357d751-a02a-42a2-a6fd-bfe1d87a39df,29a23ff1-9ec2-4ace-9840-1a75afeefe10,Cover Track TRSHS00464,Cover Artist,Cover Songs Collection,2024,303.0,SecondHandSongs / Cover Set,TRSHS00464,audio/TRSHS00464.mp3,True
2f9b2145-acec-4472-9c28-164228627b42,c4889e41-8ea5-4477-85b9-a7bf3ff388cc,Cover Track TRSHS00435,Cover Artist,Cover Songs Collection,2024,325.8,SecondHandSongs / Cover Set,TRSHS00435,audio/TRSHS00435.mp3,True
91b63cfb-2cf6-4e45-a443-20d61b4f7d2a,b74a0259-855b-4205-b96d-65c5081504bc,Cover Track TRSHS00475,Cover Artist,Cover Songs Collection,2024,280.1,SecondHandSongs / Cover Set,TRSHS00475,audio/TRSHS00475.mp3,True
a6287fd3-6aea-42dd-a540-5c99f2731371,25858434-fda1-4012-b654-dcfbb4b601b0,Cover Track TRSHS00472,Cover Artist,Cover Songs Collection,2024,344.6,SecondHandSongs / Cover Set,TRSHS00472,audio/TRSHS00472.mp3,True
733aec80-9047-45d1-ba58-bf7ad6d7d563,f35db4b4-e543-431c-aa02-5efb441301c7,Cover Track TRSHS00442,Cover Artist,Cover Songs Collection,2024,517.0,SecondHandSongs / Cover Set,TRSHS00442,audio/TRSHS00442.mp3,True
c4a30e30-eb7e-45ff-af54-9c5515c4b97f,2a63c575-a1ab-4a99-aae2-287778b8847d,Cover Track TRSHS00482,Cover Artist,Cover Songs Collection,2024,280.1,SecondHandSongs / Cover Set,TRSHS00482,audio/TRSHS00482.mp3,True
b4aecea9-1d90-4aa7-892a-55d3e95d1d60,c0d34b24-b30c-4e34-bc49-b5f7f610fcc6,Cover Track TRSHS00481,Cover Artist,Cover Songs Collection,2024,528.2,SecondHandSongs / Cover Set,TRSHS00481,audio/TRSHS00481.mp3,True
62792396-3012-4d6d-9dad-29b64ea2f9fc,edf06fb0-40d7-41de-981d-70a908fe015c,Cover Track TRSHS00462,Cover Artist,Cover Songs Collection,2024,373.3,SecondHandSongs / Cover Set,TRSHS00462,audio/TRSHS00462.mp3,True
a8393535-e3ea-4fbf-a82e-e8e1596b5c50,da63365c-974e-400b-8b50-5275db761972,Cover Track TRSHS00461,Cover Artist,Cover Songs Collection,2024,421.3,SecondHandSongs / Cover Set,TRSHS00461,audio/TRSHS00461.mp3,True
0f245596-f7aa-4dfd-9bcb-4a97d35f3117,0b3cd052-ac78-465d-862c-5277948ed299,Cover Track TRSHS00491,Cover Artist,Cover Songs Collection,2024,354.5,SecondHandSongs / Cover Set,TRSHS00491,audio/TRSHS00491.mp3,True
9b86e95b-afec-4d75-8c1c-81fd7256e02f,77e85d29-a390-4a26-9e62-27ee5ca93695,Cover Track TRSHS00492,Cover Artist,Cover Songs Collection,2024,389.9,SecondHandSongs / Cover Set,TRSHS00492,audio/TRSHS00492.mp3,True
2e2edd6b-f82d-4f64-8849-84fa9ac429d5,e8bd4b56-3d57-40a0-9350-962b5728b738,Cover Track TRSHS00493,Cover Artist,Cover Songs Collection,2024,470.8,SecondHandSongs / Cover Set,TRSHS00493,audio/TRSHS00493.mp3,True
31767256-f4a8-498b-b9a3-9f1cb85c8797,9dbc4281-1c08-4aed-a300-92e5bda90ce3,Cover Track TRSHS00473,Cover Artist,Cover Songs Collection,2024,373.3,SecondHandSongs / Cover Set,TRSHS00473,audio/TRSHS00473.mp3,True
2d8dc87e-b4b5-4a20-bcc1-dac2c6a1106b,ba65b9a0-d0e4-4ab9-b705-2c590632e1a1,Cover Track TRSHS00501,Cover Artist,Cover Songs Collection,2024,280.1,SecondHandSongs / Cover Set,TRSHS00501,audio/TRSHS00501.mp3,True
271d7518-7100-431e-b7d4-26ea7cf5254b,b333383d-89d6-46b4-aed9-52a7cabcd811,Cover Track TRSHS00504,Cover Artist,Cover Songs Collection,2024,303.0,SecondHandSongs / Cover Set,TRSHS00504,audio/TRSHS00504.mp3,True
22644526-33df-4aae-984b-ca2c313bccf1,7615efd9-157f-4095-85e0-89d36c408fdc,Cover Track TRSHS00502,Cover Artist,Cover Songs Collection,2024,514.4,SecondHandSongs / Cover Set,TRSHS00502,audio/TRSHS00502.mp3,True
6771ea3f-7d4d-46b5-82d3-ae510293c0d9,be443203-0225-4040-8cb0-30315453a977,Cover Track TRSHS00503,Cover Artist,Cover Songs Collection,2024,528.2,SecondHandSongs / Cover Set,TRSHS00503,audio/TRSHS00503.mp3,True
0cdffbd8-baec-443a-a1e5-b866aa7403e6,e06da43f-a8b6-4653-8f3d-95e23edf59c7,Cover Track TRSHS00474,Cover Artist,Cover Songs Collection,2024,280.1,SecondHandSongs / Cover Set,TRSHS00474,audio/TRSHS00474.mp3,True
f1e1cada-12bc-40e0-aea5-81fab67d18d8,71968bc8-29ba-4f45-b4a6-2e362ada40ef,Cover Track TRSHS00515,Cover Artist,Cover Songs Collection,2024,303.0,SecondHandSongs / Cover Set,TRSHS00515,audio/TRSHS00515.mp3,True
4461c056-3a64-4d0b-9989-8d8ce945e6f9,41686ae4-9afb-4a73-b05a-d6b0db78e5ac,Cover Track TRSHS00512,Cover Artist,Cover Songs Collection,2024,373.3,SecondHandSongs / Cover Set,TRSHS00512,audio/TRSHS00512.mp3,True
dab05a48-ec4e-4359-b1c8-14e180999062,2b434f8b-a8d2-4bb7-8fc9-1271d7fb2b63,Cover Track TRSHS00513,Cover Artist,Cover Songs Collection,2024,373.3,SecondHandSongs / Cover Set,TRSHS00513,audio/TRSHS00513.mp3,True
149f2f44-4bc1-42b7-a9d3-0d2d33f89f74,e83f0587-b6bb-4aba-9465-9685a9586289,Cover Track TRSHS00511,Cover Artist,Cover Songs Collection,2024,517.0,SecondHandSongs / Cover Set,TRSHS00511,audio/TRSHS00511.mp3,True
d46cf3a3-635b-422f-97c9-e3af41412c1b,161c0343-b2b2-48db-8b32-8b115c7c8a20,Cover Track TRSHS00514,Cover Artist,Cover Songs Collection,2024,514.4,SecondHandSongs / Cover Set,TRSHS00514,audio/TRSHS00514.mp3,True
82d3e559-4c44-41ca-ab3f-0b73abae39a8,c65290fc-83a5-49b1-a497-7ff27cb98d1b,Cover Track TRSHS00521,Cover Artist,Cover Songs Collection,2024,517.0,SecondHandSongs / Cover Set,TRSHS00521,audio/TRSHS00521.mp3,True
71e0ee9d-4afc-4181-b94d-caa8f195a440,36b9a5cd-6396-404b-b56d-d8174cc7867e,Cover Track TRSHS00522,Cover Artist,Cover Songs Collection,2024,354.5,SecondHandSongs / Cover Set,TRSHS00522,audio/TRSHS00522.mp3,True
c9dd1dd1-a517-466a-9e66-288f7866af9f,bdb1e326-b19a-4263-8ab3-696e50f5d2f7,Cover Track TRSHS00531,Cover Artist,Cover Songs Collection,2024,373.3,SecondHandSongs / Cover Set,TRSHS00531,audio/TRSHS00531.mp3,True
5a9e17db-6a1d-45c3-aca8-38eecb8296fa,08a06b7a-8621-4d5d-aeea-05b0ac78fe42,Cover Track TRSHS00532,Cover Artist,Cover Songs Collection,2024,344.6,SecondHandSongs / Cover Set,TRSHS00532,audio/TRSHS00532.mp3,True
3d9cf7c7-b54f-4752-84a2-9ad29b8623e0,03c62744-b39c-4341-a47f-23def7905e9d,Cover Track TRSHS00533,Cover Artist,Cover Songs Collection,2024,373.3,SecondHandSongs / Cover Set,TRSHS00533,audio/TRSHS00533.mp3,True
ee60d9c0-c3b9-4262-bb1e-71001a6db1ba,23a6beb6-d5ea-4376-b605-8003446dcaa1,Cover Track TRSHS00541,Cover Artist,Cover Songs Collection,2024,421.3,SecondHandSongs / Cover Set,TRSHS00541,audio/TRSHS00541.mp3,True
fdf7af69-562a-4c80-81b4-1a2d85477379,537ee20f-46ab-4974-97f8-1747df2e655a,Cover Track TRSHS00542,Cover Artist,Cover Songs Collection,2024,517.0,SecondHandSongs / Cover Set,TRSHS00542,audio/TRSHS00542.mp3,True
f7421e98-bec0-4842-8074-f842fd2c1c7c,4c89b466-7728-4857-9cb7-167697462733,Cover Track TRSHS00544,Cover Artist,Cover Songs Collection,2024,344.6,SecondHandSongs / Cover Set,TRSHS00544,audio/TRSHS00544.mp3,True
64aad0b5-ca25-4dba-a38c-9ef6b432b552,22061162-2e0c-4d7d-a56b-425a6145a717,Cover Track TRSHS00552,Cover Artist,Cover Songs Collection,2024,325.8,SecondHandSongs / Cover Set,TRSHS00552,audio/TRSHS00552.mp3,True
6906d255-7f09-402c-8d09-e19cf8706aa3,eb9faf39-0cad-43f5-a61b-4895b21d5c1f,Cover Track TRSHS00543,Cover Artist,Cover Songs Collection,2024,373.3,SecondHandSongs / Cover Set,TRSHS00543,audio/TRSHS00543.mp3,True
97599fe9-9d89-4716-80eb-abef37618e06,7b057064-58ac-4b28-a054-7391695ce40a,Cover Track TRSHS00554,Cover Artist,Cover Songs Collection,2024,354.5,SecondHandSongs / Cover Set,TRSHS00554,audio/TRSHS00554.mp3,True
7eb659ef-8131-4bf4-99c6-31a26a461f57,2fb7d5eb-6849-491b-a43a-dc0baece3312,Cover Track TRSHS00551,Cover Artist,Cover Songs Collection,2024,325.8,SecondHandSongs / Cover Set,TRSHS00551,audio/TRSHS00551.mp3,True
ee7d85d2-1871-4ae9-8bb2-4285884c2741,a8c3a319-65a5-4bf0-a6b2-c634280743c5,Cover Track TRSHS00555,Cover Artist,Cover Songs Collection,2024,421.3,SecondHandSongs / Cover Set,TRSHS00555,audio/TRSHS00555.mp3,True
2925f9c7-c3a2-4f0d-b2a8-e97cbd970ffe,07aa89a2-4af1-4fb8-97ae-cc6aafc518cc,Cover Track TRSHS00553,Cover Artist,Cover Songs Collection,2024,514.4,SecondHandSongs / Cover Set,TRSHS00553,audio/TRSHS00553.mp3,True
bebc5788-a0b2-4d4a-8544-b9a11c5b2bea,99554dd0-1b7d-4f84-9d41-209dd6b5eafd,Cover Track TRSHS00562,Cover Artist,Cover Songs Collection,2024,483.4,SecondHandSongs / Cover Set,TRSHS00562,audio/TRSHS00562.mp3,True
b941252f-3b95-40d8-af2d-e2cacf4e1be3,0a03aaaa-349a-41c1-a1d6-c3b33b0cafa0,Cover Track TRSHS00571,Cover Artist,Cover Songs Collection,2024,483.4,SecondHandSongs / Cover Set,TRSHS00571,audio/TRSHS00571.mp3,True
9ae08ffc-3a34-4d2b-a2d0-c233153641d6,55c1ce93-32ba-4572-a075-7f9067668d2f,Cover Track TRSHS00572,Cover Artist,Cover Songs Collection,2024,426.6,SecondHandSongs / Cover Set,TRSHS00572,audio/TRSHS00572.mp3,True
c041ccb7-7067-4628-87b7-67f546cee89c,c32198a6-8d23-43f4-92d9-a28716e302ae,Cover Track TRSHS00584,Cover Artist,Cover Songs Collection,2024,514.4,SecondHandSongs / Cover Set,TRSHS00584,audio/TRSHS00584.mp3,True
6917fcb5-3fea-44ef-b8a4-f97728ccd2a0,80abbcdb-8036-4a86-b27b-59f0d793c5b9,Cover Track TRSHS00561,Cover Artist,Cover Songs Collection,2024,426.6,SecondHandSongs / Cover Set,TRSHS00561,audio/TRSHS00561.mp3,True
d195ed66-ad19-4c58-8ab6-edb00bfb1c68,8db32bf3-fc92-41db-bdf0-b9012faf6c60,Cover Track TRSHS00592,Cover Artist,Cover Songs Collection,2024,528.2,SecondHandSongs / Cover Set,TRSHS00592,audio/TRSHS00592.mp3,True
3bb5abef-83b6-4291-8831-8a8c8f741a62,5d2296b5-5962-4cb0-86b2-d3767e75735d,Cover Track TRSHS00593,Cover Artist,Cover Songs Collection,2024,421.3,SecondHandSongs / Cover Set,TRSHS00593,audio/TRSHS00593.mp3,True
ef079e3f-1396-490f-aebb-efe48ae526f2,97d1131f-c996-4cf2-ba62-f44e5fc56884,Cover Track TRSHS00594,Cover Artist,Cover Songs Collection,2024,551.9,SecondHandSongs / Cover Set,TRSHS00594,audio/TRSHS00594.mp3,True
5904da6a-62b0-4aa4-8dbd-0719daa77f2d,5c7ed390-a3e2-40be-98d2-0edde5bb7241,Cover Track TRSHS00583,Cover Artist,Cover Songs Collection,2024,303.0,SecondHandSongs / Cover Set,TRSHS00583,audio/TRSHS00583.mp3,True
504047f2-fa6c-44a6-b108-72726b8f9cbc,ae426da8-55f2-4797-81a0-1a9d93011311,Cover Track TRSHS00581,Cover Artist,Cover Songs Collection,2024,280.1,SecondHandSongs / Cover Set,TRSHS00581,audio/TRSHS00581.mp3,True
4a43abb4-bf01-4b62-b39d-8dd22bd7e4bb,e35631c5-f42a-438d-864b-4739cb9e8ae5,Cover Track TRSHS00573,Cover Artist,Cover Songs Collection,2024,470.8,SecondHandSongs / Cover Set,TRSHS00573,audio/TRSHS00573.mp3,True
5f4a0a03-dbc8-4fdb-8133-34a3d31a4720,7829551a-a8b8-4f7f-89bd-eabc952ee52c,Cover Track TRSHS00611,Cover Artist,Cover Songs Collection,2024,354.5,SecondHandSongs / Cover Set,TRSHS00611,audio/TRSHS00611.mp3,True
6167da89-ff1b-4648-bbe1-8d93e9b0b1db,7a92138e-74c4-48aa-b25b-7342492c3a56,Cover Track TRSHS00595,Cover Artist,Cover Songs Collection,2024,470.8,SecondHandSongs / Cover Set,TRSHS00595,audio/TRSHS00595.mp3,True
0c4c86cf-ca32-45dc-bdce-5135f05b8b1c,7a719e6d-b360-4476-87ba-be8232ebc759,Cover Track TRSHS00612,Cover Artist,Cover Songs Collection,2024,303.0,SecondHandSongs / Cover Set,TRSHS00612,audio/TRSHS00612.mp3,True
287115ce-9a81-451a-adb2-e69bb7b3f143,df7b04bc-8149-48f6-b935-55145fd18cdc,Cover Track TRSHS00582,Cover Artist,Cover Songs Collection,2024,389.9,SecondHandSongs / Cover Set,TRSHS00582,audio/TRSHS00582.mp3,True
31d100fb-5130-4a63-973f-2732c98aa579,addfe276-714c-46ef-88a9-39fc8dd3dcfa,Cover Track TRSHS00621,Cover Artist,Cover Songs Collection,2024,438.0,SecondHandSongs / Cover Set,TRSHS00621,audio/TRSHS00621.mp3,True
799bf99e-3cdd-4ac8-9b19-678049877065,59ed4427-51cb-4ca7-a270-97cda8225360,Cover Track TRSHS00613,Cover Artist,Cover Songs Collection,2024,514.4,SecondHandSongs / Cover Set,TRSHS00613,audio/TRSHS00613.mp3,True
81f503d9-80a9-4e02-883e-a7d3faac998f,5c2f8e03-6fe8-46f7-a167-da897ffa945c,Cover Track TRSHS00591,Cover Artist,Cover Songs Collection,2024,426.6,SecondHandSongs / Cover Set,TRSHS00591,audio/TRSHS00591.mp3,True
7fa9d8f4-78d5-4f7f-8512-de895a81c008,18088129-e8d5-424d-9149-f2cba0b53567,Cover Track TRSHS00623,Cover Artist,Cover Songs Collection,2024,426.6,SecondHandSongs / Cover Set,TRSHS00623,audio/TRSHS00623.mp3,True
cd6495d9-77dd-434f-956a-8e32742d7397,c9e29db4-be7d-4955-a60e-171b5e7d3cdb,Cover Track TRSHS00622,Cover Artist,Cover Songs Collection,2024,303.0,SecondHandSongs / Cover Set,TRSHS00622,audio/TRSHS00622.mp3,True
a4218ac0-fe72-467e-87da-60ada3af26d1,9531075a-d550-4182-8bb8-a0b594208795,Cover Track TRSHS00601,Cover Artist,Cover Songs Collection,2024,551.9,SecondHandSongs / Cover Set,TRSHS00601,audio/TRSHS00601.mp3,True
a34f7b41-7b0f-44ce-8720-0f9a160d9e7d,db1cbb73-ebf1-454d-8f8a-dabbb2927824,Cover Track TRSHS00631,Cover Artist,Cover Songs Collection,2024,325.8,SecondHandSongs / Cover Set,TRSHS00631,audio/TRSHS00631.mp3,True
298b9ea8-ed50-43ad-87e1-06c255e363e2,d647321e-54c2-493c-8ade-1179bc3b5d63,Cover Track TRSHS00624,Cover Artist,Cover Songs Collection,2024,470.8,SecondHandSongs / Cover Set,TRSHS00624,audio/TRSHS00624.mp3,True
21b537ca-2001-472c-b4cb-ea0f4154b7a3,b8ab92cb-b787-4f67-b683-15ae4feda5b3,Cover Track TRSHS00634,Cover Artist,Cover Songs Collection,2024,280.1,SecondHandSongs / Cover Set,TRSHS00634,audio/TRSHS00634.mp3,True
5d3c6ab0-b677-4b8b-b2ba-3a0f1bf85a9e,77c2fd3c-26e4-4f76-bd42-c256606eccd2,Cover Track TRSHS00633,Cover Artist,Cover Songs Collection,2024,470.8,SecondHandSongs / Cover Set,TRSHS00633,audio/TRSHS00633.mp3,True
4c732380-efac-43b0-aed5-659ea87866c3,6fc09d1d-c2dd-48a4-9cea-702fa1f643ae,Cover Track TRSHS00632,Cover Artist,Cover Songs Collection,2024,514.4,SecondHandSongs / Cover Set,TRSHS00632,audio/TRSHS00632.mp3,True
81d4a596-35ad-4b0c-a35f-24bacb4b62d4,eed11829-d487-4998-9b56-ab6670d0df65,Cover Track TRSHS00635,Cover Artist,Cover Songs Collection,2024,280.1,SecondHandSongs / Cover Set,TRSHS00635,audio/TRSHS00635.mp3,True
79b248dc-cf85-47fd-b47d-d5fb4db36de8,13700506-f644-462b-99da-47e5d80f1c90,Cover Track TRSHS00642,Cover Artist,Cover Songs Collection,2024,280.1,SecondHandSongs / Cover Set,TRSHS00642,audio/TRSHS00642.mp3,True
cf644524-3ae9-4554-9285-de33d053deb4,aedec9f9-ef34-4b47-8f3e-6d9b4bbbef2d,Cover Track TRSHS00641,Cover Artist,Cover Songs Collection,2024,421.3,SecondHandSongs / Cover Set,TRSHS00641,audio/TRSHS00641.mp3,True
43373cfc-e685-4e58-a54a-1766bf1dbfab,73c24ec3-2449-415b-ad52-1b03183afd96,Cover Track TRSHS00602,Cover Artist,Cover Songs Collection,2024,551.9,SecondHandSongs / Cover Set,TRSHS00602,audio/TRSHS00602.mp3,True
1b42c73a-db8e-4cde-9a5a-0ea9c4cdd13e,8614dcea-9094-4a26-99cc-8995e393cc47,Cover Track TRSHS00653,Cover Artist,Cover Songs Collection,2024,470.8,SecondHandSongs / Cover Set,TRSHS00653,audio/TRSHS00653.mp3,True
dc5e3c65-e642-43ca-b1ed-598269684b4a,5ba71430-73e3-4f62-8795-40202fd54afe,Cover Track TRSHS00661,Cover Artist,Cover Songs Collection,2024,517.0,SecondHandSongs / Cover Set,TRSHS00661,audio/TRSHS00661.mp3,True
b873c42b-a10c-4f34-80d3-788f4839e1fc,25cd02ae-58af-4d9a-9296-b32e79d7fb59,Cover Track TRSHS00651,Cover Artist,Cover Songs Collection,2024,514.4,SecondHandSongs / Cover Set,TRSHS00651,audio/TRSHS00651.mp3,True
19a7c6e2-536c-4419-a836-95601436e236,e8a90745-c7b5-400c-b4ea-90e2b4346d97,Cover Track TRSHS00652,Cover Artist,Cover Songs Collection,2024,514.4,SecondHandSongs / Cover Set,TRSHS00652,audio/TRSHS00652.mp3,True
71eb0e2c-33e3-4698-90ba-a847f665b6d4,ffe47e4d-d03b-45c3-a84a-5d291aa4bdff,Cover Track TRSHS00671,Cover Artist,Cover Songs Collection,2024,354.5,SecondHandSongs / Cover Set,TRSHS00671,audio/TRSHS00671.mp3,True
5dd18612-d068-4945-bba3-0af06e0772d5,28065eba-3fb8-4e61-a9a4-97d889af77f6,Cover Track TRSHS00663,Cover Artist,Cover Songs Collection,2024,354.5,SecondHandSongs / Cover Set,TRSHS00663,audio/TRSHS00663.mp3,True
04f722d7-c0af-4e86-be93-998b068c6eea,46bd68ee-5426-4776-96eb-97773e332e0b,Cover Track TRSHS00672,Cover Artist,Cover Songs Collection,2024,389.9,SecondHandSongs / Cover Set,TRSHS00672,audio/TRSHS00672.mp3,True
03193857-1e97-42be-b659-5c379aa1d876,cfc1e5ae-9588-48a0-b71c-d80a554ad2da,Cover Track TRSHS00662,Cover Artist,Cover Songs Collection,2024,514.4,SecondHandSongs / Cover Set,TRSHS00662,audio/TRSHS00662.mp3,True
d5b2d5e6-5163-4d25-b40a-d26866ad5339,e15ae4ab-2d80-4fc2-8bdc-26611e2073d0,Cover Track TRSHS00664,Cover Artist,Cover Songs Collection,2024,514.4,SecondHandSongs / Cover Set,TRSHS00664,audio/TRSHS00664.mp3,True
511fd6bc-7e9b-45c4-976d-d9f6de36df08,eca80394-ee31-4193-8594-665cadf391d1,Cover Track TRSHS00674,Cover Artist,Cover Songs Collection,2024,514.4,SecondHandSongs / Cover Set,TRSHS00674,audio/TRSHS00674.mp3,True
b993d35b-2a68-4d88-bdaf-11f87fb3c298,4834fbf7-322d-47e6-9b31-6bbce336618a,Cover Track TRSHS00673,Cover Artist,Cover Songs Collection,2024,514.4,SecondHandSongs / Cover Set,TRSHS00673,audio/TRSHS00673.mp3,True
16cacbe4-9d3a-465c-a1e0-11982ecd2240,7d29e935-8566-4767-86d8-8f281b01fec7,Cover Track TRSHS00692,Cover Artist,Cover Songs Collection,2024,325.8,SecondHandSongs / Cover Set,TRSHS00692,audio/TRSHS00692.mp3,True
21924dc2-1877-4aab-8592-fc564a048cdc,837b759c-a8a0-4581-8e29-179d8ca3ace3,Cover Track TRSHS00681,Cover Artist,Cover Songs Collection,2024,421.3,SecondHandSongs / Cover Set,TRSHS00681,audio/TRSHS00681.mp3,True
ab1a5d30-8f47-4e98-8809-313a4668b298,d7b20d26-1598-47df-b27a-98d2b5af7338,Cover Track TRSHS00693,Cover Artist,Cover Songs Collection,2024,389.9,SecondHandSongs / Cover Set,TRSHS00693,audio/TRSHS00693.mp3,True
63e02b12-2002-4939-b46c-d7a781c5fa96,b21d4824-81d0-484d-ad8c-54e65587e66d,Cover Track TRSHS00682,Cover Artist,Cover Songs Collection,2024,514.4,SecondHandSongs / Cover Set,TRSHS00682,audio/TRSHS00682.mp3,True
11ccc770-2293-4fc5-a222-a62f8c45cfe1,b1117c68-fefe-4b8c-85d2-c22b2c2545a3,Cover Track TRSHS00701,Cover Artist,Cover Songs Collection,2024,438.0,SecondHandSongs / Cover Set,TRSHS00701,audio/TRSHS00701.mp3,True
0c4894c1-688c-4be3-8e31-567d843f3afc,869897cb-d923-4e98-b5da-c8b27beb8f1d,Cover Track TRSHS00691,Cover Artist,Cover Songs Collection,2024,551.9,SecondHandSongs / Cover Set,TRSHS00691,audio/TRSHS00691.mp3,True
38120bfa-ec17-4534-b135-2de974c6d2ab,d363169c-b643-4a17-b790-e7f05cdffe09,Cover Track TRSHS00702,Cover Artist,Cover Songs Collection,2024,303.0,SecondHandSongs / Cover Set,TRSHS00702,audio/TRSHS00702.mp3,True
6d434a87-3b20-45c2-bf5f-01f6f10d96d7,83211fe6-72e4-4ae4-92ae-5a3c056d5d84,Cover Track TRSHS00675,Cover Artist,Cover Songs Collection,2024,438.0,SecondHandSongs / Cover Set,TRSHS00675,audio/TRSHS00675.mp3,True
770dae27-8ae4-4a3c-ab73-3f2554dfb767,2584e0bf-e263-4c0b-9265-1d2d87830249,Cover Track TRSHS00703,Cover Artist,Cover Songs Collection,2024,344.6,SecondHandSongs / Cover Set,TRSHS00703,audio/TRSHS00703.mp3,True
dc07be93-3c6f-400e-99fb-44725c790c91,df792693-6d77-4f77-8b55-746763918c9b,Cover Track TRSHS00704,Cover Artist,Cover Songs Collection,2024,303.0,SecondHandSongs / Cover Set,TRSHS00704,audio/TRSHS00704.mp3,True
f98c4008-e961-4716-a425-cb56f0b107e9,3f147b44-3b6c-45c1-aa03-58c69c494184,Cover Track TRSHS00713,Cover Artist,Cover Songs Collection,2024,325.8,SecondHandSongs / Cover Set,TRSHS00713,audio/TRSHS00713.mp3,True
ee5e9642-10a0-423d-8a12-346a0039d735,043dc019-666e-412e-b711-be3d558a5146,Cover Track TRSHS00711,Cover Artist,Cover Songs Collection,2024,483.4,SecondHandSongs / Cover Set,TRSHS00711,audio/TRSHS00711.mp3,True
f93610e3-f583-4de6-8317-6ba2da2d6f0b,e53e8bc1-280c-48bf-82ab-1afcaced53a2,Cover Track TRSHS00715,Cover Artist,Cover Songs Collection,2024,426.6,SecondHandSongs / Cover Set,TRSHS00715,audio/TRSHS00715.mp3,True
97ae0473-01c3-4a0f-8539-5454b56030a4,f0670752-1454-480d-bccc-9681d86c9c81,Cover Track TRSHS00712,Cover Artist,Cover Songs Collection,2024,373.3,SecondHandSongs / Cover Set,TRSHS00712,audio/TRSHS00712.mp3,True
f3c31ff5-6d1a-496a-b7e3-3bd190b0a780,177869a6-72be-4e2f-8234-d5303173c0c3,Cover Track TRSHS00722,Cover Artist,Cover Songs Collection,2024,373.3,SecondHandSongs / Cover Set,TRSHS00722,audio/TRSHS00722.mp3,True
5b36f208-0e9c-4bef-a519-c04bdf07e8e7,6a805b39-5500-4baa-8d2e-1057e3170b6e,Cover Track TRSHS00714,Cover Artist,Cover Songs Collection,2024,470.8,SecondHandSongs / Cover Set,TRSHS00714,audio/TRSHS00714.mp3,True
d0d56a10-9e64-4ca9-8540-a8ad8f0a9f31,4a70f701-a7c3-435c-8356-52ef2011c8c0,Cover Track TRSHS00721,Cover Artist,Cover Songs Collection,2024,517.0,SecondHandSongs / Cover Set,TRSHS00721,audio/TRSHS00721.mp3,True
d87e1283-3351-4184-a2c8-39d15fdf2f02,de09ca6b-d5cd-48d9-ae8f-bdd5a9b9b959,Cover Track TRSHS00731,Cover Artist,Cover Songs Collection,2024,438.0,SecondHandSongs / Cover Set,TRSHS00731,audio/TRSHS00731.mp3,True
9adda6c5-ef84-48e1-b362-f4a60293835b,20184382-f6ed-4bc4-927f-8168b40eb733,Cover Track TRSHS00733,Cover Artist,Cover Songs Collection,2024,470.8,SecondHandSongs / Cover Set,TRSHS00733,audio/TRSHS00733.mp3,True
e39c14b1-d6e7-44bd-b8c5-92a2eaf74331,f2f7c9f2-d8ce-4155-83db-9627aa66dc43,Cover Track TRSHS00732,Cover Artist,Cover Songs Collection,2024,514.4,SecondHandSongs / Cover Set,TRSHS00732,audio/TRSHS00732.mp3,True
9f3ccb6f-1992-449b-bea5-29975239dff9,95fad050-89be-4623-8f1a-df7ab117f0b2,Cover Track TRSHS00741,Cover Artist,Cover Songs Collection,2024,280.1,SecondHandSongs / Cover Set,TRSHS00741,audio/TRSHS00741.mp3,True
91660935-3ee4-46fd-9a9c-2e83b3e1d40c,f6ed5e45-5795-4649-b716-f33455c266d0,Cover Track TRSHS00743,Cover Artist,Cover Songs Collection,2024,280.1,SecondHandSongs / Cover Set,TRSHS00743,audio/TRSHS00743.mp3,True
f65cdd1a-ad9d-42e7-abe4-d3eb794d3b68,fcd4d846-77b2-44eb-9177-97306918e6fb,Cover Track TRSHS00762,Cover Artist,Cover Songs Collection,2024,438.0,SecondHandSongs / Cover Set,TRSHS00762,audio/TRSHS00762.mp3,True
36260c70-0ae3-465f-83f5-cb3656c9fcf6,a088d42c-629f-4a3a-ad49-a8c72b8eec7b,Cover Track TRSHS00744,Cover Artist,Cover Songs Collection,2024,344.6,SecondHandSongs / Cover Set,TRSHS00744,audio/TRSHS00744.mp3,True
940b9197-d68b-4cc3-8a2a-87e8f56fd072,6b273127-24ad-4acf-ad59-2937031f33c0,Cover Track TRSHS00751,Cover Artist,Cover Songs Collection,2024,421.3,SecondHandSongs / Cover Set,TRSHS00751,audio/TRSHS00751.mp3,True
3a4602ce-9fa2-4e5c-9d81-0b5f67fc442e,1132d25e-b4cb-480b-a048-3f4414d1ec85,Cover Track TRSHS00742,Cover Artist,Cover Songs Collection,2024,483.4,SecondHandSongs / Cover Set,TRSHS00742,audio/TRSHS00742.mp3,True
6fffc22c-9933-4295-828c-0383ed36ee97,9ab1154e-3286-4b0c-9731-df9242f81db5,Cover Track TRSHS00755,Cover Artist,Cover Songs Collection,2024,344.6,SecondHandSongs / Cover Set,TRSHS00755,audio/TRSHS00755.mp3,True
e044b097-dd5d-4471-b385-f6fe68ea0133,58c5dc2d-4af9-457d-9e96-ee36cb44ef97,Cover Track TRSHS00761,Cover Artist,Cover Songs Collection,2024,426.6,SecondHandSongs / Cover Set,TRSHS00761,audio/TRSHS00761.mp3,True
7581ef26-1768-4de3-bf8c-0b6582705616,8b2dc302-2533-4665-9b3e-0a8537592baa,Cover Track TRSHS00771,Cover Artist,Cover Songs Collection,2024,389.9,SecondHandSongs / Cover Set,TRSHS00771,audio/TRSHS00771.mp3,True
108d6189-29b1-403c-8593-3fd8a14c2469,0a918d95-1aa7-4787-ae51-bd425084215f,Cover Track TRSHS00772,Cover Artist,Cover Songs Collection,2024,514.4,SecondHandSongs / Cover Set,TRSHS00772,audio/TRSHS00772.mp3,True
be1eacf7-03f8-4b10-a24a-3c91bcfd6ae1,bf13c28b-1b56-435c-8394-2a31c51d8ff1,Cover Track TRSHS00752,Cover Artist,Cover Songs Collection,2024,483.4,SecondHandSongs / Cover Set,TRSHS00752,audio/TRSHS00752.mp3,True
02eaab65-bbd7-41fe-b209-849c3fbb6731,1761d8b8-2723-4a1d-b004-87dad25ef7af,Cover Track TRSHS00753,Cover Artist,Cover Songs Collection,2024,528.2,SecondHandSongs / Cover Set,TRSHS00753,audio/TRSHS00753.mp3,True
aead0d97-6a14-4b19-8cd3-443c3de668f7,f17967f3-757a-48f6-9548-c3d049f8a864,Cover Track TRSHS00773,Cover Artist,Cover Songs Collection,2024,426.6,SecondHandSongs / Cover Set,TRSHS00773,audio/TRSHS00773.mp3,True
af3ee249-0b21-47f7-ba60-ef7a8709980b,7a07aa22-b4d9-41f7-a545-a2ccf089f46a,Cover Track TRSHS00783,Cover Artist,Cover Songs Collection,2024,483.4,SecondHandSongs / Cover Set,TRSHS00783,audio/TRSHS00783.mp3,True
f5661515-1b22-4663-a9c3-07ca9640f66c,086c500c-e2a1-4321-bc8c-5282bf3d5cfe,Cover Track TRSHS00754,Cover Artist,Cover Songs Collection,2024,517.0,SecondHandSongs / Cover Set,TRSHS00754,audio/TRSHS00754.mp3,True
a58ec745-fccf-4c06-b1e7-bafc2d2ab55d,ae744662-5072-4bed-b3ad-3eb80be3719b,Cover Track TRSHS00791,Cover Artist,Cover Songs Collection,2024,303.0,SecondHandSongs / Cover Set,TRSHS00791,audio/TRSHS00791.mp3,True
bee726c9-11af-4c1a-b317-1ec65434599f,c1e2f1ea-1735-4e96-b995-271d256ff10f,Cover Track TRSHS00784,Cover Artist,Cover Songs Collection,2024,438.0,SecondHandSongs / Cover Set,TRSHS00784,audio/TRSHS00784.mp3,True
0f7e4a03-fda4-4c2f-9e2d-58b63a387a13,e8afaff3-fc93-4fed-94d1-980500ff0cfc,Cover Track TRSHS00781,Cover Artist,Cover Songs Collection,2024,483.4,SecondHandSongs / Cover Set,TRSHS00781,audio/TRSHS00781.mp3,True
1dd4ebba-9d6f-452b-afef-98ebacc2ead1,2475b056-49de-41f2-ad65-f25073fa0a61,Cover Track TRSHS00782,Cover Artist,Cover Songs Collection,2024,426.6,SecondHandSongs / Cover Set,TRSHS00782,audio/TRSHS00782.mp3,True
48ff3d1a-0922-4b85-8f76-5a6d89d86c9e,8c27867f-f965-4913-9613-6bd93dee15c8,Cover Track TRSHS00792,Cover Artist,Cover Songs Collection,2024,303.0,SecondHandSongs / Cover Set,TRSHS00792,audio/TRSHS00792.mp3,True
636bc28c-f776-4dd6-82f8-545c5db83ccf,8254058b-d511-4ca1-862a-8e7210f166ae,Cover Track TRSHS00793,Cover Artist,Cover Songs Collection,2024,344.6,SecondHandSongs / Cover Set,TRSHS00793,audio/TRSHS00793.mp3,True
84782c4f-8ae0-4ac4-85fd-1c9fd809a2b8,1c6af0e3-00b8-4820-87da-c3ca9f10d7cd,Cover Track TRSHS00794,Cover Artist,Cover Songs Collection,2024,389.9,SecondHandSongs / Cover Set,TRSHS00794,audio/TRSHS00794.mp3,True
13c26233-361f-460b-adf7-be9d6f265ac1,8eeb12a3-43a3-44b0-ad62-32197e418ac6,Cover Track TRSHS00801,Cover Artist,Cover Songs Collection,2024,389.9,SecondHandSongs / Cover Set,TRSHS00801,audio/TRSHS00801.mp3,True
216499ca-7eb6-4502-84c3-d403824003a7,dc6fc086-442e-4fbd-8a1c-9c4b533a256a,Cover Track TRSHS00802,Cover Artist,Cover Songs Collection,2024,389.9,SecondHandSongs / Cover Set,TRSHS00802,audio/TRSHS00802.mp3,True
b59912b2-44f3-4c5b-906f-a6b99a0a6907,ca4a777c-c9df-4cd4-bc42-180541922b54,Cover Track TRSHS00795,Cover Artist,Cover Songs Collection,2024,528.2,SecondHandSongs / Cover Set,TRSHS00795,audio/TRSHS00795.mp3,True
bcf9091f-a836-4afd-a91a-3f5df5736cd7,241706a8-bcc8-417a-8b55-c48991890c4b,Cover Track TRSHS00811,Cover Artist,Cover Songs Collection,2024,325.8,SecondHandSongs / Cover Set,TRSHS00811,audio/TRSHS00811.mp3,True
a5403c7f-30fc-4bc0-8813-beb9da91ee26,5a05755c-da39-45bf-bb48-8c465992661a,Cover Track TRSHS00812,Cover Artist,Cover Songs Collection,2024,517.0,SecondHandSongs / Cover Set,TRSHS00812,audio/TRSHS00812.mp3,True
62c2e95e-a520-4c88-989e-4357289ff311,7e6c4faa-ffd3-4a22-95ed-6589acb50b70,Cover Track TRSHS00813,Cover Artist,Cover Songs Collection,2024,438.0,SecondHandSongs / Cover Set,TRSHS00813,audio/TRSHS00813.mp3,True
a59358ae-af58-4e03-82d5-fd208dcaadc0,5996ed72-3523-433f-9f34-d7ffed855634,Cover Track TRSHS00823,Cover Artist,Cover Songs Collection,2024,325.8,SecondHandSongs / Cover Set,TRSHS00823,audio/TRSHS00823.mp3,True
a8f03bdc-8321-417a-a930-31d8b5e26f6c,8738ce37-cc41-4127-99c6-96501159219c,Cover Track TRSHS00832,Cover Artist,Cover Songs Collection,2024,303.0,SecondHandSongs / Cover Set,TRSHS00832,audio/TRSHS00832.mp3,True
a176dd34-d094-48f1-ac1e-dbffff2a0dd7,80fff65c-fe03-4513-bf63-d272e6a491a3,Cover Track TRSHS00822,Cover Artist,Cover Songs Collection,2024,325.8,SecondHandSongs / Cover Set,TRSHS00822,audio/TRSHS00822.mp3,True
110f678d-e435-4ac4-b0a8-8833d73e2feb,27e99e05-2d6e-4f6a-8eeb-d5a3dd4c5a4d,Cover Track TRSHS00833,Cover Artist,Cover Songs Collection,2024,438.0,SecondHandSongs / Cover Set,TRSHS00833,audio/TRSHS00833.mp3,True
a4fb7431-80de-4ea3-a35c-b63286bbb57a,96174c88-1d3a-496e-b007-11f56a586a58,Cover Track TRSHS00831,Cover Artist,Cover Songs Collection,2024,528.2,SecondHandSongs / Cover Set,TRSHS00831,audio/TRSHS00831.mp3,True
03bd0fa4-da36-4e99-a718-acc913b51746,59fdec12-db86-4fa7-8e73-d22f3961379c,Cover Track TRSHS00824,Cover Artist,Cover Songs Collection,2024,528.2,SecondHandSongs / Cover Set,TRSHS00824,audio/TRSHS00824.mp3,True
490ebea5-02b8-45ba-bd8c-7ce45fdcecd2,3b4bd9f6-57c2-452f-9b7c-60246af98595,Cover Track TRSHS00834,Cover Artist,Cover Songs Collection,2024,438.0,SecondHandSongs / Cover Set,TRSHS00834,audio/TRSHS00834.mp3,True
14c1f85a-54fe-421b-8ed6-7ac1049b1225,953e998a-2c71-4518-8178-968b3362b9fc,Cover Track TRSHS00835,Cover Artist,Cover Songs Collection,2024,303.0,SecondHandSongs / Cover Set,TRSHS00835,audio/TRSHS00835.mp3,True
dbac5ea3-5b05-4da5-9605-22ca37939234,4845d69c-d5d7-40e2-a911-c61dddd3d958,Cover Track TRSHS00821,Cover Artist,Cover Songs Collection,2024,344.6,SecondHandSongs / Cover Set,TRSHS00821,audio/TRSHS00821.mp3,True
1ee26294-58b4-4b4b-9cf8-fd18eb6ebce9,19e97b2a-bd9a-41d8-ad3a-aeabb5b6a869,Cover Track TRSHS00861,Cover Artist,Cover Songs Collection,2024,325.8,SecondHandSongs / Cover Set,TRSHS00861,audio/TRSHS00861.mp3,True
72e97add-c77a-47a3-a58b-c0e9f4fdb952,dcca9385-e75f-4c37-9a68-35d0d1242a76,Cover Track TRSHS00863,Cover Artist,Cover Songs Collection,2024,325.8,SecondHandSongs / Cover Set,TRSHS00863,audio/TRSHS00863.mp3,True
1b65687a-af74-4a15-b8a0-70da1f43962f,d0e669c7-f461-4470-91ed-21df76147489,Cover Track TRSHS00841,Cover Artist,Cover Songs Collection,2024,354.5,SecondHandSongs / Cover Set,TRSHS00841,audio/TRSHS00841.mp3,True
16d688ff-6061-4ca0-8f1a-423cd0808bf6,8b798215-86d5-4142-8d2a-2aa7cf0dcad7,Cover Track TRSHS00852,Cover Artist,Cover Songs Collection,2024,389.9,SecondHandSongs / Cover Set,TRSHS00852,audio/TRSHS00852.mp3,True
ecaff54c-29d2-47d8-9519-c8cd4d3b76be,23a92384-0087-4abe-89f2-6d5acf78935e,Cover Track TRSHS00853,Cover Artist,Cover Songs Collection,2024,483.4,SecondHandSongs / Cover Set,TRSHS00853,audio/TRSHS00853.mp3,True
e00f24cd-3bdb-45bf-839d-e36fb209571d,413e2491-fa56-44e5-bb09-604f5ef6be17,Cover Track TRSHS00862,Cover Artist,Cover Songs Collection,2024,528.2,SecondHandSongs / Cover Set,TRSHS00862,audio/TRSHS00862.mp3,True
84fcb489-3f6c-4bdc-9ba3-f27098ce8152,6ee35bca-6714-4571-b70c-99ab00a538ac,Cover Track TRSHS00864,Cover Artist,Cover Songs Collection,2024,551.9,SecondHandSongs / Cover Set,TRSHS00864,audio/TRSHS00864.mp3,True
b1223a69-4be9-4bfd-ac68-89ec6d9bbcdf,fd3fd41d-d910-46ca-8dee-1b1a3a242984,Cover Track TRSHS00851,Cover Artist,Cover Songs Collection,2024,483.4,SecondHandSongs / Cover Set,TRSHS00851,audio/TRSHS00851.mp3,True
212ab4e4-5a2f-465c-8a02-b9d16fd7adec,e688f2a3-f15d-4c4f-90b9-68223175bc99,Cover Track TRSHS00842,Cover Artist,Cover Songs Collection,2024,517.0,SecondHandSongs / Cover Set,TRSHS00842,audio/TRSHS00842.mp3,True
f3e859c9-e77f-4dfc-9a7a-72db77894ba3,d04048bd-d5d6-43e5-9a87-f72f19e2ed42,Cover Track TRSHS00871,Cover Artist,Cover Songs Collection,2024,551.9,SecondHandSongs / Cover Set,TRSHS00871,audio/TRSHS00871.mp3,True
cebb76cf-bdbc-4b1a-aec3-745caed2e156,0d659d61-021c-4e61-9918-425bbed9f66e,Cover Track TRSHS00872,Cover Artist,Cover Songs Collection,2024,325.8,SecondHandSongs / Cover Set,TRSHS00872,audio/TRSHS00872.mp3,True
e0266809-f89a-46a6-ba21-5e730a2063b8,0ec1d7dc-d2d0-4fe8-af47-60902b9ac635,Cover Track TRSHS00875,Cover Artist,Cover Songs Collection,2024,325.8,SecondHandSongs / Cover Set,TRSHS00875,audio/TRSHS00875.mp3,True
2cb0b8c3-c320-41fe-a6c3-d3087d24dee4,c835a53c-84d7-4f1d-aa80-e4464c08b6fe,Cover Track TRSHS00892,Cover Artist,Cover Songs Collection,2024,280.1,SecondHandSongs / Cover Set,TRSHS00892,audio/TRSHS00892.mp3,True
682b6fa4-1641-41ff-9ccc-87959e92e519,5c467f83-5e2f-4711-aeb9-8f2a9aa16539,Cover Track TRSHS00881,Cover Artist,Cover Songs Collection,2024,514.4,SecondHandSongs / Cover Set,TRSHS00881,audio/TRSHS00881.mp3,True
18a4c3d3-d324-4f33-912e-ad2f5e004e60,8b7ccc5a-3e22-49d6-85ce-3d02497f77d8,Cover Track TRSHS00891,Cover Artist,Cover Songs Collection,2024,325.8,SecondHandSongs / Cover Set,TRSHS00891,audio/TRSHS00891.mp3,True
6a663f8c-51c8-456f-9e90-71338dea7651,69163612-e1d7-4a78-bdc4-49675008e5aa,Cover Track TRSHS00874,Cover Artist,Cover Songs Collection,2024,421.3,SecondHandSongs / Cover Set,TRSHS00874,audio/TRSHS00874.mp3,True
f070bcd1-a792-4a37-a426-135d5da8fe5f,1350c4d0-92f7-4c7e-8c9a-bc51c804f383,Cover Track TRSHS00893,Cover Artist,Cover Songs Collection,2024,344.6,SecondHandSongs / Cover Set,TRSHS00893,audio/TRSHS00893.mp3,True
547e172b-5d9f-4b6a-a2a5-f5296d9b4cc6,4f9873f1-3151-4557-b8f4-fc75313005a9,Cover Track TRSHS00901,Cover Artist,Cover Songs Collection,2024,514.4,SecondHandSongs / Cover Set,TRSHS00901,audio/TRSHS00901.mp3,True
0c0539be-a907-4e01-a58d-5d5ed7a368f2,893df240-d22f-42de-b0f7-650d44be135f,Cover Track TRSHS00903,Cover Artist,Cover Songs Collection,2024,303.0,SecondHandSongs / Cover Set,TRSHS00903,audio/TRSHS00903.mp3,True
ec4a5bcf-fe02-4e19-83c2-04468559346a,0d59cc9e-7030-4d38-8ecb-5855c5e3b393,Cover Track TRSHS00902,Cover Artist,Cover Songs Collection,2024,514.4,SecondHandSongs / Cover Set,TRSHS00902,audio/TRSHS00902.mp3,True
3ed89f49-5ba6-4b81-967a-e655920fc24e,ca5c72ad-7505-4540-8ae7-42e18124a86c,Cover Track TRSHS00873,Cover Artist,Cover Songs Collection,2024,373.3,SecondHandSongs / Cover Set,TRSHS00873,audio/TRSHS00873.mp3,True
4b29867f-1c0a-4034-a9bb-b94e184bff48,46c75c44-6dcc-4176-872c-ecbedee2f5dd,Cover Track TRSHS00922,Cover Artist,Cover Songs Collection,2024,483.4,SecondHandSongs / Cover Set,TRSHS00922,audio/TRSHS00922.mp3,True
5fdd3570-cc12-42e1-8aa6-2ece63bf1125,8ac24a24-a72d-4fcc-ad27-76b705b10899,Cover Track TRSHS00931,Cover Artist,Cover Songs Collection,2024,373.3,SecondHandSongs / Cover Set,TRSHS00931,audio/TRSHS00931.mp3,True
3faf93bf-9e8f-4179-a92c-b3cc626a9a28,0b62b691-d527-4eb1-bf41-4669ad02547d,Cover Track TRSHS00882,Cover Artist,Cover Songs Collection,2024,303.0,SecondHandSongs / Cover Set,TRSHS00882,audio/TRSHS00882.mp3,True
7a2afb05-7c0c-4006-a206-179e6681c4a4,4575d9a0-efca-4436-8b2a-a84744d3294a,Cover Track TRSHS00912,Cover Artist,Cover Songs Collection,2024,303.0,SecondHandSongs / Cover Set,TRSHS00912,audio/TRSHS00912.mp3,True
20117b10-88c8-4f70-a1b1-36bc18899d7a,d0589361-cb44-4da6-997e-331523b9d512,Cover Track TRSHS00932,Cover Artist,Cover Songs Collection,2024,426.6,SecondHandSongs / Cover Set,TRSHS00932,audio/TRSHS00932.mp3,True
bbbb357b-100a-4277-82d0-c965006c2e6b,1814ba0f-a779-420c-9a50-d4640d8761d2,Cover Track TRSHS00921,Cover Artist,Cover Songs Collection,2024,483.4,SecondHandSongs / Cover Set,TRSHS00921,audio/TRSHS00921.mp3,True
6967cdc0-6968-4458-860a-92a25f359e49,cfaf287c-a8be-45a5-aa10-9e427e3f3c63,Cover Track TRSHS00904,Cover Artist,Cover Songs Collection,2024,470.8,SecondHandSongs / Cover Set,TRSHS00904,audio/TRSHS00904.mp3,True
86d9da8f-0c62-4908-b4ee-e4f8eb672a25,56c8c436-5939-4cba-8b35-f7a243d47191,Cover Track TRSHS00933,Cover Artist,Cover Songs Collection,2024,354.5,SecondHandSongs / Cover Set,TRSHS00933,audio/TRSHS00933.mp3,True
c0fbe5ee-51e6-4bb6-b253-edea3551cc04,e1f2f6b7-6b46-48b6-8e41-1d51b1833ebd,Cover Track TRSHS00941,Cover Artist,Cover Songs Collection,2024,421.3,SecondHandSongs / Cover Set,TRSHS00941,audio/TRSHS00941.mp3,True
9cbb7a5c-00d8-4a9a-b39c-7742982ed792,9e995c0f-a00f-4207-b7e2-16b2c707f4f5,Cover Track TRSHS00911,Cover Artist,Cover Songs Collection,2024,421.3,SecondHandSongs / Cover Set,TRSHS00911,audio/TRSHS00911.mp3,True
02708952-e368-428f-b110-801bc58ae86d,2e14c1c6-4792-485c-93da-f4d9df58ab59,Cover Track TRSHS00913,Cover Artist,Cover Songs Collection,2024,421.3,SecondHandSongs / Cover Set,TRSHS00913,audio/TRSHS00913.mp3,True
d3ff3d4d-3ab4-4666-95c1-226f6c77c048,a2155ca6-1f88-41c7-aa80-ffc5d92b21b9,Cover Track TRSHS00943,Cover Artist,Cover Songs Collection,2024,325.8,SecondHandSongs / Cover Set,TRSHS00943,audio/TRSHS00943.mp3,True
69734e71-1cea-4272-aaf9-c01908b82143,11587f10-b588-4516-8124-8de3276ebfab,Cover Track TRSHS00944,Cover Artist,Cover Songs Collection,2024,389.9,SecondHandSongs / Cover Set,TRSHS00944,audio/TRSHS00944.mp3,True
25da4aeb-2c00-45f2-9c50-17572b4507e6,8e037ed1-f63c-4756-b48d-2ce9801cb2d7,Cover Track TRSHS00914,Cover Artist,Cover Songs Collection,2024,517.0,SecondHandSongs / Cover Set,TRSHS00914,audio/TRSHS00914.mp3,True
7eb76557-a104-41e3-8d0c-d2f342325727,c34ba7d1-2e5b-4024-9fe1-598cc6205293,Cover Track TRSHS00952,Cover Artist,Cover Songs Collection,2024,438.0,SecondHandSongs / Cover Set,TRSHS00952,audio/TRSHS00952.mp3,True
200aa5b5-6a9d-4401-b15a-a01353f1b86c,a92df449-ce88-4e58-8026-7f6122711cd1,Cover Track TRSHS00951,Cover Artist,Cover Songs Collection,2024,389.9,SecondHandSongs / Cover Set,TRSHS00951,audio/TRSHS00951.mp3,True
bbb639ef-7295-49f1-a95e-cf49a99af3ab,989581ce-beee-49cd-ac22-7324df81e90f,Cover Track TRSHS00915,Cover Artist,Cover Songs Collection,2024,514.4,SecondHandSongs / Cover Set,TRSHS00915,audio/TRSHS00915.mp3,True
9393fd8d-be90-41db-83cb-74db1a795604,e2facaa5-69d4-44b4-90e7-73019180e79b,Cover Track TRSHS00954,Cover Artist,Cover Songs Collection,2024,517.0,SecondHandSongs / Cover Set,TRSHS00954,audio/TRSHS00954.mp3,True
b0a4771e-5346-4c89-8c0a-73a0c3eeeac1,4f197dae-a6be-45e4-ab83-769465a9f6fb,Cover Track TRSHS00942,Cover Artist,Cover Songs Collection,2024,438.0,SecondHandSongs / Cover Set,TRSHS00942,audio/TRSHS00942.mp3,True
58aba955-9aee-46a3-862c-f043bf1cdbe9,aaac9d16-c490-4f49-806a-30cf6a5c928d,Cover Track TRSHS00955,Cover Artist,Cover Songs Collection,2024,438.0,SecondHandSongs / Cover Set,TRSHS00955,audio/TRSHS00955.mp3,True
ed3f4fcf-fb1f-490b-9a1e-57d555cec8e9,37b84552-5956-44b6-90f3-7d4d38b05ce8,Cover Track TRSHS00961,Cover Artist,Cover Songs Collection,2024,470.8,SecondHandSongs / Cover Set,TRSHS00961,audio/TRSHS00961.mp3,True
38eb7b2a-75c4-4e0c-9c8a-4f77e563c246,9a224f72-8b33-4c8e-b17d-38648a4a04c8,Cover Track TRSHS00953,Cover Artist,Cover Songs Collection,2024,325.8,SecondHandSongs / Cover Set,TRSHS00953,audio/TRSHS00953.mp3,True
d01d0ece-05e8-466b-8ce5-bdd4f4f22835,b900ca76-8146-46b4-aab8-24a378d356bb,Cover Track TRSHS00971,Cover Artist,Cover Songs Collection,2024,280.1,SecondHandSongs / Cover Set,TRSHS00971,audio/TRSHS00971.mp3,True
d4069a17-48b3-4c89-bb65-d8375de54c3c,0a42c208-4d9a-4163-8b40-86ef5bd3d64d,Cover Track TRSHS00972,Cover Artist,Cover Songs Collection,2024,438.0,SecondHandSongs / Cover Set,TRSHS00972,audio/TRSHS00972.mp3,True
622c6b1f-a068-46e0-ba1c-ed260c816867,1fead3fe-6749-4b88-a84f-97f9c8530c00,Cover Track TRSHS00981,Cover Artist,Cover Songs Collection,2024,373.3,SecondHandSongs / Cover Set,TRSHS00981,audio/TRSHS00981.mp3,True
bc5b1400-92e8-4775-bbb5-4daadc87a51d,106058df-f517-4022-94a1-539b1b702809,Cover Track TRSHS00973,Cover Artist,Cover Songs Collection,2024,438.0,SecondHandSongs / Cover Set,TRSHS00973,audio/TRSHS00973.mp3,True
f51969fd-70d0-4922-9015-d1f1f4b2fba0,1ce2e338-0ef1-40ef-8a86-01ed82c36642,Cover Track TRSHS00962,Cover Artist,Cover Songs Collection,2024,470.8,SecondHandSongs / Cover Set,TRSHS00962,audio/TRSHS00962.mp3,True
cfa1a382-72b1-4ea4-9241-bba6062ffa76,e9226289-87d9-4fbc-964a-d73b04911d70,Cover Track TRSHS00982,Cover Artist,Cover Songs Collection,2024,373.3,SecondHandSongs / Cover Set,TRSHS00982,audio/TRSHS00982.mp3,True
48e04f39-244e-47de-b2a9-aa79a80c6675,8ef9ac3c-a9d9-418b-b180-4667ec4e671a,Cover Track TRSHS00991,Cover Artist,Cover Songs Collection,2024,280.1,SecondHandSongs / Cover Set,TRSHS00991,audio/TRSHS00991.mp3,True
daab3050-9790-4e73-a4e0-b37c06548e47,6cebeda3-ee19-46f6-b756-9b58ae8b3608,Cover Track TRSHS00983,Cover Artist,Cover Songs Collection,2024,438.0,SecondHandSongs / Cover Set,TRSHS00983,audio/TRSHS00983.mp3,True
bf2d9249-a443-4e2c-9285-9406b17606b8,e482777c-c418-4c18-855b-eb60d7ef504b,Cover Track TRSHS00984,Cover Artist,Cover Songs Collection,2024,483.4,SecondHandSongs / Cover Set,TRSHS00984,audio/TRSHS00984.mp3,True
65e5ffa4-1303-4635-a4d6-8d40bcf7c111,36c5e13a-0b8d-41c9-9519-03fb04296c0e,Cover Track TRSHS00992,Cover Artist,Cover Songs Collection,2024,483.4,SecondHandSongs / Cover Set,TRSHS00992,audio/TRSHS00992.mp3,True
207294dd-7a28-4d0a-9dfa-83334e708431,1185f5bc-a317-48c8-9454-c456e71d1692,Cover Track TRSHS00993,Cover Artist,Cover Songs Collection,2024,389.9,SecondHandSongs / Cover Set,TRSHS00993,audio/TRSHS00993.mp3,True
790a83fc-ddc5-4c77-bba1-faa557740994,bd8cb312-ac5b-4bf2-bcd4-d6c2d061a7d3,Cover Track TRSHS00994,Cover Artist,Cover Songs Collection,2024,303.0,SecondHandSongs / Cover Set,TRSHS00994,audio/TRSHS00994.mp3,True
6a62a14c-dbd3-4637-bb53-1f26390f140b,5719bf7b-7808-4084-bdfa-c0b2eebbfb43,Cover Track TRSHS01011,Cover Artist,Cover Songs Collection,2024,303.0,SecondHandSongs / Cover Set,TRSHS01011,audio/TRSHS01011.mp3,True
9eddac0f-c01c-4ed6-9c1b-0691f3ff0dae,700f1287-8937-4de5-928d-899c1b44e539,Cover Track TRSHS01001,Cover Artist,Cover Songs Collection,2024,426.6,SecondHandSongs / Cover Set,TRSHS01001,audio/TRSHS01001.mp3,True
0e70f622-4778-4d4c-9f80-dda9adfcb1e1,f6edf210-d687-4f8d-9cac-e440d59b7986,Cover Track TRSHS00995,Cover Artist,Cover Songs Collection,2024,483.4,SecondHandSongs / Cover Set,TRSHS00995,audio/TRSHS00995.mp3,True
fff0eaf9-e6d2-4c75-b5f9-7455f0e5b081,8f61a588-df60-4518-bc02-dcff4bd92c86,Cover Track TRSHS01002,Cover Artist,Cover Songs Collection,2024,528.2,SecondHandSongs / Cover Set,TRSHS01002,audio/TRSHS01002.mp3,True
19c279e2-f429-4afc-8a5e-8f8ccfe66a54,3e15b965-9371-4638-8c21-e54545b865f2,Cover Track TRSHS01012,Cover Artist,Cover Songs Collection,2024,389.9,SecondHandSongs / Cover Set,TRSHS01012,audio/TRSHS01012.mp3,True
8897b9c0-6936-481d-bb1b-042d338dc4c3,a50ba0b6-8f66-4aea-8ae7-edcfbcef61a4,Cover Track TRSHS01021,Cover Artist,Cover Songs Collection,2024,426.6,SecondHandSongs / Cover Set,TRSHS01021,audio/TRSHS01021.mp3,True
3563ffd5-ae6f-46da-bf83-e5ee6865f5f6,139bb514-cb5e-4fd3-90a7-217d361ee31d,Cover Track TRSHS01013,Cover Artist,Cover Songs Collection,2024,514.4,SecondHandSongs / Cover Set,TRSHS01013,audio/TRSHS01013.mp3,True
06a41e27-dee9-4982-91a0-670e8dfaed02,cf02705b-e413-42b7-8321-d34b813d6c97,Cover Track TRSHS01022,Cover Artist,Cover Songs Collection,2024,325.8,SecondHandSongs / Cover Set,TRSHS01022,audio/TRSHS01022.mp3,True
a9297801-7068-4278-8808-f80e685ff33f,a04125b6-6034-4144-927f-a4413737e86b,Cover Track TRSHS01024,Cover Artist,Cover Songs Collection,2024,470.8,SecondHandSongs / Cover Set,TRSHS01024,audio/TRSHS01024.mp3,True
f4ba53e3-d070-468d-8acb-396af3eddfb6,5740ec8d-0ca2-48f2-92ae-e768ce076ba6,Cover Track TRSHS01023,Cover Artist,Cover Songs Collection,2024,517.0,SecondHandSongs / Cover Set,TRSHS01023,audio/TRSHS01023.mp3,True
59c97654-a24a-468c-b9e8-2bd27b302590,7ab0261a-bd9d-4157-93ca-844ea4848d98,Cover Track TRSHS01031,Cover Artist,Cover Songs Collection,2024,426.6,SecondHandSongs / Cover Set,TRSHS01031,audio/TRSHS01031.mp3,True
336aa569-d6cd-4fdb-b5c7-6a17103d611b,6aa8ab38-dd4c-45d5-8300-2ddc320b6f4d,Cover Track TRSHS01033,Cover Artist,Cover Songs Collection,2024,325.8,SecondHandSongs / Cover Set,TRSHS01033,audio/TRSHS01033.mp3,True
f24388bb-2145-4318-913d-6d35185afea6,ad0ced95-65a5-4eee-b91c-168d4290de28,Cover Track TRSHS01034,Cover Artist,Cover Songs Collection,2024,389.9,SecondHandSongs / Cover Set,TRSHS01034,audio/TRSHS01034.mp3,True
1c32b91c-4481-4fc8-a600-edf0c1b8f557,17d8e11b-4872-4409-aa3f-860567c30ea7,Cover Track TRSHS01032,Cover Artist,Cover Songs Collection,2024,514.4,SecondHandSongs / Cover Set,TRSHS01032,audio/TRSHS01032.mp3,True
d9d35c0e-e360-4342-9ec7-6c907d36c2af,abd4fa8c-5fb2-431d-9ee8-583734156e46,Cover Track TRSHS01051,Cover Artist,Cover Songs Collection,2024,280.1,SecondHandSongs / Cover Set,TRSHS01051,audio/TRSHS01051.mp3,True
4e5c996d-f4fa-4fef-9bc8-c2cb84d3f0ec,15b08d17-34a1-4cba-ba2a-afca70b81934,Cover Track TRSHS01035,Cover Artist,Cover Songs Collection,2024,438.0,SecondHandSongs / Cover Set,TRSHS01035,audio/TRSHS01035.mp3,True
dcb3409b-8a63-4ddb-b2dc-ef49d8df8739,7e44cdd8-6fc2-40b0-9805-9edea396d813,Cover Track TRSHS01062,Cover Artist,Cover Songs Collection,2024,438.0,SecondHandSongs / Cover Set,TRSHS01062,audio/TRSHS01062.mp3,True
953c68a0-b4d4-44e5-82cb-a871850abb61,abce1da9-d0c7-4242-a8e3-94e5009544d5,Cover Track TRSHS01041,Cover Artist,Cover Songs Collection,2024,528.2,SecondHandSongs / Cover Set,TRSHS01041,audio/TRSHS01041.mp3,True
bff931be-56a6-45ea-a3f7-6bd454a27c2f,0061d3d9-0704-45e4-9b27-68fb0ca59d6e,Cover Track TRSHS01042,Cover Artist,Cover Songs Collection,2024,303.0,SecondHandSongs / Cover Set,TRSHS01042,audio/TRSHS01042.mp3,True
ddc1ac98-d484-4838-9b25-00dd8acf062c,f9066f64-9c0a-4449-a517-4dda90c9b242,Cover Track TRSHS01071,Cover Artist,Cover Songs Collection,2024,344.6,SecondHandSongs / Cover Set,TRSHS01071,audio/TRSHS01071.mp3,True
217bc65f-e9e6-4765-9bee-cd5ae8b1093d,0967e4b1-7d35-44f8-af8f-1f8262b3675c,Cover Track TRSHS01063,Cover Artist,Cover Songs Collection,2024,421.3,SecondHandSongs / Cover Set,TRSHS01063,audio/TRSHS01063.mp3,True
5b4e2488-beca-4f86-af02-77a54d1267eb,ae5fb751-1753-45e7-b5b5-d2c08b1ff010,Cover Track TRSHS01061,Cover Artist,Cover Songs Collection,2024,303.0,SecondHandSongs / Cover Set,TRSHS01061,audio/TRSHS01061.mp3,True
5d650350-328f-4b8d-83d9-96b7df150c18,e3400d0a-15c0-4fd7-b5a0-fa89ce6c3545,Cover Track TRSHS01053,Cover Artist,Cover Songs Collection,2024,303.0,SecondHandSongs / Cover Set,TRSHS01053,audio/TRSHS01053.mp3,True
729f9be3-d4f3-4738-8822-819db9a13e10,7fbd72d8-8b0c-44a7-8f14-4e9f62b2520f,Cover Track TRSHS01064,Cover Artist,Cover Songs Collection,2024,551.9,SecondHandSongs / Cover Set,TRSHS01064,audio/TRSHS01064.mp3,True
c36d92e2-6693-4d28-a62c-3ed6db9c14c0,ba80c9c4-cee5-4a7b-8e47-1a53fa9c4a6e,Cover Track TRSHS01072,Cover Artist,Cover Songs Collection,2024,354.5,SecondHandSongs / Cover Set,TRSHS01072,audio/TRSHS01072.mp3,True
cb8ed4cb-a440-434d-92b7-5daf9a33be2b,d0db56e8-5971-42d3-b631-0f7754779c07,Cover Track TRSHS01075,Cover Artist,Cover Songs Collection,2024,389.9,SecondHandSongs / Cover Set,TRSHS01075,audio/TRSHS01075.mp3,True
4ddd1674-edd3-4880-9020-08172947c53a,f78d78db-9b67-4132-991e-ec67f26fa8bf,Cover Track TRSHS01074,Cover Artist,Cover Songs Collection,2024,517.0,SecondHandSongs / Cover Set,TRSHS01074,audio/TRSHS01074.mp3,True
63117c80-0d51-4014-a55a-12ac0b5ed52f,b7408ced-e694-483b-960d-5d3e5e9e8e87,Cover Track TRSHS01073,Cover Artist,Cover Songs Collection,2024,514.4,SecondHandSongs / Cover Set,TRSHS01073,audio/TRSHS01073.mp3,True
8737f242-7930-4eac-9f0c-2ca7a63c8ae4,a4402ab7-913e-4d94-bd2e-ccbe79b13b36,Cover Track TRSHS01081,Cover Artist,Cover Songs Collection,2024,470.8,SecondHandSongs / Cover Set,TRSHS01081,audio/TRSHS01081.mp3,True
67e001fa-aa32-41ae-a2d5-251758e4485b,34191ba4-8319-48b4-802f-c9d416a5b22b,Cover Track TRSHS01082,Cover Artist,Cover Songs Collection,2024,514.4,SecondHandSongs / Cover Set,TRSHS01082,audio/TRSHS01082.mp3,True
cc1fc3ad-c3fb-465f-beb9-f4fbe2a035e9,679273c6-ffa7-4030-87e2-48c4a5aa9a4a,Cover Track TRSHS01091,Cover Artist,Cover Songs Collection,2024,470.8,SecondHandSongs / Cover Set,TRSHS01091,audio/TRSHS01091.mp3,True
28940be1-d289-41d3-9e62-dde3d20516bf,dc0cb907-1ae1-4aeb-81c9-a0424586ca68,Cover Track TRSHS01052,Cover Artist,Cover Songs Collection,2024,551.9,SecondHandSongs / Cover Set,TRSHS01052,audio/TRSHS01052.mp3,True
d5864d4c-9161-4e90-bc5e-4f31ffcefd5c,455849cf-cde1-450b-a67e-977d10ce1a78,Cover Track TRSHS01092,Cover Artist,Cover Songs Collection,2024,528.2,SecondHandSongs / Cover Set,TRSHS01092,audio/TRSHS01092.mp3,True
f8f15522-008d-4733-bdea-9f334073f72a,6f51e6a4-8390-4f8d-a2bf-62f6f01e2958,Cover Track TRSHS01102,Cover Artist,Cover Songs Collection,2024,373.3,SecondHandSongs / Cover Set,TRSHS01102,audio/TRSHS01102.mp3,True
2f72ce63-ee55-4268-82de-da22d702c191,72c7a9cb-3e71-47a9-9935-fb2ac3498ce6,Cover Track TRSHS01103,Cover Artist,Cover Songs Collection,2024,354.5,SecondHandSongs / Cover Set,TRSHS01103,audio/TRSHS01103.mp3,True
16343561-6825-4d08-b691-4a3dfbecc901,3139beb3-592a-4d68-9cee-043cf466a76a,Cover Track TRSHS01104,Cover Artist,Cover Songs Collection,2024,483.4,SecondHandSongs / Cover Set,TRSHS01104,audio/TRSHS01104.mp3,True
ecf3605e-e7be-47ab-b1e3-7da9ed0e2d08,2500841c-b2ac-43c4-9ba1-fd1780e38d51,Cover Track TRSHS01111,Cover Artist,Cover Songs Collection,2024,528.2,SecondHandSongs / Cover Set,TRSHS01111,audio/TRSHS01111.mp3,True
cbfb66e0-a4f5-4629-97b0-08d6ad4b0b56,e3cbbeae-e614-4acd-a022-a087e54b39e0,Cover Track TRSHS01112,Cover Artist,Cover Songs Collection,2024,389.9,SecondHandSongs / Cover Set,TRSHS01112,audio/TRSHS01112.mp3,True
4ae09f7d-f25b-4d30-ba3f-a38f4a2d1c52,431211b0-faaf-420c-8bd4-b838bb8ca4c6,Cover Track TRSHS01115,Cover Artist,Cover Songs Collection,2024,421.3,SecondHandSongs / Cover Set,TRSHS01115,audio/TRSHS01115.mp3,True
34745bd5-d52a-474f-9afc-b3e6caab85ec,065dfea3-d132-4557-9884-27e0e7d1c51a,Cover Track TRSHS01093,Cover Artist,Cover Songs Collection,2024,354.5,SecondHandSongs / Cover Set,TRSHS01093,audio/TRSHS01093.mp3,True
dc6bb3f5-c395-4566-bfba-036749eae6f2,b4e977b2-0cb9-426e-9c0b-aa65823fbc97,Cover Track TRSHS01114,Cover Artist,Cover Songs Collection,2024,517.0,SecondHandSongs / Cover Set,TRSHS01114,audio/TRSHS01114.mp3,True
3004789a-e965-40b9-b71e-983b1b8b8f77,84d2e976-ce25-47bc-9af8-578dfa591058,Cover Track TRSHS01113,Cover Artist,Cover Songs Collection,2024,551.9,SecondHandSongs / Cover Set,TRSHS01113,audio/TRSHS01113.mp3,True
9cc1e7b1-e65c-45f0-a14d-17beb54cbdce,8f309ea3-b3bc-4559-8bfe-d4c76a97ce9e,Cover Track TRSHS01122,Cover Artist,Cover Songs Collection,2024,470.8,SecondHandSongs / Cover Set,TRSHS01122,audio/TRSHS01122.mp3,True
e0fc96a2-a5ab-418c-a498-9ff37e043dc1,f47e17e0-5714-470c-8da5-7b0c257b3bd1,Cover Track TRSHS01121,Cover Artist,Cover Songs Collection,2024,551.9,SecondHandSongs / Cover Set,TRSHS01121,audio/TRSHS01121.mp3,True
0e64570b-de2e-494a-a337-88773089d661,b7921248-fd19-462a-8ff2-e3d2698508d9,Cover Track TRSHS01131,Cover Artist,Cover Songs Collection,2024,421.3,SecondHandSongs / Cover Set,TRSHS01131,audio/TRSHS01131.mp3,True
34c32a4f-3f4a-4373-8498-7de8bd4fb4dc,757d2322-01e8-4453-81f7-9626563d8e15,Cover Track TRSHS01132,Cover Artist,Cover Songs Collection,2024,303.0,SecondHandSongs / Cover Set,TRSHS01132,audio/TRSHS01132.mp3,True
928ad61d-bc8a-40a4-b1be-595ca2c9e25a,6736e8cd-9817-4cf1-aaf0-2a1b9390be91,Cover Track TRSHS01141,Cover Artist,Cover Songs Collection,2024,373.3,SecondHandSongs / Cover Set,TRSHS01141,audio/TRSHS01141.mp3,True
f13e4dd9-4ed5-48b9-8f6c-a4fe1cf84753,3222f193-3d20-4672-b5f3-91090ceff967,Cover Track TRSHS01143,Cover Artist,Cover Songs Collection,2024,325.8,SecondHandSongs / Cover Set,TRSHS01143,audio/TRSHS01143.mp3,True
8fbef2ff-b41b-421e-bbb1-afeb25fa53ed,6dafc255-fea7-4aaa-8d77-a155c4fb325d,Cover Track TRSHS01144,Cover Artist,Cover Songs Collection,2024,426.6,SecondHandSongs / Cover Set,TRSHS01144,audio/TRSHS01144.mp3,True
53344132-f363-4a2c-8627-d80cd6bfebff,67993833-178d-41ee-b12d-e5b0487545b6,Cover Track TRSHS01153,Cover Artist,Cover Songs Collection,2024,421.3,SecondHandSongs / Cover Set,TRSHS01153,audio/TRSHS01153.mp3,True
91ce73d5-b823-4b7b-85fd-3d3ab71e0527,2a19b86c-6421-460f-9a90-89bf52536df5,Cover Track TRSHS01152,Cover Artist,Cover Songs Collection,2024,551.9,SecondHandSongs / Cover Set,TRSHS01152,audio/TRSHS01152.mp3,True
bcd59726-198d-49ff-aa73-19570d55bb02,75089562-4a85-4f93-a331-83208fc45ebd,Cover Track TRSHS01101,Cover Artist,Cover Songs Collection,2024,470.8,SecondHandSongs / Cover Set,TRSHS01101,audio/TRSHS01101.mp3,True
ddd9579f-43ef-4d46-974f-6e9183a533e0,ffa8ce98-4c1f-4995-9655-88fe5c6c8bf4,Cover Track TRSHS01151,Cover Artist,Cover Songs Collection,2024,551.9,SecondHandSongs / Cover Set,TRSHS01151,audio/TRSHS01151.mp3,True
f076d2bf-7d20-4933-a825-5065e799035f,f01a9e98-3328-4fc8-bd78-91e04d5fc9be,Cover Track TRSHS01133,Cover Artist,Cover Songs Collection,2024,280.1,SecondHandSongs / Cover Set,TRSHS01133,audio/TRSHS01133.mp3,True
6f84ef37-d543-449a-b1fb-19db4a729bd9,5cc1dc67-3ed6-4dc6-864f-130d6547d65a,Cover Track TRSHS01155,Cover Artist,Cover Songs Collection,2024,344.6,SecondHandSongs / Cover Set,TRSHS01155,audio/TRSHS01155.mp3,True
b5b1ab47-7e7b-476b-9523-6dff37a036d4,624a3ee3-0cc1-4b4e-8435-1c1d6ec9d238,Cover Track TRSHS01162,Cover Artist,Cover Songs Collection,2024,354.5,SecondHandSongs / Cover Set,TRSHS01162,audio/TRSHS01162.mp3,True
e1379f35-8bc3-4f19-bf3b-fa03a71fefc6,b38ba223-ff89-4009-a466-05ee8b1a941a,Cover Track TRSHS01154,Cover Artist,Cover Songs Collection,2024,280.1,SecondHandSongs / Cover Set,TRSHS01154,audio/TRSHS01154.mp3,True
7091ff3c-1e2f-48ce-839b-412baa1331da,1882d096-0186-4f3d-a70b-1e2261938b3e,Cover Track TRSHS01161,Cover Artist,Cover Songs Collection,2024,551.9,SecondHandSongs / Cover Set,TRSHS01161,audio/TRSHS01161.mp3,True
75f8315a-f21c-4b93-b090-75353d02d5e8,3649ce89-c910-4f95-9f63-88bc7717f63d,Cover Track TRSHS01171,Cover Artist,Cover Songs Collection,2024,483.4,SecondHandSongs / Cover Set,TRSHS01171,audio/TRSHS01171.mp3,True
b7eaa324-6cb2-47b8-a477-ba8381afa63b,1c363adc-c84a-49a7-b9db-ea619dba7004,Cover Track TRSHS01182,Cover Artist,Cover Songs Collection,2024,528.2,SecondHandSongs / Cover Set,TRSHS01182,audio/TRSHS01182.mp3,True
a9280810-085c-4246-8979-a9b0813b9b42,d04c32c5-b55c-48b1-97db-9d1745327e5b,Cover Track TRSHS01183,Cover Artist,Cover Songs Collection,2024,354.5,SecondHandSongs / Cover Set,TRSHS01183,audio/TRSHS01183.mp3,True
d44a1334-c14f-439a-933b-28cf9bfb85e1,58ecdc63-3ed6-4f58-860e-471052ce2ab0,Cover Track TRSHS01184,Cover Artist,Cover Songs Collection,2024,303.0,SecondHandSongs / Cover Set,TRSHS01184,audio/TRSHS01184.mp3,True
4a0a4e63-b46e-426e-a4b8-52f89110e12d,81004322-1f77-4c38-ba13-1cabe715b7cc,Cover Track TRSHS01192,Cover Artist,Cover Songs Collection,2024,470.8,SecondHandSongs / Cover Set,TRSHS01192,audio/TRSHS01192.mp3,True
5636bb96-c259-463d-b74b-042d7481e840,338637b9-de09-4ff9-9dd0-e3d3b6e3894b,Cover Track TRSHS01173,Cover Artist,Cover Songs Collection,2024,421.3,SecondHandSongs / Cover Set,TRSHS01173,audio/TRSHS01173.mp3,True
4dfc64a8-2b0b-4746-bf53-33ba05813bc0,023ad67c-3eed-4dfd-8acc-66a231ff6698,Cover Track TRSHS01172,Cover Artist,Cover Songs Collection,2024,389.9,SecondHandSongs / Cover Set,TRSHS01172,audio/TRSHS01172.mp3,True
506a1d4f-b05b-401f-8d13-cf66514e2272,66fc47d3-9589-4408-9d7a-aeabf57a6c6f,Cover Track TRSHS01191,Cover Artist,Cover Songs Collection,2024,551.9,SecondHandSongs / Cover Set,TRSHS01191,audio/TRSHS01191.mp3,True
b3290547-7464-47f8-91e4-5727b9ce2364,11e8cf8d-62b8-4668-850e-edec0812d11c,Cover Track TRSHS01142,Cover Artist,Cover Songs Collection,2024,426.6,SecondHandSongs / Cover Set,TRSHS01142,audio/TRSHS01142.mp3,True
4bee459b-4452-45b1-8bc2-95dc3a655aea,7e5e9f78-c652-4889-a3e2-dea3cba9d477,Cover Track TRSHS01181,Cover Artist,Cover Songs Collection,2024,551.9,SecondHandSongs / Cover Set,TRSHS01181,audio/TRSHS01181.mp3,True
e5a847f4-ef95-4702-bf96-86e0a2a56be8,095dae8f-232d-4825-aa6f-90e28be67774,Cover Track TRSHS01194,Cover Artist,Cover Songs Collection,2024,325.8,SecondHandSongs / Cover Set,TRSHS01194,audio/TRSHS01194.mp3,True
a918494e-647b-4b4d-ab4f-218a30095c89,858a3cc3-2a8c-4718-94dc-1965c2e14f79,Cover Track TRSHS01193,Cover Artist,Cover Songs Collection,2024,528.2,SecondHandSongs / Cover Set,TRSHS01193,audio/TRSHS01193.mp3,True
49296e52-759b-42f0-8d6e-77bfe87071ac,cd40e04a-f2b1-4435-9afa-ad5e506231c4,Cover Track TRSHS01201,Cover Artist,Cover Songs Collection,2024,303.0,SecondHandSongs / Cover Set,TRSHS01201,audio/TRSHS01201.mp3,True
c0ddcf1d-a4a7-4aff-a2f1-358fce171437,7dde740c-cd74-4afb-b1b3-fce658f80adc,Cover Track TRSHS01202,Cover Artist,Cover Songs Collection,2024,280.1,SecondHandSongs / Cover Set,TRSHS01202,audio/TRSHS01202.mp3,True
6a5d2c18-425d-4d4b-a5f1-7d81837b7a3b,b9354050-5118-4f13-ba97-64825dbd1a8d,Cover Track TRSHS01195,Cover Artist,Cover Songs Collection,2024,438.0,SecondHandSongs / Cover Set,TRSHS01195,audio/TRSHS01195.mp3,True
11ee59c4-6bda-4850-98b2-ee1045c4ec12,52da240c-6f52-4c66-a262-bdedecd9c445,Cover Track TRSHS01211,Cover Artist,Cover Songs Collection,2024,303.0,SecondHandSongs / Cover Set,TRSHS01211,audio/TRSHS01211.mp3,True
d87906bd-e25d-43d6-8c40-623539893eb0,304dbd46-866e-4e0a-b67a-c897c8cc592f,Cover Track TRSHS01213,Cover Artist,Cover Songs Collection,2024,344.6,SecondHandSongs / Cover Set,TRSHS01213,audio/TRSHS01213.mp3,True
fb9e456d-85b4-4630-b820-dd60f393ee43,cc0bf5d3-0f68-4a56-b266-fd2049a21f74,Cover Track TRSHS01212,Cover Artist,Cover Songs Collection,2024,438.0,SecondHandSongs / Cover Set,TRSHS01212,audio/TRSHS01212.mp3,True
6ec04b27-0dea-4759-ac73-86a45559c91a,0645766d-9dfe-41ef-803d-6f8089f6171e,Cover Track TRSHS01221,Cover Artist,Cover Songs Collection,2024,325.8,SecondHandSongs / Cover Set,TRSHS01221,audio/TRSHS01221.mp3,True
8d639c41-5109-4721-a053-9514a7c034b6,183edc34-391a-4d0e-8c8d-b974fbfced9d,Cover Track TRSHS01222,Cover Artist,Cover Songs Collection,2024,325.8,SecondHandSongs / Cover Set,TRSHS01222,audio/TRSHS01222.mp3,True
ded79608-5b00-4e93-83ea-b963ca65e7fb,74902a2a-577b-4c6e-8d32-265ffcb8f849,Cover Track TRSHS01223,Cover Artist,Cover Songs Collection,2024,280.1,SecondHandSongs / Cover Set,TRSHS01223,audio/TRSHS01223.mp3,True
3fc83159-4c25-4202-9731-b1ce7f20a00f,f4c878ab-8d4e-4004-a05f-ecb6cb073a48,Cover Track TRSHS01231,Cover Artist,Cover Songs Collection,2024,421.3,SecondHandSongs / Cover Set,TRSHS01231,audio/TRSHS01231.mp3,True
0331db8d-d9e8-447d-bc89-1c7e8620726f,e4d44e80-7ba5-44a8-a595-aee50828ba64,Cover Track TRSHS01242,Cover Artist,Cover Songs Collection,2024,373.3,SecondHandSongs / Cover Set,TRSHS01242,audio/TRSHS01242.mp3,True
470cb153-52e0-41cc-8389-372fa0958fde,b40b62b5-f1fb-4177-99d6-159f92eb7732,Cover Track TRSHS01232,Cover Artist,Cover Songs Collection,2024,551.9,SecondHandSongs / Cover Set,TRSHS01232,audio/TRSHS01232.mp3,True
645a0274-393c-42a5-aba6-09b1bbd98c14,3deacb9f-6caf-4eff-b0fc-33fc51fcbb06,Cover Track TRSHS01224,Cover Artist,Cover Songs Collection,2024,517.0,SecondHandSongs / Cover Set,TRSHS01224,audio/TRSHS01224.mp3,True
61b79e58-b9c7-4ea0-a036-b754ef994c3f,9c86c520-9cf3-41b1-8430-c6fed59fb72b,Cover Track TRSHS01233,Cover Artist,Cover Songs Collection,2024,389.9,SecondHandSongs / Cover Set,TRSHS01233,audio/TRSHS01233.mp3,True
9ecfffa3-57f5-4b72-901c-79a5401cfac5,00eebb1e-c8ca-4434-bb57-3264d0249b6e,Cover Track TRSHS01234,Cover Artist,Cover Songs Collection,2024,303.0,SecondHandSongs / Cover Set,TRSHS01234,audio/TRSHS01234.mp3,True
e01efdbd-01c8-4ab7-a120-91570768bd24,277c5cfe-cb9d-4c47-a3f4-b74dcfa0ecc8,Cover Track TRSHS01235,Cover Artist,Cover Songs Collection,2024,344.6,SecondHandSongs / Cover Set,TRSHS01235,audio/TRSHS01235.mp3,True
50c03fb9-2cb5-4e4b-bf7c-b4226cfb5667,1c3a8a0b-7cb8-48cc-9136-22e0d7a5c32e,Cover Track TRSHS01252,Cover Artist,Cover Songs Collection,2024,303.0,SecondHandSongs / Cover Set,TRSHS01252,audio/TRSHS01252.mp3,True
72d26850-b987-4f39-a291-e0e43356f217,373cae9b-1f00-46a8-aece-c6d4532dcc10,Cover Track TRSHS01253,Cover Artist,Cover Songs Collection,2024,426.6,SecondHandSongs / Cover Set,TRSHS01253,audio/TRSHS01253.mp3,True
4bcf751f-4a28-4fdc-b11f-91ffeb3d81e9,2e752af3-7987-4ba1-80c2-4c56d141f31b,Cover Track TRSHS01241,Cover Artist,Cover Songs Collection,2024,514.4,SecondHandSongs / Cover Set,TRSHS01241,audio/TRSHS01241.mp3,True
e2346e66-d0e1-4eb0-805c-0b673dff6180,20e2ec50-7ca5-4793-9f97-87052bb3e475,Cover Track TRSHS01273,Cover Artist,Cover Songs Collection,2024,303.0,SecondHandSongs / Cover Set,TRSHS01273,audio/TRSHS01273.mp3,True
8ae02607-8204-4496-83dc-4412dabed23f,07c43e86-70af-4430-ad5c-552905b63a2e,Cover Track TRSHS01274,Cover Artist,Cover Songs Collection,2024,551.9,SecondHandSongs / Cover Set,TRSHS01274,audio/TRSHS01274.mp3,True
3c8fa1c7-a291-45c1-9277-f7c1dbde6b17,32857f9d-b30f-422e-b84f-5d6d5ce72964,Cover Track TRSHS01263,Cover Artist,Cover Songs Collection,2024,373.3,SecondHandSongs / Cover Set,TRSHS01263,audio/TRSHS01263.mp3,True
53ed869e-7bf6-4ef2-824a-62f32880e436,e7877210-5907-4f0f-aef3-85921ee2d994,Cover Track TRSHS01264,Cover Artist,Cover Songs Collection,2024,344.6,SecondHandSongs / Cover Set,TRSHS01264,audio/TRSHS01264.mp3,True
c2fc61b7-28d3-4012-aab4-1d8daa8a465e,e9e65a64-1f77-456d-8870-943ee23686e1,Cover Track TRSHS01262,Cover Artist,Cover Songs Collection,2024,470.8,SecondHandSongs / Cover Set,TRSHS01262,audio/TRSHS01262.mp3,True
6d8e8599-bbc0-4d39-be89-cd1237c5638f,551c8959-cf94-4072-9799-a94d25df125b,Cover Track TRSHS01271,Cover Artist,Cover Songs Collection,2024,389.9,SecondHandSongs / Cover Set,TRSHS01271,audio/TRSHS01271.mp3,True
26ee585e-088f-4375-902e-5505fd18b7aa,92986f4f-1211-4681-95b4-6d19dd5d04b9,Cover Track TRSHS01261,Cover Artist,Cover Songs Collection,2024,389.9,SecondHandSongs / Cover Set,TRSHS01261,audio/TRSHS01261.mp3,True
8d8b7806-1507-4271-8043-adb520f94f39,3d0398db-2300-48af-962c-7011d9852be0,Cover Track TRSHS01281,Cover Artist,Cover Songs Collection,2024,421.3,SecondHandSongs / Cover Set,TRSHS01281,audio/TRSHS01281.mp3,True
e6191124-67b0-4120-9dc0-891e0058a314,dfe20910-4883-4c1f-88c1-64af8ad3e87f,Cover Track TRSHS01251,Cover Artist,Cover Songs Collection,2024,373.3,SecondHandSongs / Cover Set,TRSHS01251,audio/TRSHS01251.mp3,True
0d8a3a3b-f795-48d7-b02d-3fc721931087,acb68aee-f54b-4805-979a-a505688dee79,Cover Track TRSHS01272,Cover Artist,Cover Songs Collection,2024,517.0,SecondHandSongs / Cover Set,TRSHS01272,audio/TRSHS01272.mp3,True
0b44cb89-71e6-44c9-8f76-0ac269c2c9b4,bb083c66-077e-4923-9aaf-f759ce217bc3,Cover Track TRSHS01282,Cover Artist,Cover Songs Collection,2024,303.0,SecondHandSongs / Cover Set,TRSHS01282,audio/TRSHS01282.mp3,True
a97bb708-72ef-4066-a917-5e30a347518d,1aeed42f-5507-4cd6-ad0e-5d10855f9674,Cover Track TRSHS01293,Cover Artist,Cover Songs Collection,2024,280.1,SecondHandSongs / Cover Set,TRSHS01293,audio/TRSHS01293.mp3,True
e1506c16-750a-467e-929c-274fbb552471,f3f7c2af-dc05-4571-8212-2c4e76261acc,Cover Track TRSHS01292,Cover Artist,Cover Songs Collection,2024,483.4,SecondHandSongs / Cover Set,TRSHS01292,audio/TRSHS01292.mp3,True
286aba35-11cc-49c7-83b1-4345567f7fb9,ad0121c4-8d6f-46b4-8e4b-77eec4ec2c33,Cover Track TRSHS01301,Cover Artist,Cover Songs Collection,2024,470.8,SecondHandSongs / Cover Set,TRSHS01301,audio/TRSHS01301.mp3,True
1a9066cb-347a-49d0-af21-28a91b945dce,224909ba-cf46-43c5-a354-075a82e408a5,Cover Track TRSHS01302,Cover Artist,Cover Songs Collection,2024,280.1,SecondHandSongs / Cover Set,TRSHS01302,audio/TRSHS01302.mp3,True
c51cba4d-f48c-43d1-a793-3fd6fad13236,cc28bb6e-afe6-4178-b8ee-c7cd430c40a4,Cover Track TRSHS01304,Cover Artist,Cover Songs Collection,2024,280.1,SecondHandSongs / Cover Set,TRSHS01304,audio/TRSHS01304.mp3,True
2787048f-88cf-4336-92f3-a5e0776759c3,a4e2640b-3da6-4590-b1ec-69a93d92b484,Cover Track TRSHS01303,Cover Artist,Cover Songs Collection,2024,514.4,SecondHandSongs / Cover Set,TRSHS01303,audio/TRSHS01303.mp3,True
200144e8-9594-4145-80af-fb57ac71bb46,7f389ed3-18b1-41e9-af90-b4e59cdcef0e,Cover Track TRSHS01311,Cover Artist,Cover Songs Collection,2024,438.0,SecondHandSongs / Cover Set,TRSHS01311,audio/TRSHS01311.mp3,True
28a7e164-bd82-46cd-bbef-138e648de9dd,70277ae6-93e6-4662-8c60-6742adb2b497,Cover Track TRSHS01312,Cover Artist,Cover Songs Collection,2024,280.1,SecondHandSongs / Cover Set,TRSHS01312,audio/TRSHS01312.mp3,True
27ab95f4-7683-4c56-900a-2b7944963dbc,95ed4b25-72ae-40a8-bee8-95ea122f8c09,Cover Track TRSHS01314,Cover Artist,Cover Songs Collection,2024,470.8,SecondHandSongs / Cover Set,TRSHS01314,audio/TRSHS01314.mp3,True
3a4c7999-653c-406e-b97a-8bf81abeda81,d26bf7a2-eee5-4c0c-925c-bf853f611271,Cover Track TRSHS01275,Cover Artist,Cover Songs Collection,2024,344.6,SecondHandSongs / Cover Set,TRSHS01275,audio/TRSHS01275.mp3,True
c91a630b-9d7f-45e4-a430-912367822008,85f96f0a-0941-47f1-b8a5-a7b659bbb004,Cover Track TRSHS01333,Cover Artist,Cover Songs Collection,2024,421.3,SecondHandSongs / Cover Set,TRSHS01333,audio/TRSHS01333.mp3,True
f3d07ff1-52c8-4a44-99d2-5d611fc71bf2,1d955cf4-64aa-4e46-8360-1d65334c58b0,Cover Track TRSHS01321,Cover Artist,Cover Songs Collection,2024,421.3,SecondHandSongs / Cover Set,TRSHS01321,audio/TRSHS01321.mp3,True
d787799e-cd24-495b-950f-a27a3a31fc21,070dcf1e-6d6f-4a2b-b05f-de4eea2a5b5c,Cover Track TRSHS01315,Cover Artist,Cover Songs Collection,2024,551.9,SecondHandSongs / Cover Set,TRSHS01315,audio/TRSHS01315.mp3,True
c71ab199-e97b-46d1-a6e9-5147b9c46538,164265ad-16c1-45ba-8e3f-c9d7c06e3876,Cover Track TRSHS01322,Cover Artist,Cover Songs Collection,2024,421.3,SecondHandSongs / Cover Set,TRSHS01322,audio/TRSHS01322.mp3,True
2ee045a5-b724-48d3-b921-354ce958edf1,600921a9-6f0c-44c9-985e-6727438d932a,Cover Track TRSHS01331,Cover Artist,Cover Songs Collection,2024,303.0,SecondHandSongs / Cover Set,TRSHS01331,audio/TRSHS01331.mp3,True
b30c3877-93bc-4c3a-b9df-a0ccef912fbb,47745ff9-0d67-472c-9564-0977f4897544,Cover Track TRSHS01341,Cover Artist,Cover Songs Collection,2024,438.0,SecondHandSongs / Cover Set,TRSHS01341,audio/TRSHS01341.mp3,True
41ac3b94-f3b1-45db-9c4a-e0ef1b0d7430,0a2f2716-d844-41cb-87c4-efa26696b735,Cover Track TRSHS01342,Cover Artist,Cover Songs Collection,2024,551.9,SecondHandSongs / Cover Set,TRSHS01342,audio/TRSHS01342.mp3,True
80ef47a0-8cd7-49ad-b126-221e3e5cf873,99616bb6-152d-4e31-bff1-1ebef042a567,Cover Track TRSHS01291,Cover Artist,Cover Songs Collection,2024,551.9,SecondHandSongs / Cover Set,TRSHS01291,audio/TRSHS01291.mp3,True
2c7d5e0e-f3b0-4d19-9d36-7fa3a5071250,f67debd7-0d9f-4f6a-b824-9b0d90c809ec,Cover Track TRSHS01344,Cover Artist,Cover Songs Collection,2024,426.6,SecondHandSongs / Cover Set,TRSHS01344,audio/TRSHS01344.mp3,True
2a9d3c28-2791-4c86-8ba0-ba876c150c6d,7e20428b-a86e-4a35-b4cf-fd5baaf35887,Cover Track TRSHS01355,Cover Artist,Cover Songs Collection,2024,470.8,SecondHandSongs / Cover Set,TRSHS01355,audio/TRSHS01355.mp3,True
c1eb7900-a720-4222-9ace-ec30ad26367f,cdb6a9a2-9bac-49c1-a673-56982a8e2e6e,Cover Track TRSHS01332,Cover Artist,Cover Songs Collection,2024,344.6,SecondHandSongs / Cover Set,TRSHS01332,audio/TRSHS01332.mp3,True
1728ac4a-e248-4927-b2ca-eb3772185dad,87f0d1f8-ad3a-4b6f-9e6e-3cf536922617,Cover Track TRSHS01343,Cover Artist,Cover Songs Collection,2024,483.4,SecondHandSongs / Cover Set,TRSHS01343,audio/TRSHS01343.mp3,True
df362198-af4b-4a70-9e3e-ce05bb435eaf,cb0defc6-00b1-427d-84c8-1b4cbc50b1c5,Cover Track TRSHS01351,Cover Artist,Cover Songs Collection,2024,517.0,SecondHandSongs / Cover Set,TRSHS01351,audio/TRSHS01351.mp3,True
adf69bda-3c86-4943-b9d1-1de836c3f4f2,246b8b39-f218-4558-8053-0ff5455ca975,Cover Track TRSHS01353,Cover Artist,Cover Songs Collection,2024,551.9,SecondHandSongs / Cover Set,TRSHS01353,audio/TRSHS01353.mp3,True
55949571-2e81-40d8-90e3-2af3a0a43a40,8200560b-f709-4eea-b362-0299bcdb77ca,Cover Track TRSHS01352,Cover Artist,Cover Songs Collection,2024,421.3,SecondHandSongs / Cover Set,TRSHS01352,audio/TRSHS01352.mp3,True
0e460f28-df49-4163-bac8-0f54cfdad2a1,7153e39a-6e5f-41a0-a43d-c49b42f6aed7,Cover Track TRSHS01313,Cover Artist,Cover Songs Collection,2024,528.2,SecondHandSongs / Cover Set,TRSHS01313,audio/TRSHS01313.mp3,True
051cea4b-5f12-43a0-890b-6b3a856479ce,5b3cfa07-873f-4e6a-886a-efe8dc961da6,Cover Track TRSHS01362,Cover Artist,Cover Songs Collection,2024,303.0,SecondHandSongs / Cover Set,TRSHS01362,audio/TRSHS01362.mp3,True
ecfdc9d8-1c06-4b64-b2c5-366177e55190,9b86c1a8-7a1a-4374-9fe2-9035c698da70,Cover Track TRSHS01354,Cover Artist,Cover Songs Collection,2024,426.6,SecondHandSongs / Cover Set,TRSHS01354,audio/TRSHS01354.mp3,True
073491a7-5b46-4061-8eee-8cad4484a5f1,58f9b558-6261-48ef-a0a9-107c47a2b4a8,Cover Track TRSHS01371,Cover Artist,Cover Songs Collection,2024,438.0,SecondHandSongs / Cover Set,TRSHS01371,audio/TRSHS01371.mp3,True
6a3a425c-e7c8-4afc-9cc7-661824cc51cf,04bbbe46-9aa4-4bc6-8a16-cbf2a6d9c5d7,Cover Track TRSHS01373,Cover Artist,Cover Songs Collection,2024,389.9,SecondHandSongs / Cover Set,TRSHS01373,audio/TRSHS01373.mp3,True
09600a63-b565-4988-bd12-1259c9382def,40a7630e-7140-4bd0-8d00-e980d5371257,Cover Track TRSHS01381,Cover Artist,Cover Songs Collection,2024,344.6,SecondHandSongs / Cover Set,TRSHS01381,audio/TRSHS01381.mp3,True
661f69e8-5308-42a6-b560-f1a933442de2,31ec52ff-1459-4873-820f-e80c251e2bd9,Cover Track TRSHS01383,Cover Artist,Cover Songs Collection,2024,354.5,SecondHandSongs / Cover Set,TRSHS01383,audio/TRSHS01383.mp3,True
77c33116-8257-4fc4-b1bb-4b62f71b7e17,f28d7271-b07a-4d2b-bb0a-30efed5eab84,Cover Track TRSHS01382,Cover Artist,Cover Songs Collection,2024,389.9,SecondHandSongs / Cover Set,TRSHS01382,audio/TRSHS01382.mp3,True
f159c89e-59bc-4734-ab5f-9cc35ec6d33e,b9d631ad-d74a-4cd3-b666-6624253f0cb6,Cover Track TRSHS01372,Cover Artist,Cover Songs Collection,2024,483.4,SecondHandSongs / Cover Set,TRSHS01372,audio/TRSHS01372.mp3,True
9d77eeaf-3e64-41fc-b48b-1af227331b07,c3c698d6-af8d-4855-8cf2-898d846b3176,Cover Track TRSHS01384,Cover Artist,Cover Songs Collection,2024,438.0,SecondHandSongs / Cover Set,TRSHS01384,audio/TRSHS01384.mp3,True
4f481547-d8e2-48f8-bb4e-43dce9a389ee,5b888513-da82-4413-867f-5920cbcec456,Cover Track TRSHS01391,Cover Artist,Cover Songs Collection,2024,389.9,SecondHandSongs / Cover Set,TRSHS01391,audio/TRSHS01391.mp3,True
df53f9df-81fc-48f8-82d3-d909d7421186,4adf7ef8-d83e-4a64-8fae-21153107216b,Cover Track TRSHS01392,Cover Artist,Cover Songs Collection,2024,514.4,SecondHandSongs / Cover Set,TRSHS01392,audio/TRSHS01392.mp3,True
ae5b022b-d9ab-4305-92ad-c3c1dd106dbe,a731da1b-2d44-4e5e-94b0-bfa90668b26d,Cover Track TRSHS01394,Cover Artist,Cover Songs Collection,2024,344.6,SecondHandSongs / Cover Set,TRSHS01394,audio/TRSHS01394.mp3,True
4ad043c7-f3f0-4d48-959c-d592bdd38bb0,8f4a7e3f-be1b-4078-b669-8d1b9e986e68,Cover Track TRSHS01361,Cover Artist,Cover Songs Collection,2024,438.0,SecondHandSongs / Cover Set,TRSHS01361,audio/TRSHS01361.mp3,True
e550db4f-92b5-4507-b140-53049c123c73,663e31d2-fe08-4cbb-a0a1-beca7759f312,Cover Track TRSHS01393,Cover Artist,Cover Songs Collection,2024,517.0,SecondHandSongs / Cover Set,TRSHS01393,audio/TRSHS01393.mp3,True
b56074df-f019-4fa8-ae55-1e2a716e0ad4,970e564c-21e5-43cf-849c-57ca19ec3b5d,Cover Track TRSHS01395,Cover Artist,Cover Songs Collection,2024,426.6,SecondHandSongs / Cover Set,TRSHS01395,audio/TRSHS01395.mp3,True
d3bbf34d-4d6d-4a42-aff4-f3e1da1fb85f,f9b0069a-a149-469a-840c-32bf06ffffa0,Cover Track TRSHS01421,Cover Artist,Cover Songs Collection,2024,325.8,SecondHandSongs / Cover Set,TRSHS01421,audio/TRSHS01421.mp3,True
ef27ae31-3193-4816-a03b-1677445bab33,1cbacfc5-4e90-4ecb-8c27-bf5d7531e057,Cover Track TRSHS01401,Cover Artist,Cover Songs Collection,2024,421.3,SecondHandSongs / Cover Set,TRSHS01401,audio/TRSHS01401.mp3,True
5a9d7ce7-e5cd-4671-8dca-a5557bd10ce5,dc710102-0666-4e74-bf43-06d2bfa25735,Cover Track TRSHS01412,Cover Artist,Cover Songs Collection,2024,373.3,SecondHandSongs / Cover Set,TRSHS01412,audio/TRSHS01412.mp3,True
bc5d4004-91fd-4595-b3da-11c227116de1,57ad59c1-6c6f-4b61-82aa-800f7a670612,Cover Track TRSHS01402,Cover Artist,Cover Songs Collection,2024,344.6,SecondHandSongs / Cover Set,TRSHS01402,audio/TRSHS01402.mp3,True
52389faa-8479-472e-9c64-0561ba8cad15,6083e137-6c8a-4ce8-888b-2d1708fa20a7,Cover Track TRSHS01423,Cover Artist,Cover Songs Collection,2024,373.3,SecondHandSongs / Cover Set,TRSHS01423,audio/TRSHS01423.mp3,True
52a00b2d-c018-454c-8cc9-febe8c476f8a,8e7f778f-53f7-4fee-ad45-e67f15064225,Cover Track TRSHS01422,Cover Artist,Cover Songs Collection,2024,470.8,SecondHandSongs / Cover Set,TRSHS01422,audio/TRSHS01422.mp3,True
19a867c0-4229-4d29-87ff-69a7fd7b0456,5acef370-5881-4f80-aed5-8ba02883835e,Cover Track TRSHS01411,Cover Artist,Cover Songs Collection,2024,470.8,SecondHandSongs / Cover Set,TRSHS01411,audio/TRSHS01411.mp3,True
3f1a9480-abd0-4f9a-af76-560845450415,ec79b520-98c6-4917-9421-c58119381113,Cover Track TRSHS01424,Cover Artist,Cover Songs Collection,2024,421.3,SecondHandSongs / Cover Set,TRSHS01424,audio/TRSHS01424.mp3,True
8648640e-68c1-455d-9f0b-aa07ab736d44,32f7a201-63f6-4174-b064-819ae4457a67,Cover Track TRSHS01433,Cover Artist,Cover Songs Collection,2024,373.3,SecondHandSongs / Cover Set,TRSHS01433,audio/TRSHS01433.mp3,True
f11eb519-c5c0-4f91-b96f-ca6a425f95f6,df88937c-885a-4dd9-b230-5fe7a96e32f1,Cover Track TRSHS01434,Cover Artist,Cover Songs Collection,2024,528.2,SecondHandSongs / Cover Set,TRSHS01434,audio/TRSHS01434.mp3,True
aebcd0f3-22d0-4790-a123-0b239eba7e95,898e3c9d-e092-42df-938a-2955a2c261ac,Cover Track TRSHS01441,Cover Artist,Cover Songs Collection,2024,389.9,SecondHandSongs / Cover Set,TRSHS01441,audio/TRSHS01441.mp3,True
3859488d-0c71-4f91-bc89-8d68163e8b56,e886138e-0f2d-4f22-8ef4-bd9cbd7ce943,Cover Track TRSHS01442,Cover Artist,Cover Songs Collection,2024,303.0,SecondHandSongs / Cover Set,TRSHS01442,audio/TRSHS01442.mp3,True
a7538b7b-b7a5-43f6-896b-ffcff6336c64,e23d3709-4d92-41a2-b06a-5b72587e14cf,Cover Track TRSHS01435,Cover Artist,Cover Songs Collection,2024,514.4,SecondHandSongs / Cover Set,TRSHS01435,audio/TRSHS01435.mp3,True
3d0d550f-5594-44fd-9beb-198d3a321f7c,e0e847b9-e49b-47dc-a3aa-65e4ff210dad,Cover Track TRSHS01431,Cover Artist,Cover Songs Collection,2024,426.6,SecondHandSongs / Cover Set,TRSHS01431,audio/TRSHS01431.mp3,True
af5780ae-de35-4c15-a882-c86f7eb99597,4b86a4ff-52a6-4640-a71e-daa9c2ed80a2,Cover Track TRSHS01461,Cover Artist,Cover Songs Collection,2024,303.0,SecondHandSongs / Cover Set,TRSHS01461,audio/TRSHS01461.mp3,True
433739f2-9026-4dfd-a3a1-e0f1acb79a4d,611e3733-3bca-458d-8957-8efc157ab9f6,Cover Track TRSHS01462,Cover Artist,Cover Songs Collection,2024,438.0,SecondHandSongs / Cover Set,TRSHS01462,audio/TRSHS01462.mp3,True
0b5d9e53-343c-440f-940e-307d98cc0d66,fed2e943-9333-4f06-bb1b-df3e72234e86,Cover Track TRSHS01464,Cover Artist,Cover Songs Collection,2024,483.4,SecondHandSongs / Cover Set,TRSHS01464,audio/TRSHS01464.mp3,True
903de420-4c02-4278-91b9-f881001f7f5d,d866608b-6b38-4c19-ba31-49615f08d088,Cover Track TRSHS01413,Cover Artist,Cover Songs Collection,2024,470.8,SecondHandSongs / Cover Set,TRSHS01413,audio/TRSHS01413.mp3,True
f6e9c1d2-9d1a-4a39-9634-5ada2c6504c5,ea88bb84-16ec-429f-a6ce-ad257544f6d5,Cover Track TRSHS01471,Cover Artist,Cover Songs Collection,2024,325.8,SecondHandSongs / Cover Set,TRSHS01471,audio/TRSHS01471.mp3,True
90a915f7-bac5-4846-aecf-258e8b461f71,789bd923-4cca-4a49-9aa2-83c44c43e133,Cover Track TRSHS01451,Cover Artist,Cover Songs Collection,2024,421.3,SecondHandSongs / Cover Set,TRSHS01451,audio/TRSHS01451.mp3,True
e3de111f-e44b-4083-a108-807f437df9db,971ca3fb-8910-4bda-8e02-9b946f09e29d,Cover Track TRSHS01472,Cover Artist,Cover Songs Collection,2024,528.2,SecondHandSongs / Cover Set,TRSHS01472,audio/TRSHS01472.mp3,True
c74f3b0b-9ffa-4616-a10c-ffa2fd39d7a4,f7c94189-1988-4540-a2ad-f3285b302bf1,Cover Track TRSHS01452,Cover Artist,Cover Songs Collection,2024,528.2,SecondHandSongs / Cover Set,TRSHS01452,audio/TRSHS01452.mp3,True
62d71594-8abe-479d-92cb-a69916fafbb6,98e524cd-acc8-4515-bb00-2ce79098dbcd,Cover Track TRSHS01475,Cover Artist,Cover Songs Collection,2024,303.0,SecondHandSongs / Cover Set,TRSHS01475,audio/TRSHS01475.mp3,True
c170c613-9166-45a5-a58e-770797180827,68602937-633c-4257-9d40-9281ff5ddb45,Cover Track TRSHS01432,Cover Artist,Cover Songs Collection,2024,483.4,SecondHandSongs / Cover Set,TRSHS01432,audio/TRSHS01432.mp3,True
b9dc38f2-c4da-4938-82e0-db43c3fac4df,93f27abc-af21-4aa7-b9f6-014fe2a30663,Cover Track TRSHS01463,Cover Artist,Cover Songs Collection,2024,438.0,SecondHandSongs / Cover Set,TRSHS01463,audio/TRSHS01463.mp3,True
ff140cbe-67b1-4ce3-9a3b-3c4b2ae8816d,55904b2c-3fc6-4a82-b6f8-58d2b502790e,Cover Track TRSHS01453,Cover Artist,Cover Songs Collection,2024,426.6,SecondHandSongs / Cover Set,TRSHS01453,audio/TRSHS01453.mp3,True
1336b53b-1502-47a9-844e-2b276a402bfa,35c530c7-1efc-400d-bcd5-1e1444dbdbfe,Cover Track TRSHS01491,Cover Artist,Cover Songs Collection,2024,344.6,SecondHandSongs / Cover Set,TRSHS01491,audio/TRSHS01491.mp3,True
e4a05f4c-4163-4f7c-a23e-a7ec7bed301c,4d019d69-d298-4caa-981d-344b29cd1e03,Cover Track TRSHS01473,Cover Artist,Cover Songs Collection,2024,421.3,SecondHandSongs / Cover Set,TRSHS01473,audio/TRSHS01473.mp3,True
f8473d57-f324-4ead-a77b-cb8ed3c8699c,ccf00cee-4140-41d5-8372-11fda0c5f501,Cover Track TRSHS01492,Cover Artist,Cover Songs Collection,2024,325.8,SecondHandSongs / Cover Set,TRSHS01492,audio/TRSHS01492.mp3,True
9b732f04-d662-496a-a89f-6d82ec08024f,3dc9dcb1-a78d-4390-9ef5-3581178fd0c6,Cover Track TRSHS01501,Cover Artist,Cover Songs Collection,2024,280.1,SecondHandSongs / Cover Set,TRSHS01501,audio/TRSHS01501.mp3,True
8e0f3d1b-2f9c-4714-a2b6-c4f1957031d1,e309b8a4-c158-4b67-8423-877b3f9908bf,Cover Track TRSHS01502,Cover Artist,Cover Songs Collection,2024,344.6,SecondHandSongs / Cover Set,TRSHS01502,audio/TRSHS01502.mp3,True
4f796ef4-31b3-4776-9f39-5cb54e7a8d87,92ecddae-34c9-472f-bb2e-9077abd4fed3,Cover Track TRSHS01481,Cover Artist,Cover Songs Collection,2024,483.4,SecondHandSongs / Cover Set,TRSHS01481,audio/TRSHS01481.mp3,True
c3c0bedc-ccfe-4395-b4c1-150200742195,c929d572-0735-4dfd-970e-db9da09b3104,Cover Track TRSHS01493,Cover Artist,Cover Songs Collection,2024,514.4,SecondHandSongs / Cover Set,TRSHS01493,audio/TRSHS01493.mp3,True
08095015-636e-4992-b34b-6b7e6609434f,717a0ef9-7a03-4d08-8b94-0094ba87f91a,Cover Track TRSHS01503,Cover Artist,Cover Songs Collection,2024,551.9,SecondHandSongs / Cover Set,TRSHS01503,audio/TRSHS01503.mp3,True
868fb120-f1e6-4f8e-9cda-9bd3abae3a8c,d749ac7d-4ecc-4756-9ecf-b2ea30c75889,Cover Track TRSHS01504,Cover Artist,Cover Songs Collection,2024,354.5,SecondHandSongs / Cover Set,TRSHS01504,audio/TRSHS01504.mp3,True
e9193b8a-59bf-48f5-a628-544d738ca54e,11e51e2e-6937-43f7-9463-af5b3161f562,Cover Track TRSHS01474,Cover Artist,Cover Songs Collection,2024,344.6,SecondHandSongs / Cover Set,TRSHS01474,audio/TRSHS01474.mp3,True
535e1f31-796c-4f9d-92ec-81891fb553c3,fa72a901-7b2a-45ae-88fb-4be0444016c7,Cover Track TRSHS01482,Cover Artist,Cover Songs Collection,2024,483.4,SecondHandSongs / Cover Set,TRSHS01482,audio/TRSHS01482.mp3,True
4dcb7158-65e7-4654-9499-8fd6c7c5e69b,01e2ceef-950a-4630-9180-85b71ea288f0,Jamendo Track 243529,Jamendo Artist,Single,2024,271.2,MTG-Jamendo,243529,audio/243529.mp3,True
e4aa5407-c426-4a1d-97d6-60ec02d06667,6a6715ff-cf80-453e-84c9-abc6178e3375,Jamendo Track 253892,Jamendo Artist,Single,2024,162.1,MTG-Jamendo,253892,audio/253892.mp3,True
eb2438fc-adae-4cdb-ad53-1edefd053932,0f41abf7-b02b-40cb-ac8b-40c81838af46,Jamendo Track 61202,Jamendo Artist,Single,2024,247.8,MTG-Jamendo,61202,audio/61202.mp3,True
bf9df369-fd70-499b-aef4-097505b29285,d2865a32-316b-4e14-8607-8884a559d2c2,Jamendo Track 164448,Jamendo Artist,Single,2024,192.0,MTG-Jamendo,164448,audio/164448.mp3,True
57ae9593-e54c-4672-a65f-6ace09fb611f,1aba6c3b-411a-4e98-bea6-025b98710bd2,Jamendo Track 178376,Jamendo Artist,Single,2024,216.0,MTG-Jamendo,178376,audio/178376.mp3,True
ae748a3e-a41f-423a-8957-9065fc6ea7db,b19996a1-8706-4a0c-b03c-fd85fb164756,Jamendo Track 91925,Jamendo Artist,Single,2024,114.7,MTG-Jamendo,91925,audio/91925.mp3,True
1bd1fc8b-5c76-4381-8e38-c2e701749252,8d199501-7ee1-4bde-9a45-efda78a220e5,Jamendo Track 90131,Jamendo Artist,Single,2024,268.0,MTG-Jamendo,90131,audio/90131.mp3,True
1f9bb2ec-d332-4c9c-b8a2-0f6b878bb912,99cdf20f-97bb-401c-8efd-04d6130fafae,Jamendo Track 153864,Jamendo Artist,Single,2024,169.5,MTG-Jamendo,153864,audio/153864.mp3,True
ec1c111f-0775-4ecc-807c-021027d035b4,f07bdeee-631b-4194-946a-2839013c4127,Jamendo Track 182155,Jamendo Artist,Single,2024,1368.7,MTG-Jamendo,182155,audio/182155.mp3,True
a4dfd4d5-3994-4806-9aac-42c9c434ebb4,478eb34f-8297-4b39-b2a6-d4dd4400a6ae,Jamendo Track 16750,Jamendo Artist,Single,2024,465.4,MTG-Jamendo,16750,audio/16750.mp3,True
4c104118-755a-44df-84df-0acad5dd10ce,4ddc76b5-48ab-4dc9-bec8-fcf7b9a4b47d,Jamendo Track 174404,Jamendo Artist,Single,2024,282.2,MTG-Jamendo,174404,audio/174404.mp3,True
43f0e42c-520e-4c9d-92fc-be570f17684e,60fd0697-138c-49d3-a5cc-16f8c7e3c70d,Jamendo Track 245430,Jamendo Artist,Single,2024,230.0,MTG-Jamendo,245430,audio/245430.mp3,True
25288250-79f8-474b-9db2-c3bfa6a35a80,d78990d4-ca1c-4333-8f21-1a20c75d10e0,Jamendo Track 1402623,Jamendo Artist,Single,2024,236.6,MTG-Jamendo,1402623,audio/1402623.mp3,True
6fc64d8b-cbc8-43fa-86b9-393dd02979c1,4bef74d1-04c1-46b0-b522-4a72e8670aa1,Jamendo Track 113430,Jamendo Artist,Single,2024,128.2,MTG-Jamendo,113430,audio/113430.mp3,True
31d54fc0-1c4b-43dc-9d9e-c0b08122ade2,b81204f7-74d2-47ac-b4e4-d2962e04254b,Jamendo Track 454873,Jamendo Artist,Single,2024,234.4,MTG-Jamendo,454873,audio/454873.mp3,True
f206c8d0-d6db-4862-94cb-fae7783043a6,8c9d43b8-f89c-4d2e-9ddc-52a7952d6d17,Jamendo Track 74693,Jamendo Artist,Single,2024,207.6,MTG-Jamendo,74693,audio/74693.mp3,True
6074826a-ea17-4997-b967-c4ccc2a7c313,427b9da5-4753-498b-b35b-c7390ea1d22c,Jamendo Track 1238065,Jamendo Artist,Single,2024,209.0,MTG-Jamendo,1238065,audio/1238065.mp3,True
a7567f46-4916-42c2-8a9b-247262ae7e00,2121442c-61a4-46b1-9f33-15e96ed48336,Jamendo Track 299297,Jamendo Artist,Single,2024,495.0,MTG-Jamendo,299297,audio/299297.mp3,True
7ac84364-30e4-4c99-bed6-316e08da9508,eb36a20e-6400-4c3f-a9e8-9ffc57f22b4c,Jamendo Track 208723,Jamendo Artist,Single,2024,181.7,MTG-Jamendo,208723,audio/208723.mp3,True
e6ef71cc-2eb6-4521-a9db-687956fe1fac,d33fd804-b202-4ddf-9ca8-1c7950c64e2f,Jamendo Track 182619,Jamendo Artist,Single,2024,307.8,MTG-Jamendo,182619,audio/182619.mp3,True
2fad50e2-c0bd-4541-a23d-8743889a1e2b,b44fd37c-a4ef-4521-b8c2-90863fc77c4c,Jamendo Track 383013,Jamendo Artist,Single,2024,220.7,MTG-Jamendo,383013,audio/383013.mp3,True
556c151d-5ddc-4c10-a6cf-bcae70853d7e,5adbf9e4-9508-44aa-8ba5-20328f9942b3,Jamendo Track 192676,Jamendo Artist,Single,2024,135.6,MTG-Jamendo,192676,audio/192676.mp3,True
ce7de201-6b32-434b-8a98-e0b09daed417,02e4893b-757f-4139-82fb-5a8e12474870,Jamendo Track 240723,Jamendo Artist,Single,2024,310.4,MTG-Jamendo,240723,audio/240723.mp3,True
9745989e-1dd3-4c84-8f7e-e08a3d401e2f,0861336a-f08e-4ba5-bdc3-6113a1da2a59,Jamendo Track 1158688,Jamendo Artist,Single,2024,352.9,MTG-Jamendo,1158688,audio/1158688.mp3,True
860ea31b-9757-4411-b746-4114439bbd1c,2188d001-ba39-44bc-85cd-31b45c8a12cc,Jamendo Track 381166,Jamendo Artist,Single,2024,179.0,MTG-Jamendo,381166,audio/381166.mp3,True
14ea00cf-2d73-4579-8ce0-6bb534b5ae21,b7b5edd4-edf5-46d9-ab4f-077966f7c00c,Jamendo Track 135695,Jamendo Artist,Single,2024,552.1,MTG-Jamendo,135695,audio/135695.mp3,True
15756982-774a-4e1d-b919-e5c6ddd64528,12f238f9-52ea-48ae-ad1a-23a164b64296,Jamendo Track 393247,Jamendo Artist,Single,2024,122.4,MTG-Jamendo,393247,audio/393247.mp3,True
1c5ac1e9-1112-4860-a7c0-01435f7e38ec,b618de92-124c-40fb-a6e9-028c4f19ba40,Jamendo Track 194781,Jamendo Artist,Single,2024,170.2,MTG-Jamendo,194781,audio/194781.mp3,True
c0d6b86c-3d1d-48a7-bacf-cec2eeef166d,f4e4ad80-2b95-4573-b102-a42162ff8d1b,Jamendo Track 431499,Jamendo Artist,Single,2024,84.8,MTG-Jamendo,431499,audio/431499.mp3,True
da0b84c8-eaa4-45ca-8080-b863115eef21,38cbddc7-b7cc-4ebb-b39f-f696aa12367e,Jamendo Track 211822,Jamendo Artist,Single,2024,151.8,MTG-Jamendo,211822,audio/211822.mp3,True
f0a80d22-b577-4411-b246-a7bb76e1ced3,b2790b08-9fb2-46cf-ac25-d6e0d2b30dd7,Jamendo Track 6699,Jamendo Artist,Single,2024,319.8,MTG-Jamendo,6699,audio/6699.mp3,True
3fbeb89c-2700-450e-b1bf-e7549d0c276c,873855c2-b80c-41b6-b4fc-85af2e0f71c5,Jamendo Track 318958,Jamendo Artist,Single,2024,78.6,MTG-Jamendo,318958,audio/318958.mp3,True
5931db6d-df2d-4b94-8edb-f798f52bec21,efd1ef34-444f-4b1b-b879-847801963619,Jamendo Track 387394,Jamendo Artist,Single,2024,139.3,MTG-Jamendo,387394,audio/387394.mp3,True
d6efcd53-cbab-42f3-8e73-c41d554b5876,9d5cf042-0ef9-4a58-b501-f28ff746df2a,Jamendo Track 39107,Jamendo Artist,Single,2024,154.2,MTG-Jamendo,39107,audio/39107.mp3,True
cc86604f-9c56-4b04-98f7-5abcd611106b,d6ffcd16-c5e3-478f-9195-278f9d37941e,Jamendo Track 20234,Jamendo Artist,Single,2024,371.6,MTG-Jamendo,20234,audio/20234.mp3,True
d4e73558-756c-4c8d-97aa-6b1f2c45c738,08b5af9c-2b77-48a6-b1f1-36e1f8272c0a,Jamendo Track 181854,Jamendo Artist,Single,2024,891.3,MTG-Jamendo,181854,audio/181854.mp3,True
87777627-35ef-4103-9380-75105f591367,36109e42-9bb3-4a48-ae58-f4c07b24b64c,Jamendo Track 298387,Jamendo Artist,Single,2024,359.3,MTG-Jamendo,298387,audio/298387.mp3,True
fa2ad50f-7fa0-4383-a8f7-22e2ae7ce468,d6c319af-f68f-4a4b-b6c3-5730f2ff3646,Jamendo Track 138037,Jamendo Artist,Single,2024,524.0,MTG-Jamendo,138037,audio/138037.mp3,True
1424d530-6270-4f6d-b1c0-1d89862c73a5,b1983074-fc3f-4cc8-be75-e2b842c049e9,Jamendo Track 423116,Jamendo Artist,Single,2024,200.0,MTG-Jamendo,423116,audio/423116.mp3,True
1ce34e83-7e27-4248-ad1f-bf07d7028309,3954f716-223a-487b-a2bd-21629fbb0d58,Jamendo Track 1084715,Jamendo Artist,Single,2024,227.9,MTG-Jamendo,1084715,audio/1084715.mp3,True
a02e8d66-816e-471e-87e5-acc75d57dfdf,6d6cb690-f5f5-48d6-9e10-c64d752886e5,Jamendo Track 783440,Jamendo Artist,Single,2024,408.0,MTG-Jamendo,783440,audio/783440.mp3,True
b3287d65-367a-4d74-9249-f56f05aab15b,e646ac51-773d-4eac-8de8-deaed1aaee5c,Jamendo Track 1105857,Jamendo Artist,Single,2024,230.4,MTG-Jamendo,1105857,audio/1105857.mp3,True
fba29da0-375e-42f8-8a4b-caad5ba9b3ad,903d8e50-302b-48aa-80f8-2b38eec17228,Jamendo Track 934002,Jamendo Artist,Single,2024,330.0,MTG-Jamendo,934002,audio/934002.mp3,True
b3deb0f4-330a-4fc0-8dca-7aae1f7883c9,deba98e9-568f-40ea-9a7c-3f9b36836ae1,Jamendo Track 250881,Jamendo Artist,Single,2024,620.0,MTG-Jamendo,250881,audio/250881.mp3,True
e49d7c46-52ac-4045-8d89-ce46463864c5,07c9bb36-700c-4dbf-adf9-df2df30da784,Jamendo Track 117407,Jamendo Artist,Single,2024,279.3,MTG-Jamendo,117407,audio/117407.mp3,True
e4801030-c087-4715-b77a-0fc2dc34389b,273a495c-b641-4feb-9023-1762af373fd2,Jamendo Track 508155,Jamendo Artist,Single,2024,435.2,MTG-Jamendo,508155,audio/508155.mp3,True
85b63719-55f5-44c0-bd8a-d61aa55325b5,4372911f-06e5-4264-a4c3-3505e83d4f90,Jamendo Track 753086,Jamendo Artist,Single,2024,255.5,MTG-Jamendo,753086,audio/753086.mp3,True
e8b6af95-4016-4ef8-8d07-dfc083b26765,aa7a39d1-8756-4305-9c42-02128a02c8f0,Jamendo Track 31504,Jamendo Artist,Single,2024,136.5,MTG-Jamendo,31504,audio/31504.mp3,True
89778e57-7e04-4cef-a21f-99130eca1eb4,ca0e618a-d6a8-42ce-a2ca-bb311ccbbf20,Jamendo Track 282428,Jamendo Artist,Single,2024,490.6,MTG-Jamendo,282428,audio/282428.mp3,True
f2f175bf-2d09-4ae2-86b4-cd0470984722,36e4a56c-77e1-44cc-b2bf-c4ca25a2c47c,Jamendo Track 106563,Jamendo Artist,Single,2024,220.3,MTG-Jamendo,106563,audio/106563.mp3,True
6c93df2c-83ec-44e1-a089-f7fe31387ce2,4be33c12-b567-4dde-88a6-24513bddb535,Jamendo Track 417474,Jamendo Artist,Single,2024,428.5,MTG-Jamendo,417474,audio/417474.mp3,True
cb374674-ac70-47b0-b964-2659cfc714b1,264f47af-c721-42bd-81f2-b52bc41e7c75,Jamendo Track 5697,Jamendo Artist,Single,2024,279.1,MTG-Jamendo,5697,audio/5697.mp3,True
db91c3b8-46cb-43cb-8968-955cc681ba4e,eba40201-0d75-4972-8a35-0a104b9c8c7c,Jamendo Track 419786,Jamendo Artist,Single,2024,187.2,MTG-Jamendo,419786,audio/419786.mp3,True
ee00c20d-fd13-4747-9f14-c6b39d5b08b9,12e2f2e0-a461-4b0c-897c-203101e7115e,Jamendo Track 285636,Jamendo Artist,Single,2024,123.7,MTG-Jamendo,285636,audio/285636.mp3,True
dc5ae068-1dd0-453b-80e6-cf7617756cbb,40077152-0825-4c31-92ec-b9b1c7039cab,Jamendo Track 167762,Jamendo Artist,Single,2024,350.7,MTG-Jamendo,167762,audio/167762.mp3,True
4b254085-c34a-4618-b86e-e78cf47ba5b9,128d0b5b-5dfd-4a33-be25-f7c6774b6fa9,Jamendo Track 180940,Jamendo Artist,Single,2024,200.5,MTG-Jamendo,180940,audio/180940.mp3,True
82ab7ca4-56ac-4448-8dc8-463d3018a222,9bf4fb26-e373-4e1e-ae9b-feb93aeb7273,Jamendo Track 393968,Jamendo Artist,Single,2024,250.6,MTG-Jamendo,393968,audio/393968.mp3,True
b6573510-d09d-4248-814a-f039fca62be9,07774675-9cef-44ee-901f-25cc4a75fe65,Jamendo Track 397829,Jamendo Artist,Single,2024,212.1,MTG-Jamendo,397829,audio/397829.mp3,True
a1032ce7-5be2-4051-963b-87ebfb5b9a99,0af7a31c-e44a-434d-8146-a5cc9953cfdf,Jamendo Track 455474,Jamendo Artist,Single,2024,162.4,MTG-Jamendo,455474,audio/455474.mp3,True
8ee7d675-af8c-4353-b0f2-af92c8342e2a,58143633-b6d4-4428-b381-e22fcec2c743,Jamendo Track 1079637,Jamendo Artist,Single,2024,121.5,MTG-Jamendo,1079637,audio/1079637.mp3,True
27890213-240d-4e92-912f-6df61edac04f,3c1ead14-8386-4581-91d9-b55e9d69f324,Jamendo Track 250972,Jamendo Artist,Single,2024,710.5,MTG-Jamendo,250972,audio/250972.mp3,True
5ce50335-a44d-45b2-8e80-838c09d3c0c0,49ef2073-6a8d-49d5-8ccd-86dcd3619722,Jamendo Track 356979,Jamendo Artist,Single,2024,243.0,MTG-Jamendo,356979,audio/356979.mp3,True
8251608f-345d-4b76-baef-6bc8d08f7544,57ac2a4c-19ae-4b58-983b-de8829e59e15,Jamendo Track 395261,Jamendo Artist,Single,2024,212.5,MTG-Jamendo,395261,audio/395261.mp3,True
7b34e4a0-c025-432b-88d4-5956d0d5e2c7,1cfac1b8-542d-4b42-824e-5202d4b2fa49,Jamendo Track 5339,Jamendo Artist,Single,2024,220.1,MTG-Jamendo,5339,audio/5339.mp3,True
330d7097-a289-44b4-8326-3326ca2c36e0,4a1b69fe-c9f9-4b1f-8803-81b17f9ca414,Jamendo Track 172108,Jamendo Artist,Single,2024,174.0,MTG-Jamendo,172108,audio/172108.mp3,True
3b8423a6-bb77-4455-ab7d-a2880c0d261c,29ed648c-c226-430b-b607-ad202b3600bd,Jamendo Track 470551,Jamendo Artist,Single,2024,225.6,MTG-Jamendo,470551,audio/470551.mp3,True
97f70715-6212-43ce-9744-4c29893999a7,d8fd8463-6317-44bb-93fd-4eabc63e56d5,Jamendo Track 1404967,Jamendo Artist,Single,2024,275.2,MTG-Jamendo,1404967,audio/1404967.mp3,True
c8c94311-06f0-49eb-98bc-a26390efe1d7,8d1a52e5-e925-47e5-b0c8-d0c98943c471,Jamendo Track 187955,Jamendo Artist,Single,2024,228.1,MTG-Jamendo,187955,audio/187955.mp3,True
8bd2f25b-d98a-4863-b6a4-4a471dbbbddd,3426c3a4-6a65-485d-a7e9-4fb1d05615e4,Jamendo Track 275775,Jamendo Artist,Single,2024,152.8,MTG-Jamendo,275775,audio/275775.mp3,True
a6a54989-97b1-41ca-a1f6-b7941a879d16,b367f8e1-2346-4a61-a16c-6a9a5f508b57,Jamendo Track 284264,Jamendo Artist,Single,2024,69.8,MTG-Jamendo,284264,audio/284264.mp3,True
cc076a72-5a17-409f-9966-d64709fb6f1b,0d756c7f-8875-40c8-a079-d555044c09dd,Jamendo Track 265240,Jamendo Artist,Single,2024,233.1,MTG-Jamendo,265240,audio/265240.mp3,True
cbe4ac17-5ad2-45e8-877b-e227b8b7832f,58bcddd9-bb87-4a7d-ac31-4c849800f9b6,Jamendo Track 211829,Jamendo Artist,Single,2024,176.6,MTG-Jamendo,211829,audio/211829.mp3,True
e3558b47-d390-4817-a7ae-c95926ca2c49,28d4228b-7f14-4bf8-a6b3-a213599bb08f,Jamendo Track 397919,Jamendo Artist,Single,2024,321.4,MTG-Jamendo,397919,audio/397919.mp3,True
a41a68ee-9a31-4d27-b10a-922b7098d979,606497ac-f3c8-4381-9316-c16e65b07771,Jamendo Track 279477,Jamendo Artist,Single,2024,217.9,MTG-Jamendo,279477,audio/279477.mp3,True
ea6d99d4-0f67-4065-a6d4-dc58eb0f76f4,976c7ed2-c976-4319-8c06-5d085f1a15b9,Jamendo Track 973729,Jamendo Artist,Single,2024,92.6,MTG-Jamendo,973729,audio/973729.mp3,True
b2656d6c-2822-469e-9aa5-179ddcdf3ca8,5fe3e54b-deca-47c7-b9ca-79bc9613dfa5,Jamendo Track 1138808,Jamendo Artist,Single,2024,218.5,MTG-Jamendo,1138808,audio/1138808.mp3,True
277efc6a-3068-43ec-ad31-e687261d7af0,05560575-ee2a-447a-8b35-cf853ec90d30,Jamendo Track 376283,Jamendo Artist,Single,2024,202.4,MTG-Jamendo,376283,audio/376283.mp3,True
d706d6b0-4819-4303-a331-18aaf65a7c42,590a739c-fe47-482c-9eaa-f260ed318f9b,Jamendo Track 345539,Jamendo Artist,Single,2024,174.3,MTG-Jamendo,345539,audio/345539.mp3,True
be482bb7-6ee0-4259-a5dc-3be8138ff001,e2b8ce27-e2b2-44cc-a723-b60abf3b07c1,Jamendo Track 192785,Jamendo Artist,Single,2024,203.0,MTG-Jamendo,192785,audio/192785.mp3,True
40374214-a4e7-424e-8a93-3e433ba5d8f6,744b203a-8c38-446a-b05e-a85e79f4d508,Jamendo Track 153568,Jamendo Artist,Single,2024,282.7,MTG-Jamendo,153568,audio/153568.mp3,True
72178d7d-1b15-4fab-97f9-ff94375e5c74,2347d385-a8a8-4207-82d4-76c95e705154,Jamendo Track 42316,Jamendo Artist,Single,2024,171.2,MTG-Jamendo,42316,audio/42316.mp3,True
95310aba-f605-4e85-bcfd-2d82f4072ddb,649b5f28-363d-4e93-b4f7-38df601a7a9f,Jamendo Track 187928,Jamendo Artist,Single,2024,282.5,MTG-Jamendo,187928,audio/187928.mp3,True
b7003ab3-b877-441d-9166-185553ab3a1f,ecbc628f-d352-4d6d-8a9b-bcf775b08125,Jamendo Track 142200,Jamendo Artist,Single,2024,151.9,MTG-Jamendo,142200,audio/142200.mp3,True
3a1519ac-3d4d-48ad-b1ab-961e732fbff5,1664f1c0-f1d8-4fbf-8b92-3f37f28804d1,Jamendo Track 1238886,Jamendo Artist,Single,2024,273.8,MTG-Jamendo,1238886,audio/1238886.mp3,True
d46b7884-7c10-486b-a48f-ef0b71dbdbae,ca3844e2-5fe2-48b9-89ec-e1e655ca3493,Jamendo Track 1069487,Jamendo Artist,Single,2024,860.0,MTG-Jamendo,1069487,audio/1069487.mp3,True
b4693376-17c7-484f-8d08-1658c37168cd,1839ceac-4afc-4488-b2eb-ea5a89379796,Jamendo Track 1371847,Jamendo Artist,Single,2024,310.2,MTG-Jamendo,1371847,audio/1371847.mp3,True
f2ed5b32-9fc4-4580-841c-d73cf221cd06,b888e087-c5cc-4ad7-b75f-cc6102613484,Jamendo Track 261120,Jamendo Artist,Single,2024,252.0,MTG-Jamendo,261120,audio/261120.mp3,True
9e1cd95d-3465-49bd-b83d-9f7584017299,a58da9aa-1756-480a-9d09-e49ea4cb05f7,Jamendo Track 431412,Jamendo Artist,Single,2024,275.3,MTG-Jamendo,431412,audio/431412.mp3,True
abba33f7-1432-456f-999f-4622a80ab266,130c7cc6-1aee-472f-a54f-421874868b7a,Jamendo Track 199877,Jamendo Artist,Single,2024,218.8,MTG-Jamendo,199877,audio/199877.mp3,True
272eea51-2911-44e0-a120-e8bbb8e736f9,f126174c-1069-4f14-836c-8c5952f3d738,Jamendo Track 213223,Jamendo Artist,Single,2024,215.8,MTG-Jamendo,213223,audio/213223.mp3,True
3b010ef6-efbb-4071-acd1-cf29485267b8,acd00adc-82ec-4911-b769-c301e55045a5,Jamendo Track 558416,Jamendo Artist,Single,2024,196.1,MTG-Jamendo,558416,audio/558416.mp3,True
0cf4ad38-2fcf-418c-8ebe-21eb337d1b97,89439340-9db0-403f-8258-2cdaddfffca0,Jamendo Track 338022,Jamendo Artist,Single,2024,379.7,MTG-Jamendo,338022,audio/338022.mp3,True
b2156fba-efa7-492b-b0fd-128e330cd9af,c4d32aa5-7ba1-4ece-9d2f-4605f24e8571,Jamendo Track 934007,Jamendo Artist,Single,2024,254.3,MTG-Jamendo,934007,audio/934007.mp3,True
d6452120-fe37-432a-a66f-e4ecf3825df4,c762012e-a723-4676-ae93-574286241947,Jamendo Track 200160,Jamendo Artist,Single,2024,139.9,MTG-Jamendo,200160,audio/200160.mp3,True
a607addf-004f-456a-accf-b1481aae0b2b,ef3c5804-e06c-4130-9a9f-469b16946544,Jamendo Track 318508,Jamendo Artist,Single,2024,156.4,MTG-Jamendo,318508,audio/318508.mp3,True
011f9a3e-3f06-4ef0-9bb3-2ca565d1c301,7d9133c0-c8fd-488f-b463-28e2ddadfb42,Jamendo Track 20059,Jamendo Artist,Single,2024,111.0,MTG-Jamendo,20059,audio/20059.mp3,True
f3db80d5-625a-4f4c-8770-ec1b5a97240f,4ce081df-49e6-4ea9-aa7b-2a5d253e50df,Jamendo Track 149533,Jamendo Artist,Single,2024,143.1,MTG-Jamendo,149533,audio/149533.mp3,True
1f8a91a6-5886-4d89-b932-bdac82292c7e,f2b68267-7de1-446d-b9a2-8d5c9a0d7bd6,Jamendo Track 167212,Jamendo Artist,Single,2024,551.4,MTG-Jamendo,167212,audio/167212.mp3,True
5946c161-1dfa-41b2-9877-900de6cd4189,6ae2163f-4ef5-46c6-8be7-8184165695f5,Jamendo Track 1271444,Jamendo Artist,Single,2024,161.3,MTG-Jamendo,1271444,audio/1271444.mp3,True
84193913-bf52-4cc7-9590-b337933a59d7,17373ca0-fa6c-4576-8f01-3992118854ae,Jamendo Track 8455,Jamendo Artist,Single,2024,238.3,MTG-Jamendo,8455,audio/8455.mp3,True
a3a276ae-c284-4e44-a937-368b6fbdbe20,bb42839e-1d98-4b5e-9fa2-996fce604ba3,Jamendo Track 1069482,Jamendo Artist,Single,2024,763.3,MTG-Jamendo,1069482,audio/1069482.mp3,True
414a4df9-c69f-4fba-81a5-e9c6ae5e92b8,7c1b592c-92e1-4eb8-8402-e19cef04cd60,Jamendo Track 456531,Jamendo Artist,Single,2024,217.4,MTG-Jamendo,456531,audio/456531.mp3,True
9a43dc34-0760-46a5-835b-5c5cd960ee91,a65b825f-ade0-427a-be8c-03e62e38d009,Jamendo Track 475060,Jamendo Artist,Single,2024,291.4,MTG-Jamendo,475060,audio/475060.mp3,True
ce9bb690-8bc5-4c02-8be8-6e0f1d0150ad,c9a6b17a-bc5a-40e2-ab4b-bb7e04e7ea4b,Jamendo Track 814942,Jamendo Artist,Single,2024,187.2,MTG-Jamendo,814942,audio/814942.mp3,True
85ccd290-089e-49bc-8f8e-f269ab80f856,81843818-0ec7-46df-bd20-4e2b58b8c357,Jamendo Track 693093,Jamendo Artist,Single,2024,566.9,MTG-Jamendo,693093,audio/693093.mp3,True
e33327db-e674-450b-bf0c-175459162a0a,83d8d041-dd8d-4834-b8c9-5ac9b5622a6c,Jamendo Track 133242,Jamendo Artist,Single,2024,196.5,MTG-Jamendo,133242,audio/133242.mp3,True
02116432-455a-4153-abcd-62604df5cdf1,232f8d64-6e8e-4433-ad3d-0a31746895f3,Jamendo Track 315322,Jamendo Artist,Single,2024,213.4,MTG-Jamendo,315322,audio/315322.mp3,True
1a6c16fe-9968-4a23-8b92-22a7d013a149,a8c85ff7-777d-4c61-9377-84972ca09894,Jamendo Track 13015,Jamendo Artist,Single,2024,189.8,MTG-Jamendo,13015,audio/13015.mp3,True
26225fef-7706-4500-bb4f-7247b2b47f3c,9f7f3a15-55d6-4552-8d6b-5b26f9f4e4de,Jamendo Track 91941,Jamendo Artist,Single,2024,69.4,MTG-Jamendo,91941,audio/91941.mp3,True
ac868335-553c-4502-aa74-c915b2732a81,f634e903-3afd-44c1-9386-40a152e45cd0,Jamendo Track 192704,Jamendo Artist,Single,2024,216.9,MTG-Jamendo,192704,audio/192704.mp3,True
c77d6204-013a-429a-ba14-1f5337d67899,0c806368-a277-4d4b-8f2c-525f3d401202,Jamendo Track 133103,Jamendo Artist,Single,2024,444.3,MTG-Jamendo,133103,audio/133103.mp3,True
588f86f5-1632-4844-a5ba-5f4af6766c1f,ac70b3be-d8e3-4e25-a061-1119730f16f6,Jamendo Track 13294,Jamendo Artist,Single,2024,174.5,MTG-Jamendo,13294,audio/13294.mp3,True
35dd1e4a-f1f5-4fa5-91aa-463dae54ed26,3b582272-c75d-410e-98da-056cc6eda453,Jamendo Track 1043269,Jamendo Artist,Single,2024,205.0,MTG-Jamendo,1043269,audio/1043269.mp3,True
be7396e9-e58e-4eb8-8a1c-70d2e911498c,b682514e-e315-4b97-a65c-b8ff7699346a,Jamendo Track 760,Jamendo Artist,Single,2024,186.2,MTG-Jamendo,760,audio/760.mp3,True
05dc3b1f-5222-49ae-9bab-f2ee06296684,cd94304c-43ad-443e-a91f-599b8bc5dd95,Jamendo Track 334665,Jamendo Artist,Single,2024,182.6,MTG-Jamendo,334665,audio/334665.mp3,True
34419f96-252a-417f-ab55-5b197cee6748,c3d71cd6-26a8-46ea-8f0f-307f73a117f1,Jamendo Track 667640,Jamendo Artist,Single,2024,462.0,MTG-Jamendo,667640,audio/667640.mp3,True
cf565cca-b686-40f1-adf4-b3bc3d7751f4,c94a3495-8b53-4704-9214-36804a5c28e4,Jamendo Track 295879,Jamendo Artist,Single,2024,228.0,MTG-Jamendo,295879,audio/295879.mp3,True
2a244552-7ed6-48e9-a83b-fa4ab03b7b6e,ffc80601-01de-4977-8020-723f63c737b6,Jamendo Track 217692,Jamendo Artist,Single,2024,217.2,MTG-Jamendo,217692,audio/217692.mp3,True
0047a3ef-03d6-4916-9a5f-cc52acc0d571,f1f726e0-b926-4b83-803c-0049016c6f8c,Jamendo Track 68460,Jamendo Artist,Single,2024,220.6,MTG-Jamendo,68460,audio/68460.mp3,True
55189732-022e-457b-ae99-f7a6d071b6f8,78514fd1-5529-45fd-aff9-c91ec59bee45,Jamendo Track 217652,Jamendo Artist,Single,2024,195.4,MTG-Jamendo,217652,audio/217652.mp3,True
0a640620-3e65-49e7-a3b3-9366bfe67b14,dcc68564-0463-4595-a90d-bc7ab8db3f24,Jamendo Track 968027,Jamendo Artist,Single,2024,198.1,MTG-Jamendo,968027,audio/968027.mp3,True
3bf6e0a4-ad3d-40d5-a631-db71d0b7afe3,2fe2a03e-8556-4701-aa5c-d670602e6350,Jamendo Track 392833,Jamendo Artist,Single,2024,314.0,MTG-Jamendo,392833,audio/392833.mp3,True
97a2dee7-65a2-41d3-b15e-1f7fab080b69,eaf1a882-e03d-47ed-af71-55894044c3c8,Jamendo Track 295898,Jamendo Artist,Single,2024,202.3,MTG-Jamendo,295898,audio/295898.mp3,True
159c74bc-08cc-4aa9-9617-3a2191a23d24,664ab65c-93f7-4734-a7a1-ea8ac5fd3b2c,Jamendo Track 3936,Jamendo Artist,Single,2024,688.0,MTG-Jamendo,3936,audio/3936.mp3,True
1bcd0325-41b5-4c71-90eb-8ac60d981f7a,e2c60774-6468-4a11-be54-c72e9684a5a8,Jamendo Track 1160627,Jamendo Artist,Single,2024,199.1,MTG-Jamendo,1160627,audio/1160627.mp3,True
8949cdcd-56f8-4838-815e-a7646bef3b07,a63cc72b-11d2-4dd3-ae4d-a3005eefb562,Jamendo Track 1302998,Jamendo Artist,Single,2024,155.8,MTG-Jamendo,1302998,audio/1302998.mp3,True
cf8e8ac6-ce97-4ea5-b289-da901146cd0f,75ef378d-2ad5-407c-9c72-829ff3bf4f16,Jamendo Track 1054378,Jamendo Artist,Single,2024,261.7,MTG-Jamendo,1054378,audio/1054378.mp3,True
fe4a9de7-fd4b-47e0-8769-4bda0c63d232,812de125-6d2a-40e2-9805-ed088491b073,Jamendo Track 341732,Jamendo Artist,Single,2024,212.0,MTG-Jamendo,341732,audio/341732.mp3,True
ffd3ef35-f584-4d7f-b859-ff278e5c52f7,37030ec4-f5fa-47e8-a756-5eec5a35a7e5,Jamendo Track 182657,Jamendo Artist,Single,2024,344.8,MTG-Jamendo,182657,audio/182657.mp3,True
bbd5de47-5871-4d04-ab5e-df766ac40b14,ae7f9404-a40b-45a0-8359-5f8970e88c40,Jamendo Track 1105214,Jamendo Artist,Single,2024,293.5,MTG-Jamendo,1105214,audio/1105214.mp3,True
23ed460c-dad4-4e68-a907-4088c3f65a88,a8ec1b49-b467-44b5-ba6d-4c14ba5ddbc1,Jamendo Track 454869,Jamendo Artist,Single,2024,238.8,MTG-Jamendo,454869,audio/454869.mp3,True
0b02c426-4f54-4694-88c2-fe1d696df491,e61c7ffb-f267-4464-9730-d2bf91d27373,Jamendo Track 45559,Jamendo Artist,Single,2024,202.4,MTG-Jamendo,45559,audio/45559.mp3,True
fc8078c7-db12-483f-a06e-575b0b672108,834ee285-fc2a-4114-92d0-15f1d439f2de,Jamendo Track 419743,Jamendo Artist,Single,2024,289.3,MTG-Jamendo,419743,audio/419743.mp3,True
24a24b5d-bef4-4f55-aab6-8c84b9024d3b,85c6611f-de75-40c5-9704-cd2150c6d28c,Jamendo Track 973733,Jamendo Artist,Single,2024,74.0,MTG-Jamendo,973733,audio/973733.mp3,True
252d31f6-9ae8-443e-8289-e3decbfba53f,6c13a055-9d9e-4c88-8fe9-caa525dbeec8,Jamendo Track 1251293,Jamendo Artist,Single,2024,420.2,MTG-Jamendo,1251293,audio/1251293.mp3,True
b2afa9c7-43b8-4f68-947a-938c91d5daed,e1d0b923-68c9-4eb7-a0a3-dfe50469ad46,Jamendo Track 308497,Jamendo Artist,Single,2024,166.1,MTG-Jamendo,308497,audio/308497.mp3,True
707b1bdd-73dd-4161-8868-443eea4c4e73,77c2a912-b6cc-4d15-a5ba-622078224103,Jamendo Track 437792,Jamendo Artist,Single,2024,264.7,MTG-Jamendo,437792,audio/437792.mp3,True
097b4ccd-dde9-4ba8-96b0-147541e2bc8d,8c0bb31d-4d77-4950-a98c-7fef7a22a896,Jamendo Track 10574,Jamendo Artist,Single,2024,134.2,MTG-Jamendo,10574,audio/10574.mp3,True
cd90e9a7-aa91-4146-bb22-a70012a0b632,c90cd101-a679-488b-850f-589cd0ab161c,Jamendo Track 132935,Jamendo Artist,Single,2024,146.3,MTG-Jamendo,132935,audio/132935.mp3,True
d9c2dd76-5e9f-433f-baa3-6d13a3ccbaa9,28daf61b-083c-4381-bb7c-e6bce543bc2f,Jamendo Track 13282,Jamendo Artist,Single,2024,97.6,MTG-Jamendo,13282,audio/13282.mp3,True
1a623760-61ef-49be-a7ad-d8b4009ca846,91d75606-df1d-4a92-bc77-12e4dc06307e,Jamendo Track 465953,Jamendo Artist,Single,2024,225.1,MTG-Jamendo,465953,audio/465953.mp3,True
b23d9599-9d97-418d-a82d-1295c297b173,a85562e8-4c75-4963-a12e-7fa48d438c1e,Jamendo Track 429447,Jamendo Artist,Single,2024,119.4,MTG-Jamendo,429447,audio/429447.mp3,True
0d100607-99a3-4442-97af-24892ecc2cd8,5c626abd-0d5b-464d-9021-bb42a8905446,Jamendo Track 192151,Jamendo Artist,Single,2024,154.0,MTG-Jamendo,192151,audio/192151.mp3,True
188c21db-5ca3-4b1f-a11a-2e9a07702eab,61a22865-b512-4ef7-80e4-3f6b5b4cc4e5,Jamendo Track 253236,Jamendo Artist,Single,2024,292.5,MTG-Jamendo,253236,audio/253236.mp3,True
563102e2-3ce4-48ff-9a9a-2b2b360a5dce,85e561c9-3e7c-4db7-9110-22840950bc69,Jamendo Track 8459,Jamendo Artist,Single,2024,341.5,MTG-Jamendo,8459,audio/8459.mp3,True
ad0de4fd-9610-4f28-8fd8-3888750b2da4,5224a5c7-2405-447b-9ad4-9fb0d941ee14,Jamendo Track 176936,Jamendo Artist,Single,2024,306.4,MTG-Jamendo,176936,audio/176936.mp3,True
49d4c3a6-d822-46dd-b478-7bcdc88606c0,417ec8df-734c-4d24-88d5-1885c1dfbab7,Jamendo Track 10674,Jamendo Artist,Single,2024,333.4,MTG-Jamendo,10674,audio/10674.mp3,True
e107ee4d-a999-4895-b766-53889a86cb69,62782f42-53d7-4189-8758-b76d6da3c8f4,Jamendo Track 503996,Jamendo Artist,Single,2024,459.4,MTG-Jamendo,503996,audio/503996.mp3,True
0bd7ec3b-58d6-4119-b7ff-bd9521021916,e0300f16-72db-4e11-b913-7db1242bd08d,Jamendo Track 182513,Jamendo Artist,Single,2024,133.5,MTG-Jamendo,182513,audio/182513.mp3,True
5283f928-c4cf-4230-b086-7b93349e1562,b805fbde-c93b-453b-95fd-ad5d6cdc9a98,Jamendo Track 240748,Jamendo Artist,Single,2024,192.6,MTG-Jamendo,240748,audio/240748.mp3,True
12752cbd-bfc2-4d36-b376-354e8da0263a,00a67da3-e79e-4dca-89c1-5739f962486b,Jamendo Track 879137,Jamendo Artist,Single,2024,217.5,MTG-Jamendo,879137,audio/879137.mp3,True
033c92fa-817f-494f-84a2-56188151d584,9269a3df-1a08-402d-a255-2bc93db77b7f,Jamendo Track 386067,Jamendo Artist,Single,2024,365.7,MTG-Jamendo,386067,audio/386067.mp3,True
c7fb8cd1-a712-410b-9baf-95d7800496c5,2bc55fb2-004e-4f94-b2cf-8a9baf0694ac,Jamendo Track 153595,Jamendo Artist,Single,2024,279.2,MTG-Jamendo,153595,audio/153595.mp3,True
ec0e758f-4c20-4711-b429-bd15995f211a,afd16496-1042-4a28-8c25-d81b8d4682d9,Jamendo Track 48596,Jamendo Artist,Single,2024,574.9,MTG-Jamendo,48596,audio/48596.mp3,True
04bd6d21-e1f5-4936-8317-19fc58d62b2d,cec78ff0-b2d6-4c0a-9fbf-dac86e584bc4,Jamendo Track 429544,Jamendo Artist,Single,2024,53.6,MTG-Jamendo,429544,audio/429544.mp3,True
4e1d91a0-bd42-4374-829b-cb3ddaa34b9f,7ec4515f-3e5c-4d70-b1c3-99381226b594,Jamendo Track 182138,Jamendo Artist,Single,2024,241.7,MTG-Jamendo,182138,audio/182138.mp3,True
2910ca0f-37d4-472a-b790-ad6b6feb34d7,c6a35b5e-4e28-44cf-a75b-ab78a12145cd,Jamendo Track 16557,Jamendo Artist,Single,2024,251.9,MTG-Jamendo,16557,audio/16557.mp3,True
dc3122fc-ef4b-408f-88a9-28eeb47cf02e,fb152fc7-fa77-4108-a010-8cff21fc7e12,Jamendo Track 879146,Jamendo Artist,Single,2024,114.5,MTG-Jamendo,879146,audio/879146.mp3,True
4fb503e5-e54c-4d14-9306-0a1cd5df7559,d31aef1d-0237-47a6-98cd-2e6d6eafc5ad,Jamendo Track 660456,Jamendo Artist,Single,2024,262.9,MTG-Jamendo,660456,audio/660456.mp3,True
27cb1f8c-cb3b-40f6-b22f-dad9e73acffe,4b1b88ca-78b8-4e03-836a-0e0149ed0d06,Jamendo Track 1138302,Jamendo Artist,Single,2024,206.3,MTG-Jamendo,1138302,audio/1138302.mp3,True
5edd5fb6-cf56-4fb5-aef7-578ed0c7d7e4,20b004d1-b33a-40f7-baea-ef89c172d451,Jamendo Track 1042059,Jamendo Artist,Single,2024,276.2,MTG-Jamendo,1042059,audio/1042059.mp3,True
742bc9ca-9578-4c50-96cd-1ec5f1aec70e,b72db683-e6bf-4d6f-a829-96dfe118a504,Jamendo Track 240768,Jamendo Artist,Single,2024,150.8,MTG-Jamendo,240768,audio/240768.mp3,True
6df6a921-151c-4770-aa11-654810620200,de02366a-a50c-47fa-a7ae-e33583409386,Jamendo Track 791686,Jamendo Artist,Single,2024,180.7,MTG-Jamendo,791686,audio/791686.mp3,True
0e48f431-0745-460b-ba73-497130ce744b,253b5436-8058-46b8-8003-3d97b37b46ad,Jamendo Track 401451,Jamendo Artist,Single,2024,480.0,MTG-Jamendo,401451,audio/401451.mp3,True
0d82d4b1-faa8-4632-8ff1-ee32d6cefa7e,6d07c740-db43-45aa-b435-1b8ba7e1007d,Jamendo Track 1109349,Jamendo Artist,Single,2024,229.6,MTG-Jamendo,1109349,audio/1109349.mp3,True
1d1965de-a274-4c77-99ef-9b730717e1fa,dd02dd29-761b-4487-a191-9cd65f4ecc0c,Jamendo Track 290969,Jamendo Artist,Single,2024,371.2,MTG-Jamendo,290969,audio/290969.mp3,True
7db4ef0d-eb03-4051-80d9-7041bb13b152,94a54d31-5c58-4eaf-8a6a-70dc022a67e6,Jamendo Track 839319,Jamendo Artist,Single,2024,699.6,MTG-Jamendo,839319,audio/839319.mp3,True
4cb7bd01-7e08-4bb2-82e1-5a9866f9620f,1d87ad3b-835e-4e20-bb3d-89e29cfb5647,Jamendo Track 298872,Jamendo Artist,Single,2024,819.9,MTG-Jamendo,298872,audio/298872.mp3,True
12e78671-32ed-4f34-83f7-2c9a2cd411bb,3d4b577a-cdfe-4774-ab2e-e3d0ae1f096b,Jamendo Track 340491,Jamendo Artist,Single,2024,328.5,MTG-Jamendo,340491,audio/340491.mp3,True
776246ad-aedc-4893-82a2-5bececd2882e,272aeb6c-3e38-4013-a3d9-08ad8d3c1b6d,Jamendo Track 15117,Jamendo Artist,Single,2024,252.8,MTG-Jamendo,15117,audio/15117.mp3,True
7d01a3f5-48da-4503-822a-8155c06479da,918bfd80-3fdd-4080-8c8f-b3a36f481691,Jamendo Track 1355005,Jamendo Artist,Single,2024,638.6,MTG-Jamendo,1355005,audio/1355005.mp3,True
f0da0a7b-c86c-4e1e-b3c1-7aae879a0504,bcaf83fc-eeaf-4316-8984-eda2b4edf182,Jamendo Track 393242,Jamendo Artist,Single,2024,36.3,MTG-Jamendo,393242,audio/393242.mp3,True
19ab6b56-f485-40e6-9b51-c9d4e2aaba3b,022e61f3-97c8-43a4-9299-311c493d0c95,Jamendo Track 22895,Jamendo Artist,Single,2024,230.0,MTG-Jamendo,22895,audio/22895.mp3,True
24af4a21-ec30-4bb9-8e38-b030db8ea955,3cc18d56-47f5-4e74-b58e-ea6f53cc085f,Jamendo Track 80407,Jamendo Artist,Single,2024,1166.6,MTG-Jamendo,80407,audio/80407.mp3,True
6b06dd0f-675a-4dd5-b806-950badc4559b,1b7459fa-3c68-41e1-8a32-73a767f90fef,Jamendo Track 703356,Jamendo Artist,Single,2024,165.1,MTG-Jamendo,703356,audio/703356.mp3,True
ae669097-5ae2-4652-b1ef-6710c2a64739,2e0ae8cd-40be-4135-a9f9-30de7960f10a,Jamendo Track 141081,Jamendo Artist,Single,2024,220.4,MTG-Jamendo,141081,audio/141081.mp3,True
0ae6a255-6e39-4080-9e76-eeed88ced106,a2ec770b-3135-49bd-b793-5ebd55e1fffd,Jamendo Track 163223,Jamendo Artist,Single,2024,1465.5,MTG-Jamendo,163223,audio/163223.mp3,True
9e146832-51d3-4a28-9b45-3946a063795c,34568305-6dcc-4dfd-884b-c5d92b728d99,Jamendo Track 260809,Jamendo Artist,Single,2024,466.3,MTG-Jamendo,260809,audio/260809.mp3,True
1335107e-caef-49c9-8e54-366945460fd8,c918b8bb-fc77-4656-a603-3f9d35a11da7,Jamendo Track 24067,Jamendo Artist,Single,2024,217.8,MTG-Jamendo,24067,audio/24067.mp3,True
04940414-0d1b-4133-b743-2f295926f294,c40c0803-1531-41a9-917b-52cf01dda6bf,Jamendo Track 6148,Jamendo Artist,Single,2024,213.2,MTG-Jamendo,6148,audio/6148.mp3,True
68793666-2d0a-4b50-a02b-15140204c475,33d8bfcf-0993-4efa-8ce8-b64dbe202f71,Jamendo Track 132842,Jamendo Artist,Single,2024,184.9,MTG-Jamendo,132842,audio/132842.mp3,True
d2d59654-29ca-4173-98c6-ccb43af66374,748d670b-9122-4265-ad08-5ef2e02b3a57,Jamendo Track 284252,Jamendo Artist,Single,2024,225.7,MTG-Jamendo,284252,audio/284252.mp3,True
c47f2fff-70e9-4d1c-bb35-44dc598300e7,17caa1e2-d92b-4c26-8fb0-3fa95bc2dcc2,Jamendo Track 208191,Jamendo Artist,Single,2024,211.5,MTG-Jamendo,208191,audio/208191.mp3,True
5349f27f-ade0-4c22-b3bc-dced93e01947,d00c3370-a920-4a2e-bfb2-f0db1d461b43,Jamendo Track 301534,Jamendo Artist,Single,2024,397.1,MTG-Jamendo,301534,audio/301534.mp3,True
40c94ede-a22a-4f22-aa8f-17702e0c9b53,3652eba4-411b-4a45-93d5-d13905418381,Jamendo Track 454870,Jamendo Artist,Single,2024,242.7,MTG-Jamendo,454870,audio/454870.mp3,True
2ec0814e-dacb-4d29-aecd-e5b4f2d71881,9d929ec5-8593-4dad-861d-615b7eaffca0,Jamendo Track 273185,Jamendo Artist,Single,2024,286.3,MTG-Jamendo,273185,audio/273185.mp3,True
0f660169-a90a-4d18-a29f-63c8fd79f1b5,0fbdcb12-db9b-4961-9ce1-8efb007e3e61,Jamendo Track 242131,Jamendo Artist,Single,2024,112.6,MTG-Jamendo,242131,audio/242131.mp3,True
2d81fddb-958c-4fe2-bbcf-5518f13dc01c,45d54b71-e405-4ce6-8bbf-9393cc81b29b,Jamendo Track 273616,Jamendo Artist,Single,2024,271.5,MTG-Jamendo,273616,audio/273616.mp3,True
131886e5-494a-410d-b889-31e65bb48523,f927b51a-5385-4722-85e3-f30de50dd9d9,Jamendo Track 767427,Jamendo Artist,Single,2024,1004.7,MTG-Jamendo,767427,audio/767427.mp3,True
76e509e4-cd2e-41d5-8230-dc303fdbfcb0,091d4572-d53e-48d7-903f-cf3b183376a1,Jamendo Track 350549,Jamendo Artist,Single,2024,218.1,MTG-Jamendo,350549,audio/350549.mp3,True
3374b107-ccd8-4894-90ef-755a5e7af468,e680a047-3f01-42ce-9070-7ed57dbc7153,Jamendo Track 173494,Jamendo Artist,Single,2024,252.0,MTG-Jamendo,173494,audio/173494.mp3,True
2b1810ef-0efc-4a44-8ea0-28db9d2800e2,e027307e-a42c-4c3c-8a50-82ee81070e40,Jamendo Track 229028,Jamendo Artist,Single,2024,219.9,MTG-Jamendo,229028,audio/229028.mp3,True
5476e856-f844-4a90-994a-6bd684a7ef91,e7075832-dc50-4eb6-9866-a1a278fbd39c,Jamendo Track 132153,Jamendo Artist,Single,2024,227.0,MTG-Jamendo,132153,audio/132153.mp3,True
f4819d06-12f2-491b-b676-7744ceb58c3d,207c5f58-5b43-4ad4-a611-4948bfcfd0e9,Jamendo Track 48067,Jamendo Artist,Single,2024,508.6,MTG-Jamendo,48067,audio/48067.mp3,True
0af77e18-1789-46d8-8f6f-09b31862fd93,b059a541-c549-4554-bb9a-4d534d72c4b4,Jamendo Track 337825,Jamendo Artist,Single,2024,419.9,MTG-Jamendo,337825,audio/337825.mp3,True
b9bdd2d0-1e9f-4060-aa1b-84793055c803,d6f1760f-6ffb-46bc-8654-17e27edf9fd1,Jamendo Track 133094,Jamendo Artist,Single,2024,326.7,MTG-Jamendo,133094,audio/133094.mp3,True
59b4ec4c-43c1-4011-baf6-3b23ad6eba0c,b10c1fac-359a-4766-a3c7-db70b424deb1,Jamendo Track 126075,Jamendo Artist,Single,2024,249.9,MTG-Jamendo,126075,audio/126075.mp3,True
77f8c418-5d4a-4b2c-be0a-a3af41748ac2,0bd2ba56-7b5b-43c7-a629-bc3cdcb23b99,Jamendo Track 271094,Jamendo Artist,Single,2024,263.7,MTG-Jamendo,271094,audio/271094.mp3,True
07b4fa68-cb14-4e31-a5b4-faeb631e66d2,380d0e8c-cac3-4f1c-b3a5-c1f755e1cd19,Jamendo Track 133256,Jamendo Artist,Single,2024,225.9,MTG-Jamendo,133256,audio/133256.mp3,True
22df9905-c622-449f-a27f-684b6036fbc0,0ce0e4e2-f735-4313-812a-30f54e1e7c78,Jamendo Track 204020,Jamendo Artist,Single,2024,288.2,MTG-Jamendo,204020,audio/204020.mp3,True
7bb7da8c-30c0-4ebd-8b6b-51ba9987919b,6edb483e-8602-49ee-ab5c-cf3e035231b4,Jamendo Track 2249,Jamendo Artist,Single,2024,173.3,MTG-Jamendo,2249,audio/2249.mp3,True
16e8f45a-78db-47d3-93e1-4127084893c5,b1f3f472-0891-4394-82f2-96b0be9eca09,Jamendo Track 171914,Jamendo Artist,Single,2024,310.4,MTG-Jamendo,171914,audio/171914.mp3,True
cbc1f84f-fb29-4bb6-a097-9a1c1689d61c,7ed590bd-8787-41a2-bfd4-d05c9a1fdab6,Jamendo Track 1125768,Jamendo Artist,Single,2024,421.2,MTG-Jamendo,1125768,audio/1125768.mp3,True
8ac7e925-5f1d-4b99-abf7-8afee42b5a83,095356bd-1402-4c0c-bba3-af81b33cb74b,Jamendo Track 218905,Jamendo Artist,Single,2024,198.4,MTG-Jamendo,218905,audio/218905.mp3,True
1457fed7-ac65-4cd8-9f9e-cea8aec99f97,d985339f-5920-4057-9e3e-f3f1606ad26d,Jamendo Track 22892,Jamendo Artist,Single,2024,147.7,MTG-Jamendo,22892,audio/22892.mp3,True
c5f5ef7c-733a-4770-8c61-5aec12b84414,046e5f95-1789-4376-a059-218243a21d6c,Jamendo Track 68467,Jamendo Artist,Single,2024,194.2,MTG-Jamendo,68467,audio/68467.mp3,True
87dec2e0-19dd-48e5-a94a-71596ca49dd1,42ddb24b-1695-4c7a-8cab-4ecd4a2d957c,Jamendo Track 242186,Jamendo Artist,Single,2024,142.2,MTG-Jamendo,242186,audio/242186.mp3,True
583ca6f2-ebac-45d3-9e34-d68007d90f32,8b57cea9-a9e0-44fe-afc3-ed8a29e19174,Jamendo Track 45562,Jamendo Artist,Single,2024,181.6,MTG-Jamendo,45562,audio/45562.mp3,True
22e0dd8c-b01e-41ea-b513-70948fe219ef,c452108e-8dca-4d26-adbc-d4ecf053965d,Jamendo Track 240437,Jamendo Artist,Single,2024,137.5,MTG-Jamendo,240437,audio/240437.mp3,True
ab46aefa-9133-46ae-a847-80f81a366220,7ca27fd0-e65e-41b4-af95-5a61c3e80be7,Jamendo Track 384190,Jamendo Artist,Single,2024,58.6,MTG-Jamendo,384190,audio/384190.mp3,True
33ccf344-218d-42f4-9175-3ced5d96c23f,f78fc771-5432-4eb0-805a-cd4a6214a229,Jamendo Track 208300,Jamendo Artist,Single,2024,212.0,MTG-Jamendo,208300,audio/208300.mp3,True
4ad19cfe-0337-4c7c-9807-04114fe4aed4,a45f3584-c7c1-4661-ac24-d5bb52a5ff08,Jamendo Track 219681,Jamendo Artist,Single,2024,228.9,MTG-Jamendo,219681,audio/219681.mp3,True
139a103b-6172-480d-9b8e-def478c9518a,711549f1-70a5-4f38-9ced-b69d019dfe6f,Jamendo Track 48595,Jamendo Artist,Single,2024,600.2,MTG-Jamendo,48595,audio/48595.mp3,True
e136ac89-2663-46ca-8534-feebc6d6b52c,e06cfa26-f037-4c5c-b305-4fc8bf8fcd93,Jamendo Track 1271446,Jamendo Artist,Single,2024,165.6,MTG-Jamendo,1271446,audio/1271446.mp3,True
6c610811-6d2e-4696-93ca-53d580ab1c9e,0acd62ee-8220-4c50-9fc1-551cb2067b37,Jamendo Track 31511,Jamendo Artist,Single,2024,122.9,MTG-Jamendo,31511,audio/31511.mp3,True
5eb1cfb6-67bd-445b-ac33-c7c890735309,f0a4d099-06b1-4cf7-aeb0-57c24616b9ee,Jamendo Track 131262,Jamendo Artist,Single,2024,408.9,MTG-Jamendo,131262,audio/131262.mp3,True
2ff03cf4-5878-4f17-b4f1-116d45c988bd,e60a9eb2-c9f3-460f-bd7c-496775e9da46,Jamendo Track 224796,Jamendo Artist,Single,2024,237.4,MTG-Jamendo,224796,audio/224796.mp3,True
4e10d69a-2ebd-4c16-a50e-aefe63f256b5,8ce87dca-703f-4df3-a524-486ae864666f,Jamendo Track 271085,Jamendo Artist,Single,2024,217.3,MTG-Jamendo,271085,audio/271085.mp3,True
f4eb60f0-39ec-4263-acdd-a8979d6be745,d417371d-9a33-4870-84e3-e27af3a974ae,Jamendo Track 431444,Jamendo Artist,Single,2024,76.2,MTG-Jamendo,431444,audio/431444.mp3,True
8ffd5a04-87de-4357-aacb-b7a5e9acf3ff,e4f74471-9793-45f3-b139-f4c282d3a3c5,Jamendo Track 397093,Jamendo Artist,Single,2024,372.1,MTG-Jamendo,397093,audio/397093.mp3,True
ed5cd148-9e58-4e3f-8cf3-65534fb8c36d,437aaee8-2db2-4dc7-acfe-dcc2798526ee,Jamendo Track 102834,Jamendo Artist,Single,2024,105.7,MTG-Jamendo,102834,audio/102834.mp3,True
87163aad-f5a7-4eda-8386-a7be44314fc8,ddae9ce9-016c-43d3-8340-1d074fdfe5e8,Jamendo Track 204021,Jamendo Artist,Single,2024,203.9,MTG-Jamendo,204021,audio/204021.mp3,True
db564602-7903-47f5-b88c-77cc057b2f97,1a908b5d-5917-4147-b0c6-9aab0a1cc568,Jamendo Track 476922,Jamendo Artist,Single,2024,204.0,MTG-Jamendo,476922,audio/476922.mp3,True
a759c607-32d5-4c24-8aac-04c250a1beba,ba72d502-5ee7-47d9-9d6f-914da0df3935,Jamendo Track 48066,Jamendo Artist,Single,2024,422.0,MTG-Jamendo,48066,audio/48066.mp3,True
1345e612-3989-485e-bce1-c8964a91f638,b0d35afd-6cb8-4a4e-829c-75aba2d557ee,Jamendo Track 220929,Jamendo Artist,Single,2024,97.9,MTG-Jamendo,220929,audio/220929.mp3,True
4c22828c-93ba-4983-b6ca-38a35b5bc0b1,fa76e4c0-b2d3-4140-8ef1-34ef37cd8cbe,Jamendo Track 8453,Jamendo Artist,Single,2024,235.1,MTG-Jamendo,8453,audio/8453.mp3,True
4e90b74c-c05e-4ae8-a2d9-605be1226f8a,b69a7e85-5414-46d5-98e4-ba3d76f99864,Jamendo Track 1241870,Jamendo Artist,Single,2024,222.9,MTG-Jamendo,1241870,audio/1241870.mp3,True
67a54bb5-7bdd-44f0-97f4-958e58a7474b,cd10f9bc-2a94-4373-90ab-16dd27388d4d,Jamendo Track 791112,Jamendo Artist,Single,2024,252.2,MTG-Jamendo,791112,audio/791112.mp3,True
42b8046a-7f5f-4a78-8c3d-2b4791d51989,55f8ca92-90dd-47f5-8335-cf95e00ddf53,Jamendo Track 273392,Jamendo Artist,Single,2024,356.1,MTG-Jamendo,273392,audio/273392.mp3,True
64de5d1a-2f89-45e3-82f1-a9e249502229,b1f69af6-f585-4e3d-8be8-67b6b561f435,Jamendo Track 102859,Jamendo Artist,Single,2024,472.9,MTG-Jamendo,102859,audio/102859.mp3,True
49d0e7ce-4484-438b-908b-5321586a239c,fce65c39-1665-4d83-97d5-aa5c6ff4a875,Jamendo Track 22158,Jamendo Artist,Single,2024,194.4,MTG-Jamendo,22158,audio/22158.mp3,True
19112342-35c6-425b-9cb2-e88377cc3fef,e4d2a870-d08c-4e0c-aa7e-acfc01bed5a8,Jamendo Track 1275973,Jamendo Artist,Single,2024,228.6,MTG-Jamendo,1275973,audio/1275973.mp3,True
73e82288-f715-472c-9d09-5462b9bf94f4,f885414f-bcfc-4878-b6a9-494812c98bcc,Jamendo Track 16751,Jamendo Artist,Single,2024,296.5,MTG-Jamendo,16751,audio/16751.mp3,True
2bc5bd69-5212-4b88-b82b-9f1e31e0a91a,21ba865c-2deb-486c-b721-c5f8bb2b9281,Jamendo Track 288365,Jamendo Artist,Single,2024,290.6,MTG-Jamendo,288365,audio/288365.mp3,True
9179ebe8-0dff-45a2-9a62-6697ab68147b,1b739e1d-b10d-4d8b-be11-c30b8626c6e0,Jamendo Track 1163923,Jamendo Artist,Single,2024,154.9,MTG-Jamendo,1163923,audio/1163923.mp3,True
eb0f4f13-c2a9-444e-a540-b8fb00f1d1c1,e75cd4e8-4490-4700-8c4d-edea8b7d2073,Jamendo Track 291329,Jamendo Artist,Single,2024,184.2,MTG-Jamendo,291329,audio/291329.mp3,True
192d6e12-e1ab-40a2-9653-c987c7e99411,379594d8-097e-4d0a-9ae3-ad9345d66687,Jamendo Track 1374065,Jamendo Artist,Single,2024,119.4,MTG-Jamendo,1374065,audio/1374065.mp3,True
5d8e59c1-7f9d-4db9-b1a8-70b52226ef6c,3c01d2e7-657a-40e5-bda7-b2c52ae2ce8c,Jamendo Track 242889,Jamendo Artist,Single,2024,144.3,MTG-Jamendo,242889,audio/242889.mp3,True
6b11f7aa-8faa-4698-bade-12634aa22bb9,49994186-f092-41cb-97cb-d762a7313f66,Jamendo Track 220580,Jamendo Artist,Single,2024,227.0,MTG-Jamendo,220580,audio/220580.mp3,True
0bf7ac56-4158-4e39-bccd-2267a98629af,ca45e958-c9f7-4bc5-847e-e8116cf32b94,Jamendo Track 388232,Jamendo Artist,Single,2024,333.5,MTG-Jamendo,388232,audio/388232.mp3,True
473f500c-9020-4ea0-84e0-25de540a989f,765dd152-2ca2-4f91-b185-c206c050b8eb,Jamendo Track 33209,Jamendo Artist,Single,2024,216.3,MTG-Jamendo,33209,audio/33209.mp3,True
cffbf71e-f1af-4be2-bbfd-6da369023750,40c9cbed-2595-42d5-b978-bf3c83253b4a,Jamendo Track 400402,Jamendo Artist,Single,2024,203.2,MTG-Jamendo,400402,audio/400402.mp3,True
c044fadb-da44-4d9a-a537-6288d4310895,55deb4a5-478b-42bc-86f1-eaa90d95d818,Jamendo Track 233984,Jamendo Artist,Single,2024,345.2,MTG-Jamendo,233984,audio/233984.mp3,True
abe36963-2547-4eed-9d22-dc99a8d6ac24,bbc57a7b-ceaf-4e87-971d-f3e3c47ef606,Jamendo Track 45093,Jamendo Artist,Single,2024,192.0,MTG-Jamendo,45093,audio/45093.mp3,True
23197a09-73e9-46ef-8bdd-ada02700f5fd,610ea3ed-0020-40e8-b62b-fce68a4e6ab9,Jamendo Track 676336,Jamendo Artist,Single,2024,451.3,MTG-Jamendo,676336,audio/676336.mp3,True
266541e3-3e24-4026-89ed-cd64d12e606f,e0e9a56b-76c6-4335-930e-1430170c45be,Jamendo Track 106548,Jamendo Artist,Single,2024,250.5,MTG-Jamendo,106548,audio/106548.mp3,True
2e02ea9a-f853-4d65-acd5-be09a8d72b38,3e27d245-ca65-4137-ad21-63ca24170271,Jamendo Track 1216559,Jamendo Artist,Single,2024,252.3,MTG-Jamendo,1216559,audio/1216559.mp3,True
9f69323d-6c05-4ae8-971e-fd24ee2788e4,bf09f669-ff2b-4f41-b9f7-0a69cd58f61b,Jamendo Track 78185,Jamendo Artist,Single,2024,286.9,MTG-Jamendo,78185,audio/78185.mp3,True
092ce08a-54fd-4b62-be36-d2e0b09342e8,0e173d14-3560-43cc-a0a0-49f4b8c64920,Jamendo Track 82881,Jamendo Artist,Single,2024,141.3,MTG-Jamendo,82881,audio/82881.mp3,True
75e2bc5b-d281-484d-98b5-c9e3d896c5ec,b777f9ef-ace2-491c-b395-9ac8adcdb17c,Jamendo Track 329516,Jamendo Artist,Single,2024,175.1,MTG-Jamendo,329516,audio/329516.mp3,True
bf255000-b3fd-4874-9bee-1147fd980591,88a9e6af-d77a-4ffc-831c-f412b64eb582,Jamendo Track 1367116,Jamendo Artist,Single,2024,585.6,MTG-Jamendo,1367116,audio/1367116.mp3,True
d15fcf54-d4a6-416d-9c97-a4a6fee50853,6000ae58-d12c-47cb-a274-c743141819b1,Jamendo Track 149128,Jamendo Artist,Single,2024,183.8,MTG-Jamendo,149128,audio/149128.mp3,True
666acd95-70ef-452a-9773-1eac889e989a,782be134-c356-47a5-985b-95dd3d48f957,Jamendo Track 1119038,Jamendo Artist,Single,2024,64.0,MTG-Jamendo,1119038,audio/1119038.mp3,True
b232c690-ae8d-4311-8e6c-9d287b773df4,0ef258f1-b4ae-45bc-a5f0-4defc29fe420,Jamendo Track 191405,Jamendo Artist,Single,2024,276.2,MTG-Jamendo,191405,audio/191405.mp3,True
5a309f16-4d5e-420b-aa41-7efb563e2715,993bc1a2-10e8-47df-b4f9-c8db627ae226,Jamendo Track 208184,Jamendo Artist,Single,2024,131.9,MTG-Jamendo,208184,audio/208184.mp3,True
c8a35d41-7c95-499f-8c30-72edf77aca79,8d9e5ba7-d776-4190-abe8-2ec1a6d8fcb8,Jamendo Track 14343,Jamendo Artist,Single,2024,262.5,MTG-Jamendo,14343,audio/14343.mp3,True
a31d2be0-264c-4a69-937c-a61307b9eed4,3b170c9e-72b5-4609-8768-2b0c72a7b389,Jamendo Track 1086187,Jamendo Artist,Single,2024,96.8,MTG-Jamendo,1086187,audio/1086187.mp3,True
343d0d9a-79ed-4cc0-8db2-7942e933675b,b72c632b-e264-42d0-8e96-5454e41d70f6,Jamendo Track 283117,Jamendo Artist,Single,2024,233.5,MTG-Jamendo,283117,audio/283117.mp3,True
00ee637c-808c-4782-bb74-14901d6eba17,8b75ad91-f44b-478f-96c4-5475f45a35f9,Jamendo Track 477081,Jamendo Artist,Single,2024,282.5,MTG-Jamendo,477081,audio/477081.mp3,True
40eff8c3-fb03-428f-b5a0-f9756c6e6f2f,fe4b5fc8-002d-421c-87ad-cc0f4c0bf895,Jamendo Track 249289,Jamendo Artist,Single,2024,162.0,MTG-Jamendo,249289,audio/249289.mp3,True
dbac3a54-6333-4ebb-89da-c9c355e29812,3f2eb0f0-f4df-4f42-9d85-7906ccbe2806,Jamendo Track 1129245,Jamendo Artist,Single,2024,266.5,MTG-Jamendo,1129245,audio/1129245.mp3,True
9f8ed23d-e98f-4502-9b6f-cef7f869bfaf,0a9df9c9-7fa3-4cee-a36a-a648a854eaae,Jamendo Track 168674,Jamendo Artist,Single,2024,374.3,MTG-Jamendo,168674,audio/168674.mp3,True
7afff8c3-344d-4f7e-aef4-3e5f8ee74b0a,9676998a-82f7-4045-8576-0c507fd6028d,Jamendo Track 331589,Jamendo Artist,Single,2024,241.9,MTG-Jamendo,331589,audio/331589.mp3,True
d3616954-2dea-4ab8-abba-d1e6bb2b785c,500923cc-dcf8-4cd9-afea-b67b77676d50,Jamendo Track 180817,Jamendo Artist,Single,2024,312.1,MTG-Jamendo,180817,audio/180817.mp3,True
c5eabf55-c729-4985-b9f1-4c30a5dfdaa8,04642d48-9817-48ba-a3a7-6d14d04fe04c,Jamendo Track 220579,Jamendo Artist,Single,2024,206.1,MTG-Jamendo,220579,audio/220579.mp3,True
c3455e86-b487-4569-8fed-a9ec1988c553,2a5dac17-2e51-44c3-a244-fd9b106acabf,Jamendo Track 226682,Jamendo Artist,Single,2024,256.6,MTG-Jamendo,226682,audio/226682.mp3,True
60fe69b4-1b3d-4368-a882-2995bbdb66ce,9edf2b09-4238-4fc4-95af-af1861c56223,Jamendo Track 3097,Jamendo Artist,Single,2024,189.6,MTG-Jamendo,3097,audio/3097.mp3,True
24888969-acf4-424a-a14e-0b881f6aa18c,a1a078ff-bbed-4658-811a-feb6f1fbdb9c,Jamendo Track 199649,Jamendo Artist,Single,2024,225.9,MTG-Jamendo,199649,audio/199649.mp3,True
fa4b0f63-552b-4896-ae92-aa511f2f36a3,b92a7c83-661a-4c43-8b51-46b5fd07d569,Jamendo Track 275793,Jamendo Artist,Single,2024,300.0,MTG-Jamendo,275793,audio/275793.mp3,True
1eb5bbc1-18ef-4c85-8f13-f4843446fe49,f9b4d801-f1bd-4fb2-bd3b-842831de2371,Jamendo Track 441945,Jamendo Artist,Single,2024,252.3,MTG-Jamendo,441945,audio/441945.mp3,True
efaca7d3-5fbc-4b70-be1a-c54fd99d808d,9c59f9b8-2b0f-4a3b-8e40-4d17da374f86,Jamendo Track 172025,Jamendo Artist,Single,2024,202.0,MTG-Jamendo,172025,audio/172025.mp3,True
b33e9c3d-b6d5-4f44-a58a-7a3362d3a5b6,96230b4e-53a0-452a-9c97-fa628a2e1aee,Jamendo Track 6017,Jamendo Artist,Single,2024,401.1,MTG-Jamendo,6017,audio/6017.mp3,True
d3e122cc-edb9-4539-8845-777d8a9b518b,6b2c1eff-4176-4c4a-8c2a-68dc975fdfa0,Jamendo Track 395920,Jamendo Artist,Single,2024,250.8,MTG-Jamendo,395920,audio/395920.mp3,True
c71e5c96-9878-4433-ab92-d333a3062f5c,b2d44be8-629e-4ad5-aa4b-0bb8d85fc9d1,Jamendo Track 439180,Jamendo Artist,Single,2024,262.1,MTG-Jamendo,439180,audio/439180.mp3,True
1a5c682c-f955-4ab6-bc5f-28fb39feb00c,1fac54da-c46a-498e-b4ce-4041913d2eb4,Jamendo Track 227479,Jamendo Artist,Single,2024,161.4,MTG-Jamendo,227479,audio/227479.mp3,True
31c08e2e-eb1f-4749-9360-24b68c4d3adc,2fc7a026-2bf9-41ae-8a6e-b4347418c8a2,Jamendo Track 1164278,Jamendo Artist,Single,2024,211.9,MTG-Jamendo,1164278,audio/1164278.mp3,True
d79f42e5-969f-4ab4-9e2f-542a9871e8f9,bb4815c1-d60f-41a2-b73a-8a0fc8f52e0f,Jamendo Track 1386831,Jamendo Artist,Single,2024,295.7,MTG-Jamendo,1386831,audio/1386831.mp3,True
973e6b36-a12f-4c8a-9ff6-e974c64ea9fa,3654258a-cce8-4c32-b058-2c513f63c683,Jamendo Track 200175,Jamendo Artist,Single,2024,118.0,MTG-Jamendo,200175,audio/200175.mp3,True
a55d9c8f-df08-4063-8d85-a3811a0174dc,8d8f330e-eb88-462c-8c88-810dd5384460,Jamendo Track 39558,Jamendo Artist,Single,2024,331.3,MTG-Jamendo,39558,audio/39558.mp3,True
ae7e3366-fa9d-41d0-9a54-31e70ab60654,5ac3c377-bd1c-412d-9fa4-c372ff040d68,Jamendo Track 134830,Jamendo Artist,Single,2024,186.4,MTG-Jamendo,134830,audio/134830.mp3,True
66705eea-6e51-4e83-8b4e-4c65e1136de5,ab28388d-e6fe-41f9-b568-79489205f471,Jamendo Track 400400,Jamendo Artist,Single,2024,225.5,MTG-Jamendo,400400,audio/400400.mp3,True
05edfa9f-8c98-4c42-a31d-e6ce37325a32,89e9f873-3c2f-4bce-b7c3-5387bf578432,Jamendo Track 146431,Jamendo Artist,Single,2024,509.3,MTG-Jamendo,146431,audio/146431.mp3,True
8565337a-4905-4dfb-9a76-3132c550bdbe,b7fbdefe-bc2e-48ce-adbb-603e369baa5e,Jamendo Track 211984,Jamendo Artist,Single,2024,127.4,MTG-Jamendo,211984,audio/211984.mp3,True
907b8767-b141-4914-b62c-d3c78d3446d4,821a78f4-723f-427a-9e24-59ac970b2eee,Jamendo Track 529017,Jamendo Artist,Single,2024,150.9,MTG-Jamendo,529017,audio/529017.mp3,True
8f2942a8-6b83-4d27-a6ef-a5edfea8518a,0323395e-49b6-45d9-838d-693afb9e3397,Jamendo Track 273608,Jamendo Artist,Single,2024,229.3,MTG-Jamendo,273608,audio/273608.mp3,True
b00466a7-9b61-428a-a2ba-6d17ec246fe7,e8eb66cb-ebd2-43ce-a8b5-e6f5990153f3,Jamendo Track 1124801,Jamendo Artist,Single,2024,177.7,MTG-Jamendo,1124801,audio/1124801.mp3,True
171bad06-2abc-486d-bf19-c0170b865682,57096653-98d9-4899-b758-9555086ff87d,Jamendo Track 6701,Jamendo Artist,Single,2024,402.6,MTG-Jamendo,6701,audio/6701.mp3,True
01313055-07bc-4c4e-ad45-df904ec73133,a505f05d-f4ee-4e54-91a5-a02a141d8a80,Jamendo Track 387116,Jamendo Artist,Single,2024,307.2,MTG-Jamendo,387116,audio/387116.mp3,True
14b5a3d2-0c82-4ad3-bab8-10e530ca9fef,bd65159a-0049-4b44-bfb7-43a8c05c2da7,Jamendo Track 239314,Jamendo Artist,Single,2024,249.8,MTG-Jamendo,239314,audio/239314.mp3,True
ba97822f-2d4b-4277-8f1e-1a2ddcd515a9,8248add8-fecc-4c73-b85b-c1233371965d,Jamendo Track 23108,Jamendo Artist,Single,2024,322.5,MTG-Jamendo,23108,audio/23108.mp3,True
de479263-4ffb-4a2d-9fb0-c1d92fc98aa7,20028f9b-6eee-4d65-b20e-14294cdeb340,Jamendo Track 284293,Jamendo Artist,Single,2024,84.9,MTG-Jamendo,284293,audio/284293.mp3,True
7b315d1f-2ba9-4c3c-ab96-fc41e5fb31de,83fd551b-b1ed-4998-8481-8d717aebdfe1,Jamendo Track 360553,Jamendo Artist,Single,2024,41.8,MTG-Jamendo,360553,audio/360553.mp3,True
c6711b3f-a6aa-4394-abff-306583a94272,c4c75bcd-2ea9-4920-81d4-edbb1051190b,Jamendo Track 175044,Jamendo Artist,Single,2024,246.1,MTG-Jamendo,175044,audio/175044.mp3,True
b2446a85-91e7-4bd9-8bac-164dddaec517,3f2630bb-8604-47f9-a773-c6edd122ef36,Jamendo Track 621370,Jamendo Artist,Single,2024,310.2,MTG-Jamendo,621370,audio/621370.mp3,True
3c2dd0d5-9c2e-4185-9123-5b96c93832c8,da759ba1-9155-4b55-b257-3f91ec11efdb,Jamendo Track 765,Jamendo Artist,Single,2024,232.6,MTG-Jamendo,765,audio/765.mp3,True
50657d9d-95aa-4d96-a050-326e3a0a0f17,32974c1d-4422-41c4-aa92-a2cc53537350,Jamendo Track 446475,Jamendo Artist,Single,2024,250.0,MTG-Jamendo,446475,audio/446475.mp3,True
06c5d24a-7f9d-4ffd-851c-7d53df45af78,cdce5f07-bc1e-4b0c-b3f9-5b557375e601,Jamendo Track 1109358,Jamendo Artist,Single,2024,273.7,MTG-Jamendo,1109358,audio/1109358.mp3,True
56a855e0-1850-4043-8b76-5f30da86e397,a08aac89-b503-41ec-8ce0-daa6ad4311bd,Jamendo Track 7546,Jamendo Artist,Single,2024,308.9,MTG-Jamendo,7546,audio/7546.mp3,True
bd6dd379-7296-46ee-b4fc-8934271835b2,5cc067aa-f286-40f0-88d5-ecf296360752,Jamendo Track 200170,Jamendo Artist,Single,2024,89.5,MTG-Jamendo,200170,audio/200170.mp3,True
bf2334e6-c7f1-4ae5-8e11-83a0557c103e,282f9ea2-3cb4-48f5-91e3-1e20992f619e,Jamendo Track 10571,Jamendo Artist,Single,2024,238.7,MTG-Jamendo,10571,audio/10571.mp3,True
167b3781-8e78-4b70-9b6c-31c28873dd4c,cdb6cb31-dbff-4169-ad0a-c5add817455a,Jamendo Track 111957,Jamendo Artist,Single,2024,300.7,MTG-Jamendo,111957,audio/111957.mp3,True
c18b5302-a11c-4f9b-b67b-534a48fea424,96940aba-7963-49d3-a596-052ea2fb67ef,Jamendo Track 1375179,Jamendo Artist,Single,2024,328.8,MTG-Jamendo,1375179,audio/1375179.mp3,True
835ce7de-b3b5-408c-b036-ead5a0591227,e3bfe591-62cf-4e2e-968f-a2d6904f8167,Jamendo Track 239372,Jamendo Artist,Single,2024,436.1,MTG-Jamendo,239372,audio/239372.mp3,True
ba7a6e0d-3871-4270-b6b4-a9a131464873,084a406e-a695-412e-88ef-88741345629a,Jamendo Track 814945,Jamendo Artist,Single,2024,219.6,MTG-Jamendo,814945,audio/814945.mp3,True
98fe2f1c-71ab-4f13-a599-c84a73bfc6ef,6c7efb53-ec5a-4771-ba01-11348efa53e1,Jamendo Track 261113,Jamendo Artist,Single,2024,193.3,MTG-Jamendo,261113,audio/261113.mp3,True
8a0ea48d-e00a-4ab4-acc8-4d752e01f631,9c8af8ee-728d-45dc-b8dd-be66c71711f5,Jamendo Track 1182022,Jamendo Artist,Single,2024,191.2,MTG-Jamendo,1182022,audio/1182022.mp3,True
94eb235d-1a62-4b1c-a701-f512d0c4b014,e80ba406-39d4-4223-8fe7-3a5ea542c86f,Jamendo Track 160067,Jamendo Artist,Single,2024,220.0,MTG-Jamendo,160067,audio/160067.mp3,True
a31716f2-37f8-4645-b383-a4689e508ada,5fb62ad5-7ec7-4abb-93d9-28b28d4bdda2,Jamendo Track 394064,Jamendo Artist,Single,2024,283.0,MTG-Jamendo,394064,audio/394064.mp3,True
87c54007-c35e-4f45-9dbc-2b61b0090514,40d4f72f-7095-45ca-a6d9-346c29ff28f8,Jamendo Track 490893,Jamendo Artist,Single,2024,258.6,MTG-Jamendo,490893,audio/490893.mp3,True
8adf649a-367b-4fa4-8af7-d9accf8db951,d85ff6ec-c3ed-4c12-a752-8241f5803471,Jamendo Track 381177,Jamendo Artist,Single,2024,214.1,MTG-Jamendo,381177,audio/381177.mp3,True
079c2ec9-a7f0-4f13-962c-7f7ab84707a3,201a2135-d674-48c6-b208-614b5d20f68d,Jamendo Track 146320,Jamendo Artist,Single,2024,365.8,MTG-Jamendo,146320,audio/146320.mp3,True
828ed4f6-db19-44e1-ac99-effd35dc8284,8e98287a-bd13-4319-b561-8ed07988c32c,Jamendo Track 40161,Jamendo Artist,Single,2024,262.5,MTG-Jamendo,40161,audio/40161.mp3,True
c8dd171e-0dd5-450c-b2cc-7b17b4488ad0,5a2e226a-60dc-4378-997d-f7ae1d2b600b,Jamendo Track 181606,Jamendo Artist,Single,2024,246.3,MTG-Jamendo,181606,audio/181606.mp3,True
c441a87a-4539-49f8-b303-389ac6e181c1,5978a8c2-1eda-4738-bf6c-7c9d5879c6ff,Jamendo Track 312426,Jamendo Artist,Single,2024,249.9,MTG-Jamendo,312426,audio/312426.mp3,True
a730f6cf-ac86-4c1e-8911-ac06c77d3c66,5ad6dcf1-00ce-4aef-8f7b-9386c925ad83,Jamendo Track 236259,Jamendo Artist,Single,2024,178.2,MTG-Jamendo,236259,audio/236259.mp3,True
677e9a2d-6f51-4fb7-9701-9eea8eb1e19b,2c4a0bfe-613b-45ca-8324-722e31d4596b,Jamendo Track 245173,Jamendo Artist,Single,2024,194.9,MTG-Jamendo,245173,audio/245173.mp3,True
8ff1d23f-6e8d-43c8-9c86-182afbdb380f,a8279d52-fe40-4728-a3b5-7e4158ffe921,Jamendo Track 401457,Jamendo Artist,Single,2024,360.0,MTG-Jamendo,401457,audio/401457.mp3,True
445d4734-88b7-4093-992f-0aad8e63149d,3d1309b1-e2f6-4af6-bc2d-6f1a5fc29db0,Jamendo Track 181851,Jamendo Artist,Single,2024,551.8,MTG-Jamendo,181851,audio/181851.mp3,True
1bd48079-24f5-42d0-9a9e-e373f1a769e2,895a285f-092e-4918-99e8-b17d0c958d21,Jamendo Track 24749,Jamendo Artist,Single,2024,206.8,MTG-Jamendo,24749,audio/24749.mp3,True
4fbac195-4ddc-43a0-87cd-c0136d564c81,c7b976e3-c6eb-45f6-9259-05975c7bbf82,Jamendo Track 30231,Jamendo Artist,Single,2024,260.0,MTG-Jamendo,30231,audio/30231.mp3,True
a9f5f325-2a5f-4272-be8c-d10ca9920715,825ac661-5a58-40af-9688-b819fb2ad87f,Jamendo Track 192786,Jamendo Artist,Single,2024,362.6,MTG-Jamendo,192786,audio/192786.mp3,True
dae0391c-f652-4d3e-87cd-3d92fc66afda,ee28c895-e08c-46ef-8ccc-e859f03800ba,Jamendo Track 382395,Jamendo Artist,Single,2024,344.0,MTG-Jamendo,382395,audio/382395.mp3,True
c7c8b833-fcbe-4533-bca2-6e49aa396589,97658be1-6e85-4f6d-a79a-3962538da609,Jamendo Track 199623,Jamendo Artist,Single,2024,191.2,MTG-Jamendo,199623,audio/199623.mp3,True
290d5765-84c6-487c-b456-9ccd137bed8c,ae662052-d241-4b6b-b81f-5cbb3f8e3be6,Jamendo Track 316547,Jamendo Artist,Single,2024,171.0,MTG-Jamendo,316547,audio/316547.mp3,True
d0d6b23b-26b6-4c27-885d-0d3a4f5e120a,afb0b4ca-9160-488b-b94e-bb8a32cc237a,Jamendo Track 381164,Jamendo Artist,Single,2024,246.9,MTG-Jamendo,381164,audio/381164.mp3,True
4fee323b-818a-48ca-8d91-7f70755e39f8,8f68856f-118c-4ffe-9541-05138fd10b99,Jamendo Track 285434,Jamendo Artist,Single,2024,335.0,MTG-Jamendo,285434,audio/285434.mp3,True
c36da18b-3472-461c-b91e-35040d684ac3,4e279412-5d79-4092-96e1-892655f8aeb2,Jamendo Track 199334,Jamendo Artist,Single,2024,235.5,MTG-Jamendo,199334,audio/199334.mp3,True
a386f5dc-7cd5-4c36-9c01-41ecb7dcd79d,7862317d-33f0-41b2-b4c3-a19e641090dc,Jamendo Track 340073,Jamendo Artist,Single,2024,239.9,MTG-Jamendo,340073,audio/340073.mp3,True
d7d0f4f0-8f5a-4a07-9830-b4c012598fc6,754316b1-8188-4ec0-b993-305a48dea9cc,Jamendo Track 446473,Jamendo Artist,Single,2024,159.5,MTG-Jamendo,446473,audio/446473.mp3,True
7d1396c1-f526-48e8-a810-6db59694fafd,b643b161-ee01-4a12-ad40-c9e143e7ce73,Jamendo Track 215759,Jamendo Artist,Single,2024,213.9,MTG-Jamendo,215759,audio/215759.mp3,True
f37090f0-ce92-4b2b-af3e-22f9be5ff463,b7499be5-2455-4e01-bc39-09ca84cdc6c9,Jamendo Track 370673,Jamendo Artist,Single,2024,245.8,MTG-Jamendo,370673,audio/370673.mp3,True
e5f6cc0e-3240-440a-a6ac-8baf3b891679,190b4c6b-2090-47fd-837c-68341cc43a8c,Jamendo Track 1421464,Jamendo Artist,Single,2024,220.4,MTG-Jamendo,1421464,audio/1421464.mp3,True
166d94b5-0ac8-4a12-a151-52d02375ad48,7148913b-b89e-4382-a268-7b6d5fa083e3,Jamendo Track 45095,Jamendo Artist,Single,2024,276.5,MTG-Jamendo,45095,audio/45095.mp3,True
a5957728-23b8-43a5-9052-ade7331fb70c,53339277-2e0f-4bb4-836a-3f8fcc3133e1,Jamendo Track 401455,Jamendo Artist,Single,2024,420.0,MTG-Jamendo,401455,audio/401455.mp3,True
7aaa8cdf-e9f5-4a89-aa94-7cb89fd9ee68,af7db1da-2fe4-49ae-a0f0-0e89665f707a,Jamendo Track 208841,Jamendo Artist,Single,2024,354.2,MTG-Jamendo,208841,audio/208841.mp3,True
8f83d399-3bd0-4f83-8173-b785d3920e68,fc97b257-8721-4867-9606-1cc27cca518d,Jamendo Track 168644,Jamendo Artist,Single,2024,374.2,MTG-Jamendo,168644,audio/168644.mp3,True
1d7739db-feee-407d-bbd2-c76ea062e625,42f5ea62-ce41-4f62-b1e0-da512759a162,Jamendo Track 6698,Jamendo Artist,Single,2024,370.4,MTG-Jamendo,6698,audio/6698.mp3,True
97d929ac-6286-436b-9af5-0f0b0bb77836,3883ad27-1d3c-4be5-8ba0-12e98c0703b0,Jamendo Track 13290,Jamendo Artist,Single,2024,289.2,MTG-Jamendo,13290,audio/13290.mp3,True
ee8a85ef-593d-403b-82c9-bd8f271fb8b2,19300348-c5ed-4067-9dda-b2507a19aa29,Jamendo Track 229487,Jamendo Artist,Single,2024,186.9,MTG-Jamendo,229487,audio/229487.mp3,True
bebef7d4-618d-40cf-aa44-c5d4a5563e79,ca557533-8b0a-478c-95d4-e035b42f75a1,Jamendo Track 181805,Jamendo Artist,Single,2024,138.5,MTG-Jamendo,181805,audio/181805.mp3,True
3afae84c-3822-4796-a201-56943a82cb38,45ac95bf-4b93-4313-b726-9764dabc13c7,Jamendo Track 145992,Jamendo Artist,Single,2024,276.0,MTG-Jamendo,145992,audio/145992.mp3,True
d5c92327-5be8-4616-a188-09d88a35b19d,5947f26f-644d-4659-9181-16193fdb8ba3,Jamendo Track 1420800,Jamendo Artist,Single,2024,205.4,MTG-Jamendo,1420800,audio/1420800.mp3,True
c6cf9f5d-00b3-465e-beed-76699f093383,da076d7b-7724-4d0a-94f3-c9ebf1b64f3a,Jamendo Track 342493,Jamendo Artist,Single,2024,188.0,MTG-Jamendo,342493,audio/342493.mp3,True
7e15edda-2bc3-4e11-866b-04417ebff53a,b7e41985-23b0-4d15-a16c-56efc4d5113d,Jamendo Track 44420,Jamendo Artist,Single,2024,223.7,MTG-Jamendo,44420,audio/44420.mp3,True
e8aa326d-e6ca-4807-9134-b0e15418d536,9adc3ea5-ec3e-409e-bdbf-bceefa80e68e,Jamendo Track 383978,Jamendo Artist,Single,2024,252.9,MTG-Jamendo,383978,audio/383978.mp3,True
fa1fd9e3-ca03-43c3-8030-f93c23e2e101,ed299741-148b-4799-b645-21ee25614bd5,Jamendo Track 153607,Jamendo Artist,Single,2024,132.9,MTG-Jamendo,153607,audio/153607.mp3,True
a2bda5d4-21fc-4f64-9a99-d0138c94f7f3,3daf99f4-d42d-4e81-ab75-5d41352e1fe0,Jamendo Track 213184,Jamendo Artist,Single,2024,178.5,MTG-Jamendo,213184,audio/213184.mp3,True
a8ef8721-92ce-40c1-a32b-94b39291232d,9b314c6a-244c-410b-ad21-6ff894fbd039,Jamendo Track 508978,Jamendo Artist,Single,2024,296.9,MTG-Jamendo,508978,audio/508978.mp3,True
bd0dbd5a-53ce-4825-9a4f-4b66be2b0b78,91e424c1-891b-458b-b4fc-53fcb1b65752,Jamendo Track 285659,Jamendo Artist,Single,2024,245.7,MTG-Jamendo,285659,audio/285659.mp3,True
79c03bac-2d87-41d2-bd7a-5684924e87a6,bafd614c-22b4-4e51-9142-57933ae08f77,Jamendo Track 454896,Jamendo Artist,Single,2024,389.1,MTG-Jamendo,454896,audio/454896.mp3,True
e461dced-8338-425c-a45d-3aaad796a1e5,03bb7b1b-3dd5-4838-b89e-7d31813a3592,Jamendo Track 443374,Jamendo Artist,Single,2024,187.0,MTG-Jamendo,443374,audio/443374.mp3,True
ab3cdee7-6ef5-4920-8e9b-efcd83597b04,45549f6a-1120-4dbd-a0a6-45aadb2347fb,Jamendo Track 278938,Jamendo Artist,Single,2024,305.5,MTG-Jamendo,278938,audio/278938.mp3,True
02bf282e-21fa-4c22-a10a-90487867a5ba,ee168ae9-6b1c-44e8-b91c-67e671d86fac,Jamendo Track 126078,Jamendo Artist,Single,2024,199.7,MTG-Jamendo,126078,audio/126078.mp3,True
1097c903-6a92-45de-a43f-97936a0b8895,d5cf2ff6-aa6d-4041-a042-22357e93d50c,Jamendo Track 114664,Jamendo Artist,Single,2024,226.8,MTG-Jamendo,114664,audio/114664.mp3,True
0a1bdbd7-4fe7-43c5-a643-b7cb46b20e12,918a92f2-ef65-4247-8e1f-81a206db035e,Jamendo Track 190869,Jamendo Artist,Single,2024,227.0,MTG-Jamendo,190869,audio/190869.mp3,True
0220e502-11e4-43c2-b6a1-3fb05b1e07ce,b38c616a-ea49-4fe9-ac44-cf82645b01ed,Jamendo Track 229049,Jamendo Artist,Single,2024,140.3,MTG-Jamendo,229049,audio/229049.mp3,True
641ee310-ebf0-465b-9c5c-e3d4d8cb8a3d,cf029c0c-dec3-478d-91cd-c4ff8c2ff42d,Jamendo Track 273617,Jamendo Artist,Single,2024,323.4,MTG-Jamendo,273617,audio/273617.mp3,True
ce762c3f-56de-4aba-a9b8-533701970715,e93a8dff-e993-4a02-9029-bd0a0fbd4f57,Jamendo Track 48064,Jamendo Artist,Single,2024,564.9,MTG-Jamendo,48064,audio/48064.mp3,True
32c23c58-321b-4f3e-8296-2c42873b9968,86df6c8a-f8da-4e53-ab23-3c4a7b9987f7,Jamendo Track 508920,Jamendo Artist,Single,2024,339.1,MTG-Jamendo,508920,audio/508920.mp3,True
ad8c26dd-2c4e-4b3e-a17f-b96fe8117032,cf74d019-6561-499e-9a8b-f706a4b895c3,Jamendo Track 269979,Jamendo Artist,Single,2024,655.7,MTG-Jamendo,269979,audio/269979.mp3,True
2362f0ae-0fb0-43cc-a256-4fedafec3e97,0e6b059d-0fdc-4a66-ba43-e85872e2acdd,Jamendo Track 82879,Jamendo Artist,Single,2024,140.0,MTG-Jamendo,82879,audio/82879.mp3,True
c22d685b-58bc-4ca2-9d67-ea3806375472,a02c8400-217d-407b-a16c-aeb9c3463f0b,Jamendo Track 199254,Jamendo Artist,Single,2024,454.8,MTG-Jamendo,199254,audio/199254.mp3,True
5b8f0226-8e32-413a-8bd1-e53c20dfe7d5,df488a0a-ce72-4e5a-96ba-a6a8477ece13,Jamendo Track 17941,Jamendo Artist,Single,2024,240.7,MTG-Jamendo,17941,audio/17941.mp3,True
9b82f057-e46f-4e3a-9313-a78ca54e581f,f076c6c5-6654-4d51-a14b-e9b794b07eeb,Jamendo Track 176548,Jamendo Artist,Single,2024,224.1,MTG-Jamendo,176548,audio/176548.mp3,True
37665d8c-8a94-487b-955d-05f499e9bebb,00408cf1-ed67-4499-a327-c47ea0a325c3,Jamendo Track 781633,Jamendo Artist,Single,2024,326.8,MTG-Jamendo,781633,audio/781633.mp3,True
e14b00c9-6638-47d7-b75f-c6b0558af48d,3003d681-ac85-4470-9cca-c7588c7d1be0,Jamendo Track 123505,Jamendo Artist,Single,2024,216.5,MTG-Jamendo,123505,audio/123505.mp3,True
ee696f3b-6abe-401a-8dbd-a3f032b0a189,895905fc-2e48-46ff-9715-804c27d27271,Jamendo Track 1169133,Jamendo Artist,Single,2024,171.8,MTG-Jamendo,1169133,audio/1169133.mp3,True
ed4a70ee-5cb3-4dcd-9011-5f9e4e4018a1,02fe53a2-1a58-45ab-9a41-1f7037071806,Jamendo Track 443977,Jamendo Artist,Single,2024,168.6,MTG-Jamendo,443977,audio/443977.mp3,True
a0f1115e-5df0-4906-a4ac-b939197ad204,f891150d-1578-4fd8-b5c8-e362cfca6a73,Jamendo Track 431490,Jamendo Artist,Single,2024,185.6,MTG-Jamendo,431490,audio/431490.mp3,True
3d9f55f9-2dad-4d48-a006-cbf391e5c22e,7cd05681-1908-4fcb-a7f9-9be27959713d,Jamendo Track 72961,Jamendo Artist,Single,2024,1085.7,MTG-Jamendo,72961,audio/72961.mp3,True
55ff2a96-761f-4585-a17c-5218f8657a78,21a0ab1b-75ac-4b7e-b764-5a3735f3b534,Jamendo Track 261117,Jamendo Artist,Single,2024,191.4,MTG-Jamendo,261117,audio/261117.mp3,True
13eb62f6-b70b-4093-9740-e9422dd13232,398cf788-1b30-4956-a795-1d699d0a76b8,Jamendo Track 379712,Jamendo Artist,Single,2024,287.2,MTG-Jamendo,379712,audio/379712.mp3,True
f466318a-e87b-42cd-9ba1-70d26f79099c,11ebf25b-434f-4ea1-a7f0-ad543449f9de,Jamendo Track 6736,Jamendo Artist,Single,2024,234.1,MTG-Jamendo,6736,audio/6736.mp3,True
53468fa7-8f34-411e-bd0c-cc5630706873,946c8a09-0f94-4e1e-a4ec-494c5e084763,Jamendo Track 1182036,Jamendo Artist,Single,2024,238.2,MTG-Jamendo,1182036,audio/1182036.mp3,True
121cfb65-b0eb-4c4b-a621-e245d48a8371,d2a550a0-e7ab-492e-ac2d-6c99e5e6833e,Jamendo Track 558418,Jamendo Artist,Single,2024,140.1,MTG-Jamendo,558418,audio/558418.mp3,True
0a409365-73b6-4a10-9328-784ae2e18cd4,bf0b95b0-f461-4292-8d1b-d74379b5a0c6,Jamendo Track 471393,Jamendo Artist,Single,2024,239.4,MTG-Jamendo,471393,audio/471393.mp3,True
e8645656-6959-4339-a050-4e630c6a81b3,f5912ad5-a8a7-4460-b387-3f837ec0e679,Jamendo Track 10563,Jamendo Artist,Single,2024,128.0,MTG-Jamendo,10563,audio/10563.mp3,True
e737bfac-745e-4eba-8a7b-254d63ed19e2,dd58fac4-3b1a-4941-8b64-2d93d818bb03,Jamendo Track 153608,Jamendo Artist,Single,2024,180.3,MTG-Jamendo,153608,audio/153608.mp3,True
05b5cad6-eb6a-4ba9-9215-11ef8d97b7db,c5131b97-5d4e-434c-b10a-c46d1397fb43,Jamendo Track 81916,Jamendo Artist,Single,2024,247.6,MTG-Jamendo,81916,audio/81916.mp3,True
e20b4132-a004-4864-bfe8-b720a751cda0,d5f380cd-5b88-49fd-bdf1-0f9c9f14d5a1,Jamendo Track 287503,Jamendo Artist,Single,2024,264.0,MTG-Jamendo,287503,audio/287503.mp3,True
695f1369-a2f7-4e26-8fb3-bdf77600cdf1,3bc73068-1c2b-41d2-bd51-56def09c8f25,Jamendo Track 256508,Jamendo Artist,Single,2024,389.5,MTG-Jamendo,256508,audio/256508.mp3,True
55d9e793-f7eb-49f9-9281-5b9198026c2e,f7291c67-e1c4-403f-8535-1a153f477763,Jamendo Track 966303,Jamendo Artist,Single,2024,128.4,MTG-Jamendo,966303,audio/966303.mp3,True
cfba62e8-ac75-496b-bd3f-5c008af29c16,93acf750-611d-428a-9412-15769276b509,Jamendo Track 775770,Jamendo Artist,Single,2024,219.4,MTG-Jamendo,775770,audio/775770.mp3,True
20d7baa6-b6cf-4155-943b-f6b7702e6c8f,f06051e5-5676-438e-abcb-2f49c94ab026,Jamendo Track 362054,Jamendo Artist,Single,2024,247.4,MTG-Jamendo,362054,audio/362054.mp3,True
af8eb3a5-54f9-4c6e-9299-65efc5acbbf6,604e46e8-323e-4ba4-9f08-1213fc57ee74,Jamendo Track 212074,Jamendo Artist,Single,2024,141.5,MTG-Jamendo,212074,audio/212074.mp3,True
05e3fee0-e274-4abe-8625-6b2ab5ba0041,d717e782-2802-488b-a265-4b1987bb502c,Jamendo Track 470547,Jamendo Artist,Single,2024,209.0,MTG-Jamendo,470547,audio/470547.mp3,True
d5f02e0f-861f-44f5-bb95-5780f610fd8c,fcebb22e-7210-4bed-b819-52bd2ffa7b06,Jamendo Track 492107,Jamendo Artist,Single,2024,338.0,MTG-Jamendo,492107,audio/492107.mp3,True
09d770a8-08a2-4bb2-8e74-bef6855b65ff,9dbb3640-0d14-4a95-96ea-e9649c93e92f,Jamendo Track 465950,Jamendo Artist,Single,2024,183.0,MTG-Jamendo,465950,audio/465950.mp3,True
eb8aa6ae-c461-48ff-9751-56fb6c88d9e3,e925ae77-abfd-4af3-ac8e-f03e97abfd01,Jamendo Track 967149,Jamendo Artist,Single,2024,435.7,MTG-Jamendo,967149,audio/967149.mp3,True
315f6a2c-b96c-423f-ab7f-bc848c7cb886,3443ebab-2e9b-4f04-85ff-77f75b859fcd,Jamendo Track 160071,Jamendo Artist,Single,2024,221.0,MTG-Jamendo,160071,audio/160071.mp3,True
435e4ac5-9c31-4aa8-8a00-bd5ac37d06e7,28e83373-0a51-4882-8246-043315361571,Jamendo Track 313068,Jamendo Artist,Single,2024,533.3,MTG-Jamendo,313068,audio/313068.mp3,True
f35ed04f-948e-4985-bac5-62ce2f211792,0079d560-1ffa-45a2-8ca1-994cd0f80536,Jamendo Track 10573,Jamendo Artist,Single,2024,183.9,MTG-Jamendo,10573,audio/10573.mp3,True
9ff3c840-678c-483d-a317-4f17b3871c20,f260e59d-7691-4ddc-8b82-bdc5f488cabc,Jamendo Track 1057890,Jamendo Artist,Single,2024,384.1,MTG-Jamendo,1057890,audio/1057890.mp3,True
8b58cdc1-0194-42c9-9dd5-3289608d6c9e,fc0540a1-4ec5-442d-930b-8a8caee50df9,Jamendo Track 1420793,Jamendo Artist,Single,2024,204.5,MTG-Jamendo,1420793,audio/1420793.mp3,True
cad5cbec-3a60-4c0a-8f7f-d36333bf00e2,a504bac8-e850-45e5-8282-658d88714a72,Jamendo Track 1081411,Jamendo Artist,Single,2024,345.1,MTG-Jamendo,1081411,audio/1081411.mp3,True
16da53a1-9804-4f02-88ab-8c9ac074710e,08d41417-622c-425b-8dfd-27ae4313a302,Jamendo Track 287766,Jamendo Artist,Single,2024,238.0,MTG-Jamendo,287766,audio/287766.mp3,True
660183bb-2529-4f33-9b8d-223846d3a3af,1fd6a1f4-1827-4b21-a30f-4e5b90869452,Jamendo Track 297184,Jamendo Artist,Single,2024,197.1,MTG-Jamendo,297184,audio/297184.mp3,True
08bba754-62a6-4255-a529-9accbad53d6b,21aac6cc-7077-4f11-87d5-87451f575577,Jamendo Track 568192,Jamendo Artist,Single,2024,99.7,MTG-Jamendo,568192,audio/568192.mp3,True
c96b0250-42c3-4bb2-b9da-df31df7a4438,00fcfcd0-d287-4466-99c6-175cffe96c22,Jamendo Track 1352637,Jamendo Artist,Single,2024,619.9,MTG-Jamendo,1352637,audio/1352637.mp3,True
20770b89-9c8d-4dbe-b69b-94f9dbe2df2c,ef8ef0f4-66b3-4487-a520-92725893bcb1,Jamendo Track 190670,Jamendo Artist,Single,2024,268.9,MTG-Jamendo,190670,audio/190670.mp3,True
9e67003f-bd05-4452-843b-2de61d48673c,523e9ed6-2c54-4c0b-ac4e-fcf959c7611b,Jamendo Track 321231,Jamendo Artist,Single,2024,423.2,MTG-Jamendo,321231,audio/321231.mp3,True
8a16871b-2dfc-4c57-aad3-e173bf75c139,222edc50-e6a5-4d74-b8b6-320a893040e2,Jamendo Track 317772,Jamendo Artist,Single,2024,207.6,MTG-Jamendo,317772,audio/317772.mp3,True
e1e87b79-0812-47c8-a38f-e622b0c8fdd6,be0c914b-eeda-40de-9838-c71efe6d1289,Jamendo Track 450311,Jamendo Artist,Single,2024,231.9,MTG-Jamendo,450311,audio/450311.mp3,True
c4f249ce-0ca3-4668-b14c-bdbf08a3791c,26e208b3-8c6e-464d-88a5-c1f02555950c,Jamendo Track 470557,Jamendo Artist,Single,2024,219.4,MTG-Jamendo,470557,audio/470557.mp3,True
8bbaeb4a-3a14-43d2-9675-a3784083bece,3213b8e0-d74c-46dc-9e04-f2f75ad68cf1,Jamendo Track 1241867,Jamendo Artist,Single,2024,234.3,MTG-Jamendo,1241867,audio/1241867.mp3,True
c66e8c55-d2fc-4d91-950e-ae9c47a6ae55,7138651c-3063-4c65-a3d8-bcbfeb924d73,Jamendo Track 137429,Jamendo Artist,Single,2024,214.1,MTG-Jamendo,137429,audio/137429.mp3,True
acd4ee45-c94e-4107-abaa-fdbd4cbdba1e,2d567bd7-a05c-4081-86a6-ecb828345f77,Jamendo Track 36325,Jamendo Artist,Single,2024,208.0,MTG-Jamendo,36325,audio/36325.mp3,True
0efa9a6a-256a-49b5-a409-76edf9cdebe4,fd5cc448-00da-451d-b10d-fd8509e5cada,Jamendo Track 644062,Jamendo Artist,Single,2024,215.9,MTG-Jamendo,644062,audio/644062.mp3,True
40fd0569-9cec-434c-9dfe-3a64133b80ef,bac2a71e-3f23-4478-8320-ad7756051256,Jamendo Track 379710,Jamendo Artist,Single,2024,282.0,MTG-Jamendo,379710,audio/379710.mp3,True
9aec6b69-565f-41b2-84bc-3d255bd9af6e,d005ac43-cc22-4f96-ade1-46968c065bdc,Jamendo Track 1108,Jamendo Artist,Single,2024,220.9,MTG-Jamendo,1108,audio/1108.mp3,True
88e7153f-c596-4d48-83d3-d999e8766d3e,8ffae091-88f9-4986-8889-7f4771d7e764,Jamendo Track 167484,Jamendo Artist,Single,2024,283.0,MTG-Jamendo,167484,audio/167484.mp3,True
b78fa443-d43b-454c-844f-a3c1173a0dc7,bfff6417-928f-4e12-9573-978648f47898,Jamendo Track 743967,Jamendo Artist,Single,2024,274.3,MTG-Jamendo,743967,audio/743967.mp3,True
440d4b6d-7b87-46b0-ad7a-2ac67e5873f3,44829005-d9d0-4bb3-96fb-8da9ab7f1db4,Jamendo Track 147206,Jamendo Artist,Single,2024,163.5,MTG-Jamendo,147206,audio/147206.mp3,True
6e10b7c8-aa74-4db1-b24d-d5a457ac908b,aec80eb6-f8f3-440c-8ab5-e1aa6b852562,Jamendo Track 240941,Jamendo Artist,Single,2024,246.4,MTG-Jamendo,240941,audio/240941.mp3,True
ad5a6567-dc9c-4473-8acb-74a962a36dec,559ca8f2-73d1-46f7-8980-4da618841180,Jamendo Track 144383,Jamendo Artist,Single,2024,274.0,MTG-Jamendo,144383,audio/144383.mp3,True
ae056c26-e3ad-4f98-bc90-9c744b39876b,e6d53565-9c4d-42e3-85e3-e21480e53cfe,Jamendo Track 767511,Jamendo Artist,Single,2024,186.6,MTG-Jamendo,767511,audio/767511.mp3,True
ea499000-7f1d-427f-9fba-fcbe782f1b4e,73451169-2613-4451-ae3c-bd04a363d444,Jamendo Track 165326,Jamendo Artist,Single,2024,184.2,MTG-Jamendo,165326,audio/165326.mp3,True
3ca99557-151c-454f-89b2-8819ba5d3ff6,419e2805-7304-4f35-b120-8e8942119b09,Jamendo Track 307928,Jamendo Artist,Single,2024,310.1,MTG-Jamendo,307928,audio/307928.mp3,True
dea13ca7-0eb1-436a-8302-8739a929fb51,082a6dd1-95ac-4a87-b6bd-a25c1f7e6f23,Jamendo Track 48587,Jamendo Artist,Single,2024,724.5,MTG-Jamendo,48587,audio/48587.mp3,True
867069c3-567f-45f6-8d5b-765b9271db62,886c8e4c-994d-431e-bcab-82d72d6a079a,Jamendo Track 16833,Jamendo Artist,Single,2024,296.4,MTG-Jamendo,16833,audio/16833.mp3,True
136fb20e-c640-46fd-9bd8-d624807bbd78,61124c36-3467-42ce-9f25-7286ad6d3914,Jamendo Track 20586,Jamendo Artist,Single,2024,107.9,MTG-Jamendo,20586,audio/20586.mp3,True
46745220-e265-46ed-872f-013292d153a3,57d1eb40-5c34-464d-a89c-09ea899dd7bb,Jamendo Track 76751,Jamendo Artist,Single,2024,167.0,MTG-Jamendo,76751,audio/76751.mp3,True
5e9e739e-7733-497c-bd3f-b39be53f4d97,82da01a6-f59b-403f-97a6-52e1a6f5d1e5,Jamendo Track 248052,Jamendo Artist,Single,2024,679.1,MTG-Jamendo,248052,audio/248052.mp3,True
23eccbdd-9e37-4d38-a3b0-104bde66b724,3e71d27f-7204-4589-9623-9de0af785bd5,Jamendo Track 660436,Jamendo Artist,Single,2024,227.3,MTG-Jamendo,660436,audio/660436.mp3,True
74662336-6c45-4866-bb9f-559c421df177,04f20ea1-3b3b-4a4d-b7d1-4391f04b5f29,Jamendo Track 660451,Jamendo Artist,Single,2024,247.3,MTG-Jamendo,660451,audio/660451.mp3,True
7553f60d-0672-4029-9943-95f04a7bc214,ef967cae-4762-41ee-8004-09cc15bbc9a5,Jamendo Track 240530,Jamendo Artist,Single,2024,360.0,MTG-Jamendo,240530,audio/240530.mp3,True
c1976382-58db-4146-bc6e-81ac020efd06,45578e1f-6222-4b61-b302-2fc3b6360680,Jamendo Track 465944,Jamendo Artist,Single,2024,234.0,MTG-Jamendo,465944,audio/465944.mp3,True
0b10bd0c-d2bd-45a0-988e-a413b15f3194,79569576-9dbe-4ad9-bd8a-dbd1a22b4f54,Jamendo Track 192075,Jamendo Artist,Single,2024,724.0,MTG-Jamendo,192075,audio/192075.mp3,True
fe64173a-ef49-410f-a9c9-ccd03de50306,d503cf5b-a10c-4a6f-ad5e-14c31296fe29,Jamendo Track 452585,Jamendo Artist,Single,2024,294.0,MTG-Jamendo,452585,audio/452585.mp3,True
d0dfbe2b-aef8-4aa6-a456-a3bbb01455f9,7371ff6c-48ce-439a-868e-8bb6c07b6d0f,Jamendo Track 191217,Jamendo Artist,Single,2024,231.9,MTG-Jamendo,191217,audio/191217.mp3,True
b2fe3f7a-6f51-4275-bbca-c6b87f835c69,8a4e1adb-b23c-42ab-acad-0b62b317d8b9,Jamendo Track 7543,Jamendo Artist,Single,2024,379.4,MTG-Jamendo,7543,audio/7543.mp3,True
681b244d-9f5b-40fb-8675-7331f18765eb,77cef4db-6642-4a73-a7d7-c647d17a16ea,Jamendo Track 322083,Jamendo Artist,Single,2024,234.8,MTG-Jamendo,322083,audio/322083.mp3,True
41b4814a-40f6-4b00-9e7d-d66e625e72ac,6ba433c4-b7d3-4287-b467-e6111b928dbd,Jamendo Track 1397900,Jamendo Artist,Single,2024,711.0,MTG-Jamendo,1397900,audio/1397900.mp3,True
a542d681-efc4-440b-98e0-4601806ce51a,09558620-3eaf-49a7-9806-0e945eed1e84,Jamendo Track 170523,Jamendo Artist,Single,2024,199.0,MTG-Jamendo,170523,audio/170523.mp3,True
4b690a4c-2ed4-4810-8657-a82c34533c4e,bd96db91-a8e5-4096-9711-b39de27a2155,Jamendo Track 40162,Jamendo Artist,Single,2024,268.4,MTG-Jamendo,40162,audio/40162.mp3,True
4dbc9869-4627-411f-bc5d-791103accdda,def7f2fa-5656-444b-aed7-e202cdd1e9f4,Jamendo Track 1397896,Jamendo Artist,Single,2024,523.2,MTG-Jamendo,1397896,audio/1397896.mp3,True
a24b12e4-7921-4e03-8f71-b22e4091342f,1fdcf626-55ab-4370-b0b1-2bb6308e223b,Jamendo Track 1393668,Jamendo Artist,Single,2024,238.9,MTG-Jamendo,1393668,audio/1393668.mp3,True
d45f621e-8c00-4e52-8388-d8ee7a02d3ce,e1ec808c-1861-4f97-aad5-bb8138c259ac,Jamendo Track 3935,Jamendo Artist,Single,2024,134.5,MTG-Jamendo,3935,audio/3935.mp3,True
a3094222-f4aa-4164-b991-87c206aee213,b9f3a8d3-89e6-4a78-ade7-d40b4dbb6cf2,Jamendo Track 508156,Jamendo Artist,Single,2024,296.4,MTG-Jamendo,508156,audio/508156.mp3,True
c4282afa-3914-4cfe-b5a6-068c29772dc3,dfc3700f-4325-4ed9-b2dd-682bbf595d6e,Jamendo Track 165070,Jamendo Artist,Single,2024,201.8,MTG-Jamendo,165070,audio/165070.mp3,True
05015f6f-31b2-41bc-a4f8-b4d3bc2c5acb,ed39ef48-212c-435f-9bbe-9e67ba6571c4,Jamendo Track 387111,Jamendo Artist,Single,2024,168.0,MTG-Jamendo,387111,audio/387111.mp3,True
65a73343-1df8-4586-bc45-7d734a36b9b6,7cc248f3-e187-4838-8e30-dfdce2016eb4,Jamendo Track 492232,Jamendo Artist,Single,2024,201.6,MTG-Jamendo,492232,audio/492232.mp3,True
b64e8868-60f0-42a9-be24-bdc3dd1435fb,acccfbd0-d7f5-4cb4-a54c-f475b892752c,Jamendo Track 492099,Jamendo Artist,Single,2024,384.0,MTG-Jamendo,492099,audio/492099.mp3,True
4027fc5c-e7d1-43d4-871b-6ffcd6464902,588b82ed-6557-4a26-9d1c-e6e142083ee0,Jamendo Track 454898,Jamendo Artist,Single,2024,359.9,MTG-Jamendo,454898,audio/454898.mp3,True
c72349e9-c238-4b28-9960-eada03e94d4d,20111e30-4263-40dc-9434-593273781efa,Jamendo Track 224786,Jamendo Artist,Single,2024,272.6,MTG-Jamendo,224786,audio/224786.mp3,True
a6e22139-993a-489e-acd4-402a28192ca4,4185071d-82c0-475e-81e0-08a2b153c1eb,Jamendo Track 202635,Jamendo Artist,Single,2024,249.6,MTG-Jamendo,202635,audio/202635.mp3,True
2bfcd179-5a4b-42b8-ac7a-5b69930da7ab,815235ee-37df-4bcf-9cce-7d388d5d6a8f,Jamendo Track 46717,Jamendo Artist,Single,2024,381.6,MTG-Jamendo,46717,audio/46717.mp3,True
65e49fb4-ae0a-428e-9b91-5b1c411d5ef4,a8c73971-85f8-476a-a01a-110e724638a1,Jamendo Track 361273,Jamendo Artist,Single,2024,60.0,MTG-Jamendo,361273,audio/361273.mp3,True
090dc71b-964e-43b2-a016-d9c0c8e4c9ee,d148428b-5273-49c5-91dd-e3e1e13e8191,Jamendo Track 219012,Jamendo Artist,Single,2024,327.9,MTG-Jamendo,219012,audio/219012.mp3,True
dc919310-e2f6-41da-a91b-bb4756bab303,f4529118-096e-4435-99b2-347289100168,Jamendo Track 191397,Jamendo Artist,Single,2024,317.0,MTG-Jamendo,191397,audio/191397.mp3,True
fad627fa-6b9f-45de-a192-f5e9ae742234,9c18c484-e96e-4c60-b104-3318b3038a09,Jamendo Track 431151,Jamendo Artist,Single,2024,311.4,MTG-Jamendo,431151,audio/431151.mp3,True
ce23da12-47ce-451a-9ebf-c6a429da65aa,9555ca02-9645-40b7-bb28-c9bab2343725,Jamendo Track 167748,Jamendo Artist,Single,2024,351.6,MTG-Jamendo,167748,audio/167748.mp3,True
cfc5733b-84a6-4827-bb1c-c865bead4f99,2116dbe0-6ef4-438f-8112-414d2ded92d4,Jamendo Track 4570,Jamendo Artist,Single,2024,212.9,MTG-Jamendo,4570,audio/4570.mp3,True
fe3cea2c-3e12-41aa-9847-6dc4e2c79da7,cfbe9778-4a76-4f30-8a33-255683dcb66b,Jamendo Track 212009,Jamendo Artist,Single,2024,366.8,MTG-Jamendo,212009,audio/212009.mp3,True
5af270f8-5146-4527-b84d-68a81c4de1f0,d5638b60-e721-4b84-a268-d83cc72e6444,Jamendo Track 1129363,Jamendo Artist,Single,2024,376.9,MTG-Jamendo,1129363,audio/1129363.mp3,True
550217eb-7613-47f6-9610-1084b74e7c66,02d7e8bf-395e-44e0-b68d-bd5dfd83bdc9,Jamendo Track 1069493,Jamendo Artist,Single,2024,189.0,MTG-Jamendo,1069493,audio/1069493.mp3,True
b7224956-4bca-49f7-bb85-55d9b178d8f4,a99e2a0d-ae1c-4e68-801e-64cb3642df50,Jamendo Track 175334,Jamendo Artist,Single,2024,185.5,MTG-Jamendo,175334,audio/175334.mp3,True
1af8f429-6179-44fc-8cb0-ad8bf732c73c,9dcf44d2-c244-443f-ae63-9f4e3d8f2875,Jamendo Track 1379450,Jamendo Artist,Single,2024,207.5,MTG-Jamendo,1379450,audio/1379450.mp3,True
f20eda7d-30fc-49fc-930a-3b5d7fb68281,6556c6ec-b634-4e23-b9c8-3a0714eccd25,Jamendo Track 558408,Jamendo Artist,Single,2024,282.0,MTG-Jamendo,558408,audio/558408.mp3,True
02de17fd-e370-4cb9-9355-679943e61344,820701fa-a104-479c-80f3-f3bcf5513985,Jamendo Track 141017,Jamendo Artist,Single,2024,264.3,MTG-Jamendo,141017,audio/141017.mp3,True
989b41c5-7f01-463a-a78e-be048a8bcbf4,88447bf2-5703-4c58-8d53-b16a973bfbb6,Jamendo Track 208842,Jamendo Artist,Single,2024,180.9,MTG-Jamendo,208842,audio/208842.mp3,True
509a81ed-e37b-4761-9c2d-6d278c89241e,47a7159f-1074-4e72-bae0-c2e0002cb79f,Jamendo Track 644056,Jamendo Artist,Single,2024,313.0,MTG-Jamendo,644056,audio/644056.mp3,True
4778eb69-435f-435c-bbbd-d8520b7cc65b,70e7b97c-7230-4c6f-bc22-89ab5cc2d9d0,Jamendo Track 137438,Jamendo Artist,Single,2024,332.7,MTG-Jamendo,137438,audio/137438.mp3,True
07a25c89-5a37-49ea-93bc-70f579b41bf5,61e3ce0a-f990-4753-a94f-fd8d7f5fb662,Jamendo Track 1129584,Jamendo Artist,Single,2024,258.8,MTG-Jamendo,1129584,audio/1129584.mp3,True
813aa2b9-28ce-42db-b62c-d6b79213f371,e5122c61-1c35-4177-83ca-b504496c2491,Jamendo Track 13016,Jamendo Artist,Single,2024,225.9,MTG-Jamendo,13016,audio/13016.mp3,True
a38a4eb8-3ad9-46b8-95b2-28cb92fa29a4,88d0ff2f-2db1-43d6-87fa-367a9543af09,Jamendo Track 25795,Jamendo Artist,Single,2024,219.9,MTG-Jamendo,25795,audio/25795.mp3,True
484cc5cf-a416-46f0-a507-1629151ca807,0fedfbf4-ede7-449e-afaf-fc9b69cd5e77,Jamendo Track 264221,Jamendo Artist,Single,2024,182.8,MTG-Jamendo,264221,audio/264221.mp3,True
a47b13c7-6845-41c7-b7f6-478ece211123,f69a043a-d6a1-41e2-a4bc-2dfba4976e66,Jamendo Track 401447,Jamendo Artist,Single,2024,179.2,MTG-Jamendo,401447,audio/401447.mp3,True
b9816673-c90a-4bda-9b3e-dcb0bfa4ebfe,5eea31cd-aca8-4167-8557-538dfd5dc194,Jamendo Track 334659,Jamendo Artist,Single,2024,162.6,MTG-Jamendo,334659,audio/334659.mp3,True
eb2a636f-b47e-4e38-b5fe-41c369412d45,f91c1f1f-0746-4abc-8cd8-87c4914c280c,Jamendo Track 240345,Jamendo Artist,Single,2024,267.8,MTG-Jamendo,240345,audio/240345.mp3,True
7f00cc51-e6f1-4e64-94b4-9fa0afec1b5f,070daea2-dae6-4be1-aee6-e013f829cf66,Jamendo Track 251276,Jamendo Artist,Single,2024,198.3,MTG-Jamendo,251276,audio/251276.mp3,True
f66e043f-a6fb-417a-9014-368beed925fd,d0ac5da7-7131-4cd1-b06f-9b5df00b9c01,Jamendo Track 387113,Jamendo Artist,Single,2024,462.1,MTG-Jamendo,387113,audio/387113.mp3,True
ff8c0155-48b6-4fa1-8c2f-ec47b72cd98a,613b863b-7e5a-46f6-9a82-6767278eebd2,Jamendo Track 332395,Jamendo Artist,Single,2024,226.6,MTG-Jamendo,332395,audio/332395.mp3,True
9e8cea3e-7188-4dd9-b729-f80d7964fbfc,c0384162-a21b-496f-9252-de0bf94cf6c7,Jamendo Track 26736,Jamendo Artist,Single,2024,242.3,MTG-Jamendo,26736,audio/26736.mp3,True
6ce82120-878f-41a0-9e1c-79d5592c648c,48855470-5ab3-4f88-b7ba-7dce53233e98,Jamendo Track 260822,Jamendo Artist,Single,2024,134.2,MTG-Jamendo,260822,audio/260822.mp3,True
861cb5e8-7884-4835-8ffd-2e9ce64433c8,b89961c7-884c-4a73-9c1d-4f9fb096ea18,Jamendo Track 145730,Jamendo Artist,Single,2024,243.9,MTG-Jamendo,145730,audio/145730.mp3,True
36397f0a-ab76-48d2-81a1-ae83712ea28c,f541a7d7-904f-4564-bc65-f3184a5f20fb,Jamendo Track 1121871,Jamendo Artist,Single,2024,98.3,MTG-Jamendo,1121871,audio/1121871.mp3,True
2bcc50b3-b690-4c3b-a373-ff4c89dad349,5d7305e8-3171-4a07-b016-fac542ec62eb,Jamendo Track 537851,Jamendo Artist,Single,2024,176.8,MTG-Jamendo,537851,audio/537851.mp3,True
a93e7165-9757-43e2-90ee-b69cbe563d95,ddc720d2-0390-4636-97f6-4f633bf520df,Jamendo Track 43895,Jamendo Artist,Single,2024,427.6,MTG-Jamendo,43895,audio/43895.mp3,True
f4f99810-364b-4e2f-970f-68fce3dc2fa0,0d3bfb18-2fd2-45da-8819-6e523376be0a,Jamendo Track 197855,Jamendo Artist,Single,2024,254.3,MTG-Jamendo,197855,audio/197855.mp3,True
15bd82b2-8490-4b98-83ef-d4be649e1c4f,f195fe72-f5d5-45c5-a683-cea9109923b9,Jamendo Track 26013,Jamendo Artist,Single,2024,328.6,MTG-Jamendo,26013,audio/26013.mp3,True
c540a9e1-cd2a-4b12-9ee3-c78ce3934cf5,def2f2d6-ca00-4bae-b64e-b4b46ceab83a,Jamendo Track 294056,Jamendo Artist,Single,2024,287.2,MTG-Jamendo,294056,audio/294056.mp3,True
7db8c1cb-e742-4c9e-8ff8-0fb5f329e24f,ecfc3e35-2e1a-4e0e-adcb-752200280fdd,Jamendo Track 133675,Jamendo Artist,Single,2024,280.0,MTG-Jamendo,133675,audio/133675.mp3,True
4b2ab97e-3961-496c-a9b6-0a4dca189d6d,e1399733-d92a-4ae5-b544-355f3f7b01cb,Jamendo Track 345265,Jamendo Artist,Single,2024,162.0,MTG-Jamendo,345265,audio/345265.mp3,True
8d5fae1d-fb9a-41f2-b96c-2156507d1058,8b655200-0a61-44e2-86ee-a917a160c7ae,Jamendo Track 1385569,Jamendo Artist,Single,2024,356.4,MTG-Jamendo,1385569,audio/1385569.mp3,True
01533b69-01ea-47e5-b5e9-e71ce5d2d15a,7c261509-c0af-48ca-a31f-33fc750530b1,Jamendo Track 698498,Jamendo Artist,Single,2024,167.6,MTG-Jamendo,698498,audio/698498.mp3,True
d5ef0613-97f2-4223-a9c4-6a9513432bfa,70251f72-bb79-4f5c-83c8-9cfaa62352c9,Jamendo Track 1397898,Jamendo Artist,Single,2024,420.8,MTG-Jamendo,1397898,audio/1397898.mp3,True
105fbe82-10c2-43b3-a00e-6fcf20ca1efc,abb9f2dd-e0f0-4fe1-9acb-e8b79b7b3027,Jamendo Track 236679,Jamendo Artist,Single,2024,317.6,MTG-Jamendo,236679,audio/236679.mp3,True
c619a6ef-d367-4420-a5fa-d5463cb2865d,e9e70c4b-0afa-4ba2-88e1-6ce5c8de40e2,Jamendo Track 435297,Jamendo Artist,Single,2024,636.3,MTG-Jamendo,435297,audio/435297.mp3,True
cc6fb2c8-00c6-4038-b1f0-529fcefc7d11,f73f9ef5-4382-4409-9908-bd0345abd52f,Jamendo Track 364839,Jamendo Artist,Single,2024,179.6,MTG-Jamendo,364839,audio/364839.mp3,True
e887caba-1f68-433d-a347-784c93d39dfd,a4691db0-c154-4f8f-9f51-487f653fd507,Jamendo Track 753087,Jamendo Artist,Single,2024,291.2,MTG-Jamendo,753087,audio/753087.mp3,True
6191a251-2bc0-4a13-b1bf-2f094556d1d8,37b608d3-bfd0-4417-9376-7cb9ee05c68c,Jamendo Track 48598,Jamendo Artist,Single,2024,513.3,MTG-Jamendo,48598,audio/48598.mp3,True
c234027b-db9b-4e84-b25d-f6b11df85585,a8b8ef3f-6db8-408c-b8ef-161134a0300f,Jamendo Track 165077,Jamendo Artist,Single,2024,313.7,MTG-Jamendo,165077,audio/165077.mp3,True
ab0e6686-127c-434a-bdb2-ddea5bf8be87,9269df36-3bfc-4db5-93f8-b29b62a235df,Jamendo Track 234661,Jamendo Artist,Single,2024,207.1,MTG-Jamendo,234661,audio/234661.mp3,True
f9f09718-c4a3-42c9-b0ef-ea3835956bbf,a8fac82a-6134-43d5-9d4a-c68391fd5c88,Jamendo Track 322106,Jamendo Artist,Single,2024,277.2,MTG-Jamendo,322106,audio/322106.mp3,True
2c8c34f6-1264-484b-b4b0-c4a4d034beae,24cac5fa-9e67-49f4-b05a-34b5b54464af,Jamendo Track 298393,Jamendo Artist,Single,2024,227.9,MTG-Jamendo,298393,audio/298393.mp3,True
2606c279-89fc-4eed-8435-657d8fe3aafd,8cf9ce5c-2f87-4425-b2be-52ff4631a2c8,Jamendo Track 45098,Jamendo Artist,Single,2024,139.8,MTG-Jamendo,45098,audio/45098.mp3,True
0403c0b0-d1f0-442e-929c-7b135d21d706,0c9be386-baf5-4ea4-88a8-7892e4432ad3,Jamendo Track 182668,Jamendo Artist,Single,2024,323.0,MTG-Jamendo,182668,audio/182668.mp3,True
e72887ce-2b9a-4baf-9aa4-1791e808af87,0d3b1d28-a11b-4747-b7f8-973d84521c1e,Jamendo Track 3909,Jamendo Artist,Single,2024,194.2,MTG-Jamendo,3909,audio/3909.mp3,True
71505019-1588-4097-b1ec-f359ba3bb50c,330ecb7e-c73f-4617-8ebf-079b3c4e9d8f,Jamendo Track 238535,Jamendo Artist,Single,2024,381.9,MTG-Jamendo,238535,audio/238535.mp3,True
8d59d0ae-8aa5-4e3e-8ef0-36b4b8855f25,181cdd8f-6e86-47d8-a001-5a404cf909ac,Jamendo Track 431438,Jamendo Artist,Single,2024,43.6,MTG-Jamendo,431438,audio/431438.mp3,True
6f8a37a5-b6df-4254-b1fa-8f6fa755e397,df283ed8-fb2c-4ab8-80ca-7e5d5f9fd5b9,Jamendo Track 134848,Jamendo Artist,Single,2024,806.7,MTG-Jamendo,134848,audio/134848.mp3,True
7ac251d5-5386-4070-9ce6-d4290f7089ec,06c30483-d326-4b51-a70f-4a90f4dd7443,Jamendo Track 187044,Jamendo Artist,Single,2024,237.9,MTG-Jamendo,187044,audio/187044.mp3,True
165d2e89-6b1b-41ec-a150-dac7601c5bd6,abc68bf7-fbc5-4062-a1f3-157704555411,Jamendo Track 362417,Jamendo Artist,Single,2024,194.7,MTG-Jamendo,362417,audio/362417.mp3,True
4015b5d7-c954-4296-b653-54c7c99c128d,66793dd0-32d7-4c70-93d3-48de1d2b2d3f,Jamendo Track 934006,Jamendo Artist,Single,2024,287.0,MTG-Jamendo,934006,audio/934006.mp3,True
da55c11c-cf77-45cd-9d10-1cafb1cbc380,876db23f-b3e8-43b5-badc-510752d76682,Jamendo Track 324772,Jamendo Artist,Single,2024,321.1,MTG-Jamendo,324772,audio/324772.mp3,True
c393f864-7317-43a8-9c16-e4e88e3aa9fd,0df795fd-75e6-47b8-8145-492eb3ad8569,Jamendo Track 446479,Jamendo Artist,Single,2024,147.2,MTG-Jamendo,446479,audio/446479.mp3,True
83ee30b1-eb54-433a-bf92-d7d5720146be,d68db04c-7048-40e6-b7c7-b3e6bc547d2e,Jamendo Track 295920,Jamendo Artist,Single,2024,242.9,MTG-Jamendo,295920,audio/295920.mp3,True
6d3f3bd1-b250-4ff8-b485-f263e2629ea4,3edaef75-73f0-4dc1-a38a-1a8e12a41f84,Jamendo Track 221331,Jamendo Artist,Single,2024,280.9,MTG-Jamendo,221331,audio/221331.mp3,True
657d81d4-8517-469f-8a9c-5c41f09a5f02,ef8f3ff2-e12c-43aa-b9f8-1fdf966cccbb,Jamendo Track 492102,Jamendo Artist,Single,2024,301.6,MTG-Jamendo,492102,audio/492102.mp3,True
fb8e9c7c-e465-4948-8aa7-40977c2f00af,9f60273a-245b-44f5-aad0-44be0686ae6e,Jamendo Track 314366,Jamendo Artist,Single,2024,160.4,MTG-Jamendo,314366,audio/314366.mp3,True
77d9001b-eb36-48cc-a199-f74bc3685d53,cd5e2f57-be23-479f-93e1-328d79a754c6,Jamendo Track 1151147,Jamendo Artist,Single,2024,114.0,MTG-Jamendo,1151147,audio/1151147.mp3,True
37abb23e-b68f-432c-a586-1d30b81fa9cb,725880de-25c9-453e-819f-b9a123e043cd,Jamendo Track 45561,Jamendo Artist,Single,2024,180.4,MTG-Jamendo,45561,audio/45561.mp3,True
f0101757-787a-4f8d-8d45-5d2003447682,3e2f4fc9-5743-4fe1-8a7b-eea1f6a28fd1,Jamendo Track 272426,Jamendo Artist,Single,2024,415.6,MTG-Jamendo,272426,audio/272426.mp3,True
6d3735fe-cef9-40b5-8103-ad6c4a004913,90f9173f-67b4-4ab8-9bc8-19518d5ef779,Jamendo Track 973751,Jamendo Artist,Single,2024,46.7,MTG-Jamendo,973751,audio/973751.mp3,True
abfb2fb4-ba33-4fe5-81a9-be9a535882d0,f665a0e2-57ab-4516-966b-e17c46be0ed4,Jamendo Track 791109,Jamendo Artist,Single,2024,151.3,MTG-Jamendo,791109,audio/791109.mp3,True
b278887f-cf3f-4aed-afa6-c11ba40bab97,828c9272-265e-4142-9203-926e308d72de,Jamendo Track 77541,Jamendo Artist,Single,2024,397.8,MTG-Jamendo,77541,audio/77541.mp3,True
762c4802-5468-4156-bd72-92b46729d149,90321648-07eb-4943-9a38-6469dc4e06d9,Jamendo Track 10370,Jamendo Artist,Single,2024,342.5,MTG-Jamendo,10370,audio/10370.mp3,True
a5962a7e-fd97-4c85-8119-7c4074274dba,f190e7ca-8934-436e-82b9-03a6c540d922,Jamendo Track 345266,Jamendo Artist,Single,2024,51.4,MTG-Jamendo,345266,audio/345266.mp3,True
f7480cb3-7a15-4bd0-a397-58a00b3d8bcd,6f576429-a8dd-4a8e-af83-d69858cc8fff,Jamendo Track 242118,Jamendo Artist,Single,2024,175.3,MTG-Jamendo,242118,audio/242118.mp3,True
93746c87-55ce-4edc-9e8c-4d39a4b88724,ebbfb2d7-5442-4e8b-a0db-8a66a9c59ac9,Jamendo Track 933996,Jamendo Artist,Single,2024,278.0,MTG-Jamendo,933996,audio/933996.mp3,True
7dca7ba7-5ac5-4f87-93bc-858289893c6e,4e4fdec3-4a7f-45db-9f1b-993cf3cc6eba,Jamendo Track 1393701,Jamendo Artist,Single,2024,311.4,MTG-Jamendo,1393701,audio/1393701.mp3,True
7505b3b2-1557-4df7-b018-c962a0b4bef1,7b101f08-cc1f-4d63-b585-f93b1a971d1e,Jamendo Track 520933,Jamendo Artist,Single,2024,277.4,MTG-Jamendo,520933,audio/520933.mp3,True
8e1e27a8-0307-4ce6-ac10-c34b45af14fa,3480fd4d-ef45-4fb8-a90f-bfdc4c855215,Jamendo Track 1111216,Jamendo Artist,Single,2024,372.5,MTG-Jamendo,1111216,audio/1111216.mp3,True
94b1427a-2b64-449d-b8bd-715de2455191,8b724d24-fafb-46ba-bd2b-f9fb6209b0ef,Jamendo Track 616362,Jamendo Artist,Single,2024,267.8,MTG-Jamendo,616362,audio/616362.mp3,True
dcdc3ee9-aebe-41ba-9fd2-955ec5205e64,08088a3e-5eb2-419b-ad12-936e11c410f0,Jamendo Track 179784,Jamendo Artist,Single,2024,338.2,MTG-Jamendo,179784,audio/179784.mp3,True
d11f3967-292e-4474-ab86-082da24ab3b8,ff97cb5d-c7a0-4a13-b69c-cedb88e3b1f8,Jamendo Track 167201,Jamendo Artist,Single,2024,644.6,MTG-Jamendo,167201,audio/167201.mp3,True
a2b58f36-26ff-4399-9503-7714f4a3551a,42cf8e4e-5054-4b2b-8c27-9fa1be08b221,Jamendo Track 1385573,Jamendo Artist,Single,2024,822.8,MTG-Jamendo,1385573,audio/1385573.mp3,True
7d63f0df-3cff-4b7c-af0e-6dc7c5e46f25,8ade70c7-420c-486b-bbc7-9c91c9c08b8d,Jamendo Track 24747,Jamendo Artist,Single,2024,264.0,MTG-Jamendo,24747,audio/24747.mp3,True
c0a3308e-9ec5-4eea-a613-601cd486d38f,229bdf8e-91d6-4a97-8ea4-238c1b82ef25,Jamendo Track 6014,Jamendo Artist,Single,2024,353.3,MTG-Jamendo,6014,audio/6014.mp3,True
fee3a7e2-d080-49f2-9d96-db3f24a056f1,ffdbd741-069b-46de-8945-385b7085f3c3,Jamendo Track 12112,Jamendo Artist,Single,2024,120.7,MTG-Jamendo,12112,audio/12112.mp3,True
0dd2942e-98b4-4fff-ab76-de594492fa65,e87e638b-c355-4422-8113-e8bd98b591b7,Jamendo Track 339120,Jamendo Artist,Single,2024,199.8,MTG-Jamendo,339120,audio/339120.mp3,True
96c1876f-a51b-45e4-bb9c-bd20ad5c35fd,47a3c01d-e620-45b9-8c8a-0a52db57d4a2,Jamendo Track 315321,Jamendo Artist,Single,2024,210.6,MTG-Jamendo,315321,audio/315321.mp3,True
a02f3d86-d26f-4285-a601-7efd943f2043,ef201630-4b05-4401-a064-9454ea1fd385,Jamendo Track 824796,Jamendo Artist,Single,2024,346.2,MTG-Jamendo,824796,audio/824796.mp3,True
633c1dfe-7d77-432c-9cfe-a5a6b9e6eb30,873a4d3d-a692-43c7-a859-ba590502a550,Jamendo Track 16848,Jamendo Artist,Single,2024,414.4,MTG-Jamendo,16848,audio/16848.mp3,True
336848ec-cf78-4698-b4e1-66d5f8896e4a,e0f04523-3305-41d8-b40a-239f50f00f4a,Jamendo Track 219042,Jamendo Artist,Single,2024,280.6,MTG-Jamendo,219042,audio/219042.mp3,True
c7263c84-b37e-4ebb-ab48-776f3b777420,64e75ab4-6374-4bcd-9e5b-80811e29a610,Jamendo Track 182671,Jamendo Artist,Single,2024,399.3,MTG-Jamendo,182671,audio/182671.mp3,True
2a4e24bd-e1a0-4c2a-81b3-07a076a1df4f,aa51f42c-1a68-4c60-97e9-e8fc9108395b,Jamendo Track 186577,Jamendo Artist,Single,2024,332.9,MTG-Jamendo,186577,audio/186577.mp3,True
126234f0-9695-4947-9815-e3e1caadf2a4,8c5f11ae-9390-4592-a3f3-65073d5355a4,Jamendo Track 239530,Jamendo Artist,Single,2024,228.2,MTG-Jamendo,239530,audio/239530.mp3,True
e5e3af27-1847-41d4-9e94-e35403144ea2,780e399e-84a3-47a6-9544-fa16de865d2f,Jamendo Track 33476,Jamendo Artist,Single,2024,370.6,MTG-Jamendo,33476,audio/33476.mp3,True
608afd24-3ba7-46e8-98e0-7bb631cf8331,f694ee5b-f6f8-434e-b19c-a89c93ba62df,Jamendo Track 421998,Jamendo Artist,Single,2024,537.7,MTG-Jamendo,421998,audio/421998.mp3,True
81d216f8-ecf7-4086-9ff1-21980a0cee14,903a064f-5f19-48fd-8945-f0d98ee0a60a,Jamendo Track 1134781,Jamendo Artist,Single,2024,258.0,MTG-Jamendo,1134781,audio/1134781.mp3,True
899ad3ad-c782-4a52-a9d3-726a612f4c9d,24f7d29c-fc3e-4776-bb55-1d1d84bc5c5e,Jamendo Track 1135812,Jamendo Artist,Single,2024,200.0,MTG-Jamendo,1135812,audio/1135812.mp3,True
73360117-7968-412c-af79-1fb8fca55f76,d093fc29-17fc-4264-a7dc-2c136b36b1cb,Jamendo Track 401667,Jamendo Artist,Single,2024,243.9,MTG-Jamendo,401667,audio/401667.mp3,True
3c4c32d7-5fc4-4bbb-98c2-87cb93d0dd23,a0b47a71-f87d-45ea-b280-92a8e4e1c69b,Jamendo Track 31492,Jamendo Artist,Single,2024,180.3,MTG-Jamendo,31492,audio/31492.mp3,True
cf2712af-6c2c-434d-a3de-2d2a6dbf34d8,ced6468f-0ff5-4808-a610-eb4898c1efcf,Jamendo Track 1400504,Jamendo Artist,Single,2024,101.5,MTG-Jamendo,1400504,audio/1400504.mp3,True
45cb2930-1d68-4eac-81c7-fe088aed7099,4e91122e-1824-439e-ad76-c1da0c0199fa,Jamendo Track 476908,Jamendo Artist,Single,2024,286.1,MTG-Jamendo,476908,audio/476908.mp3,True
a283355e-a72e-40d4-a6e6-1c8440b4147d,d7d33a1f-2469-4aef-91dd-c393f6b25f6d,Jamendo Track 284229,Jamendo Artist,Single,2024,156.1,MTG-Jamendo,284229,audio/284229.mp3,True
7a59f3b7-b7d7-4180-92cb-f75e5b26efe4,fd4f4457-5b03-4623-9eef-3436cdd318df,Jamendo Track 26742,Jamendo Artist,Single,2024,252.0,MTG-Jamendo,26742,audio/26742.mp3,True
c1a4cda0-520f-4df1-87ea-f168d165487a,2247703e-1a15-4c94-b327-73e5ab1f1a61,Jamendo Track 1138461,Jamendo Artist,Single,2024,304.5,MTG-Jamendo,1138461,audio/1138461.mp3,True
2ab9c682-87cd-41bc-9408-3dfe41faa642,34144ecf-080a-4f4f-b2b3-5486706da19d,Jamendo Track 149459,Jamendo Artist,Single,2024,231.7,MTG-Jamendo,149459,audio/149459.mp3,True
c916b4af-3330-430f-9162-54531c69dbd4,bd3b19cb-0d28-4f10-b89d-20be778f88dc,Jamendo Track 388230,Jamendo Artist,Single,2024,354.6,MTG-Jamendo,388230,audio/388230.mp3,True
d2f25bba-da2f-4a5a-b307-8cc06191f317,f6295651-9156-44db-8f50-26f5e5a97921,Jamendo Track 90432,Jamendo Artist,Single,2024,298.6,MTG-Jamendo,90432,audio/90432.mp3,True
7bd6d895-7b8c-4e32-9313-c57e0596283d,903dc41b-26e1-4437-9774-e58ebac6c2c1,Jamendo Track 824789,Jamendo Artist,Single,2024,268.9,MTG-Jamendo,824789,audio/824789.mp3,True
70855ff8-cf0b-40e7-b54a-79110cd7867c,9c35264d-c09b-4915-87ca-9c173d55483c,Jamendo Track 1119032,Jamendo Artist,Single,2024,116.0,MTG-Jamendo,1119032,audio/1119032.mp3,True
aa74c59b-b756-4f94-8d93-0b4b5826eee9,bb16b9b7-42a4-4362-9f79-11ad9b5750dc,Jamendo Track 162650,Jamendo Artist,Single,2024,150.8,MTG-Jamendo,162650,audio/162650.mp3,True
b3d8c6c6-5f39-4eb6-8361-14e0711915a4,03f0fb84-761a-4889-8861-a045a0d58ecf,Jamendo Track 35360,Jamendo Artist,Single,2024,339.4,MTG-Jamendo,35360,audio/35360.mp3,True
71c3e741-c6ff-419d-8410-da5b798d9358,31488d9c-7ce3-4116-ada6-d7e23d15c4c9,Jamendo Track 336139,Jamendo Artist,Single,2024,218.2,MTG-Jamendo,336139,audio/336139.mp3,True
e2e4cf43-86ca-4be1-8983-690558c648b3,eb06eea1-69e3-4cdb-8dd0-a7c140833331,Jamendo Track 376218,Jamendo Artist,Single,2024,322.7,MTG-Jamendo,376218,audio/376218.mp3,True
2da939c2-4df0-4243-839a-f6de7725df4b,b1c784b9-6549-46e4-b304-6f740153103a,Jamendo Track 334666,Jamendo Artist,Single,2024,127.7,MTG-Jamendo,334666,audio/334666.mp3,True
12ed3751-bb13-42ec-a37d-36ea9da12cbe,05bd8447-9e38-468f-aa47-0e2bf3c14b96,Jamendo Track 432292,Jamendo Artist,Single,2024,297.3,MTG-Jamendo,432292,audio/432292.mp3,True
a367b145-aae8-45e0-981a-0289840d5490,571b4e63-4060-4860-9d8f-50f3c8b6dc95,Jamendo Track 226,Jamendo Artist,Single,2024,222.6,MTG-Jamendo,226,audio/226.mp3,True
bb4d1e69-eb6f-4ffe-989f-d80ac9392385,90b942df-4a85-447a-8a4c-4483cf4965d2,Jamendo Track 45068,Jamendo Artist,Single,2024,220.5,MTG-Jamendo,45068,audio/45068.mp3,True
d8784cde-2db5-44cc-b3d2-071fe64e4cd5,e2ec722d-dacc-42a2-973d-3b5d4db32b2a,Jamendo Track 39101,Jamendo Artist,Single,2024,153.9,MTG-Jamendo,39101,audio/39101.mp3,True
e6bf2eec-8d20-4f94-9ed4-c5607ec79d23,2ddd0512-2b16-4303-8b09-10f39d70a5fa,Jamendo Track 211838,Jamendo Artist,Single,2024,198.1,MTG-Jamendo,211838,audio/211838.mp3,True
7595f2d7-d1ab-48fe-a951-39e1303ad11e,da025948-2cc8-4253-adda-cfd01c8574f6,Jamendo Track 199594,Jamendo Artist,Single,2024,311.5,MTG-Jamendo,199594,audio/199594.mp3,True
1073ea64-0bf8-4623-816e-43e448d042bd,0bd2f0ab-8ae7-4b8e-b0e1-837915b2c2e0,Jamendo Track 246,Jamendo Artist,Single,2024,238.6,MTG-Jamendo,246,audio/246.mp3,True
9ce5cbbe-46bf-4a91-9f79-d64d98d0a619,581bd279-51f6-400b-b185-bbaa5f685e3e,Jamendo Track 48585,Jamendo Artist,Single,2024,847.2,MTG-Jamendo,48585,audio/48585.mp3,True
3a66ef18-7df1-4e6a-8a5c-b5c00c77baf9,19910ac7-22a7-4ed9-9c80-be3e6d914aaa,Jamendo Track 171423,Jamendo Artist,Single,2024,270.1,MTG-Jamendo,171423,audio/171423.mp3,True
3cdec00b-3ba1-41b8-88a5-b1cc1527958d,26cb51a5-c5ff-4f21-9e6f-aea44b49fb20,Jamendo Track 1047956,Jamendo Artist,Single,2024,158.3,MTG-Jamendo,1047956,audio/1047956.mp3,True
ebed96f7-00c7-4185-a05a-16d1f8400742,e66199e6-4602-49be-bcd2-f0b613cb1e0f,Jamendo Track 235303,Jamendo Artist,Single,2024,318.0,MTG-Jamendo,235303,audio/235303.mp3,True
59a82d56-ebfd-4979-94ad-2d503ba064c0,eef175a1-ef4f-4181-bdcc-5c7531eec6fb,Jamendo Track 791113,Jamendo Artist,Single,2024,262.4,MTG-Jamendo,791113,audio/791113.mp3,True
85847329-e15b-4c9b-a3a0-0ce2e716d8cd,e8b7a4cd-1a66-42ca-bea8-17b46aa6c8e5,Jamendo Track 431408,Jamendo Artist,Single,2024,167.4,MTG-Jamendo,431408,audio/431408.mp3,True
9deed063-6230-419b-9ed5-25e4a0261491,e56d3874-9b57-49cf-8379-a2ec939ff2fe,Jamendo Track 1167404,Jamendo Artist,Single,2024,405.8,MTG-Jamendo,1167404,audio/1167404.mp3,True
957baf56-e74d-44cc-b3a9-695ac0ef7ee6,dbd385ae-49c2-476b-8a1d-3c756879a0ac,Jamendo Track 781636,Jamendo Artist,Single,2024,495.1,MTG-Jamendo,781636,audio/781636.mp3,True
5b1191b2-06e4-4653-bf6d-f29cd34f8210,bcb2a9b1-954c-488c-aae2-9e91913f2360,Jamendo Track 134824,Jamendo Artist,Single,2024,210.4,MTG-Jamendo,134824,audio/134824.mp3,True
ad6279a2-285c-4219-9036-482fd4b6aeac,805df26a-37f5-4bf6-be67-af94c3c97dc3,Jamendo Track 182187,Jamendo Artist,Single,2024,672.8,MTG-Jamendo,182187,audio/182187.mp3,True
f723bdb3-0689-40cd-8508-f5bb20b62951,7f42edbb-2754-46b3-83db-70ef3276e4ec,Jamendo Track 213181,Jamendo Artist,Single,2024,142.0,MTG-Jamendo,213181,audio/213181.mp3,True
88130389-5548-4ee1-a15a-b417175caa9a,ff6da199-0cda-499e-9d37-7286a3236f54,Jamendo Track 1374068,Jamendo Artist,Single,2024,55.6,MTG-Jamendo,1374068,audio/1374068.mp3,True
0cecaa58-e0f1-4839-94c9-482ef7ee6ed0,54ac14d1-4330-4b34-83f4-ced7757e2e39,Jamendo Track 1098806,Jamendo Artist,Single,2024,257.0,MTG-Jamendo,1098806,audio/1098806.mp3,True
6d5bafb1-fe43-40df-b196-c8fc9bd76dbb,eaa63783-af3e-4775-82ec-e69b40ac95f0,Jamendo Track 421116,Jamendo Artist,Single,2024,303.2,MTG-Jamendo,421116,audio/421116.mp3,True
3c89a392-43b8-48c9-ad07-8067547192cb,a873fde7-abd4-490a-8811-07e43706a164,Jamendo Track 435851,Jamendo Artist,Single,2024,98.2,MTG-Jamendo,435851,audio/435851.mp3,True
f3190a3a-66a2-4d9b-907d-65b7194fb4f0,8073005a-b330-48a9-b6df-b2096ef8e664,Jamendo Track 159191,Jamendo Artist,Single,2024,408.0,MTG-Jamendo,159191,audio/159191.mp3,True
e269a2ee-54b4-43af-8bee-b89dde8ab59b,041a29f4-9ae4-400d-9620-4e8c6e9615f3,Jamendo Track 204022,Jamendo Artist,Single,2024,322.3,MTG-Jamendo,204022,audio/204022.mp3,True
efab05ef-3f03-4a2e-b733-0a922811d24a,a4af82c7-fa83-46b8-84b3-7ee0c5d1394d,Jamendo Track 283382,Jamendo Artist,Single,2024,266.9,MTG-Jamendo,283382,audio/283382.mp3,True
92dc9c5c-862e-487b-a314-113b7320dc0c,3ab37d51-7d8f-4c59-ae14-5d1bef31e5d5,Jamendo Track 259957,Jamendo Artist,Single,2024,340.8,MTG-Jamendo,259957,audio/259957.mp3,True
017a1278-fff1-41fa-a22d-e002e5474550,a202e165-58b8-4932-b041-2092baa60db6,Jamendo Track 68463,Jamendo Artist,Single,2024,189.2,MTG-Jamendo,68463,audio/68463.mp3,True
68e10e95-3723-4066-aec3-11d7f38ddf74,91acfcae-2e97-41b5-819e-42e3769873b0,Jamendo Track 334662,Jamendo Artist,Single,2024,177.3,MTG-Jamendo,334662,audio/334662.mp3,True
de5ccea6-b54d-4d46-941b-d17f48e29b9e,95d6f2fa-7750-42a3-87f3-fe3538f76005,Jamendo Track 397881,Jamendo Artist,Single,2024,348.1,MTG-Jamendo,397881,audio/397881.mp3,True
a1afb289-257b-4f32-aecb-1aa009cb54ef,e29e59c6-698d-4ffd-b7e0-8e8dcc0bc54e,Jamendo Track 458685,Jamendo Artist,Single,2024,234.5,MTG-Jamendo,458685,audio/458685.mp3,True
06c93688-e2b7-4192-aac6-d27e1f6429fa,27f9ebfb-c8a3-4b4f-8a61-4ad58cb6348b,Jamendo Track 194642,Jamendo Artist,Single,2024,255.2,MTG-Jamendo,194642,audio/194642.mp3,True
8c0ce691-8ff1-4024-a98b-304a83889eb4,23cb829f-7d3a-4ea4-89cf-2bc29aa75c76,Jamendo Track 116594,Jamendo Artist,Single,2024,203.4,MTG-Jamendo,116594,audio/116594.mp3,True
4fbfe628-78af-49f2-b86c-18894d9b5a21,89276938-fbaa-43b8-b67d-4f43d0ccc617,Jamendo Track 11314,Jamendo Artist,Single,2024,277.4,MTG-Jamendo,11314,audio/11314.mp3,True
cd7198d9-064a-4d54-a552-def19026cc0f,996942c2-bc38-48e3-a421-c59d30b8a5d3,Jamendo Track 568181,Jamendo Artist,Single,2024,102.9,MTG-Jamendo,568181,audio/568181.mp3,True
0468e303-6887-4e56-9cdd-b412376ef370,39d4e044-92ca-4268-b1cc-fea2c6e97629,Jamendo Track 22609,Jamendo Artist,Single,2024,245.4,MTG-Jamendo,22609,audio/22609.mp3,True
764537c5-7766-4730-9e0d-6277cb4d9397,59267464-b2a7-4214-9403-2bd63c8d7806,Jamendo Track 434919,Jamendo Artist,Single,2024,256.8,MTG-Jamendo,434919,audio/434919.mp3,True
e46ffc12-2ce0-4338-a72a-00a81586d3b8,594a1738-7f32-49af-b351-5ce51567b77b,Jamendo Track 1139082,Jamendo Artist,Single,2024,233.3,MTG-Jamendo,1139082,audio/1139082.mp3,True
804ec3f4-e311-4c0e-9526-fc7502779905,b2c5f82b-1c34-4b6e-b5c5-d5023f1ea6cc,Jamendo Track 15480,Jamendo Artist,Single,2024,241.4,MTG-Jamendo,15480,audio/15480.mp3,True
b413a382-8d5d-4de6-8335-f30da4136c77,42411fb3-a294-4c4d-a118-3184e8128865,Jamendo Track 3103,Jamendo Artist,Single,2024,199.4,MTG-Jamendo,3103,audio/3103.mp3,True
a3155ca0-d5e6-4f75-8246-03f6c7b4053b,640ca146-9340-43c2-a62b-24357bd5b2b8,Jamendo Track 76528,Jamendo Artist,Single,2024,373.3,MTG-Jamendo,76528,audio/76528.mp3,True
81ff96b8-0903-4db0-8b95-a2da3a9a2738,993118f4-120e-4407-8dbe-d770fd178255,Jamendo Track 1363401,Jamendo Artist,Single,2024,580.3,MTG-Jamendo,1363401,audio/1363401.mp3,True
e3a89cce-d56c-411e-8047-1f248dadedc1,2b82143b-a7af-4469-a61f-cef2aa1566bb,Jamendo Track 224798,Jamendo Artist,Single,2024,260.3,MTG-Jamendo,224798,audio/224798.mp3,True
ca4fd294-3ede-405f-be64-c71c1646f97b,b89b252a-e67b-46a3-be49-f47121bc17c2,Jamendo Track 395917,Jamendo Artist,Single,2024,277.9,MTG-Jamendo,395917,audio/395917.mp3,True
161661a4-327f-468d-8a5e-7489ab412acb,b97e3148-db95-4592-bb45-4e625126feb8,Jamendo Track 118975,Jamendo Artist,Single,2024,163.4,MTG-Jamendo,118975,audio/118975.mp3,True
9939c9a7-3b29-4abf-93f2-a746c4d01236,04a10546-5a82-41f5-a85e-8f960be7b84d,Jamendo Track 43671,Jamendo Artist,Single,2024,279.6,MTG-Jamendo,43671,audio/43671.mp3,True
5918aa43-6777-4f8b-9584-87b9b47e2601,dbd7522e-c113-4144-8f1d-d5b3b57633c8,Jamendo Track 204136,Jamendo Artist,Single,2024,231.4,MTG-Jamendo,204136,audio/204136.mp3,True
6043deec-47e2-4a3a-af0a-87bde7e4c709,5c234143-b3d6-47c6-ad4e-f29a93343509,Jamendo Track 3900,Jamendo Artist,Single,2024,264.3,MTG-Jamendo,3900,audio/3900.mp3,True
ce949dc4-87b8-401f-baf9-68baaf633301,15bc3cc1-aac4-4470-852e-e182a30d059b,Jamendo Track 495556,Jamendo Artist,Single,2024,82.4,MTG-Jamendo,495556,audio/495556.mp3,True
cfd32a43-cd2e-464c-9f49-cde6352ef7ec,49b33cc3-c776-4ca7-afd5-8ea6f0d40f85,Jamendo Track 549222,Jamendo Artist,Single,2024,187.2,MTG-Jamendo,549222,audio/549222.mp3,True
5d45e54a-ef8d-469f-8ff8-92f19f990273,cab6671b-7bbd-476f-8583-4d84ea51ce8d,Jamendo Track 154546,Jamendo Artist,Single,2024,327.3,MTG-Jamendo,154546,audio/154546.mp3,True
1a79b7f0-e018-42d6-a018-03f18f1105f3,fecf0fcd-2e64-4fd0-bf17-dce6254f55ef,Jamendo Track 34806,Jamendo Artist,Single,2024,233.1,MTG-Jamendo,34806,audio/34806.mp3,True
dc0320b7-0ac2-4a60-b7a5-dcd1d81b8c32,88c39547-004c-4db1-903d-dc4389406ef4,Jamendo Track 947390,Jamendo Artist,Single,2024,472.6,MTG-Jamendo,947390,audio/947390.mp3,True
3a1993ac-6457-4d74-9211-944253375351,a1324305-de35-4357-955c-b8da0000d56c,Jamendo Track 213204,Jamendo Artist,Single,2024,204.4,MTG-Jamendo,213204,audio/213204.mp3,True
a5f39367-5265-4f2b-9ad9-9536cb6d2f71,dc20dc03-f125-4e16-8960-92119156d516,Jamendo Track 191398,Jamendo Artist,Single,2024,365.4,MTG-Jamendo,191398,audio/191398.mp3,True
4dc03013-8da9-4b44-8809-95807d7f6ae1,dd1d060d-ec0e-4310-85fe-067e9889ad0b,Jamendo Track 193603,Jamendo Artist,Single,2024,223.7,MTG-Jamendo,193603,audio/193603.mp3,True
249aba92-72ae-4eae-9a7e-49af91e45ef8,b90d137b-f47f-46ae-b990-08da2997a74f,Jamendo Track 775768,Jamendo Artist,Single,2024,246.4,MTG-Jamendo,775768,audio/775768.mp3,True
fa15f533-203b-4836-b86e-8c4679a40bc3,970d7388-8f98-48fa-8f0a-bf951b5101a2,Jamendo Track 406575,Jamendo Artist,Single,2024,196.3,MTG-Jamendo,406575,audio/406575.mp3,True
a361d8f7-1c37-4d9b-8317-d2b1fe45b881,c353feb1-7fc5-4831-9d8d-2ea5bf0dbbf1,Jamendo Track 285908,Jamendo Artist,Single,2024,276.3,MTG-Jamendo,285908,audio/285908.mp3,True
1d47b72c-50d2-4f50-88af-7976455557b0,edf3159f-9275-4546-b414-3ed571e616c1,Jamendo Track 259917,Jamendo Artist,Single,2024,277.0,MTG-Jamendo,259917,audio/259917.mp3,True
d83bd485-a01a-4533-8973-831c7f93500f,baa1c552-9e30-4979-9497-a0038dd0dcf6,Jamendo Track 387117,Jamendo Artist,Single,2024,424.1,MTG-Jamendo,387117,audio/387117.mp3,True
3fa4bc6f-9328-4605-ad17-36cfe8fbe1ba,f1482b7a-f4a8-45ae-8728-83ae11d58c8b,Jamendo Track 68465,Jamendo Artist,Single,2024,219.5,MTG-Jamendo,68465,audio/68465.mp3,True
46b25c12-db2a-40ae-a70a-5375b6b499cb,75f431d2-1e0d-4fa7-a663-38fd432bc91d,Jamendo Track 1032316,Jamendo Artist,Single,2024,340.0,MTG-Jamendo,1032316,audio/1032316.mp3,True
61671e8d-1d09-463f-9315-e6df6c74956a,634464a6-9458-414c-8d8f-2a98095fe1b0,Jamendo Track 1069626,Jamendo Artist,Single,2024,351.8,MTG-Jamendo,1069626,audio/1069626.mp3,True
16888d5e-c6b6-4a81-aa8e-5e283534b25e,ce055a5f-0117-4e5f-9255-bd9529d7a152,Jamendo Track 429067,Jamendo Artist,Single,2024,143.0,MTG-Jamendo,429067,audio/429067.mp3,True
1baff5cf-4f65-4cf3-a082-b0da93a276c4,9b500c83-eb71-489e-a51b-a4ce7cd18bae,Jamendo Track 173492,Jamendo Artist,Single,2024,261.0,MTG-Jamendo,173492,audio/173492.mp3,True
5b6c1803-c9de-42ce-8199-11cd5e2e6465,d091f6d4-bfd4-41f9-a410-aef44c9dad1e,Jamendo Track 360608,Jamendo Artist,Single,2024,593.0,MTG-Jamendo,360608,audio/360608.mp3,True
4b05de2d-27b1-437f-b233-19b8e69085cb,e9ae495b-b0ab-4015-a489-ff223336bfe9,Jamendo Track 261112,Jamendo Artist,Single,2024,167.1,MTG-Jamendo,261112,audio/261112.mp3,True
3099ed62-34fd-4d8c-9396-c8363eee494c,db18f5a9-4673-4497-a4ec-d4f2096df9b4,Jamendo Track 118890,Jamendo Artist,Single,2024,213.1,MTG-Jamendo,118890,audio/118890.mp3,True
9eb4bd0d-4378-402a-857e-d718f9ca0625,3ae117ee-950c-43df-b1a8-e41eb6628f07,Jamendo Track 231,Jamendo Artist,Single,2024,275.8,MTG-Jamendo,231,audio/231.mp3,True
6ae81aec-c771-4eb7-9bd7-dd57de5976fc,8b1812e9-37d5-4fdd-aeaf-8a81459a369f,Jamendo Track 290936,Jamendo Artist,Single,2024,233.0,MTG-Jamendo,290936,audio/290936.mp3,True
b5bd57d7-11c0-4629-a653-cfd90e6d164f,9ed050c4-531c-46c9-ad60-37bccd763098,Jamendo Track 401449,Jamendo Artist,Single,2024,300.0,MTG-Jamendo,401449,audio/401449.mp3,True
83f549f7-96ae-4639-b6b1-98d60cc4f183,c91e625b-f5b4-471f-8ce1-a6d70e485dc5,Jamendo Track 1054363,Jamendo Artist,Single,2024,245.5,MTG-Jamendo,1054363,audio/1054363.mp3,True
283c44a3-45c4-423d-9b5d-82d00fea550f,6f29e057-1bce-4a4d-8073-ccde08b3f94e,Jamendo Track 75310,Jamendo Artist,Single,2024,223.6,MTG-Jamendo,75310,audio/75310.mp3,True
9b8eee92-7423-4e42-bb39-92c59eb8f59d,dfbcd35e-2e0e-4ecc-9a44-0a8f7ee80b6c,Jamendo Track 231866,Jamendo Artist,Single,2024,324.1,MTG-Jamendo,231866,audio/231866.mp3,True
21b1b77f-9f49-4ef9-849e-7fc3af0977da,fe67c130-c791-40b4-9615-197a60264d70,Jamendo Track 161027,Jamendo Artist,Single,2024,257.8,MTG-Jamendo,161027,audio/161027.mp3,True
3746e586-6efa-47b8-ba72-d6a831d04c9c,e834e208-db9a-46bf-a6d5-a070ff0cc9ca,Jamendo Track 171544,Jamendo Artist,Single,2024,266.7,MTG-Jamendo,171544,audio/171544.mp3,True
30f7d4b0-977d-47bf-9711-5e25a587888d,38fd58b5-340d-4e82-bc47-07b144f286e2,Jamendo Track 360641,Jamendo Artist,Single,2024,283.0,MTG-Jamendo,360641,audio/360641.mp3,True
d89841af-0abf-4af4-9a29-ee8cd3781c99,db6a8698-3979-49b6-aaa8-7819d3d5984d,Jamendo Track 188216,Jamendo Artist,Single,2024,233.1,MTG-Jamendo,188216,audio/188216.mp3,True
bec78ff8-8236-4f9f-b245-24da707c2c68,b2b83743-8ced-43e4-90d5-5e481b52c63f,Jamendo Track 135833,Jamendo Artist,Single,2024,270.1,MTG-Jamendo,135833,audio/135833.mp3,True
df00ac25-7d2f-4921-98bb-735d04ead81b,2576c939-833a-4876-a29f-410da60b993c,Jamendo Track 349401,Jamendo Artist,Single,2024,237.8,MTG-Jamendo,349401,audio/349401.mp3,True
3f935f86-c02c-41e5-ad61-deebfb5d638a,b3204653-16cd-4f48-9941-6840b30943eb,Jamendo Track 330832,Jamendo Artist,Single,2024,288.4,MTG-Jamendo,330832,audio/330832.mp3,True
f0330db6-225d-4586-b89c-0a4b62d2ce41,f065ab1e-c51b-4258-8340-d0d72e4a2f23,Jamendo Track 147290,Jamendo Artist,Single,2024,359.2,MTG-Jamendo,147290,audio/147290.mp3,True
94403bc6-67a8-403d-964a-7cae8653842d,a21f55c0-361b-406b-a9e5-08110c6e4576,Jamendo Track 431441,Jamendo Artist,Single,2024,343.1,MTG-Jamendo,431441,audio/431441.mp3,True
bd55e16c-c9a5-41b9-bd43-fea2668549f5,6de6bd32-b1da-4006-964d-ad4466a1fc88,Jamendo Track 173085,Jamendo Artist,Single,2024,838.2,MTG-Jamendo,173085,audio/173085.mp3,True
b579247b-e166-42cf-9d85-9f9f9e64e4f9,75c97429-70a0-4b36-8eac-e57eb6429067,Jamendo Track 214647,Jamendo Artist,Single,2024,294.9,MTG-Jamendo,214647,audio/214647.mp3,True
7b9f2bee-0eb2-4f65-966d-0473dce12b89,21f2d141-7d8d-40a4-b614-aa5ac7cb3130,Jamendo Track 91905,Jamendo Artist,Single,2024,256.5,MTG-Jamendo,91905,audio/91905.mp3,True
429f1336-a384-4827-b9de-efafc3a3ca6c,a47eef4e-076e-419f-aacb-42a62dc2505b,Jamendo Track 454874,Jamendo Artist,Single,2024,217.4,MTG-Jamendo,454874,audio/454874.mp3,True
fed8ff51-fa5a-45fe-9e9d-a38f1577b812,a9b88229-9ad3-44cb-a5de-3440a3e85762,Jamendo Track 31494,Jamendo Artist,Single,2024,126.5,MTG-Jamendo,31494,audio/31494.mp3,True
843164cc-50e1-43f4-b5ab-39fa3c4c3f89,202a982e-7d93-4c47-8c6e-cfab04693545,Jamendo Track 1155236,Jamendo Artist,Single,2024,532.0,MTG-Jamendo,1155236,audio/1155236.mp3,True
dbf14592-f60e-4125-8eaf-c5d87e51bde1,8783c7f1-29f1-4666-a97e-d6e58f990311,Jamendo Track 233936,Jamendo Artist,Single,2024,288.9,MTG-Jamendo,233936,audio/233936.mp3,True
e17d68c0-b791-4079-9550-035bf1d4c9b8,c5d42aab-7064-48e2-9bc5-60e7de1ba21b,Jamendo Track 235304,Jamendo Artist,Single,2024,280.2,MTG-Jamendo,235304,audio/235304.mp3,True
f4058d69-d847-435d-88b4-e742a2d05d90,8f414749-97cf-41c2-9225-3b500afdc3e1,Jamendo Track 127622,Jamendo Artist,Single,2024,249.6,MTG-Jamendo,127622,audio/127622.mp3,True
96792552-6368-42a3-9a17-ec5cd3f1d8ca,12222241-45fb-400a-84af-9e21a6985c47,Jamendo Track 436336,Jamendo Artist,Single,2024,268.3,MTG-Jamendo,436336,audio/436336.mp3,True
b60f430d-ee32-4cde-8a49-5b8cbd83d063,d59278bf-51e0-48e7-83e6-90511ff6a93e,Jamendo Track 156959,Jamendo Artist,Single,2024,252.7,MTG-Jamendo,156959,audio/156959.mp3,True
73ed93cd-259e-4d77-9f48-9d2641d03bae,cc1dac8f-bbe9-4ada-937f-f88848c3ed0c,Jamendo Track 181804,Jamendo Artist,Single,2024,318.5,MTG-Jamendo,181804,audio/181804.mp3,True
bdcb1092-a172-48ae-a0c4-f2a5d2f16b47,b3404067-d3e8-41eb-a33e-414b713816d1,Jamendo Track 309856,Jamendo Artist,Single,2024,127.1,MTG-Jamendo,309856,audio/309856.mp3,True
f2a18d45-7860-49c5-9304-9bd9704c0a54,b0e3cd97-47cc-403b-8657-e8416b564873,Jamendo Track 16749,Jamendo Artist,Single,2024,213.9,MTG-Jamendo,16749,audio/16749.mp3,True
70646a9c-37ad-45bd-b0a7-4c32b26337e9,719b52e6-1e47-4a46-bd27-cc4cee508016,Jamendo Track 218704,Jamendo Artist,Single,2024,242.3,MTG-Jamendo,218704,audio/218704.mp3,True
8d9e1487-3f52-401a-bee2-63e173a84dd4,452d984f-eb6a-4d47-a375-aba493cf2b31,Jamendo Track 386145,Jamendo Artist,Single,2024,180.0,MTG-Jamendo,386145,audio/386145.mp3,True
918da9b4-be30-464a-b91e-5fa4bff2c843,a0430b52-e166-41b5-8229-9bec4fcd26b3,Jamendo Track 879175,Jamendo Artist,Single,2024,247.8,MTG-Jamendo,879175,audio/879175.mp3,True
c0aadc43-4f2e-406c-944e-873061924e69,3783ece1-1d37-41bd-93d5-52e054ab3266,Jamendo Track 49012,Jamendo Artist,Single,2024,320.6,MTG-Jamendo,49012,audio/49012.mp3,True
676fc484-0044-4f4d-bf6c-c34132868228,6fdcf6eb-949a-4243-be9a-708ed40bdb08,Jamendo Track 221973,Jamendo Artist,Single,2024,152.5,MTG-Jamendo,221973,audio/221973.mp3,True
1bef8895-992d-4dc9-ab38-72e1ae3f3cd4,dac703ac-ca3d-4695-9c65-edbec756d091,Jamendo Track 239364,Jamendo Artist,Single,2024,283.8,MTG-Jamendo,239364,audio/239364.mp3,True
0a493f8f-c27d-409d-bf85-f893a5683390,fb0e8f62-61ee-4ec9-ac39-1d80bee525d6,Jamendo Track 77544,Jamendo Artist,Single,2024,153.3,MTG-Jamendo,77544,audio/77544.mp3,True
46b528c7-471f-42bb-bdb9-a40e698a98f0,00ff147c-7a06-41c9-83d9-e6585d558959,Jamendo Track 20492,Jamendo Artist,Single,2024,145.2,MTG-Jamendo,20492,audio/20492.mp3,True
91c3d773-d650-4127-b441-c9eccb6cb7e1,6013faf5-c466-4336-bb61-b521a83bc883,Jamendo Track 470559,Jamendo Artist,Single,2024,194.6,MTG-Jamendo,470559,audio/470559.mp3,True
d3d001d4-c766-43cd-a03e-fa0aada69695,4770a33e-e57e-45b1-8fcd-860ed57273fe,Jamendo Track 202382,Jamendo Artist,Single,2024,552.7,MTG-Jamendo,202382,audio/202382.mp3,True
fc084dc5-41f2-4fd1-acea-cf0433b20be0,68ee41e3-7f3e-410f-87a8-c7a1b388194f,Jamendo Track 274664,Jamendo Artist,Single,2024,213.0,MTG-Jamendo,274664,audio/274664.mp3,True
36f5097f-caee-4fc2-936f-cab11cb57d2d,0f7bf7f0-2fe6-467b-b552-a1b3f2aa142c,Jamendo Track 397101,Jamendo Artist,Single,2024,236.3,MTG-Jamendo,397101,audio/397101.mp3,True
e97faae8-bad4-4d43-bcda-f0a402d65c44,d8bb2c03-278f-43f0-a612-72ebefc70723,Jamendo Track 239806,Jamendo Artist,Single,2024,285.2,MTG-Jamendo,239806,audio/239806.mp3,True
7b62bcfc-ec5f-47eb-a552-5af9fd1af0c3,89829428-ee53-41ff-8f90-3003b7f2d9ce,Jamendo Track 236302,Jamendo Artist,Single,2024,211.6,MTG-Jamendo,236302,audio/236302.mp3,True
01a86f42-08a7-47de-b34b-7d6c271ddaac,edeee9b7-3e89-47a2-b343-ae875afe868c,Jamendo Track 202840,Jamendo Artist,Single,2024,272.6,MTG-Jamendo,202840,audio/202840.mp3,True
1cf1e753-fa0a-47e1-9565-757aa0bbfea7,7a9d7e1f-d97d-491d-9464-0058ae2b8291,Jamendo Track 225025,Jamendo Artist,Single,2024,249.3,MTG-Jamendo,225025,audio/225025.mp3,True
960251dc-ac5d-4af3-99e6-16954bc9c9ea,38d181a6-f856-4dba-9567-fac75767a197,Jamendo Track 307875,Jamendo Artist,Single,2024,452.9,MTG-Jamendo,307875,audio/307875.mp3,True
3c5caa83-3125-42a4-b561-0cd2f84f9cd5,34f90194-c784-4e7c-a90a-59aa41286132,Jamendo Track 22607,Jamendo Artist,Single,2024,293.4,MTG-Jamendo,22607,audio/22607.mp3,True
4b0b8341-5bf8-4f24-ae66-a9368687a367,7f4b73f9-3f74-4dc3-89ce-30d710a69e5b,Jamendo Track 698573,Jamendo Artist,Single,2024,294.1,MTG-Jamendo,698573,audio/698573.mp3,True
d5392059-07e2-4fa3-89ce-2e397e525355,6ef1d627-a426-4304-972c-cdc49a44d8f0,Jamendo Track 283380,Jamendo Artist,Single,2024,255.9,MTG-Jamendo,283380,audio/283380.mp3,True
a176e3ea-c85a-4486-b2e9-d33da9062bdb,e0a5cc8d-cf87-47ba-a32b-03f6e57c8e3e,Jamendo Track 163384,Jamendo Artist,Single,2024,246.5,MTG-Jamendo,163384,audio/163384.mp3,True
7717f3d6-2aa4-481d-8537-f5c63f53358f,46debd0d-9058-4e44-8bef-4ab000d6dc3a,Jamendo Track 104523,Jamendo Artist,Single,2024,399.8,MTG-Jamendo,104523,audio/104523.mp3,True
af29bf6c-4738-4620-8ec1-f43004d8eedd,74bfe0e5-35fa-4d96-ab94-bf53a868e10c,Jamendo Track 401458,Jamendo Artist,Single,2024,217.4,MTG-Jamendo,401458,audio/401458.mp3,True
2819d887-5ff1-4603-a2fb-d6e2fd18583e,91496d9a-1f9e-4553-80fe-2ae61f27cc0d,Jamendo Track 42326,Jamendo Artist,Single,2024,237.1,MTG-Jamendo,42326,audio/42326.mp3,True
dd91194b-df01-4583-a84f-7cca7d9daf23,5540b072-dd30-43c2-832e-93bc3bd7b7e5,Jamendo Track 172018,Jamendo Artist,Single,2024,276.2,MTG-Jamendo,172018,audio/172018.mp3,True
106c98ca-a4b0-48a6-b24c-ebd3a96692ff,f0d5a88e-c11b-4a44-9f38-b77d4a0f2dd6,Jamendo Track 289022,Jamendo Artist,Single,2024,130.8,MTG-Jamendo,289022,audio/289022.mp3,True
d753f05a-61f8-45aa-ba45-82e9d5b78a80,23d0fca4-c22b-4035-b923-af6ab01b2a0a,Jamendo Track 363085,Jamendo Artist,Single,2024,490.6,MTG-Jamendo,363085,audio/363085.mp3,True
68ae8c47-3d87-4398-8ce9-76e9047ce85f,e20b61f6-c354-45a8-9590-5f7a66943290,Jamendo Track 311398,Jamendo Artist,Single,2024,235.8,MTG-Jamendo,311398,audio/311398.mp3,True
7eef1f0e-8491-4ff8-9550-163de1eb4674,6a468636-25ed-4b9d-8ea8-47581b365953,Jamendo Track 365682,Jamendo Artist,Single,2024,832.0,MTG-Jamendo,365682,audio/365682.mp3,True
e65ff071-2619-405e-b255-9f750f643345,682e7bce-bbdd-46d8-9683-2feec4c94d4b,Jamendo Track 973755,Jamendo Artist,Single,2024,125.2,MTG-Jamendo,973755,audio/973755.mp3,True
b1adb056-5695-416e-8ce1-4cadb84b83cf,1d260aa0-a4b0-4e03-b25d-d95e3ea9c6c2,Jamendo Track 274663,Jamendo Artist,Single,2024,266.4,MTG-Jamendo,274663,audio/274663.mp3,True
64ef9d72-e94b-43a9-a995-94451f265e56,244fedbb-cbbf-4751-8f99-9ed40993a6b4,Jamendo Track 261122,Jamendo Artist,Single,2024,159.0,MTG-Jamendo,261122,audio/261122.mp3,True
5151043f-6485-4d26-851e-b5783127be83,8c20b1a1-b50d-4eb2-801e-4159d59fd1c6,Jamendo Track 156957,Jamendo Artist,Single,2024,261.8,MTG-Jamendo,156957,audio/156957.mp3,True
4c349573-cdae-4278-b45b-c1e2cfe80ac5,b062c196-87bb-49b0-b8aa-d7a7ee65af2f,Jamendo Track 180952,Jamendo Artist,Single,2024,186.8,MTG-Jamendo,180952,audio/180952.mp3,True
9a3a2a9a-6ff8-4367-9a4e-c7f3bd7277c2,aea37c6a-8843-41a4-bf56-2f24bc02ddb9,Jamendo Track 1135988,Jamendo Artist,Single,2024,106.0,MTG-Jamendo,1135988,audio/1135988.mp3,True
1001fd33-ee89-451c-82b4-a34e2716e7cb,39a0c3b9-3825-4e42-be56-e9d2a3cf32b3,Jamendo Track 240538,Jamendo Artist,Single,2024,301.8,MTG-Jamendo,240538,audio/240538.mp3,True
10a12ce7-1c3d-4d6e-8dfd-45c4a40ee63e,6a5db101-8a47-48ff-8e79-728f94c1524e,Jamendo Track 112442,Jamendo Artist,Single,2024,208.0,MTG-Jamendo,112442,audio/112442.mp3,True
4a47bfa1-5e24-4e38-905a-3656ab43c91a,96dd6281-5df9-40a0-81f4-ca3aaffec23f,Jamendo Track 273395,Jamendo Artist,Single,2024,208.4,MTG-Jamendo,273395,audio/273395.mp3,True
8882ebd2-344f-4785-a59b-ed85b6a1efc2,2826645d-d25b-44a0-8425-eaef93e0c1e7,Jamendo Track 220608,Jamendo Artist,Single,2024,193.0,MTG-Jamendo,220608,audio/220608.mp3,True
c1302f2f-601f-411a-8e1d-cbe293e6f40c,568e4f16-2211-42bf-879d-eb67971c73ed,Jamendo Track 1036235,Jamendo Artist,Single,2024,371.9,MTG-Jamendo,1036235,audio/1036235.mp3,True
f95b7399-463b-45ee-bfa1-73cac5f5795f,6046bd49-fd30-45a5-be0b-39dd5ca46aa9,Jamendo Track 1105455,Jamendo Artist,Single,2024,79.0,MTG-Jamendo,1105455,audio/1105455.mp3,True
dd6c69c4-4e38-407a-a453-135e6e16125c,1718d29a-a905-4226-933d-c85b074cbfb7,Jamendo Track 1038148,Jamendo Artist,Single,2024,369.5,MTG-Jamendo,1038148,audio/1038148.mp3,True
08c602c4-3bcf-488c-a7bf-17b974be46dc,f214faf1-2db2-417d-9d1b-e3c853ba13c7,Jamendo Track 431500,Jamendo Artist,Single,2024,176.5,MTG-Jamendo,431500,audio/431500.mp3,True
bfa64f2b-2d56-4f97-82e1-14bbff8e547a,eed2f73f-b6a6-4692-99e6-18e0a25227b6,Jamendo Track 265242,Jamendo Artist,Single,2024,301.5,MTG-Jamendo,265242,audio/265242.mp3,True
8299d385-228a-46f5-bde5-5b23ce6ae1c0,35ef065c-0634-4799-be59-5f03d9c4027e,Jamendo Track 157642,Jamendo Artist,Single,2024,307.5,MTG-Jamendo,157642,audio/157642.mp3,True
90b95180-9c54-49eb-bbbd-1bbe2c3387a3,7257228d-ac3e-4b38-8527-e68cc03b7863,Jamendo Track 38854,Jamendo Artist,Single,2024,273.6,MTG-Jamendo,38854,audio/38854.mp3,True
f4d9eed2-cde3-4b4b-b72f-9c6affe52bc0,744cfddc-08a0-4e3a-a12e-e6f2bafa87e9,Jamendo Track 132948,Jamendo Artist,Single,2024,192.3,MTG-Jamendo,132948,audio/132948.mp3,True
365de0d0-223d-477c-a392-919fbb5cfb83,739f6f8a-6158-4251-9650-3f97026de32d,Jamendo Track 1320264,Jamendo Artist,Single,2024,293.3,MTG-Jamendo,1320264,audio/1320264.mp3,True
0369cdfd-fd8c-4309-bb35-1fc886f2c500,7221074b-35a7-44c9-bbd5-92649f4dceb4,Jamendo Track 703358,Jamendo Artist,Single,2024,260.7,MTG-Jamendo,703358,audio/703358.mp3,True
89bbf1d0-41bf-456c-a6db-4e90992e2f76,750ec2b1-b3bd-4687-8b83-2fcc66d06538,Jamendo Track 285978,Jamendo Artist,Single,2024,423.7,MTG-Jamendo,285978,audio/285978.mp3,True
f82ffba8-6367-42f5-94fd-6db0affb0201,0efdcef3-6d33-437c-bf68-9513000c8199,Jamendo Track 42335,Jamendo Artist,Single,2024,96.3,MTG-Jamendo,42335,audio/42335.mp3,True
557a9ea6-1567-4287-8958-ca69f4544dce,cbc83a09-fc8a-418f-a566-a472081dcda5,Jamendo Track 124984,Jamendo Artist,Single,2024,330.2,MTG-Jamendo,124984,audio/124984.mp3,True
b3ce330e-008b-4349-8aa7-c9d7d4a47e39,28c7183f-05f6-438f-b665-8fb0a9ed1c3e,Jamendo Track 81917,Jamendo Artist,Single,2024,285.6,MTG-Jamendo,81917,audio/81917.mp3,True
42c602a1-5920-47f9-a4f8-4a3763cbffa7,5f0bef23-2282-4ed1-8e76-857c0801e996,Jamendo Track 15478,Jamendo Artist,Single,2024,228.9,MTG-Jamendo,15478,audio/15478.mp3,True
61120a1a-5a01-48f6-8f13-45f1828c8ba8,6c8cf440-224a-49cb-bcd9-24945c2522ed,Jamendo Track 455019,Jamendo Artist,Single,2024,274.3,MTG-Jamendo,455019,audio/455019.mp3,True
0515c8e2-d7e5-4c04-974c-542c1af9ee05,9172a874-e9c1-4164-ab12-150bc8e3eff9,Jamendo Track 191377,Jamendo Artist,Single,2024,222.2,MTG-Jamendo,191377,audio/191377.mp3,True
101de6b7-0d0f-4096-9d10-297b8132cd2b,d06ca579-4563-4e6c-8911-3c7297053a14,Jamendo Track 16553,Jamendo Artist,Single,2024,202.2,MTG-Jamendo,16553,audio/16553.mp3,True
d550f34d-9210-4f00-b1ad-41721978db98,7a1f8014-b297-4ccf-b727-993ab7d5c507,Jamendo Track 213202,Jamendo Artist,Single,2024,198.4,MTG-Jamendo,213202,audio/213202.mp3,True
bf3f5ed5-2357-4dd9-9e9e-b8de73a6eaa0,df3b66c8-c3b3-4a6a-b152-5c331689e00c,Jamendo Track 223901,Jamendo Artist,Single,2024,168.0,MTG-Jamendo,223901,audio/223901.mp3,True
d1d6d2ae-509c-4ec8-8892-59acc96b7338,dc8843f1-55e4-4f95-980b-4b217392e397,Jamendo Track 428528,Jamendo Artist,Single,2024,149.2,MTG-Jamendo,428528,audio/428528.mp3,True
4e775bea-b52e-43d7-81e5-91cee47eccc8,32d50291-c26c-4be2-a554-5f4a9c24e401,Jamendo Track 7199,Jamendo Artist,Single,2024,111.6,MTG-Jamendo,7199,audio/7199.mp3,True
82affb80-31eb-451c-a661-01437c1cdeba,fead2f50-8b95-4913-93d8-e2e430611020,Jamendo Track 362492,Jamendo Artist,Single,2024,224.4,MTG-Jamendo,362492,audio/362492.mp3,True
e6b9520b-a3b8-48f0-8d02-9671b6d84ecc,89739b95-4898-4785-937e-266cd17decd2,Jamendo Track 240488,Jamendo Artist,Single,2024,316.8,MTG-Jamendo,240488,audio/240488.mp3,True
0d8ccb99-c3f1-4a42-8343-636e3389e146,93872653-89e0-4c4f-b6d6-9389e37c6419,Jamendo Track 1064728,Jamendo Artist,Single,2024,168.0,MTG-Jamendo,1064728,audio/1064728.mp3,True
1cdc4076-e4d2-40f6-ac47-7ed5b77418ec,49c055ea-65d4-42ab-b83d-f1cf409c6629,Jamendo Track 916983,Jamendo Artist,Single,2024,330.0,MTG-Jamendo,916983,audio/916983.mp3,True
174e517b-8b86-4bf3-b242-81624485603e,ce353cd5-4a22-40dc-b221-cd5bfcde278b,Jamendo Track 427256,Jamendo Artist,Single,2024,107.5,MTG-Jamendo,427256,audio/427256.mp3,True
c7a46652-2f36-4ebb-851f-160fadeef9c7,5ba24d5d-7abf-4f6b-a04b-0ef321295635,Jamendo Track 432290,Jamendo Artist,Single,2024,124.2,MTG-Jamendo,432290,audio/432290.mp3,True
1e7e38a8-08c2-4b81-9ee0-789349350c13,682470f8-4dee-4d4d-ad01-40d3d8e6b263,Jamendo Track 503998,Jamendo Artist,Single,2024,261.0,MTG-Jamendo,503998,audio/503998.mp3,True
158f7d3d-a7ad-4c61-b387-6a3e992478eb,b534ce18-1df7-4095-9c8f-b481066fc023,Jamendo Track 6153,Jamendo Artist,Single,2024,442.0,MTG-Jamendo,6153,audio/6153.mp3,True
a46b1213-dce6-4789-a9b1-6350eb045cc6,35cb6ae2-beea-43a9-8e52-62a870acac73,Jamendo Track 284231,Jamendo Artist,Single,2024,101.4,MTG-Jamendo,284231,audio/284231.mp3,True
40411df6-d789-4c6b-9292-f289e87a8f73,06b1861a-ce1b-4595-aafa-a2de4a4c575f,Jamendo Track 222442,Jamendo Artist,Single,2024,405.9,MTG-Jamendo,222442,audio/222442.mp3,True
41f785b1-b202-4abd-a91f-7710d4379f0e,5f449bcc-e620-4476-bcae-1ece8b8b4485,Jamendo Track 175341,Jamendo Artist,Single,2024,278.3,MTG-Jamendo,175341,audio/175341.mp3,True
0cd110dc-1e54-4e55-98e6-28caa67d789d,aaf84a6c-51da-4061-9684-a4a885e42c1f,Jamendo Track 1119033,Jamendo Artist,Single,2024,112.9,MTG-Jamendo,1119033,audio/1119033.mp3,True
31855576-94b3-41e9-8104-38957ac46ece,31a2b629-64e0-40d8-b573-a3348eb27d7f,Jamendo Track 390814,Jamendo Artist,Single,2024,209.0,MTG-Jamendo,390814,audio/390814.mp3,True
229f4404-8956-414c-bffb-cf20b0f953e6,f832f8aa-2aca-47d6-8586-3862dd0d9872,Jamendo Track 259287,Jamendo Artist,Single,2024,238.1,MTG-Jamendo,259287,audio/259287.mp3,True
968db280-df01-4259-803e-2c75a68f274e,b09e0e66-b909-4dc2-bcba-836d87c8136e,Jamendo Track 225782,Jamendo Artist,Single,2024,205.8,MTG-Jamendo,225782,audio/225782.mp3,True
40ae6375-8899-4f36-8e29-eded11910b5e,1b891d68-a1b7-411d-8a7f-d3e2720497e3,Jamendo Track 568183,Jamendo Artist,Single,2024,99.7,MTG-Jamendo,568183,audio/568183.mp3,True
60c4d582-689e-445e-a5b5-5d9b74b9de60,6ad382a7-5acb-4c25-9bb6-ddc01db56765,Jamendo Track 7583,Jamendo Artist,Single,2024,200.5,MTG-Jamendo,7583,audio/7583.mp3,True
d9e6275f-683c-4bb7-ba75-c1e11af046c6,91a7198c-38ac-4a2f-aaea-5ff84ce9c037,Jamendo Track 1064721,Jamendo Artist,Single,2024,218.3,MTG-Jamendo,1064721,audio/1064721.mp3,True
502f57ec-a6a8-4660-a289-2303cab7df0e,b35f01a3-1196-49c4-a211-44e7ca9d0279,Jamendo Track 40155,Jamendo Artist,Single,2024,274.3,MTG-Jamendo,40155,audio/40155.mp3,True
ce75f510-7204-43ce-a35e-aff150f57b5c,d0cd7b51-4601-424b-9304-215b685483f8,Jamendo Track 753095,Jamendo Artist,Single,2024,168.0,MTG-Jamendo,753095,audio/753095.mp3,True
a1c5f8b5-9477-40ec-b809-a9e860de1747,dcacc89f-7ecc-42ef-be47-6a2e5b8bd5b9,Jamendo Track 149054,Jamendo Artist,Single,2024,191.7,MTG-Jamendo,149054,audio/149054.mp3,True
5fd4905d-7325-4d51-9b53-e4790c2ecfd9,3ae9a3fb-6541-46d4-877f-c66d40eeaffc,Jamendo Track 235455,Jamendo Artist,Single,2024,262.3,MTG-Jamendo,235455,audio/235455.mp3,True
32c0c084-3d32-46d2-8c96-972d1da56d1c,cc2ecc80-3e87-4d83-9f55-900f600dabad,Jamendo Track 312445,Jamendo Artist,Single,2024,214.0,MTG-Jamendo,312445,audio/312445.mp3,True
323b9da4-8f80-4261-94fa-f889d0df2105,c5ba2e25-e6f7-4d4e-9968-3f603022b108,Jamendo Track 153575,Jamendo Artist,Single,2024,86.1,MTG-Jamendo,153575,audio/153575.mp3,True
6e3497d5-71ec-4125-9604-0074704c21e2,897df4f6-45d5-4584-95a6-999003097eee,Jamendo Track 149529,Jamendo Artist,Single,2024,257.5,MTG-Jamendo,149529,audio/149529.mp3,True
bbb0bfaa-d309-4d9b-bfe6-88b0cd7bd6dd,84795aad-c787-49b7-bb8b-9079871ef0e2,Jamendo Track 8682,Jamendo Artist,Single,2024,273.3,MTG-Jamendo,8682,audio/8682.mp3,True
b6a3c25d-d4d7-4290-a16b-cfbcd8cd84bb,35f0315d-9851-4cae-a066-4c8606f87b7e,Jamendo Track 308494,Jamendo Artist,Single,2024,180.6,MTG-Jamendo,308494,audio/308494.mp3,True
f9dfe9ca-fa29-4b2d-9a67-452095031125,27ddea6a-91ad-428b-ad5f-9a5c0b9fe2df,Jamendo Track 324385,Jamendo Artist,Single,2024,245.6,MTG-Jamendo,324385,audio/324385.mp3,True
f98799e0-abb4-4e25-b881-7e0bfa64bdbe,97f78bd8-2b9e-44a6-ad18-e33a7f5a7b59,Jamendo Track 229014,Jamendo Artist,Single,2024,240.6,MTG-Jamendo,229014,audio/229014.mp3,True
ad79a155-4274-496e-bd9e-a9c2b902b6e4,8f9c8afe-79ce-4dfd-85e3-99eef9104be1,Jamendo Track 973730,Jamendo Artist,Single,2024,92.6,MTG-Jamendo,973730,audio/973730.mp3,True
1f8f7c29-86ad-45a1-b998-f94eac61b2f1,774f581f-2f6c-45c7-865c-1a8cbb928dc2,Jamendo Track 1095490,Jamendo Artist,Single,2024,79.2,MTG-Jamendo,1095490,audio/1095490.mp3,True
12cf3c73-c22b-4c29-b9d7-7064f7343fc0,bf346246-166a-4c92-b030-96e462ff75c5,Jamendo Track 45565,Jamendo Artist,Single,2024,121.3,MTG-Jamendo,45565,audio/45565.mp3,True
f1a4f48c-6356-42f4-9c2f-7145d2b7667e,4fff39ab-e8d4-44f6-8fb3-a34105fb36d4,Jamendo Track 453852,Jamendo Artist,Single,2024,283.9,MTG-Jamendo,453852,audio/453852.mp3,True
19329e01-f94b-4ded-89e8-740279859d28,769793cb-2744-4341-b22f-428081290c07,Jamendo Track 48065,Jamendo Artist,Single,2024,125.9,MTG-Jamendo,48065,audio/48065.mp3,True
5e6da4b8-835f-4bf6-8a62-54569e5f9d5c,a4f1a4c9-e81f-4f9c-a287-85589812fbb3,Jamendo Track 1067027,Jamendo Artist,Single,2024,264.0,MTG-Jamendo,1067027,audio/1067027.mp3,True
47aeb38d-5dec-41a6-b1b5-ca1a9f00b119,fd1a7292-754e-4401-9c40-236547c9e549,Jamendo Track 133100,Jamendo Artist,Single,2024,176.7,MTG-Jamendo,133100,audio/133100.mp3,True
f4d566f0-3499-45d2-8989-efc06bc5671b,5104d090-dc95-4cfc-a2ea-30a4bc4906a0,Jamendo Track 362419,Jamendo Artist,Single,2024,152.4,MTG-Jamendo,362419,audio/362419.mp3,True
9fb715e5-6b05-42b2-a0e0-b0299d79e61d,ecb5449e-b9d9-4409-af89-a99b424bb80b,Jamendo Track 1095497,Jamendo Artist,Single,2024,160.0,MTG-Jamendo,1095497,audio/1095497.mp3,True
35e7c9d0-40a1-4dee-88cc-8620fb59f767,70044c6b-6727-4cac-9a50-f4c0955a9cde,Jamendo Track 10374,Jamendo Artist,Single,2024,276.4,MTG-Jamendo,10374,audio/10374.mp3,True
e52f1c81-436c-488a-b004-47909b3a3f07,4f1732d6-19ed-4871-8ab3-416e28bddda5,Jamendo Track 167205,Jamendo Artist,Single,2024,800.8,MTG-Jamendo,167205,audio/167205.mp3,True
237346a3-061f-4186-acdd-697edc545379,536f19c1-3786-489c-849e-ebeb51671b0d,Jamendo Track 933956,Jamendo Artist,Single,2024,276.9,MTG-Jamendo,933956,audio/933956.mp3,True
117fa518-3ad5-4626-86fe-891d6aba8d3f,bcfcb296-2e48-4e52-9e23-274d0d73fd5e,Jamendo Track 285259,Jamendo Artist,Single,2024,210.8,MTG-Jamendo,285259,audio/285259.mp3,True
a68dcb38-c3d8-470e-8287-62a321a922c5,3b97323d-ac51-44c2-8614-161f2149529c,Jamendo Track 10572,Jamendo Artist,Single,2024,141.5,MTG-Jamendo,10572,audio/10572.mp3,True
e6d5e365-d59a-4c6e-9f94-290ff040f984,4c4b9930-f828-4e59-acda-b7dee2c7067e,Jamendo Track 242145,Jamendo Artist,Single,2024,125.6,MTG-Jamendo,242145,audio/242145.mp3,True
920d2948-5d18-4f36-94f6-4c5ce990eff6,c0517258-1b6b-4248-91c0-fd910703d92f,Jamendo Track 146991,Jamendo Artist,Single,2024,197.6,MTG-Jamendo,146991,audio/146991.mp3,True
3f6f7463-6253-4e47-8626-78d2f27817f4,6402e703-008d-4fcd-bb7c-30b1aa3c04bd,Jamendo Track 768646,Jamendo Artist,Single,2024,276.5,MTG-Jamendo,768646,audio/768646.mp3,True
ee76b773-1b6d-48d8-89ec-1ed8c08fa88c,cce00a4c-851e-4b72-9da2-43d970d81689,Jamendo Track 284259,Jamendo Artist,Single,2024,124.6,MTG-Jamendo,284259,audio/284259.mp3,True
7afbd28f-68b9-4811-8599-5d215226e49c,973f3b88-29d2-46f2-b308-c4a3aa91c806,Jamendo Track 242,Jamendo Artist,Single,2024,248.3,MTG-Jamendo,242,audio/242.mp3,True
a9af0637-ad9f-4072-a60a-6588f899ee2d,7ac772dd-e074-454f-9f0e-f65617c797f0,Jamendo Track 431453,Jamendo Artist,Single,2024,137.5,MTG-Jamendo,431453,audio/431453.mp3,True
4e8fa5e8-e84d-47dd-a965-d4fed9fa7be6,e51ff952-c488-41c9-9b51-be457b908e72,Jamendo Track 179686,Jamendo Artist,Single,2024,197.7,MTG-Jamendo,179686,audio/179686.mp3,True
6cb61fe3-9d1d-4fab-a1ce-00bc0a510a63,17ab06fc-c7f1-455a-a56f-0f3d5f87128f,Jamendo Track 753083,Jamendo Artist,Single,2024,302.8,MTG-Jamendo,753083,audio/753083.mp3,True
41af0944-cd97-483b-94eb-53b97370727a,2914d87c-42db-4545-838e-47e0e9a868fd,Jamendo Track 1163921,Jamendo Artist,Single,2024,148.0,MTG-Jamendo,1163921,audio/1163921.mp3,True
2c0f89ec-2ce5-4959-87a3-0460d1601698,7114bdc2-5761-45da-b5ad-7f5a06448b12,Jamendo Track 18502,Jamendo Artist,Single,2024,454.5,MTG-Jamendo,18502,audio/18502.mp3,True
42d740c2-7447-4e71-9783-7c0c089dd4d0,6aef4341-f071-47f1-9b40-f8eeb76cd824,Jamendo Track 668789,Jamendo Artist,Single,2024,127.7,MTG-Jamendo,668789,audio/668789.mp3,True
f0109440-819d-412e-bc93-11f6f598c722,a7d18933-737f-4c5a-a1b6-072a9da41143,Jamendo Track 35353,Jamendo Artist,Single,2024,194.8,MTG-Jamendo,35353,audio/35353.mp3,True
845ec03c-9a43-4f82-b1b4-c8cb2303cc48,e8d2494a-dca0-4d6a-917d-77b09fcd076e,Jamendo Track 532439,Jamendo Artist,Single,2024,394.1,MTG-Jamendo,532439,audio/532439.mp3,True
6f5dabef-9291-4848-b217-3a1209cc5cfd,29cadd44-c701-4993-a9b0-bd8bb6bafbc3,Jamendo Track 16838,Jamendo Artist,Single,2024,275.1,MTG-Jamendo,16838,audio/16838.mp3,True
459e413a-059e-4e9f-92b9-66b2bc08653e,75d5d253-933a-4abb-b4de-8ea3ebb40f63,Jamendo Track 443372,Jamendo Artist,Single,2024,329.9,MTG-Jamendo,443372,audio/443372.mp3,True
d28e86fe-6243-4d69-8ed1-660dfbdb8079,441fc521-1132-46ca-b13f-c8a66797cddf,Jamendo Track 1067034,Jamendo Artist,Single,2024,268.0,MTG-Jamendo,1067034,audio/1067034.mp3,True
b6749162-1302-4db3-b19a-f2f5bcf9a397,41308d80-6580-4df8-b055-c4cf903802bb,Jamendo Track 531182,Jamendo Artist,Single,2024,201.7,MTG-Jamendo,531182,audio/531182.mp3,True
efe79a5f-91bc-437e-aecc-1ac2f32d5ecf,38b38b40-956e-414c-b0ed-d1800981fde2,Jamendo Track 1041678,Jamendo Artist,Single,2024,194.5,MTG-Jamendo,1041678,audio/1041678.mp3,True
59912f45-62ce-4b63-9f68-8ce35fc1fff8,927c6c86-9a2d-4e28-a2fa-68ab96103e16,Jamendo Track 350430,Jamendo Artist,Single,2024,287.7,MTG-Jamendo,350430,audio/350430.mp3,True
3d3789b5-2654-4021-b358-421553a90bd7,0de6b884-f491-427c-bb83-89bbbedd3bdc,Jamendo Track 381188,Jamendo Artist,Single,2024,271.6,MTG-Jamendo,381188,audio/381188.mp3,True
64c6c324-67b7-4fb6-8713-9616c88d4f81,59c2d98d-d938-48fa-9b54-20ddc1cfafd9,Jamendo Track 147297,Jamendo Artist,Single,2024,330.7,MTG-Jamendo,147297,audio/147297.mp3,True
7d72722a-621d-4109-a3ee-0a19505d03e7,f5ce4d1e-337e-4d38-8966-6ec0f6c98cc3,Jamendo Track 159197,Jamendo Artist,Single,2024,272.9,MTG-Jamendo,159197,audio/159197.mp3,True
ee24a110-881b-4a2b-bf28-5d20c54870da,421d8a3a-ea62-4c1d-a1cc-13270aa6afff,Jamendo Track 263651,Jamendo Artist,Single,2024,486.8,MTG-Jamendo,263651,audio/263651.mp3,True
537079c5-b8b9-42b0-accd-c38032fb089e,1431f30c-e5c2-45c1-8781-3b03971b00be,Jamendo Track 967156,Jamendo Artist,Single,2024,296.4,MTG-Jamendo,967156,audio/967156.mp3,True
19f962ee-641d-4ed3-a08d-8e0b304b81db,650d6b4e-e3ff-4140-9f56-b580770277da,Jamendo Track 332857,Jamendo Artist,Single,2024,182.6,MTG-Jamendo,332857,audio/332857.mp3,True
a5abf65c-cf9d-49e5-be2f-8f09fb8d481e,4fd5c5e5-6419-414d-93d3-5f59b3d833a6,Jamendo Track 7197,Jamendo Artist,Single,2024,252.0,MTG-Jamendo,7197,audio/7197.mp3,True
4d63e3a2-9e31-4c3d-bb95-efb5fcfe5475,54a02774-a2cc-491c-b38e-0a9090d503ba,Jamendo Track 1129575,Jamendo Artist,Single,2024,60.7,MTG-Jamendo,1129575,audio/1129575.mp3,True
fa202fb0-dbbc-4907-a450-a16f17ef7445,b5e59ba9-88f4-4e6b-99a2-2f61047c1d82,Jamendo Track 44426,Jamendo Artist,Single,2024,243.6,MTG-Jamendo,44426,audio/44426.mp3,True
803583f8-ac63-480d-8cc7-d2c35094c899,9e5ed74f-5ec4-47cc-b708-14aa952111cb,Jamendo Track 191401,Jamendo Artist,Single,2024,175.2,MTG-Jamendo,191401,audio/191401.mp3,True
f92c4589-1c61-4648-b165-ffd167014eb8,48c9baa1-8cf6-4e6e-b239-19e50501a8b4,Jamendo Track 182659,Jamendo Artist,Single,2024,222.5,MTG-Jamendo,182659,audio/182659.mp3,True
804e67de-ef47-4ae8-820a-9ce6af566905,9a75eb69-a539-4603-a42c-855993543002,Jamendo Track 311401,Jamendo Artist,Single,2024,233.2,MTG-Jamendo,311401,audio/311401.mp3,True
de79edaa-16ba-478c-b0c8-225613050c3a,0775bcd2-f6af-4eed-98e6-5443d82b9c6d,Jamendo Track 271267,Jamendo Artist,Single,2024,231.2,MTG-Jamendo,271267,audio/271267.mp3,True
c66707ac-c54a-4b3d-830a-d88c1a508cd0,f92e64c4-46e4-401c-8480-6cb386c0194b,Jamendo Track 153599,Jamendo Artist,Single,2024,136.0,MTG-Jamendo,153599,audio/153599.mp3,True
c938cd60-198d-4049-8f7b-ea549dd594b8,204e65c0-1372-4da5-840b-99ff5b4c2e36,Jamendo Track 205385,Jamendo Artist,Single,2024,399.7,MTG-Jamendo,205385,audio/205385.mp3,True
ba30a6e9-362a-4154-8721-e5a26898102f,2d30bc4d-80fb-4713-8c86-21d701261b4a,Jamendo Track 763,Jamendo Artist,Single,2024,144.7,MTG-Jamendo,763,audio/763.mp3,True
5761c9ef-3fce-4061-bf37-c5040c0279b4,428341c1-921e-4b37-b8f8-f37ec83e0fed,Jamendo Track 1416872,Jamendo Artist,Single,2024,288.8,MTG-Jamendo,1416872,audio/1416872.mp3,True
2acab7e9-8ea0-4864-9295-51081d508dfa,ef18ecc2-25cf-4bf7-9562-ac38b5cdf09c,Jamendo Track 236247,Jamendo Artist,Single,2024,207.6,MTG-Jamendo,236247,audio/236247.mp3,True
91d18ec1-7438-4e6a-900e-8aeb9c47b1f1,7c9366ff-b70b-4924-9dc5-3c534909239a,Jamendo Track 1112064,Jamendo Artist,Single,2024,259.7,MTG-Jamendo,1112064,audio/1112064.mp3,True
526665f0-68cd-435a-90c1-3be8dca02fa8,7abe86fd-dd89-40c9-8037-3ffad8dd7c1f,Jamendo Track 133263,Jamendo Artist,Single,2024,222.5,MTG-Jamendo,133263,audio/133263.mp3,True
bbc0d2bb-f571-4de9-bbe2-f3e4f14eb940,1326b0b7-8a4c-4f26-aefa-7eb265d68963,Jamendo Track 698553,Jamendo Artist,Single,2024,179.0,MTG-Jamendo,698553,audio/698553.mp3,True
b3d7761d-e3fc-4a2e-ad43-864006debc49,6dcf6c5e-8703-46ff-af45-217cb0d72072,Jamendo Track 1402642,Jamendo Artist,Single,2024,1575.1,MTG-Jamendo,1402642,audio/1402642.mp3,True
2502658f-8b04-4311-980f-1472df0343bf,1ecdd2fc-a86a-4f00-8ac5-1081f8eae8f0,Jamendo Track 193517,Jamendo Artist,Single,2024,233.0,MTG-Jamendo,193517,audio/193517.mp3,True
b5193a8c-a3c5-4bfa-b642-a7543582657e,9af3e4a4-7774-4bba-b838-879983fef31a,Jamendo Track 57061,Jamendo Artist,Single,2024,209.8,MTG-Jamendo,57061,audio/57061.mp3,True
4e58454b-df5f-4579-b2cb-5906122a6032,376514bf-5b65-40b6-a52e-7da6c24b72f8,Jamendo Track 558410,Jamendo Artist,Single,2024,141.7,MTG-Jamendo,558410,audio/558410.mp3,True
908b5e06-09b1-4916-ae16-556787060fdd,6485eeb5-1cc4-4067-9431-3710094ad73d,Jamendo Track 82290,Jamendo Artist,Single,2024,259.9,MTG-Jamendo,82290,audio/82290.mp3,True
dcbfa141-1e0d-43f4-ae1b-5a9a3395df29,7ab50152-45cc-4972-a32d-8aeebbee9007,Jamendo Track 3454,Jamendo Artist,Single,2024,149.7,MTG-Jamendo,3454,audio/3454.mp3,True
2af48042-acf9-48ad-8d26-de6a4129761e,081d08ab-c01a-42a2-96ea-b1d78ce9586f,Jamendo Track 205439,Jamendo Artist,Single,2024,237.3,MTG-Jamendo,205439,audio/205439.mp3,True
09a7430c-a0f0-4789-a63b-4a32a0c67673,a732b426-81e8-4e96-af16-fdc1b74dbc1e,Jamendo Track 429043,Jamendo Artist,Single,2024,99.1,MTG-Jamendo,429043,audio/429043.mp3,True
87ec10fa-6c4d-4d5d-963e-a337e99ccde8,bf3dcf13-4001-4b6e-8e10-43a39bb64f89,Jamendo Track 558417,Jamendo Artist,Single,2024,146.5,MTG-Jamendo,558417,audio/558417.mp3,True
942577fa-fafa-4ced-a877-5db35eef413a,31759e9d-95b5-4dd1-bd51-2082d496e64e,Jamendo Track 179542,Jamendo Artist,Single,2024,189.9,MTG-Jamendo,179542,audio/179542.mp3,True
c66423ad-7790-4a16-861b-938f064c4282,374dd400-8cd1-46b7-867e-f8ec9964e10e,Jamendo Track 123450,Jamendo Artist,Single,2024,100.2,MTG-Jamendo,123450,audio/123450.mp3,True
245ce9d5-5c7d-4c78-b023-43cf973a1e2d,2060e084-1515-49d4-964a-fbb7cfdef33e,Jamendo Track 253900,Jamendo Artist,Single,2024,313.8,MTG-Jamendo,253900,audio/253900.mp3,True
0e7a43e9-a220-4cee-802f-0f62e86e83f8,de8a6e40-738f-438f-a642-349c51343499,Jamendo Track 25998,Jamendo Artist,Single,2024,211.6,MTG-Jamendo,25998,audio/25998.mp3,True
7691471a-44aa-4d27-bc99-bd943785bb08,ca673c10-b9c7-4c51-84a3-9f37a39cd82a,Jamendo Track 660455,Jamendo Artist,Single,2024,239.6,MTG-Jamendo,660455,audio/660455.mp3,True
a3b1f790-5f64-4967-aaee-716337271bea,68ea7c56-594b-4394-9669-042c31561e9a,Jamendo Track 698501,Jamendo Artist,Single,2024,225.9,MTG-Jamendo,698501,audio/698501.mp3,True
be4a1512-dd13-4847-b676-f4ac9551140d,3ae5737a-fec9-47d8-9e72-8d7a1844dd5e,Jamendo Track 443384,Jamendo Artist,Single,2024,436.3,MTG-Jamendo,443384,audio/443384.mp3,True
53a074c8-a0f7-4124-a8dd-8cc6c0219715,461ea7e0-a8c6-4d8c-8d53-21d3eb7510d7,Jamendo Track 781632,Jamendo Artist,Single,2024,268.5,MTG-Jamendo,781632,audio/781632.mp3,True
6578534e-63e5-4592-8fce-83af53a56606,40999db8-1116-4cf6-bbc8-5dc0a4aa28b3,Jamendo Track 1129605,Jamendo Artist,Single,2024,228.3,MTG-Jamendo,1129605,audio/1129605.mp3,True
8bd12e7b-00ab-48cc-82e9-9039cbbf3da6,df098318-5a9b-425c-a0d5-172c7b25e565,Jamendo Track 129542,Jamendo Artist,Single,2024,266.1,MTG-Jamendo,129542,audio/129542.mp3,True
36649a12-76cf-4079-82be-202177b660ec,0348611f-6b34-4886-9f54-0c28ded694ab,Jamendo Track 159199,Jamendo Artist,Single,2024,330.7,MTG-Jamendo,159199,audio/159199.mp3,True
d9b9c2ad-7776-480c-b18f-55cfbcd30ce4,70eeb986-5b2f-47c6-8d9f-06fc603e0458,Jamendo Track 1374064,Jamendo Artist,Single,2024,149.7,MTG-Jamendo,1374064,audio/1374064.mp3,True
0a62522f-c432-416a-9bfb-4b25badd7d11,c50bd5b8-7390-4ae4-b840-9eee9ac6e7e3,Jamendo Track 5700,Jamendo Artist,Single,2024,159.7,MTG-Jamendo,5700,audio/5700.mp3,True
0c886dcd-6bdb-4768-a12b-b6013fd8b0ad,771dac65-07be-48ad-9c28-a9562b3f3d22,Jamendo Track 220598,Jamendo Artist,Single,2024,185.1,MTG-Jamendo,220598,audio/220598.mp3,True
5d16d350-fcfa-4f51-9a4d-3556bb6a9c07,86ecab01-9581-47ed-8a37-35cc9868eeb7,Jamendo Track 94877,Jamendo Artist,Single,2024,381.5,MTG-Jamendo,94877,audio/94877.mp3,True
0d3a28a4-359f-4bac-ac4e-999262a83455,319a2967-4504-496a-897e-f6fa26187bc2,Jamendo Track 430755,Jamendo Artist,Single,2024,209.3,MTG-Jamendo,430755,audio/430755.mp3,True
0d24827c-27d4-40ab-95a1-c6ac1eccd669,495c5f3f-c29d-456b-a371-bfe2fc667a7c,Jamendo Track 740332,Jamendo Artist,Single,2024,338.9,MTG-Jamendo,740332,audio/740332.mp3,True
4375da1e-027e-457e-a0e7-936252d2aa02,fd352145-461e-4e14-9ea7-6974f779bff6,Jamendo Track 16558,Jamendo Artist,Single,2024,234.2,MTG-Jamendo,16558,audio/16558.mp3,True
304e3e31-b84f-4383-8e6d-06e039f09b42,3c421c13-46e8-4a33-8b76-03b7d8f520d1,Jamendo Track 396920,Jamendo Artist,Single,2024,307.9,MTG-Jamendo,396920,audio/396920.mp3,True
4a9ed19e-dd5c-4410-a4c4-6ad7fac0857e,74617363-52d7-4735-837a-340cf75966e4,Jamendo Track 170534,Jamendo Artist,Single,2024,214.4,MTG-Jamendo,170534,audio/170534.mp3,True
5abfc934-58dc-4aa4-8c67-65a27c7d1415,d9cf79e1-a43a-44b0-847e-a7aeba2bd64a,Jamendo Track 134790,Jamendo Artist,Single,2024,289.0,MTG-Jamendo,134790,audio/134790.mp3,True
d92fe469-6063-4409-b2b1-3f7d5e4a865c,030f3c93-cc00-450a-b76e-4044f4d9cc80,Jamendo Track 10564,Jamendo Artist,Single,2024,186.0,MTG-Jamendo,10564,audio/10564.mp3,True
4fcfbaec-3676-4998-80a6-47979dbc6943,4da695db-95fd-4983-97e0-05211d691c6d,Jamendo Track 468167,Jamendo Artist,Single,2024,188.7,MTG-Jamendo,468167,audio/468167.mp3,True
90977495-5581-47e2-a4b3-1a1f0470b58e,3bdd9c05-1f78-4321-969c-b29e71827c97,Jamendo Track 159293,Jamendo Artist,Single,2024,302.0,MTG-Jamendo,159293,audio/159293.mp3,True
e1d1b73d-e388-4131-aac2-f97e2c68d48c,359ff52f-8a54-4ced-b68e-3ef6384b5d32,Jamendo Track 38846,Jamendo Artist,Single,2024,307.2,MTG-Jamendo,38846,audio/38846.mp3,True
251e2448-6198-4da6-bfbc-810ce7a6171c,f6f78496-ca66-479f-b952-f90d20153f62,Jamendo Track 376644,Jamendo Artist,Single,2024,407.8,MTG-Jamendo,376644,audio/376644.mp3,True
282bc94c-1960-4ded-825d-8a0923e85f45,0ad8181f-238d-4ff2-a7a2-fdf443583fcc,Jamendo Track 90407,Jamendo Artist,Single,2024,458.7,MTG-Jamendo,90407,audio/90407.mp3,True
5aa47a1a-69d3-4b35-80e6-28c182c17b01,58b84464-ff56-4d2e-8ac2-b64f41e24897,Jamendo Track 233262,Jamendo Artist,Single,2024,162.4,MTG-Jamendo,233262,audio/233262.mp3,True
d3c0f07a-821e-4297-a594-177e67d0adf3,71f4dbbf-caa1-4377-a59b-7ef5a42e84a3,Jamendo Track 173082,Jamendo Artist,Single,2024,319.5,MTG-Jamendo,173082,audio/173082.mp3,True
588cf971-cdb0-49a6-9941-5f75759b3c20,46853553-17e2-4c9f-a863-506703c1110f,Jamendo Track 312678,Jamendo Artist,Single,2024,150.9,MTG-Jamendo,312678,audio/312678.mp3,True
cbe42fae-4e41-4176-af71-7f75cbe38671,5573eccf-fff7-4276-9471-86c20ccd502d,Jamendo Track 180531,Jamendo Artist,Single,2024,367.7,MTG-Jamendo,180531,audio/180531.mp3,True
00276a52-c0f4-48a4-8612-96cff8301af0,9182f671-36bb-4781-9eda-9bdbe34809db,Jamendo Track 261121,Jamendo Artist,Single,2024,147.7,MTG-Jamendo,261121,audio/261121.mp3,True
5d9da4e6-8698-4ace-823e-e903668cdc9f,3bbe43cd-1695-4f7f-9000-0b5e1d3c5379,Jamendo Track 968026,Jamendo Artist,Single,2024,310.8,MTG-Jamendo,968026,audio/968026.mp3,True
b1f51487-21d2-42c5-a48c-80cfcf32f544,fbc001fb-4c68-48e2-a765-df6623c455f4,Jamendo Track 16845,Jamendo Artist,Single,2024,337.7,MTG-Jamendo,16845,audio/16845.mp3,True
44095218-338e-4633-8282-68c9ca4e487f,c8c0e104-ddc0-44e3-8b4e-feef254e9fdf,Jamendo Track 26737,Jamendo Artist,Single,2024,376.3,MTG-Jamendo,26737,audio/26737.mp3,True
44fe43a5-f0f1-4ba1-833f-30a1e087d183,c4ad55e6-b7ce-408c-a7d8-cadb1ec9dcbb,Jamendo Track 324387,Jamendo Artist,Single,2024,191.3,MTG-Jamendo,324387,audio/324387.mp3,True
d4cdccc8-dc2b-4d5a-bf88-b6779b8fde2b,b30e7541-2724-4fcb-bcad-1358da335462,Jamendo Track 165049,Jamendo Artist,Single,2024,174.7,MTG-Jamendo,165049,audio/165049.mp3,True
ad41f86f-f3ca-46e7-bffb-6fabe66093a9,1fa5dede-30eb-4ba5-b547-4275523ee7bd,Jamendo Track 220597,Jamendo Artist,Single,2024,204.6,MTG-Jamendo,220597,audio/220597.mp3,True
63dc6b2f-d0fa-447d-9850-2e8ef5b0b4a1,9415464d-96b4-4a9b-8714-e48130509530,Jamendo Track 337996,Jamendo Artist,Single,2024,206.2,MTG-Jamendo,337996,audio/337996.mp3,True
24ee76da-3e29-4826-827b-8caa9721c6f5,0390f85d-0dc4-4d3e-b932-ff2925a5f12d,Jamendo Track 225773,Jamendo Artist,Single,2024,49.1,MTG-Jamendo,225773,audio/225773.mp3,True
2f426602-2039-4ec3-ba00-9afbcba92f35,7456740a-1972-4704-8418-879942006126,Jamendo Track 44913,Jamendo Artist,Single,2024,319.8,MTG-Jamendo,44913,audio/44913.mp3,True
edcc2db1-4835-4a26-b98f-ecc242d26853,57cc8ee0-ab86-4492-8656-73899d966ae9,Jamendo Track 175092,Jamendo Artist,Single,2024,419.1,MTG-Jamendo,175092,audio/175092.mp3,True
3c72dad6-d4b5-4a11-a271-5fda2fb33b75,c9a28821-ee6f-4994-b3fa-32503bf6c806,Jamendo Track 163767,Jamendo Artist,Single,2024,348.7,MTG-Jamendo,163767,audio/163767.mp3,True
17ffe436-e5b8-416b-aa13-f0e6ea3cf438,22223197-4786-401a-861b-657743a4a953,Jamendo Track 139740,Jamendo Artist,Single,2024,246.6,MTG-Jamendo,139740,audio/139740.mp3,True
4f40742b-bc39-4b58-af93-712546e6109f,7af210b2-c4ca-40d6-8a07-8f43d0461372,Jamendo Track 1075101,Jamendo Artist,Single,2024,252.9,MTG-Jamendo,1075101,audio/1075101.mp3,True
73a165e7-78e6-48f1-9626-95e48de27adc,70eeef6d-cdd1-42e5-915d-a3dfd812a104,Jamendo Track 395258,Jamendo Artist,Single,2024,142.5,MTG-Jamendo,395258,audio/395258.mp3,True
6e591517-8d50-4234-88b9-c6b0c2f3087c,0444b670-808c-44e8-af81-517c2a9ae365,Jamendo Track 106545,Jamendo Artist,Single,2024,171.8,MTG-Jamendo,106545,audio/106545.mp3,True
55b66846-34a0-4de8-8a92-719c20dfeba8,11c7aa77-fc7d-4a55-9c45-8a49769fb7ec,Jamendo Track 44425,Jamendo Artist,Single,2024,264.6,MTG-Jamendo,44425,audio/44425.mp3,True
5a87ceea-a9b5-4f6d-a9e2-d4fe3ee2f3e6,6aa9bec5-faaa-43a5-b1d5-3e3584ed288e,Jamendo Track 1042066,Jamendo Artist,Single,2024,248.3,MTG-Jamendo,1042066,audio/1042066.mp3,True
006c4782-1dc2-4ed2-bfeb-7d329632faf8,0731aba8-8b00-493a-af39-41278a2bebd3,Jamendo Track 285256,Jamendo Artist,Single,2024,229.3,MTG-Jamendo,285256,audio/285256.mp3,True
25efb051-f609-48d6-bfef-eb5af9db9a6b,4bfbaae4-2f19-4991-82f4-19d7db787bd6,Jamendo Track 208147,Jamendo Artist,Single,2024,295.4,MTG-Jamendo,208147,audio/208147.mp3,True
af126211-c309-4f38-a281-b58537e1b45b,63bdd115-7a2b-452d-b89f-62655cf94e26,Jamendo Track 1060002,Jamendo Artist,Single,2024,75.5,MTG-Jamendo,1060002,audio/1060002.mp3,True
21ec5d1c-794c-4be9-b5db-78b6855e7814,85691fe0-3262-4091-af5f-ea80a3ad9ad5,Jamendo Track 76953,Jamendo Artist,Single,2024,146.7,MTG-Jamendo,76953,audio/76953.mp3,True
82fce009-7acd-46b7-a769-74258d6deb41,636dee48-9d08-4bf5-9515-7eab721b2cef,Jamendo Track 215758,Jamendo Artist,Single,2024,244.1,MTG-Jamendo,215758,audio/215758.mp3,True
56e5c7a9-3b93-4aa4-bae2-e4cf8f6b8990,fea2ebd3-ea5d-4a00-b01a-2d13158cc933,Jamendo Track 484443,Jamendo Artist,Single,2024,157.0,MTG-Jamendo,484443,audio/484443.mp3,True
033b2a98-bec1-4020-a835-3806149b0b25,4099061c-5f93-4628-a9ac-47b0ab1b4928,Jamendo Track 1377212,Jamendo Artist,Single,2024,212.2,MTG-Jamendo,1377212,audio/1377212.mp3,True
7d5db33c-3eb8-48fb-a2f4-2e6e7264da57,579a9ff5-43ea-45ea-a716-6fcf4b176ff9,Jamendo Track 1169135,Jamendo Artist,Single,2024,158.3,MTG-Jamendo,1169135,audio/1169135.mp3,True
e5c16d37-817f-40fa-8ea9-4960d1016cd1,a664f29d-9784-445e-8ed7-20b459490aea,Jamendo Track 285257,Jamendo Artist,Single,2024,196.0,MTG-Jamendo,285257,audio/285257.mp3,True
1788edba-66c5-41aa-9524-9d951ef97111,727776b7-91cd-4cdf-bdca-957318c0ef67,Jamendo Track 138034,Jamendo Artist,Single,2024,594.0,MTG-Jamendo,138034,audio/138034.mp3,True
f1081cdd-d1f4-45c8-abd6-24de59202c86,af8ae34c-fd71-4c1f-bd62-cf813263f027,Jamendo Track 287669,Jamendo Artist,Single,2024,168.2,MTG-Jamendo,287669,audio/287669.mp3,True
6b99985b-64f7-4e87-b1e5-9f8c00923bb7,49609b67-0c49-48bc-bc49-3dc90488669c,Jamendo Track 396922,Jamendo Artist,Single,2024,225.2,MTG-Jamendo,396922,audio/396922.mp3,True
7ba989e5-63d6-4776-934e-d5f0df43b618,6e35c921-519b-4f8e-acfc-5fdbc03335cf,Jamendo Track 985176,Jamendo Artist,Single,2024,191.6,MTG-Jamendo,985176,audio/985176.mp3,True
0a85458f-04f0-43cf-8b92-ae10f27b94a1,ebc18520-ffdd-4a3a-a1ed-d551e9891680,Jamendo Track 451267,Jamendo Artist,Single,2024,261.3,MTG-Jamendo,451267,audio/451267.mp3,True
7cbd7b3c-2f1a-46f2-8ef2-3dec8d890971,ff0b5262-7553-45e9-bc4d-f82188e7698e,Jamendo Track 315320,Jamendo Artist,Single,2024,358.6,MTG-Jamendo,315320,audio/315320.mp3,True
a9459498-eed4-489f-b1e1-abdc27432e8f,d2aa0843-d09e-44c2-b91e-9a052cfcb4cf,Jamendo Track 508896,Jamendo Artist,Single,2024,401.5,MTG-Jamendo,508896,audio/508896.mp3,True
459b4a1c-1f36-4959-bc16-026fb0b2ef9f,11e381f6-c0da-48b3-bfd4-e35db86a17b0,Jamendo Track 449900,Jamendo Artist,Single,2024,275.3,MTG-Jamendo,449900,audio/449900.mp3,True
518b7a44-cdfd-4b7a-beca-81bddf31e342,7ac7d671-a533-48b1-a051-a651efb00117,Jamendo Track 254522,Jamendo Artist,Single,2024,196.6,MTG-Jamendo,254522,audio/254522.mp3,True
dc1130a1-74fa-42d0-8b5f-bfcba0cb183c,00426a2a-f86a-4976-af47-7376bf69e6e0,Jamendo Track 594846,Jamendo Artist,Single,2024,249.5,MTG-Jamendo,594846,audio/594846.mp3,True
7fe758a0-3cac-4cb3-bad0-bb7755df2cfe,0475e28f-1ee4-44e3-acd6-bfc07b5d6be9,Jamendo Track 26024,Jamendo Artist,Single,2024,215.2,MTG-Jamendo,26024,audio/26024.mp3,True
68c9f231-4055-402d-8316-0ee9ecfef2ef,4e3ae930-2e80-49a0-9a90-bbc41853dc29,Jamendo Track 284284,Jamendo Artist,Single,2024,261.8,MTG-Jamendo,284284,audio/284284.mp3,True
37d1f643-3660-457e-a243-37f0ee2c6d5c,d9d9a08a-3186-48ba-8783-2e9e4cd4ecd6,Jamendo Track 295818,Jamendo Artist,Single,2024,230.1,MTG-Jamendo,295818,audio/295818.mp3,True
7052e4a9-3cd0-48e8-a8cb-8252d15161b3,13d93e6a-7c74-4890-8056-6c3f3b190f40,Jamendo Track 161539,Jamendo Artist,Single,2024,304.4,MTG-Jamendo,161539,audio/161539.mp3,True
f04ff116-fe56-40ef-81fb-d4eb33e6a69d,61426b24-8f16-4cee-b1ad-de7e4dadd90a,Jamendo Track 1069489,Jamendo Artist,Single,2024,310.7,MTG-Jamendo,1069489,audio/1069489.mp3,True
1ee4ce0f-1ebf-4940-a3b1-52d24e9f5e56,fd0018e9-7a8b-464e-a8c7-43fd82c22183,Jamendo Track 238538,Jamendo Artist,Single,2024,587.1,MTG-Jamendo,238538,audio/238538.mp3,True
c55d25f4-05ea-4b7d-8d0f-8de405f92091,24efdf48-bcf1-4ffc-966e-d1d515809332,Jamendo Track 190667,Jamendo Artist,Single,2024,486.8,MTG-Jamendo,190667,audio/190667.mp3,True
1ec84264-00b2-4c30-9412-272702ad42f4,b89d2f7f-c22c-4ff7-8571-e366674f18d1,Jamendo Track 167225,Jamendo Artist,Single,2024,239.9,MTG-Jamendo,167225,audio/167225.mp3,True
7ce863ca-e5fe-4d8f-90f9-1a63280c9cb3,a9ff5c3b-0ab3-4254-a3b3-dfdd1739fc03,Jamendo Track 276988,Jamendo Artist,Single,2024,292.2,MTG-Jamendo,276988,audio/276988.mp3,True
bcd3f63c-adb3-4d04-ba37-ef1b7c0efabf,af2eb376-6b21-48b3-95bc-a9ad7ae6eb5e,Jamendo Track 102874,Jamendo Artist,Single,2024,445.1,MTG-Jamendo,102874,audio/102874.mp3,True
5f2d3bcc-ea0c-48b4-a812-c742856db9be,1a56e1e0-dcd2-4c3f-a887-04633895e18e,Jamendo Track 217416,Jamendo Artist,Single,2024,56.9,MTG-Jamendo,217416,audio/217416.mp3,True
9abcf4b5-26c4-433f-a479-730ce975bea6,4f0d0e4b-a3f9-4c78-b9f9-0f1174291f38,Jamendo Track 259931,Jamendo Artist,Single,2024,271.5,MTG-Jamendo,259931,audio/259931.mp3,True
f74e4b43-28d9-4e4c-95e2-146ba50956a6,9f153dc6-7009-4cec-a30e-1ef95a7f3b5d,Jamendo Track 7547,Jamendo Artist,Single,2024,353.5,MTG-Jamendo,7547,audio/7547.mp3,True
39962f22-05c8-4c75-8a1b-f95320ae860f,348b03d6-bb88-45bf-a631-2bb3a54bc8d5,Jamendo Track 245461,Jamendo Artist,Single,2024,205.6,MTG-Jamendo,245461,audio/245461.mp3,True
f6e8c369-7fe2-4696-a368-45b4e92c0317,a6fff774-de02-4d6d-bbfa-6c18ef98997b,Jamendo Track 95412,Jamendo Artist,Single,2024,481.4,MTG-Jamendo,95412,audio/95412.mp3,True
b4cb96b2-6590-438d-a2cd-a44661d45aaf,3a082f26-3279-42e7-9d31-449e8a57efb6,Jamendo Track 208287,Jamendo Artist,Single,2024,232.0,MTG-Jamendo,208287,audio/208287.mp3,True
f0c4963a-da3b-4114-a8ac-58d8653e67a3,0a6a9c45-316f-4ac5-8508-fa370d90c29a,Jamendo Track 3442,Jamendo Artist,Single,2024,133.6,MTG-Jamendo,3442,audio/3442.mp3,True
0ddcca9c-758c-4177-83da-09752c366d4f,396436f9-3ba8-43ef-a242-c7a8e32dced1,Jamendo Track 3906,Jamendo Artist,Single,2024,259.1,MTG-Jamendo,3906,audio/3906.mp3,True
cd7c455b-8271-4834-b1ca-68127d0e3a2c,30d82770-0bb8-4bef-ab04-d9201afe9802,Jamendo Track 365563,Jamendo Artist,Single,2024,603.0,MTG-Jamendo,365563,audio/365563.mp3,True
8a2256fb-c3b8-43bb-8ac4-bd89ccad0840,676f95af-1994-4602-ae29-8085eb331086,Jamendo Track 239653,Jamendo Artist,Single,2024,264.6,MTG-Jamendo,239653,audio/239653.mp3,True
a9760e6a-20d1-4795-8196-53c902611f51,54fe2fba-4913-450e-97e6-81accad15cb3,Jamendo Track 767397,Jamendo Artist,Single,2024,185.9,MTG-Jamendo,767397,audio/767397.mp3,True
0df3653b-9202-42bc-8272-3639e4fa5de1,596d506a-78c5-47c5-8ed5-fa7ea16b88fd,Jamendo Track 273605,Jamendo Artist,Single,2024,282.5,MTG-Jamendo,273605,audio/273605.mp3,True
1dcc02d9-42b9-4987-a916-8133a8e90934,3e573445-cfbd-4299-ab1b-34f7d049890d,Jamendo Track 92633,Jamendo Artist,Single,2024,31.5,MTG-Jamendo,92633,audio/92633.mp3,True
6eec151c-4d18-49ab-a95d-60d0a3795be4,9cb061ca-0fee-43dd-8e6e-b1da96f5bd81,Jamendo Track 191383,Jamendo Artist,Single,2024,310.8,MTG-Jamendo,191383,audio/191383.mp3,True
24c795c8-7f21-477c-b456-42c3493163b2,525fd8ec-ab1c-401b-a895-43808a9c879b,Jamendo Track 432289,Jamendo Artist,Single,2024,75.0,MTG-Jamendo,432289,audio/432289.mp3,True
addc9c74-5ce4-4be9-931c-273c9936dbae,18038a5c-0df9-48f4-a8cb-a34c2b13228f,Jamendo Track 933953,Jamendo Artist,Single,2024,283.1,MTG-Jamendo,933953,audio/933953.mp3,True
f5fd5366-177e-42df-810e-76decf4cba7f,e7eb0414-efea-47db-b8f1-fdab6eb41973,Jamendo Track 167559,Jamendo Artist,Single,2024,203.7,MTG-Jamendo,167559,audio/167559.mp3,True
3f48d8b3-df03-4979-8e9c-362a569b2910,97adebc5-7ae6-4cbf-a05e-9e002c6fc8ed,Jamendo Track 318602,Jamendo Artist,Single,2024,325.5,MTG-Jamendo,318602,audio/318602.mp3,True
f524f940-e28b-470a-846c-3b19c29fc8f8,b5f62d58-d385-4656-a55a-c2f6ad88144e,Jamendo Track 133095,Jamendo Artist,Single,2024,123.4,MTG-Jamendo,133095,audio/133095.mp3,True
142f1717-26c5-467f-b028-ebace7fa1cb3,d1d0cc1e-4014-4aca-b5d2-ee7c11b98cf9,Jamendo Track 814953,Jamendo Artist,Single,2024,220.3,MTG-Jamendo,814953,audio/814953.mp3,True
3bb16936-4b0f-4064-b81d-43b534537348,de53e127-3901-4aa8-9ea5-3cca52e8a0d4,Jamendo Track 1117791,Jamendo Artist,Single,2024,173.4,MTG-Jamendo,1117791,audio/1117791.mp3,True
848b58d1-1f52-44c0-9859-835c8a429979,5dd8932a-0c8b-44bb-92ed-a35a0bbef076,Jamendo Track 332858,Jamendo Artist,Single,2024,581.8,MTG-Jamendo,332858,audio/332858.mp3,True
041bc449-5e38-4c92-81dc-12a5c6da2ccc,a3551ed5-5f35-422d-ac0b-1b4999e6199f,Jamendo Track 3098,Jamendo Artist,Single,2024,165.0,MTG-Jamendo,3098,audio/3098.mp3,True
e04478f3-9e8f-4831-925f-c61968109fb8,ece9617d-6fb1-429e-bb2a-d3989fb89ab1,Jamendo Track 145949,Jamendo Artist,Single,2024,187.9,MTG-Jamendo,145949,audio/145949.mp3,True
4747e72b-2229-425d-baab-c6d84f074b2e,545f3a46-8616-4276-86a7-d0e97539de71,Jamendo Track 336138,Jamendo Artist,Single,2024,386.6,MTG-Jamendo,336138,audio/336138.mp3,True
07fed32e-bba6-4d81-b735-5f3a92edfa1f,e2699a3b-070b-417c-b797-79fa8bb818bb,Jamendo Track 146422,Jamendo Artist,Single,2024,377.1,MTG-Jamendo,146422,audio/146422.mp3,True
a5c8208b-fd26-4507-9c63-187d74d053b9,4828cae5-cce1-4c92-bfef-882ae61633c6,Jamendo Track 208125,Jamendo Artist,Single,2024,295.4,MTG-Jamendo,208125,audio/208125.mp3,True
aa88b769-7f1a-49c6-aff6-be671c6b4f9c,fe4b6f9b-284a-40ff-8ba0-bc1b67ecd2e6,Jamendo Track 153577,Jamendo Artist,Single,2024,233.6,MTG-Jamendo,153577,audio/153577.mp3,True
be3aace7-e844-4850-a1c6-18159ce7e796,79ca8764-7422-424a-8376-1a4c5ffab8fe,Jamendo Track 40158,Jamendo Artist,Single,2024,265.7,MTG-Jamendo,40158,audio/40158.mp3,True
480b3faa-30b8-43b0-b0e0-60a316edc9c8,7e582616-8abc-4433-9920-3dc62bf05f6d,Jamendo Track 167759,Jamendo Artist,Single,2024,387.8,MTG-Jamendo,167759,audio/167759.mp3,True
a446c49d-1e6f-412c-b71b-06093299d8fe,9a3aaa89-016f-4010-9ce7-ef89bc9203a7,Jamendo Track 48061,Jamendo Artist,Single,2024,376.1,MTG-Jamendo,48061,audio/48061.mp3,True
7af4093b-fc44-4d35-8518-64fa688e5290,4c534a06-2446-4358-a5ae-21776bc15d43,Jamendo Track 81923,Jamendo Artist,Single,2024,303.7,MTG-Jamendo,81923,audio/81923.mp3,True
2eec28eb-7693-44c8-941a-35bd91e478d8,f71bbf3e-8697-4820-b5c4-e6303133c56a,Jamendo Track 465945,Jamendo Artist,Single,2024,209.7,MTG-Jamendo,465945,audio/465945.mp3,True
065eb3a9-0609-47a1-b2bc-be0237db2d82,9a6737b9-b47c-4df8-a508-bfe377083cf0,Jamendo Track 141083,Jamendo Artist,Single,2024,286.6,MTG-Jamendo,141083,audio/141083.mp3,True
8de7af23-5267-4972-bf7b-d9a604ee8673,cbc74b5d-38fc-4c91-8d37-0c3d2aefa2a7,Jamendo Track 101929,Jamendo Artist,Single,2024,267.0,MTG-Jamendo,101929,audio/101929.mp3,True
d52e80ef-3202-4a66-8ed5-a16c316b5875,8ab99123-ca41-4f5c-96e8-8051d852e9ab,Jamendo Track 145970,Jamendo Artist,Single,2024,200.7,MTG-Jamendo,145970,audio/145970.mp3,True
fd5f78b2-c43c-4e89-9d02-107721db05ef,b72b686c-bf13-4b5e-9261-b7f4161864de,Jamendo Track 235456,Jamendo Artist,Single,2024,131.1,MTG-Jamendo,235456,audio/235456.mp3,True
5c18ef9b-f7f7-411d-b6b8-bc7100ac3d8d,2d56133f-e1ea-486d-8933-8687cbfab6b3,Jamendo Track 125547,Jamendo Artist,Single,2024,260.0,MTG-Jamendo,125547,audio/125547.mp3,True
9fdfe4e8-3db2-4f3f-8c6e-a5aadfb45cf5,81935a63-c868-489d-8676-a0bb67ad9611,Jamendo Track 285261,Jamendo Artist,Single,2024,208.7,MTG-Jamendo,285261,audio/285261.mp3,True
a29e8c58-960f-4d64-8b68-671e79a7f519,e69f1ab1-2821-4501-ad92-dce3aab4d655,Jamendo Track 320045,Jamendo Artist,Single,2024,90.4,MTG-Jamendo,320045,audio/320045.mp3,True
10c419c9-5552-4e47-9d05-8b6970609752,dd61a2dc-12f8-4e76-afe9-51d75b2fff0c,Jamendo Track 23102,Jamendo Artist,Single,2024,276.0,MTG-Jamendo,23102,audio/23102.mp3,True
a43106e6-8cf1-42d4-a563-4593b2670a2d,67815e45-0d7d-4a8c-b5ca-194b50167198,Jamendo Track 768,Jamendo Artist,Single,2024,292.7,MTG-Jamendo,768,audio/768.mp3,True
e3f89f91-3555-4f1c-8b0c-72d9116ef74c,dcd52ca3-b7ff-4d9c-a80a-8a6b5897a884,Jamendo Track 687693,Jamendo Artist,Single,2024,242.2,MTG-Jamendo,687693,audio/687693.mp3,True
a10fca08-fcff-4cbe-a297-d0e1096691b4,c81facb5-699b-44a5-bfd2-e2ecd3a20391,Jamendo Track 322100,Jamendo Artist,Single,2024,225.9,MTG-Jamendo,322100,audio/322100.mp3,True
12e822c1-6388-4844-bc9e-d75b29840030,81671c9d-6143-4ac6-9026-ecd803f3a6bd,Jamendo Track 435845,Jamendo Artist,Single,2024,57.0,MTG-Jamendo,435845,audio/435845.mp3,True
e6e406bd-de72-4a0b-b412-77e906a4af35,fcbc6f7e-a107-445e-9a62-5396d941903d,Jamendo Track 406636,Jamendo Artist,Single,2024,254.8,MTG-Jamendo,406636,audio/406636.mp3,True
07392218-cd3b-4fc9-be1e-9fc1154e6ae8,538b4e11-da66-4b11-a759-7fcd403464a5,Jamendo Track 81994,Jamendo Artist,Single,2024,242.1,MTG-Jamendo,81994,audio/81994.mp3,True
df9acf39-cc62-46f3-8d65-4e9accd840ec,7d71835f-879e-4eed-b3ed-3207f6388dee,Jamendo Track 42341,Jamendo Artist,Single,2024,269.2,MTG-Jamendo,42341,audio/42341.mp3,True
3d2505e0-ff7b-4285-9b5f-753132b1c98d,f1e973d8-b50c-431b-ae3c-b926a63ea0c5,Jamendo Track 1374060,Jamendo Artist,Single,2024,107.5,MTG-Jamendo,1374060,audio/1374060.mp3,True
515308ff-c6d1-4c20-bde7-abe9e6366ca9,2d0ef73e-c2ab-4955-a255-e8b017fe0460,Jamendo Track 267305,Jamendo Artist,Single,2024,362.7,MTG-Jamendo,267305,audio/267305.mp3,True
9934dbb4-cad9-4bf6-a1e9-ecbd24cbd354,f444a945-a3af-4b8b-a5c5-1c6bc8c0a17d,Jamendo Track 193514,Jamendo Artist,Single,2024,253.5,MTG-Jamendo,193514,audio/193514.mp3,True
86f37925-8b0a-4fb5-a731-05b6a3041cd0,59c5d74e-93bd-447b-8d55-a1610614cc41,Jamendo Track 123449,Jamendo Artist,Single,2024,208.7,MTG-Jamendo,123449,audio/123449.mp3,True
aaafcafa-8735-4a86-b1c3-c8956c615acd,de2ec557-f2ff-4b79-a7e8-497e922c42ab,Jamendo Track 251181,Jamendo Artist,Single,2024,698.8,MTG-Jamendo,251181,audio/251181.mp3,True
38a80d5f-1357-4ba3-b16a-df4c725a3c10,d054badd-e58f-41a3-8ead-768f04db3feb,Jamendo Track 215752,Jamendo Artist,Single,2024,238.9,MTG-Jamendo,215752,audio/215752.mp3,True
657ae181-c753-4513-97b4-da32e178ad6d,7c1cf12d-6197-4802-be20-1c63abf09f29,Jamendo Track 1336,Jamendo Artist,Single,2024,330.2,MTG-Jamendo,1336,audio/1336.mp3,True
c42e68b2-6624-47fb-bf55-acc828b357ab,bf84bebf-611b-48c0-8279-136daed5724c,Jamendo Track 417213,Jamendo Artist,Single,2024,216.9,MTG-Jamendo,417213,audio/417213.mp3,True
6ae5fd70-0fd5-4860-a370-2a0a890da763,2f4925e2-6e2b-4c4b-b217-cc0cef005419,Jamendo Track 1420798,Jamendo Artist,Single,2024,328.8,MTG-Jamendo,1420798,audio/1420798.mp3,True
c17b6ecc-b329-40cb-8f00-c18df83e710b,fda29e67-5041-4bc3-8aa7-8aeeefda2c3a,Jamendo Track 7550,Jamendo Artist,Single,2024,351.9,MTG-Jamendo,7550,audio/7550.mp3,True
dd1aeccb-fb1c-4c8b-a416-3a76f944f532,c33bfb0f-ec80-4dbb-9243-bc4019b23562,Jamendo Track 410466,Jamendo Artist,Single,2024,402.2,MTG-Jamendo,410466,audio/410466.mp3,True
61191786-e271-44cb-be1f-d740f5284cb0,2945e6dc-fdff-4952-8175-bf90f4c9fa08,Jamendo Track 418720,Jamendo Artist,Single,2024,155.7,MTG-Jamendo,418720,audio/418720.mp3,True
129181f8-e1e1-4e37-8c04-26247cc0f9a5,acbda14f-0479-414c-9b68-62dfcd236daf,Jamendo Track 6572,Jamendo Artist,Single,2024,385.2,MTG-Jamendo,6572,audio/6572.mp3,True
758193ba-8f2e-4b09-8a04-816cf8309186,cee61c26-e339-491d-a54e-5986b6f61fcd,Jamendo Track 171614,Jamendo Artist,Single,2024,241.4,MTG-Jamendo,171614,audio/171614.mp3,True
2d67e490-194a-4afb-90a7-53c27e45a1e5,82f5fcb8-d8dc-4648-be61-19a2d42d6ae8,Jamendo Track 292287,Jamendo Artist,Single,2024,207.0,MTG-Jamendo,292287,audio/292287.mp3,True
0a2605f7-a256-4288-a6d2-bb38adc6d5d3,553f655b-e542-4093-8d01-58d57c05bacf,Jamendo Track 558406,Jamendo Artist,Single,2024,202.9,MTG-Jamendo,558406,audio/558406.mp3,True
5b095d3d-a89f-4194-95ec-0a5be8e38e1c,8772d7c1-28c8-4057-9c0f-0acccaa087a9,Jamendo Track 141762,Jamendo Artist,Single,2024,246.4,MTG-Jamendo,141762,audio/141762.mp3,True
edcb5878-4a42-44a5-aba1-eefb02638522,72a62f6f-4af6-4d47-9249-0a3e1c51b778,Jamendo Track 127568,Jamendo Artist,Single,2024,261.8,MTG-Jamendo,127568,audio/127568.mp3,True
b7e3f616-9775-422e-acab-128097a7d41e,712f949c-0d1e-4a19-b35c-d15f3c39070a,Jamendo Track 7545,Jamendo Artist,Single,2024,328.6,MTG-Jamendo,7545,audio/7545.mp3,True
28451b91-5e21-41b3-949c-2bbf81454daf,169e0e4e-5082-45c2-a30c-95f4a7bcee78,Jamendo Track 1095486,Jamendo Artist,Single,2024,176.5,MTG-Jamendo,1095486,audio/1095486.mp3,True
ad1020f6-816e-4cf9-9367-e6483d804d25,49595f37-723b-484f-a5f5-14edab7c75b0,Jamendo Track 16863,Jamendo Artist,Single,2024,199.9,MTG-Jamendo,16863,audio/16863.mp3,True
96a05492-1696-426a-b140-e1e26bad1efb,f24b6572-b23d-4015-98eb-c499c19d105a,Jamendo Track 208497,Jamendo Artist,Single,2024,141.6,MTG-Jamendo,208497,audio/208497.mp3,True
1eaa344c-0614-4347-bd65-49d6e488344c,8d2bf5a9-1088-4b5e-b9bc-422c8b501b49,Jamendo Track 1119040,Jamendo Artist,Single,2024,249.8,MTG-Jamendo,1119040,audio/1119040.mp3,True
5709f89c-279e-48b7-9d88-7aba5d4235df,7c5ec53b-acd1-4d87-8283-c1be14392059,Jamendo Track 117292,Jamendo Artist,Single,2024,148.0,MTG-Jamendo,117292,audio/117292.mp3,True
a85a6c3b-bd4c-4ce0-964b-5655ea78812b,99860fd9-1fc3-476c-ba6e-78e09bb736f3,Jamendo Track 191219,Jamendo Artist,Single,2024,288.0,MTG-Jamendo,191219,audio/191219.mp3,True
b4b532db-c117-4a5d-a524-d58ac063738c,f25c81d1-53f0-443e-8ec3-3fe7b2ec378d,Jamendo Track 3444,Jamendo Artist,Single,2024,151.6,MTG-Jamendo,3444,audio/3444.mp3,True
193a79b2-5bd9-4a87-a074-30635e7afa52,f5b05279-b105-4dd7-9a13-f0e202123a51,Jamendo Track 1388875,Jamendo Artist,Single,2024,137.3,MTG-Jamendo,1388875,audio/1388875.mp3,True
fd5f0a92-bbc6-402b-a913-8797dc384c20,6f23e20c-82b3-45bc-8001-fe3e41e695d3,Jamendo Track 1374043,Jamendo Artist,Single,2024,110.1,MTG-Jamendo,1374043,audio/1374043.mp3,True
7728b1da-9ade-4df3-920f-346b6acfeee1,2ff20ab7-171c-43ea-b718-af74a7f68bee,Jamendo Track 187558,Jamendo Artist,Single,2024,230.4,MTG-Jamendo,187558,audio/187558.mp3,True
f4a94e03-7fa5-44ee-adae-992dacb8cf11,a274235e-5671-4685-ab32-877031392126,Jamendo Track 153658,Jamendo Artist,Single,2024,224.5,MTG-Jamendo,153658,audio/153658.mp3,True
74ddfc21-f9ac-4e91-b1ad-562e7a80c1f4,b146d3a9-15bf-46f1-8c75-c67b15b97036,Jamendo Track 133097,Jamendo Artist,Single,2024,460.0,MTG-Jamendo,133097,audio/133097.mp3,True
494494fd-03bd-4e38-8521-4a101d32f055,3556ac98-dd59-42cb-8180-e7f17cfcc26b,Jamendo Track 401452,Jamendo Artist,Single,2024,218.4,MTG-Jamendo,401452,audio/401452.mp3,True
e9f46250-4d8e-4fed-8777-739169fc95f5,a454f90c-7466-4681-b51c-73876fc6ad80,Jamendo Track 95403,Jamendo Artist,Single,2024,111.6,MTG-Jamendo,95403,audio/95403.mp3,True
d7b63a58-dbd4-4678-abea-2e4adb9fd67c,b4f6f838-3cbc-4c66-aea4-a85939706060,Jamendo Track 176543,Jamendo Artist,Single,2024,211.7,MTG-Jamendo,176543,audio/176543.mp3,True
b70c87e1-6dd0-440b-a45d-8f03fcce6409,fc8bc062-8c9c-44c6-94b0-317e89b007fd,Jamendo Track 208494,Jamendo Artist,Single,2024,163.0,MTG-Jamendo,208494,audio/208494.mp3,True
c0538c0d-54d7-492d-8aaa-23bd8795b94d,49298c59-3e12-423a-b921-7c6299f9b0c5,Jamendo Track 443380,Jamendo Artist,Single,2024,417.5,MTG-Jamendo,443380,audio/443380.mp3,True
a077430b-981f-4455-aa11-4379bff0564c,9b05738a-c233-4521-9b6b-3bdc2f69c2fa,Jamendo Track 180998,Jamendo Artist,Single,2024,368.9,MTG-Jamendo,180998,audio/180998.mp3,True
b6792e70-40cc-42cc-972e-b1d6e2cf7be1,1a8f34ff-a572-4603-bf15-be493753034b,Jamendo Track 145371,Jamendo Artist,Single,2024,218.9,MTG-Jamendo,145371,audio/145371.mp3,True
dcb4c044-5732-4795-a4e8-6632ac0ff839,e9a215f4-4442-4c2b-b164-9a57fbab5e50,Jamendo Track 295392,Jamendo Artist,Single,2024,416.7,MTG-Jamendo,295392,audio/295392.mp3,True
b80309f0-b1bc-476d-9c6f-aab29530f388,44302c3a-163f-4c5f-aab1-09b1848a3370,Jamendo Track 1263,Jamendo Artist,Single,2024,256.0,MTG-Jamendo,1263,audio/1263.mp3,True
f16568ab-3ab3-4803-b4f0-b29c61e25f26,0a545cb5-2017-4347-8991-9240825836ff,Jamendo Track 220581,Jamendo Artist,Single,2024,149.1,MTG-Jamendo,220581,audio/220581.mp3,True
5c30227b-42be-47bf-913e-238ac8606927,404bb33b-76b3-4bb4-8cbf-fdcf1e99c441,Jamendo Track 160296,Jamendo Artist,Single,2024,193.2,MTG-Jamendo,160296,audio/160296.mp3,True
1f24eef6-1207-47c6-be5c-8473fe2d5203,4755d8b1-1593-49ce-bbd9-7f975e5a0a9d,Jamendo Track 443364,Jamendo Artist,Single,2024,405.0,MTG-Jamendo,443364,audio/443364.mp3,True
e7983b0a-c617-4e26-8e0d-c03cb9e7e4f2,9d1b0901-f2fd-4b94-98e4-1b2387bd08b5,Jamendo Track 150794,Jamendo Artist,Single,2024,216.0,MTG-Jamendo,150794,audio/150794.mp3,True
1ae712d5-6672-4d4a-bf77-053960beb566,cd1a344f-9ce2-4f6c-9837-d10a3c20a48d,Jamendo Track 1103,Jamendo Artist,Single,2024,234.7,MTG-Jamendo,1103,audio/1103.mp3,True
7b8a1047-7510-4199-baf9-d793cfd5c72f,f8736389-e157-45d0-9a31-11a8b0208872,Jamendo Track 284937,Jamendo Artist,Single,2024,977.9,MTG-Jamendo,284937,audio/284937.mp3,True
9ea1c82c-3569-4f31-bd02-f15ad3806db5,c8874962-68a2-4805-969f-c1f6e5a8b092,Jamendo Track 78181,Jamendo Artist,Single,2024,133.7,MTG-Jamendo,78181,audio/78181.mp3,True
606c2ce0-4faa-41ad-9a26-463a2f85a7f2,c3995b3a-c2cf-4af1-84fc-3ce99fa3c454,Jamendo Track 783441,Jamendo Artist,Single,2024,312.0,MTG-Jamendo,783441,audio/783441.mp3,True
e96941df-c0b7-4b5b-b700-98a1bdb5ed11,ba430b33-e2d8-4449-a4a5-294dfdf0ba6b,Jamendo Track 199625,Jamendo Artist,Single,2024,313.5,MTG-Jamendo,199625,audio/199625.mp3,True
d1f22a11-765e-47b7-a65c-44101b665d83,90931971-2d54-49f6-996c-6a52e77c33ff,Jamendo Track 224477,Jamendo Artist,Single,2024,177.2,MTG-Jamendo,224477,audio/224477.mp3,True
d64bd03b-6e57-4b26-841d-5331d052a3bc,5461b51c-2670-43cd-9664-7d17caf6c0d0,Jamendo Track 387715,Jamendo Artist,Single,2024,121.6,MTG-Jamendo,387715,audio/387715.mp3,True
58ff0b2f-ee9c-45cf-a8ff-6de150d27728,d22d1c88-c422-428e-8e3e-f1f130044c4e,Jamendo Track 156963,Jamendo Artist,Single,2024,224.2,MTG-Jamendo,156963,audio/156963.mp3,True
2170c80d-c49c-447b-b57f-8fe1d378e9a9,21b212a4-4abe-4530-9e5c-0c7490e227fa,Jamendo Track 261123,Jamendo Artist,Single,2024,186.4,MTG-Jamendo,261123,audio/261123.mp3,True
15123393-f216-41b2-b1da-9ef76c7283bc,69dd8402-5ff7-49f1-a73a-bc3fd327db94,Jamendo Track 6016,Jamendo Artist,Single,2024,149.3,MTG-Jamendo,6016,audio/6016.mp3,True
d6991d38-e48d-4051-87f1-f08f3bae7c03,9d60cffb-c472-4a3a-b52a-af6ca3f8d2ad,Jamendo Track 305167,Jamendo Artist,Single,2024,185.7,MTG-Jamendo,305167,audio/305167.mp3,True
9a5b23c3-9ccb-464c-b1a6-94eb7116f632,3de3d0b5-7ad0-4690-aca8-1643cee0a2e1,Jamendo Track 191375,Jamendo Artist,Single,2024,160.8,MTG-Jamendo,191375,audio/191375.mp3,True
8e2ef508-db9c-47d5-af27-2302d960317f,ae7ea816-7461-48d8-8fe6-cefe915cb908,Jamendo Track 149142,Jamendo Artist,Single,2024,184.0,MTG-Jamendo,149142,audio/149142.mp3,True
88856442-715b-4999-804e-713d308b720c,3f7f0151-55d7-45e4-97cb-347363b6fb22,Jamendo Track 370002,Jamendo Artist,Single,2024,238.1,MTG-Jamendo,370002,audio/370002.mp3,True
77e98ed1-389d-4f49-8efc-5cba6240d5c2,1711f226-8c09-4d49-a7a7-55138151eb27,Jamendo Track 175339,Jamendo Artist,Single,2024,202.9,MTG-Jamendo,175339,audio/175339.mp3,True
5ef30ec5-a94f-4925-aa8a-d180fbd0a608,64ecca77-c179-4819-85ba-83922c84e5d2,Jamendo Track 202750,Jamendo Artist,Single,2024,79.2,MTG-Jamendo,202750,audio/202750.mp3,True
d6751d5d-ad39-4762-89ed-820229f94940,040b7064-cc21-4493-be00-20ce2399ec13,Jamendo Track 429443,Jamendo Artist,Single,2024,140.1,MTG-Jamendo,429443,audio/429443.mp3,True
81cbe9d8-5888-43bc-9c50-a1593f018832,cb03f661-b769-420c-978a-fe002f14318a,Jamendo Track 283386,Jamendo Artist,Single,2024,522.9,MTG-Jamendo,283386,audio/283386.mp3,True
ade96174-093c-4ab1-a3a6-cfd4570457c7,4b872208-b6f1-4f54-b8cc-093f5fe5e7de,Jamendo Track 363710,Jamendo Artist,Single,2024,248.5,MTG-Jamendo,363710,audio/363710.mp3,True
45034bc7-7348-49fa-97de-13700c746398,94a74003-4cb0-4762-93ea-9805086bd806,Jamendo Track 108304,Jamendo Artist,Single,2024,231.5,MTG-Jamendo,108304,audio/108304.mp3,True
eee9eb28-25db-4828-a363-adf4769d3d44,de46bbe4-7cd5-49cc-8e49-dda60af56e2c,Jamendo Track 1420799,Jamendo Artist,Single,2024,237.1,MTG-Jamendo,1420799,audio/1420799.mp3,True
5e519ad3-4c0b-4a3a-99c2-f5819b7d8e6d,9c56ad21-cc9f-48ae-9e4b-09c4a4457390,Jamendo Track 254512,Jamendo Artist,Single,2024,271.8,MTG-Jamendo,254512,audio/254512.mp3,True
e595cf65-01aa-4b75-bda7-c80e00fe30ad,23b88ea9-e1a2-4387-a51b-53e5b3ac6963,Jamendo Track 300798,Jamendo Artist,Single,2024,314.3,MTG-Jamendo,300798,audio/300798.mp3,True
dc95b650-8ac3-4b21-a0a1-456592cfefdd,62520e0b-8336-4496-8f7f-a3ffe03bd709,Jamendo Track 190877,Jamendo Artist,Single,2024,477.6,MTG-Jamendo,190877,audio/190877.mp3,True
b61b9f37-492d-42a9-a10b-8d70f74948e7,b5fc6d34-8ca2-401b-9aa9-65aa9f645b63,Jamendo Track 250373,Jamendo Artist,Single,2024,257.5,MTG-Jamendo,250373,audio/250373.mp3,True
324b38b9-17c3-4487-8a12-bdf56f7768b5,ee4e307e-0c33-4ff6-b56a-0c084d0843c2,Jamendo Track 395267,Jamendo Artist,Single,2024,245.2,MTG-Jamendo,395267,audio/395267.mp3,True
9b6f0a0d-1931-488e-93e0-07ce3fde1a91,7c72f4be-efa1-46aa-b289-7a276251eea7,Jamendo Track 13293,Jamendo Artist,Single,2024,157.3,MTG-Jamendo,13293,audio/13293.mp3,True
866cbf30-2720-4e9b-a70b-752a66c98abf,5794bc9c-89e3-445b-87b4-a2dc425981ee,Jamendo Track 503999,Jamendo Artist,Single,2024,176.5,MTG-Jamendo,503999,audio/503999.mp3,True
ac72d92f-ab98-462f-b838-9f5a59bd528b,13018d19-d29d-40b7-951e-6896b7bfc86e,Jamendo Track 77543,Jamendo Artist,Single,2024,202.5,MTG-Jamendo,77543,audio/77543.mp3,True
2943a8ad-cd8a-44c6-8f16-17949173fd41,8ed51124-4027-448d-b548-50ce6fc8bae5,Jamendo Track 3912,Jamendo Artist,Single,2024,349.3,MTG-Jamendo,3912,audio/3912.mp3,True
445d4047-582b-43f0-a00c-6ab0f0c6153d,97764fb2-6d70-45d8-9898-5e696917fcd3,Jamendo Track 1397897,Jamendo Artist,Single,2024,392.5,MTG-Jamendo,1397897,audio/1397897.mp3,True
c1f4b44a-553e-466d-81c1-f1081603e92f,6a1728e1-4b99-4a8e-b6fb-626edff9f710,Jamendo Track 149137,Jamendo Artist,Single,2024,169.2,MTG-Jamendo,149137,audio/149137.mp3,True
725dfba5-ba3d-425e-9a0c-b7b23c3c83aa,1c40231c-756c-467f-96af-c7c92e1f0efe,Jamendo Track 1105,Jamendo Artist,Single,2024,255.0,MTG-Jamendo,1105,audio/1105.mp3,True
9b58d7c7-6342-4654-8b30-cf697603626c,819469d9-40fd-4b27-ac56-efadd7888a40,Jamendo Track 285383,Jamendo Artist,Single,2024,658.4,MTG-Jamendo,285383,audio/285383.mp3,True
e690b757-694b-42b5-9bde-4c07b6d0f6e8,1292dce1-0813-4f80-a0ea-31170c555f05,Jamendo Track 297762,Jamendo Artist,Single,2024,228.6,MTG-Jamendo,297762,audio/297762.mp3,True
123ede29-2dd1-4d11-b1ba-799e1ea1989a,17e0ebb6-ec61-4f36-b271-a465f4b53afd,Jamendo Track 429071,Jamendo Artist,Single,2024,156.9,MTG-Jamendo,429071,audio/429071.mp3,True
85cb6ba5-34aa-4316-a8cc-857928cc31f8,800f074a-c281-45eb-82f4-a4315070729c,Jamendo Track 719782,Jamendo Artist,Single,2024,194.5,MTG-Jamendo,719782,audio/719782.mp3,True
15dfb099-8643-49f7-880e-0258efdd74ad,891467f0-4827-4c1e-929a-15305dea244e,Jamendo Track 434276,Jamendo Artist,Single,2024,294.6,MTG-Jamendo,434276,audio/434276.mp3,True
f3b72ce5-2f77-481a-8524-d9cf8ad84fc3,e40294fd-e04d-47a0-97dc-e28cc79e53a2,Jamendo Track 42343,Jamendo Artist,Single,2024,257.1,MTG-Jamendo,42343,audio/42343.mp3,True
d3a42cdd-f043-415b-a06d-a6bf04b17b6a,a3892e86-8cb7-4cfa-9b89-a2d0116e151b,Jamendo Track 495558,Jamendo Artist,Single,2024,231.7,MTG-Jamendo,495558,audio/495558.mp3,True
8f85b302-fd7a-45d3-a6cf-397850192234,ce447700-e44d-43e2-9f68-294970648220,Jamendo Track 16556,Jamendo Artist,Single,2024,314.3,MTG-Jamendo,16556,audio/16556.mp3,True
3c1c4ba7-5a69-43db-a3b9-3f655fdab7d9,dd178dfd-cbec-449e-ac3e-f89fe6c13f17,Jamendo Track 1064351,Jamendo Artist,Single,2024,485.7,MTG-Jamendo,1064351,audio/1064351.mp3,True
109cc496-03c4-48f1-8c28-6b68ff458467,9fa034af-6308-43e7-9f33-e1c1c50a7205,Jamendo Track 208190,Jamendo Artist,Single,2024,171.9,MTG-Jamendo,208190,audio/208190.mp3,True
7f918274-5388-4640-894d-7a0cc3b7e3e5,58ae6965-2dc7-4674-8a26-6a49178af4bd,Jamendo Track 1334,Jamendo Artist,Single,2024,171.1,MTG-Jamendo,1334,audio/1334.mp3,True
51debcb5-c1e2-45c2-9225-04b24784c84d,67a64ca1-170f-4c6f-a799-920114a09b46,Jamendo Track 463028,Jamendo Artist,Single,2024,255.7,MTG-Jamendo,463028,audio/463028.mp3,True
cf0c9241-0f2b-4b30-8751-c73bf4c8167a,6dabe74a-20e8-4cad-9ef0-bbb294ba47c2,Jamendo Track 483993,Jamendo Artist,Single,2024,115.2,MTG-Jamendo,483993,audio/483993.mp3,True
5daf4208-e648-4442-bc87-62b14a2686a1,fca3e02e-5eb0-44f0-9355-17576b4e9aac,Jamendo Track 383979,Jamendo Artist,Single,2024,241.9,MTG-Jamendo,383979,audio/383979.mp3,True
166d966d-3dc7-4107-8a34-6feb8da45121,c75e9c70-2474-4d13-bfce-7ff87e6e6085,Jamendo Track 299261,Jamendo Artist,Single,2024,303.4,MTG-Jamendo,299261,audio/299261.mp3,True
10239df8-7139-4103-8f82-9dc6431e04f6,a2f9e43e-cb04-4408-87c1-c9411682b892,Jamendo Track 164447,Jamendo Artist,Single,2024,310.3,MTG-Jamendo,164447,audio/164447.mp3,True
dc36992b-4b1c-4d39-be27-a1e3b00c44e2,ac44ef04-bca4-403a-b74d-55ff108e89c0,Jamendo Track 247420,Jamendo Artist,Single,2024,185.6,MTG-Jamendo,247420,audio/247420.mp3,True
357c772a-e032-465f-a3a4-7eb405097f5e,14364e86-9d80-4338-9dfc-36d402f20ed5,Jamendo Track 37010,Jamendo Artist,Single,2024,227.9,MTG-Jamendo,37010,audio/37010.mp3,True
7b4d4014-2b69-42c2-92a1-d08233b25dbb,1c388cae-cdc1-491e-ae3a-ffc1344e054e,Jamendo Track 284230,Jamendo Artist,Single,2024,160.3,MTG-Jamendo,284230,audio/284230.mp3,True
0357b98e-f2fc-4520-a6c7-12c7c58df8c4,8a662d5e-d22b-4c0f-9757-0f4a1fc5ee41,Jamendo Track 334664,Jamendo Artist,Single,2024,157.1,MTG-Jamendo,334664,audio/334664.mp3,True
cafae731-3632-4c64-895c-8caf2db9efcf,1a2d170d-b5a8-453f-b6d3-6e138848d393,Jamendo Track 740342,Jamendo Artist,Single,2024,226.5,MTG-Jamendo,740342,audio/740342.mp3,True
a26bfb4c-cf67-4a8c-b840-df6d5593fb69,59f65f9e-32a7-4247-83a5-50ded6cfd0f5,Jamendo Track 362056,Jamendo Artist,Single,2024,379.7,MTG-Jamendo,362056,audio/362056.mp3,True
35e5eecb-8ce4-4903-a492-5875383d2df7,5b408366-9cd4-49a7-a896-d95f93e475ea,Jamendo Track 112751,Jamendo Artist,Single,2024,508.8,MTG-Jamendo,112751,audio/112751.mp3,True
16cb30dd-ba08-44b0-a5bd-f4206ba3693b,22c9bd4f-fb9f-446d-876c-6424aec7e0cc,Jamendo Track 138944,Jamendo Artist,Single,2024,224.5,MTG-Jamendo,138944,audio/138944.mp3,True
1290c630-c5ed-404f-a06c-f462dc224a70,db5bf63b-c9d6-46a0-be98-d08cb2776593,Jamendo Track 339113,Jamendo Artist,Single,2024,54.3,MTG-Jamendo,339113,audio/339113.mp3,True
45972552-5152-4d84-aaad-3b074c9c3b10,ed4a440f-9ae0-4b41-9670-34590de63138,Jamendo Track 28103,Jamendo Artist,Single,2024,284.7,MTG-Jamendo,28103,audio/28103.mp3,True
90624066-d1e5-4411-8b08-63cd561c88f5,2395c81a-164b-42a4-b240-21d88d24aa49,Jamendo Track 48073,Jamendo Artist,Single,2024,657.5,MTG-Jamendo,48073,audio/48073.mp3,True
d47c0538-3a33-4c37-a3fe-9533e3dfa6c8,8b7d5493-82a8-47f6-8eeb-1839f6fa9d10,Jamendo Track 121310,Jamendo Artist,Single,2024,365.9,MTG-Jamendo,121310,audio/121310.mp3,True
abff8cfc-1b20-4f78-b7e0-99a80eee803d,6b015430-9e93-4fd0-acee-cf456888f87b,Jamendo Track 173497,Jamendo Artist,Single,2024,219.0,MTG-Jamendo,173497,audio/173497.mp3,True
b7fff005-0da8-40cd-89f1-4ae891437e23,8f77b83d-e810-48d0-aca9-7914b4a6e06a,Jamendo Track 402329,Jamendo Artist,Single,2024,535.4,MTG-Jamendo,402329,audio/402329.mp3,True
5362402f-ff1a-4b45-aac4-46802ed5f080,ee98cb65-1fe0-46dd-a0f5-92315a1f59b0,Jamendo Track 1139073,Jamendo Artist,Single,2024,304.0,MTG-Jamendo,1139073,audio/1139073.mp3,True
55ec1c07-76b2-4cb3-a9d2-649f48bc417a,6a33a0de-1bcf-4b4c-8c52-9f62c809e579,Jamendo Track 284879,Jamendo Artist,Single,2024,239.4,MTG-Jamendo,284879,audio/284879.mp3,True
1fcd93f9-a619-4555-b9eb-7070188947fb,36840281-04ed-45a3-84b7-193f1e9cb999,Jamendo Track 388810,Jamendo Artist,Single,2024,328.1,MTG-Jamendo,388810,audio/388810.mp3,True
ac85d895-10a9-4819-8e87-a95d371f6336,0e104f31-c9cb-40a7-81e4-28a9e3e980cc,Jamendo Track 135779,Jamendo Artist,Single,2024,307.2,MTG-Jamendo,135779,audio/135779.mp3,True
8016877b-c051-4349-9e70-2df53073e211,466d9cf3-eca8-4d5b-b7f1-ecfed6bd0354,Jamendo Track 660442,Jamendo Artist,Single,2024,170.4,MTG-Jamendo,660442,audio/660442.mp3,True
060b80d6-f4f6-4928-922f-7e14d5504a3a,97bd3932-6bc6-416a-a458-95bea9b0080c,Jamendo Track 393093,Jamendo Artist,Single,2024,280.1,MTG-Jamendo,393093,audio/393093.mp3,True
a01da11f-d2cf-43e4-9aa2-5d4220e65c9b,ef337191-99a5-490d-9eb0-240310dff740,Jamendo Track 376240,Jamendo Artist,Single,2024,283.2,MTG-Jamendo,376240,audio/376240.mp3,True
ad0a60bb-924b-43f7-b3b8-3496cb768102,c33551f7-d986-44f0-a7c1-29e75c17438c,Jamendo Track 145960,Jamendo Artist,Single,2024,180.5,MTG-Jamendo,145960,audio/145960.mp3,True
d1dadc8e-d8a8-4eaf-a251-b4646d1762ec,381f7a6a-714f-4c27-a2d6-350d1b35c47d,Jamendo Track 1129585,Jamendo Artist,Single,2024,257.5,MTG-Jamendo,1129585,audio/1129585.mp3,True
006ff48e-4009-40a5-a914-9759aafa5b34,07afb98f-1aa4-42a9-b3c7-024ce8aa09b6,Jamendo Track 201765,Jamendo Artist,Single,2024,562.3,MTG-Jamendo,201765,audio/201765.mp3,True
4face15a-537c-46ce-9838-c89d080796d1,55235f81-919b-439c-bba0-557eedb564b5,Jamendo Track 321107,Jamendo Artist,Single,2024,216.8,MTG-Jamendo,321107,audio/321107.mp3,True
70a47e14-00fe-4ce8-8e6f-a8e4e393b98e,3f8981ae-59bb-4717-9a0e-2dc8523c05bf,Jamendo Track 452562,Jamendo Artist,Single,2024,265.1,MTG-Jamendo,452562,audio/452562.mp3,True
9603187b-3344-46de-9209-e0b074162768,bdb81414-42aa-4ba1-b9d1-4ad9ed84dabb,Jamendo Track 240691,Jamendo Artist,Single,2024,179.3,MTG-Jamendo,240691,audio/240691.mp3,True
6bb1ec3a-f226-45d0-b3ff-98b279e6c8c9,cd2583e3-7597-4e7f-beb5-fef2033225b1,Jamendo Track 182770,Jamendo Artist,Single,2024,192.0,MTG-Jamendo,182770,audio/182770.mp3,True
58cd449c-a01a-4602-b44e-8de8be06fdc9,61285afd-f26e-485d-9834-bda9772c4415,Jamendo Track 430670,Jamendo Artist,Single,2024,211.3,MTG-Jamendo,430670,audio/430670.mp3,True
e06120bb-8869-45b9-9402-cfcf9cfc0cee,13989b8c-2a64-4542-a975-fdd59796bc24,Jamendo Track 181603,Jamendo Artist,Single,2024,231.7,MTG-Jamendo,181603,audio/181603.mp3,True
2ea29e95-8a91-4055-98cf-a10687e8a27e,ed337ba8-b33c-4d6f-b631-71a6aaafa177,Jamendo Track 68461,Jamendo Artist,Single,2024,177.4,MTG-Jamendo,68461,audio/68461.mp3,True
e8bea95f-dc15-48ea-942f-b9228dd6e625,9fb74f65-03c0-4ac1-867c-eb68ec1dfffc,Jamendo Track 1079972,Jamendo Artist,Single,2024,356.4,MTG-Jamendo,1079972,audio/1079972.mp3,True
7bb5818a-38c1-4ff0-ab06-0170d0547f60,835fcc57-858b-4aa5-95d7-579f57f4e43e,Jamendo Track 141759,Jamendo Artist,Single,2024,253.8,MTG-Jamendo,141759,audio/141759.mp3,True
c4dab947-c03e-4e0f-884d-dedfc035c87c,c084b03c-3081-418f-95f5-3ae5139589e6,Jamendo Track 68464,Jamendo Artist,Single,2024,179.6,MTG-Jamendo,68464,audio/68464.mp3,True
05a1976a-050d-41da-aa5f-692232591402,3fdc9383-dc95-48dd-95fa-2c5741bb6913,Jamendo Track 435846,Jamendo Artist,Single,2024,105.1,MTG-Jamendo,435846,audio/435846.mp3,True
5bc76069-abe1-4962-b4d2-4e76e6468024,a2b0526e-ff33-46c0-a1d6-f6b8117c4342,Jamendo Track 175332,Jamendo Artist,Single,2024,169.3,MTG-Jamendo,175332,audio/175332.mp3,True
5658b18b-c1b0-4137-88a4-f2b147a3ead6,81fd24a9-2634-454b-b463-7e9e15ab3846,Jamendo Track 15121,Jamendo Artist,Single,2024,271.7,MTG-Jamendo,15121,audio/15121.mp3,True
baa7ccc3-9de9-481a-bf4f-7bdbc3e9bb0f,8c0d036f-4006-4fd4-b659-855ac0711a06,Jamendo Track 94798,Jamendo Artist,Single,2024,256.5,MTG-Jamendo,94798,audio/94798.mp3,True
e0d967b2-e3a3-43df-a216-053e7f74daed,5fa6a0e4-e75e-48c6-a2e5-d623c6f9e702,Jamendo Track 253717,Jamendo Artist,Single,2024,257.6,MTG-Jamendo,253717,audio/253717.mp3,True
020d00cc-107b-46af-8311-471e170d0650,da6e44b4-364f-4a3d-b717-9c8929203e8f,Jamendo Track 339425,Jamendo Artist,Single,2024,208.8,MTG-Jamendo,339425,audio/339425.mp3,True
db86b95f-a923-4ae1-8209-70606af98e68,bfd260c6-49a2-4a76-a770-f1ad73ef85cc,Jamendo Track 1349988,Jamendo Artist,Single,2024,573.3,MTG-Jamendo,1349988,audio/1349988.mp3,True
ab37fb71-99ce-41e9-b03a-86cc77803365,113d389d-f3e4-4385-8a24-12bcafd2ebf9,Jamendo Track 985180,Jamendo Artist,Single,2024,151.8,MTG-Jamendo,985180,audio/985180.mp3,True
4f86aa55-dc0c-45e1-b098-ba5be4a64826,47cdb90c-d91c-48f7-ac36-553404a98bb7,Jamendo Track 1098750,Jamendo Artist,Single,2024,273.4,MTG-Jamendo,1098750,audio/1098750.mp3,True
a877b84d-fdf8-46e9-b5cf-604fc40155d6,04d6446f-5b25-415c-ac28-45f6d876659d,Jamendo Track 22160,Jamendo Artist,Single,2024,128.7,MTG-Jamendo,22160,audio/22160.mp3,True
afce6498-8bc9-4d07-a361-0e1b48c0d051,58b0cffb-cddb-4a8b-ba2b-87362effaa33,Jamendo Track 1119035,Jamendo Artist,Single,2024,369.2,MTG-Jamendo,1119035,audio/1119035.mp3,True
1f423225-aa34-4e30-8134-98763f66383a,03f810f6-4435-44a2-b8b7-18ca8f7e2e96,Jamendo Track 237843,Jamendo Artist,Single,2024,241.5,MTG-Jamendo,237843,audio/237843.mp3,True
1ac829fe-c3dd-4988-aa98-a3c39962c706,5848e90c-c69a-4007-9bdb-3fc74cec1105,Jamendo Track 133288,Jamendo Artist,Single,2024,148.7,MTG-Jamendo,133288,audio/133288.mp3,True
131f837b-21c0-43f5-a98e-9754a46fd8dc,2a9e2706-d054-4ea5-9fc7-025533f198cb,Jamendo Track 222,Jamendo Artist,Single,2024,161.7,MTG-Jamendo,222,audio/222.mp3,True
86483268-e2f7-435c-9a88-6f2ac7c09750,d712d958-4f36-4dcf-9e48-047e8ae124e2,Jamendo Track 386570,Jamendo Artist,Single,2024,168.0,MTG-Jamendo,386570,audio/386570.mp3,True
e4932743-ae5d-4e47-b016-a5e70809257b,4603d776-1a09-4c72-a572-c4a77dbce4e9,Jamendo Track 814943,Jamendo Artist,Single,2024,209.4,MTG-Jamendo,814943,audio/814943.mp3,True
f7bc905c-f436-46c0-a095-e176c68da231,6ddccf94-2997-4bb7-8c77-b6e278b84bae,Jamendo Track 139747,Jamendo Artist,Single,2024,245.1,MTG-Jamendo,139747,audio/139747.mp3,True
5085f2f5-3e00-41c4-8866-90cf6410c69a,9f01a6a2-a93e-45c5-b999-3a094a3c1435,Jamendo Track 329644,Jamendo Artist,Single,2024,242.9,MTG-Jamendo,329644,audio/329644.mp3,True
34b1e0c0-3a0b-4393-9fc2-ebce563741e3,b7274cdc-7856-4745-95ef-8c217f70b1bf,Jamendo Track 320806,Jamendo Artist,Single,2024,315.9,MTG-Jamendo,320806,audio/320806.mp3,True
abc9652f-6892-4d1a-9870-510b8b9547b4,e74721ae-cce3-4ef0-b55e-7cc1b4798ad5,Jamendo Track 42333,Jamendo Artist,Single,2024,233.5,MTG-Jamendo,42333,audio/42333.mp3,True
ff897802-b532-4cc7-8bbd-ca27ed001827,2d1ae854-c60b-4c1e-8086-4de860f68ec5,Jamendo Track 280798,Jamendo Artist,Single,2024,447.3,MTG-Jamendo,280798,audio/280798.mp3,True
8f385c5b-e7f2-44d5-9493-58c820ac1755,55ef11b1-2218-4ef8-b10a-de06a80ed370,Jamendo Track 91933,Jamendo Artist,Single,2024,455.3,MTG-Jamendo,91933,audio/91933.mp3,True
f635247a-9881-4b1c-a8f7-fde2ba761976,fa233c2e-9f89-4123-9d09-3d7c92391ab7,Jamendo Track 16836,Jamendo Artist,Single,2024,493.0,MTG-Jamendo,16836,audio/16836.mp3,True
4e9ddce8-dd27-4cef-93dc-bfc3aa45ff0c,f9202874-a4d5-4151-b3b5-0b53a9636090,Jamendo Track 421995,Jamendo Artist,Single,2024,465.9,MTG-Jamendo,421995,audio/421995.mp3,True
da5999ee-1566-45d0-9e3f-2f9b8971e3ef,d99221f2-ac66-4be7-8165-e2f6abb59f09,Jamendo Track 95393,Jamendo Artist,Single,2024,419.0,MTG-Jamendo,95393,audio/95393.mp3,True
170f8572-d52e-4b9e-833f-82cfbb5b7034,21578558-ab9c-464b-bb39-580581f3d516,Jamendo Track 1206157,Jamendo Artist,Single,2024,124.6,MTG-Jamendo,1206157,audio/1206157.mp3,True
5c5a5899-3cc5-47a1-a582-0167d7e9f7d0,91586dca-c36f-4909-b64f-c7f0733de7b9,Jamendo Track 26755,Jamendo Artist,Single,2024,160.0,MTG-Jamendo,26755,audio/26755.mp3,True
3bf5f995-60bc-42a4-a079-aee238d421f0,d2e206d4-2ad2-438f-9244-ec26932de7ba,Jamendo Track 10673,Jamendo Artist,Single,2024,267.6,MTG-Jamendo,10673,audio/10673.mp3,True
23906c5e-0412-47aa-8512-c534f8edc435,d4f418f9-2af7-457b-9353-38d51a9d08d7,Jamendo Track 255696,Jamendo Artist,Single,2024,261.6,MTG-Jamendo,255696,audio/255696.mp3,True
e2efe246-16a5-4662-a8fd-ff57a771e382,1521af8a-7cfd-451e-8288-262003c9e0f4,Jamendo Track 253721,Jamendo Artist,Single,2024,170.0,MTG-Jamendo,253721,audio/253721.mp3,True
d23310ff-d336-456e-a4a7-51e4455c0621,e383b456-a60d-4e84-9c55-550349cc9e1d,Jamendo Track 393971,Jamendo Artist,Single,2024,207.3,MTG-Jamendo,393971,audio/393971.mp3,True
fe1b45e6-d8d5-4bd7-aae8-7bf6a848e3a9,b0a097c4-f832-44d2-b3c9-755d71408ecd,Jamendo Track 439242,Jamendo Artist,Single,2024,373.9,MTG-Jamendo,439242,audio/439242.mp3,True
b3a93a06-7f5e-4d03-8449-3620a72c5a5e,64a57176-9d9f-4014-ad18-d10fa69ecc33,Jamendo Track 334703,Jamendo Artist,Single,2024,192.4,MTG-Jamendo,334703,audio/334703.mp3,True
e110ee7b-4ffb-4c43-adbb-3832a694a041,b0b781e8-db95-432f-9b68-7e0785b0e30b,Jamendo Track 985169,Jamendo Artist,Single,2024,224.1,MTG-Jamendo,985169,audio/985169.mp3,True
50c43b64-0070-4fe2-8628-a0e539700ca4,860d14c0-58c3-4496-a4a9-d873aa263d24,Jamendo Track 213383,Jamendo Artist,Single,2024,244.8,MTG-Jamendo,213383,audio/213383.mp3,True
633ac7c5-5104-4662-a385-504c2d1d7480,c7c7fcf1-7b19-4172-a6cd-1cdfe19ae916,Jamendo Track 274351,Jamendo Artist,Single,2024,405.0,MTG-Jamendo,274351,audio/274351.mp3,True
e046355c-b740-446f-abeb-ea653010ac5c,6c020c8b-84d5-42de-b469-f284cd6e057e,Jamendo Track 491995,Jamendo Artist,Single,2024,233.1,MTG-Jamendo,491995,audio/491995.mp3,True
3ff91379-9cd1-46e4-8ed1-e1ea804d0f44,dcb049ca-79dc-4712-bb83-be5466c78d59,Jamendo Track 112899,Jamendo Artist,Single,2024,470.3,MTG-Jamendo,112899,audio/112899.mp3,True
d872b250-b42c-4c88-9b4b-da8f25fe4749,c6808cb7-6903-4c1e-b44a-aa7ece19595b,Jamendo Track 130377,Jamendo Artist,Single,2024,193.5,MTG-Jamendo,130377,audio/130377.mp3,True
efbc7610-99cb-4aa9-9f32-80ed74360865,1934bf8c-0761-4de5-ac40-7178ba7ba288,Jamendo Track 134689,Jamendo Artist,Single,2024,94.4,MTG-Jamendo,134689,audio/134689.mp3,True
12aa0331-f64c-46ef-9353-d132a7e4353d,f946a26e-8f13-481d-93fa-9a5bce432eb9,Jamendo Track 223905,Jamendo Artist,Single,2024,225.3,MTG-Jamendo,223905,audio/223905.mp3,True
7379e6bd-a1b7-4f79-86b1-b58e5facf1d0,9bd0a0de-cde3-4e2c-8efc-0a58be60648a,Jamendo Track 933999,Jamendo Artist,Single,2024,345.0,MTG-Jamendo,933999,audio/933999.mp3,True
d5633934-d464-47ca-87d2-c83d5180ff94,d701ea2b-8d78-4ab1-9342-c8a0ca9b552a,Jamendo Track 382416,Jamendo Artist,Single,2024,477.3,MTG-Jamendo,382416,audio/382416.mp3,True
42679710-7bde-48ed-b933-0ab59b34646c,a13cdc24-3ade-4213-8b30-5c9d9a39e82a,Jamendo Track 740339,Jamendo Artist,Single,2024,178.0,MTG-Jamendo,740339,audio/740339.mp3,True
2d2af069-966e-4120-8624-70cd21c4e83a,90044098-8a9c-4980-a5a3-492fb878f13b,Jamendo Track 221328,Jamendo Artist,Single,2024,359.4,MTG-Jamendo,221328,audio/221328.mp3,True
951eab24-0995-4585-a231-a957daf5ec03,3184ee24-aa18-4a9b-ace5-a9a82a7417a2,Jamendo Track 1010663,Jamendo Artist,Single,2024,295.8,MTG-Jamendo,1010663,audio/1010663.mp3,True
b8dee476-0ab5-4493-8522-8540e9f63285,c4e86813-8264-4016-9ccb-09b0f73cef3c,Jamendo Track 215581,Jamendo Artist,Single,2024,167.8,MTG-Jamendo,215581,audio/215581.mp3,True
62f8d077-be5c-43e1-b1ca-a8b072f29d62,ad4bf96c-41bd-42e2-976a-8dcf35158b66,Jamendo Track 131007,Jamendo Artist,Single,2024,254.1,MTG-Jamendo,131007,audio/131007.mp3,True
dd5282ba-1ccc-42c1-97a5-a9e866a59560,b9620a14-557a-46e2-8b2d-17dd2bec79b3,Jamendo Track 1103273,Jamendo Artist,Single,2024,112.8,MTG-Jamendo,1103273,audio/1103273.mp3,True
bd1eae8b-9c30-4f0e-a8f6-33b73e2b397e,f64c9af9-3cf6-40a4-9d30-b60810bb7a00,Jamendo Track 16143,Jamendo Artist,Single,2024,213.2,MTG-Jamendo,16143,audio/16143.mp3,True
c9bbee28-7e8b-416e-ab0b-acdf8b94c39d,f1181508-f794-4ec4-ad99-7b40db1bc0e2,Jamendo Track 1067030,Jamendo Artist,Single,2024,186.8,MTG-Jamendo,1067030,audio/1067030.mp3,True
b19a8d01-4c6d-42fe-a0ef-ad4345996612,599dad89-6a26-4177-9335-ace7cdb638ea,Jamendo Track 362055,Jamendo Artist,Single,2024,277.1,MTG-Jamendo,362055,audio/362055.mp3,True
c44f2e26-4741-4448-bfb7-4304d754f2d8,a1e39f84-567e-4b8b-b743-6a266d7433dd,Jamendo Track 1397899,Jamendo Artist,Single,2024,624.1,MTG-Jamendo,1397899,audio/1397899.mp3,True
32fdcd57-24fc-4df8-90e6-b92180a530d2,4de6c2bb-6f98-4310-9bcb-f47d7db29bc3,Jamendo Track 273614,Jamendo Artist,Single,2024,334.5,MTG-Jamendo,273614,audio/273614.mp3,True
bffa9581-2593-42c4-8234-30f50f18e467,19b0b072-44c4-4fb3-b97f-7e3530dac6a6,Jamendo Track 7206,Jamendo Artist,Single,2024,256.5,MTG-Jamendo,7206,audio/7206.mp3,True
7c5af873-21db-4657-9545-e8d70faae133,90121614-e5be-47e2-b383-f326d778887c,Jamendo Track 391425,Jamendo Artist,Single,2024,221.8,MTG-Jamendo,391425,audio/391425.mp3,True
c9b566a8-c3b3-4793-8355-805cb6cfe8b7,70bb6742-5b92-461f-af50-1862820404ed,Jamendo Track 1302443,Jamendo Artist,Single,2024,515.6,MTG-Jamendo,1302443,audio/1302443.mp3,True
418ffd82-a681-4dbe-9b5a-845740c26ac4,6894d0e9-b6d3-4405-b96e-da73491ba4c8,Jamendo Track 495553,Jamendo Artist,Single,2024,40.0,MTG-Jamendo,495553,audio/495553.mp3,True
95662bd2-27f9-4ea7-babc-d6e67e8d4fab,b7ae2a27-e22f-4d62-8356-7a5b16880af6,Jamendo Track 10376,Jamendo Artist,Single,2024,745.9,MTG-Jamendo,10376,audio/10376.mp3,True
2497a8e0-62c0-4d13-8cce-c6cd1828f512,5e291a4e-6762-4ff1-a02c-ca23e748ee0a,Jamendo Track 458684,Jamendo Artist,Single,2024,264.9,MTG-Jamendo,458684,audio/458684.mp3,True
fe24351b-14d7-473b-9445-e2bc562db62a,c18ba98f-08f4-40f4-9b28-6e8405b30098,Jamendo Track 225095,Jamendo Artist,Single,2024,185.1,MTG-Jamendo,225095,audio/225095.mp3,True
32f9b42c-2aa7-4ed6-b22e-8d3ece25a791,403005cf-76cd-42a2-8b44-785539745473,Jamendo Track 594845,Jamendo Artist,Single,2024,280.6,MTG-Jamendo,594845,audio/594845.mp3,True
14ac805b-d60d-4999-8e58-aab232184901,fb88c682-dc5c-4da3-a65b-dfd7bdaf534f,Jamendo Track 208032,Jamendo Artist,Single,2024,210.1,MTG-Jamendo,208032,audio/208032.mp3,True
43fb4812-dca5-4ccb-85d8-6b09a666b6de,906d3329-8f0c-459f-b6b9-2acb95aea39d,Jamendo Track 381531,Jamendo Artist,Single,2024,215.8,MTG-Jamendo,381531,audio/381531.mp3,True
2beb39e3-561a-4148-a9a5-69363a4e1b08,bd484d58-a3fa-48b2-8c7b-1c2b7ac132b7,Jamendo Track 112948,Jamendo Artist,Single,2024,374.0,MTG-Jamendo,112948,audio/112948.mp3,True
f4a31daf-7511-4d05-930b-f83e8f06dc06,7e9192f0-7e59-46ab-b717-c0b533ddb12d,Jamendo Track 973754,Jamendo Artist,Single,2024,124.3,MTG-Jamendo,973754,audio/973754.mp3,True
64b94786-7fa9-4436-b45d-61e53d1997e5,7047c2d4-e1c3-4e72-9a7d-08634cec815d,Jamendo Track 162647,Jamendo Artist,Single,2024,188.6,MTG-Jamendo,162647,audio/162647.mp3,True
76e137df-1fb0-483f-8cd7-4801c8e0d9d2,822f5db9-98a2-4de1-b49c-32b727d3550b,Jamendo Track 235905,Jamendo Artist,Single,2024,371.2,MTG-Jamendo,235905,audio/235905.mp3,True
49cd35f1-7f19-4fd2-b9ee-7cb56a1af51f,8bedb0e2-98ed-49e9-9088-e497217d0a97,Jamendo Track 773056,Jamendo Artist,Single,2024,272.0,MTG-Jamendo,773056,audio/773056.mp3,True
6920faeb-2c82-4d7b-bf8a-2f61220b19f0,4b8fad5e-96fd-4477-85b7-91945decbf86,Jamendo Track 1158692,Jamendo Artist,Single,2024,195.9,MTG-Jamendo,1158692,audio/1158692.mp3,True
1d9e58c0-37f3-4162-b30d-956121e590d9,9d8fa450-c7a9-4974-9fef-79d30a14e34e,Jamendo Track 161542,Jamendo Artist,Single,2024,293.5,MTG-Jamendo,161542,audio/161542.mp3,True
2b0ff9d3-a9b5-4b6a-a5ea-254093f35550,62d5acd3-0bf8-43d8-837c-a1210b4c0dea,Jamendo Track 353485,Jamendo Artist,Single,2024,164.3,MTG-Jamendo,353485,audio/353485.mp3,True
8552c435-2412-479b-94dc-52a70ec6b22f,271d85d9-a903-41ca-86c3-e65ae652f850,Jamendo Track 261119,Jamendo Artist,Single,2024,249.2,MTG-Jamendo,261119,audio/261119.mp3,True
c17e23ab-c1b4-449b-8842-2d0b9889d230,f3c5eae7-7711-4f57-b793-7b73e10ab726,Jamendo Track 443389,Jamendo Artist,Single,2024,324.9,MTG-Jamendo,443389,audio/443389.mp3,True
fbc04fda-965a-4013-aa9b-52e9c0387b24,405660cb-771a-4be9-84b1-de7214f66603,Jamendo Track 217689,Jamendo Artist,Single,2024,308.6,MTG-Jamendo,217689,audio/217689.mp3,True
eacbec56-d7eb-4fd2-aaf6-6048473ac1f0,8c061c3b-653b-4e9f-9af9-961f5eea375b,Jamendo Track 165324,Jamendo Artist,Single,2024,266.7,MTG-Jamendo,165324,audio/165324.mp3,True
318a7573-f452-4657-8690-e16a3efb3dda,7594189d-d60a-42af-9dce-b9f8e2a57d13,Jamendo Track 1098805,Jamendo Artist,Single,2024,378.0,MTG-Jamendo,1098805,audio/1098805.mp3,True
5198c658-a9a4-48e3-9761-9568e0871273,8234c72d-1bc7-48c7-801d-c19a584a168b,Jamendo Track 190872,Jamendo Artist,Single,2024,241.7,MTG-Jamendo,190872,audio/190872.mp3,True
74cbe63c-e07c-4782-9532-5ae1e9420ed3,dbafe9fa-7195-4ae7-aeb8-ebf41de29496,Jamendo Track 1947,Jamendo Artist,Single,2024,252.7,MTG-Jamendo,1947,audio/1947.mp3,True
199a2ab6-fac8-41de-b57b-dd1504beb4bf,a6afb9f7-7e9d-4982-9526-af3bef45e9a8,Jamendo Track 1374054,Jamendo Artist,Single,2024,87.3,MTG-Jamendo,1374054,audio/1374054.mp3,True
7e52164f-1f04-4843-8b14-59358f3f2672,6d2787fc-93ce-49b3-8aeb-72e33d1bbef6,Jamendo Track 238537,Jamendo Artist,Single,2024,284.0,MTG-Jamendo,238537,audio/238537.mp3,True
8d7c7765-9a96-404f-9d03-9134e391c469,66499d51-7a0f-4439-beb9-b9e9935cb3bf,Jamendo Track 42319,Jamendo Artist,Single,2024,348.4,MTG-Jamendo,42319,audio/42319.mp3,True
8e38b7d1-62d1-43e9-b9ef-7c201fb25e6f,0991d244-4913-4f8f-beba-2844904f70b1,Jamendo Track 26009,Jamendo Artist,Single,2024,251.7,MTG-Jamendo,26009,audio/26009.mp3,True
e90f7522-8824-423c-86bf-ef83eb29db53,ea6127a3-bc08-455d-b4c4-1c7d96c66e4a,Jamendo Track 167287,Jamendo Artist,Single,2024,248.2,MTG-Jamendo,167287,audio/167287.mp3,True
cb1edde1-1bf4-40b9-a4bb-29fdf1fa1261,715f8e23-2301-48e4-8e67-e876f2f613a7,Jamendo Track 1095496,Jamendo Artist,Single,2024,152.8,MTG-Jamendo,1095496,audio/1095496.mp3,True
cf41ad6d-2c06-4cc7-9b86-cb8e9f4a5b4b,fd2ded48-9bdf-47a4-9894-d6b3fffd67bd,Jamendo Track 305847,Jamendo Artist,Single,2024,146.3,MTG-Jamendo,305847,audio/305847.mp3,True
093754c7-db70-40ef-92d5-d285a5a22a62,cbdd71d2-61f0-4268-ac32-eaca75325ccb,Jamendo Track 434886,Jamendo Artist,Single,2024,214.2,MTG-Jamendo,434886,audio/434886.mp3,True
60011614-6e2b-4811-aada-c1e5a10be970,2429ffb8-6921-48ef-8f33-05f78e8f90da,Jamendo Track 210814,Jamendo Artist,Single,2024,177.0,MTG-Jamendo,210814,audio/210814.mp3,True
a5a6eeb3-7beb-45d9-8b3f-a5d6d6bceee8,1318940b-504b-46d9-83f8-1a7e461ab10c,Jamendo Track 768648,Jamendo Artist,Single,2024,291.8,MTG-Jamendo,768648,audio/768648.mp3,True
9c17ddd1-6dac-41fe-b7a6-e92db3d4896a,2c223ba1-b5c5-4a4b-9a6f-7e4d0242ada4,Jamendo Track 45557,Jamendo Artist,Single,2024,172.5,MTG-Jamendo,45557,audio/45557.mp3,True
a571f3a6-66fe-4f29-b087-d1eb1a43f7c7,accdf920-2a6b-4128-a10c-df3fec6aad7d,Jamendo Track 73058,Jamendo Artist,Single,2024,51.0,MTG-Jamendo,73058,audio/73058.mp3,True
df38d707-642d-4b87-a460-3d710b56117e,651b6952-7188-4ca3-bb0b-347ef944fe3f,Jamendo Track 435491,Jamendo Artist,Single,2024,356.7,MTG-Jamendo,435491,audio/435491.mp3,True
32baea64-aef8-4257-9676-4cd3853ee8e6,10906dd8-d887-4660-85c7-160c95c82a43,Jamendo Track 134121,Jamendo Artist,Single,2024,175.1,MTG-Jamendo,134121,audio/134121.mp3,True
82b0fe79-e9f4-4300-9b5b-ea1a995f9163,f6de8faa-f5ad-45f7-8a49-0e32439f3182,Jamendo Track 248026,Jamendo Artist,Single,2024,699.4,MTG-Jamendo,248026,audio/248026.mp3,True
9cf6a885-ecc4-46c8-a252-0ac3e87fd19e,fd161325-ea80-4f85-9ae2-7e5d0bfb0a1b,Jamendo Track 159245,Jamendo Artist,Single,2024,598.6,MTG-Jamendo,159245,audio/159245.mp3,True
40f2aec9-6706-4eea-83c8-6cca57830d4a,1b08d3e9-684a-4778-b10d-55a9197d708b,Jamendo Track 1302658,Jamendo Artist,Single,2024,197.9,MTG-Jamendo,1302658,audio/1302658.mp3,True
1409fb89-21b2-43d3-be84-79ece592b73e,76b14435-87e3-4abf-9439-5f3ef15c8846,Jamendo Track 10567,Jamendo Artist,Single,2024,245.3,MTG-Jamendo,10567,audio/10567.mp3,True
1487e583-2eeb-4b32-bf90-ca45144610cb,9fd45e80-b418-4994-8c5e-86b27cfdca6b,Jamendo Track 1391859,Jamendo Artist,Single,2024,385.5,MTG-Jamendo,1391859,audio/1391859.mp3,True
6e160f5a-cbdc-46ee-8b12-3d5097d6c911,808eb41d-c9cf-40af-ac72-d2dc1087144b,Jamendo Track 141761,Jamendo Artist,Single,2024,296.0,MTG-Jamendo,141761,audio/141761.mp3,True
db8d28f2-1a36-4769-95a2-c5c5aef31cd4,942c7f7e-3711-4cb6-9b67-a6cbfe21c380,Jamendo Track 753081,Jamendo Artist,Single,2024,341.6,MTG-Jamendo,753081,audio/753081.mp3,True
a3f96e02-693b-4fb2-b95d-72f213ac9262,4e2d0783-821a-496f-8c80-09c5958d0147,Jamendo Track 175333,Jamendo Artist,Single,2024,214.2,MTG-Jamendo,175333,audio/175333.mp3,True
eeeb5c15-4a87-4064-836d-5ceefe529912,65cc1419-417a-4176-85f6-590a4cddd805,Jamendo Track 568194,Jamendo Artist,Single,2024,99.7,MTG-Jamendo,568194,audio/568194.mp3,True
6ca32e38-217e-4353-b356-39ddfb3d0e27,b24cc30a-9240-4993-a959-6f7e842cea9c,Jamendo Track 211828,Jamendo Artist,Single,2024,96.5,MTG-Jamendo,211828,audio/211828.mp3,True
f57ced81-d4ff-46c6-8754-8135e1722412,cebccbba-307e-4d09-b5fc-78e654e36082,Jamendo Track 167892,Jamendo Artist,Single,2024,228.9,MTG-Jamendo,167892,audio/167892.mp3,True
7db8d574-8d8f-4701-a86a-091b52c6c771,8fe4266b-abe4-41e7-b247-840c4058e744,Jamendo Track 492104,Jamendo Artist,Single,2024,177.3,MTG-Jamendo,492104,audio/492104.mp3,True
87ad3d2f-96e1-4a72-b00e-e94053912acf,6195ef51-2912-43e3-8579-e5d23e06fcc4,Jamendo Track 1067035,Jamendo Artist,Single,2024,240.0,MTG-Jamendo,1067035,audio/1067035.mp3,True
8ead82c0-392f-4f99-ae58-63fad887f0a3,0f8c48b8-7de5-49b7-a17a-585749da834e,Jamendo Track 449913,Jamendo Artist,Single,2024,239.6,MTG-Jamendo,449913,audio/449913.mp3,True
1c1c3a17-4a00-4fc4-9ae0-ccc893b20361,cb9a4261-3a1e-4a31-a1af-5a432139a5f8,Jamendo Track 434858,Jamendo Artist,Single,2024,186.6,MTG-Jamendo,434858,audio/434858.mp3,True
55b29fe2-4f50-471c-ae74-580f4438cf1c,29eb6c40-2222-4409-9eae-030ec16ca0ad,Jamendo Track 1007274,Jamendo Artist,Single,2024,140.2,MTG-Jamendo,1007274,audio/1007274.mp3,True
635de95b-77bd-4511-bfed-7dba89d1a30f,ce17b487-a7d2-4c51-81dc-9ab45c4a7ff1,Jamendo Track 131011,Jamendo Artist,Single,2024,282.4,MTG-Jamendo,131011,audio/131011.mp3,True
319a6147-5cd3-46b6-ba68-82c74d8a1d52,6e95f4cf-965a-4bbd-8215-880198ca71ef,Jamendo Track 395916,Jamendo Artist,Single,2024,154.7,MTG-Jamendo,395916,audio/395916.mp3,True
5bb29a06-2a89-47d6-86b5-642cb4f92ff3,29f51647-c410-4428-bccd-a9485cbd30be,Jamendo Track 179579,Jamendo Artist,Single,2024,218.1,MTG-Jamendo,179579,audio/179579.mp3,True
da16a4d9-694d-4ef8-ab80-2490c934e767,06f0ac3f-5970-46e8-9c56-16037e361880,Jamendo Track 168966,Jamendo Artist,Single,2024,171.6,MTG-Jamendo,168966,audio/168966.mp3,True
a66df916-03a8-4c7f-b844-99f9920edc8b,bb164ceb-75c3-445a-aacd-0421ba3c89aa,Jamendo Track 644055,Jamendo Artist,Single,2024,330.1,MTG-Jamendo,644055,audio/644055.mp3,True
b0228cc3-0b70-470d-974d-e8d98f2a6a5d,1368bd47-8f92-4147-936e-c3e1b4814f5d,Jamendo Track 1145058,Jamendo Artist,Single,2024,339.1,MTG-Jamendo,1145058,audio/1145058.mp3,True
aab5502a-b978-4996-8d2a-fd958a78bb0a,29bf0a35-2583-4822-9e34-791883359d9a,Jamendo Track 329649,Jamendo Artist,Single,2024,300.3,MTG-Jamendo,329649,audio/329649.mp3,True
189a7bcd-44d9-4278-b625-8938e92ca3e3,58af8862-00ad-4b07-b8f7-4d383604b8dd,Jamendo Track 24748,Jamendo Artist,Single,2024,277.7,MTG-Jamendo,24748,audio/24748.mp3,True
04130638-4156-473a-8c66-5d0dc046eca4,2b643767-a3cc-4a1c-bf48-4c397c306207,Jamendo Track 324377,Jamendo Artist,Single,2024,308.7,MTG-Jamendo,324377,audio/324377.mp3,True
53bf3b5f-adcb-44c3-9ec3-e4918da35b4f,5ff2b9a3-515a-4be6-8994-8327ea849abb,Jamendo Track 194942,Jamendo Artist,Single,2024,31.1,MTG-Jamendo,194942,audio/194942.mp3,True
b7064d5b-ca12-4c42-99f7-7d54e3c6e3ca,472d1ec0-cf99-4313-80af-26cb70ddb36f,Jamendo Track 3987,Jamendo Artist,Single,2024,197.7,MTG-Jamendo,3987,audio/3987.mp3,True
305a0037-0331-40f7-8e72-16a9011a5547,6ebee021-e718-404b-ab1d-4c1015960ce5,Jamendo Track 251641,Jamendo Artist,Single,2024,377.0,MTG-Jamendo,251641,audio/251641.mp3,True
21698e30-e269-4294-ae00-41e9be6d2266,7a0fcb88-5339-43cb-9808-f6af7a91cb1e,Jamendo Track 1069481,Jamendo Artist,Single,2024,1003.5,MTG-Jamendo,1069481,audio/1069481.mp3,True
2d35bc37-26a2-4041-9a36-67b3433c8acd,9792fed5-a53b-4b8d-b174-115e4d4cb499,Jamendo Track 76949,Jamendo Artist,Single,2024,233.7,MTG-Jamendo,76949,audio/76949.mp3,True
5f850ba4-9bcd-4144-ac00-527d536b2cf7,ee09f68b-c7cb-42eb-95be-5c2ca79fd24e,Jamendo Track 275790,Jamendo Artist,Single,2024,64.3,MTG-Jamendo,275790,audio/275790.mp3,True
d54f8dfa-8757-41b6-a54d-eb23b9a7485d,8e42b525-7f86-4bcb-8b63-2a09f888d6cb,Jamendo Track 1378483,Jamendo Artist,Single,2024,330.0,MTG-Jamendo,1378483,audio/1378483.mp3,True
9a5a0299-a566-4ebe-b064-56e187f1c326,e31d3966-082f-4a04-a9ab-32075a91b028,Jamendo Track 3449,Jamendo Artist,Single,2024,113.3,MTG-Jamendo,3449,audio/3449.mp3,True
594ccd69-ccbd-4858-a5e2-0192d9f9a26e,43aa5b73-d77f-46c6-aedb-ec8cbc89a1b6,Jamendo Track 734250,Jamendo Artist,Single,2024,212.0,MTG-Jamendo,734250,audio/734250.mp3,True
1c80cb32-f52c-40e3-9985-e16424cc2b2a,83aaba1a-2474-4f32-a476-de949257ec43,Jamendo Track 430762,Jamendo Artist,Single,2024,312.4,MTG-Jamendo,430762,audio/430762.mp3,True
171ae1a1-94ce-48cb-a4fc-bb48bba9f2d3,932f31b7-b4ac-4bff-b343-4c290d02f896,Jamendo Track 400403,Jamendo Artist,Single,2024,231.1,MTG-Jamendo,400403,audio/400403.mp3,True
589f7642-0041-44da-bf9d-8acf2f704d9a,1e3168cd-4ca6-42cb-91c4-be499d7b4a15,Jamendo Track 152311,Jamendo Artist,Single,2024,349.5,MTG-Jamendo,152311,audio/152311.mp3,True
23306568-68ac-42f7-b38a-e0a6e2060e35,4429c4e0-769a-4001-aaa3-76baa8d32753,Jamendo Track 687697,Jamendo Artist,Single,2024,226.5,MTG-Jamendo,687697,audio/687697.mp3,True
a8ce6228-84cc-494b-934a-e11e01df0ef7,828e5deb-7912-40b9-9078-c22fa03336b0,Jamendo Track 471390,Jamendo Artist,Single,2024,177.9,MTG-Jamendo,471390,audio/471390.mp3,True
3a13b199-e3fa-48a7-bae4-8c38f6601cfd,2cd616e8-e875-4bfe-8076-bd281eb895c3,Jamendo Track 1040556,Jamendo Artist,Single,2024,260.2,MTG-Jamendo,1040556,audio/1040556.mp3,True
15fabcf9-f404-4ac1-a5df-1a1a08f5ae57,92bb382d-4938-4f63-a76a-6a390a25d529,Jamendo Track 687696,Jamendo Artist,Single,2024,276.2,MTG-Jamendo,687696,audio/687696.mp3,True
31fac20d-a9bf-4b79-952f-b3444af5f5bd,8efce7fc-7c2c-4a5b-b295-f136bf07f10b,Jamendo Track 245317,Jamendo Artist,Single,2024,375.2,MTG-Jamendo,245317,audio/245317.mp3,True
22bae42b-c7ee-40f5-9792-74ac739404c8,e65d9172-686f-4b75-bec1-964b505d23d4,Jamendo Track 388816,Jamendo Artist,Single,2024,178.1,MTG-Jamendo,388816,audio/388816.mp3,True
0de3809c-ddd5-4a9a-9ca8-66722eeb8531,4292ff26-d4fe-4b73-bfa1-eabe29ffe612,Jamendo Track 271141,Jamendo Artist,Single,2024,444.6,MTG-Jamendo,271141,audio/271141.mp3,True
