rights_id,recording_id,composition_id,license_type,copyright_status,attribution_required,commercial_use_allowed,modification_allowed,monetization_allowed,revenue_share_required,territory,platform,valid_from,valid_until,source,source_url,verified_at
81297451-cbb0-4e56-8f76-48ed85aedb10,1bb9dbd8-d0bc-471f-9228-4c0a862049ad,ec516593-f538-4180-a14d-33f1c442a8ad,PUBLIC_DOMAIN,PUBLIC_DOMAIN,False,True,True,True,False,GLOBAL,ALL,1900-01-01,2099-12-31,Musopen / Public Domain Mark,https://creativecommons.org/publicdomain/mark/1.0/,2026-08-24T13:51:13.005312
632dc04c-27dc-4581-b1f1-efd142ff0f9f,9c7bddd2-2058-4a03-944c-5efe8384a8bc,53dfbf76-c1ad-4d7b-88d8-2b707b76eb9e,PUBLIC_DOMAIN,PUBLIC_DOMAIN,False,True,True,True,False,GLOBAL,ALL,1900-01-01,2099-12-31,Musopen / Public Domain Mark,https://creativecommons.org/publicdomain/mark/1.0/,2026-08-24T13:51:13.005312
c08fed98-f5bb-40f3-a7a7-4c82121c5087,1917bf5e-db5f-4af2-9d0b-509a32ba86dc,3e6cd084-98a2-4ac3-b799-15f397e82284,PUBLIC_DOMAIN,PUBLIC_DOMAIN,False,True,True,True,False,GLOBAL,ALL,1900-01-01,2099-12-31,Musopen / Public Domain Mark,https://creativecommons.org/publicdomain/mark/1.0/,2026-08-24T13:51:13.005312
0394e792-2eea-4036-abde-817f5e966234,4d6db240-f501-4b0e-a58f-b8e50f53caf9,6bd52384-3265-47b5-91cb-aed968b987a8,PUBLIC_DOMAIN,PUBLIC_DOMAIN,False,True,True,True,False,GLOBAL,ALL,1900-01-01,2099-12-31,Musopen / Public Domain Mark,https://creativecommons.org/publicdomain/mark/1.0/,2026-08-24T13:51:13.005312
8d70f5fa-f7da-477a-88d5-d5a0aa358201,eef01ee4-87e6-44dc-b4d0-a6aa97313afe,0f3eaa81-7866-4137-b5e5-10490b16e059,PUBLIC_DOMAIN,PUBLIC_DOMAIN,False,True,True,True,False,GLOBAL,ALL,1900-01-01,2099-12-31,Musopen / Public Domain Mark,https://creativecommons.org/publicdomain/mark/1.0/,2026-08-24T13:51:13.005312
65141468-6a6d-40a7-88c9-265fefbd252f,42afdf45-3445-41d6-a85e-1364f09d5c98,78a2fa35-db12-461f-98ee-02dc9cfdcf6b,PUBLIC_DOMAIN,PUBLIC_DOMAIN,False,True,True,True,False,GLOBAL,ALL,1900-01-01,2099-12-31,Musopen / Public Domain Mark,https://creativecommons.org/publicdomain/mark/1.0/,2026-08-24T13:51:13.005312
37b3e7ca-891e-411f-8caf-fb7425bf1791,4d97e4d4-c176-43b7-b777-52a24a221842,d108983a-da67-4b7a-947d-7124bb3a0850,PUBLIC_DOMAIN,PUBLIC_DOMAIN,False,True,True,True,False,GLOBAL,ALL,1900-01-01,2099-12-31,Musopen / Public Domain Mark,https://creativecommons.org/publicdomain/mark/1.0/,2026-08-24T13:51:13.005312
5e985853-00b4-433f-ba78-f820f7c9fe41,02f5b860-e222-49b7-9110-86542fa798eb,871d4082-c543-49e1-97c4-7df2daf7af1a,PUBLIC_DOMAIN,PUBLIC_DOMAIN,False,True,True,True,False,GLOBAL,ALL,1900-01-01,2099-12-31,Musopen / Public Domain Mark,https://creativecommons.org/publicdomain/mark/1.0/,2026-08-24T13:51:13.005312
c684d584-1eda-4e4f-b9a2-733d605825f6,4ceb815e-5fd0-49d4-af10-139f574c6c4f,6c09f7da-0be3-4107-b097-64f22e27eea0,PUBLIC_DOMAIN,PUBLIC_DOMAIN,False,True,True,True,False,GLOBAL,ALL,1900-01-01,2099-12-31,Musopen / Public Domain Mark,https://creativecommons.org/publicdomain/mark/1.0/,2026-08-24T13:51:13.005312
a7d30785-063e-45a4-a551-33243a4239d8,4d7cded6-d2db-43c7-af2b-a303bc03bcc7,83902ac3-509b-4858-9cb8-434a6d00a674,PUBLIC_DOMAIN,PUBLIC_DOMAIN,False,True,True,True,False,GLOBAL,ALL,1900-01-01,2099-12-31,Musopen / Public Domain Mark,https://creativecommons.org/publicdomain/mark/1.0/,2026-08-24T13:51:13.005312
bf72dcae-adbd-4868-854d-5de497fc954c,f887f14f-35e6-413a-b202-5f6f21aaa1ee,a95d166f-6db5-435f-a849-16a5b1bd3117,PUBLIC_DOMAIN,PUBLIC_DOMAIN,False,True,True,True,False,GLOBAL,ALL,1900-01-01,2099-12-31,Musopen / Public Domain Mark,https://creativecommons.org/publicdomain/mark/1.0/,2026-08-24T13:51:13.005312
e9cdbede-734e-41cf-9509-cf37950d6a3d,ff5d986f-9efb-45e2-9edf-d6b6136739f5,7382d68c-9f97-4dc5-b844-fe63bd00f8a5,PUBLIC_DOMAIN,PUBLIC_DOMAIN,False,True,True,True,False,GLOBAL,ALL,1900-01-01,2099-12-31,Musopen / Public Domain Mark,https://creativecommons.org/publicdomain/mark/1.0/,2026-08-24T13:51:13.005312
ed881b36-324f-40db-97e9-2307623263f7,efa8d0c1-69e2-47d2-b8ed-7d0affb165c9,97792a5d-273e-4220-94c8-4f80012e9f39,PUBLIC_DOMAIN,PUBLIC_DOMAIN,False,True,True,True,False,GLOBAL,ALL,1900-01-01,2099-12-31,Musopen / Public Domain Mark,https://creativecommons.org/publicdomain/mark/1.0/,2026-08-24T13:51:13.005312
6209c29c-84f9-4d8d-af0b-d82ceb715a0f,af047044-a715-4ee5-91ce-b6e2d639eb5f,7e6ad758-f653-48c3-81fe-0475a8ac9aa7,PUBLIC_DOMAIN,PUBLIC_DOMAIN,False,True,True,True,False,GLOBAL,ALL,1900-01-01,2099-12-31,Musopen / Public Domain Mark,https://creativecommons.org/publicdomain/mark/1.0/,2026-08-24T13:51:13.005312
e4c5b427-aef5-44c0-8b9e-17f22b9aac3a,23fbdbaf-e9e3-4b76-a4a6-e8e6775dce5e,1abcc0a3-b495-4fba-a9e4-659f2d91ba0f,PUBLIC_DOMAIN,PUBLIC_DOMAIN,False,True,True,True,False,GLOBAL,ALL,1900-01-01,2099-12-31,Musopen / Public Domain Mark,https://creativecommons.org/publicdomain/mark/1.0/,2026-08-24T13:51:13.005312
db0c019d-a5bf-40fc-bc5b-4e63ccce8e6f,ee89f847-87a7-4f7f-9bf3-cba1770575b0,6faeff0e-f49b-4d52-9149-0b643f54b915,PUBLIC_DOMAIN,PUBLIC_DOMAIN,False,True,True,True,False,GLOBAL,ALL,1900-01-01,2099-12-31,Musopen / Public Domain Mark,https://creativecommons.org/publicdomain/mark/1.0/,2026-08-24T13:51:13.005312
cb6146af-579b-459b-92f0-9bea1c03e522,a995ba31-76cb-410e-8848-bbde2aa42b6b,a8d31f24-93a1-4196-99ac-834c2ba9653c,PUBLIC_DOMAIN,PUBLIC_DOMAIN,False,True,True,True,False,GLOBAL,ALL,1900-01-01,2099-12-31,Musopen / Public Domain Mark,https://creativecommons.org/publicdomain/mark/1.0/,2026-08-24T13:51:13.005312
59f1f820-2e6e-4b21-affa-cc380c69474e,ef32c52c-e23a-4487-9d91-42b0614e088b,66341047-0b8b-4943-a59e-4c8e0660eb7f,PUBLIC_DOMAIN,PUBLIC_DOMAIN,False,True,True,True,False,GLOBAL,ALL,1900-01-01,2099-12-31,Musopen / Public Domain Mark,https://creativecommons.org/publicdomain/mark/1.0/,2026-08-24T13:51:13.005312
a98bb66a-e492-4024-9ea8-ab891c334f13,d6701b1a-83f9-4b82-b38b-19133a490926,2e19554a-899e-4394-87f9-32771e01a53a,PUBLIC_DOMAIN,PUBLIC_DOMAIN,False,True,True,True,False,GLOBAL,ALL,1900-01-01,2099-12-31,Musopen / Public Domain Mark,https://creativecommons.org/publicdomain/mark/1.0/,2026-08-24T13:51:13.005312
c498b601-c6bc-4bfc-ab43-4421f17708cf,8090285d-14e2-47f7-aceb-8f54d7730f91,5f83f0db-ba4d-41e0-ab4d-34065298aba3,PUBLIC_DOMAIN,PUBLIC_DOMAIN,False,True,True,True,False,GLOBAL,ALL,1900-01-01,2099-12-31,Musopen / Public Domain Mark,https://creativecommons.org/publicdomain/mark/1.0/,2026-08-24T13:51:13.005312
bce6ded8-c679-4d1a-bb42-bac5555c7d61,7245cf7a-ec3f-431a-a89d-929a6ac372e4,5ab48392-ec74-4984-b570-4e485753411d,PUBLIC_DOMAIN,PUBLIC_DOMAIN,False,True,True,True,False,GLOBAL,ALL,1900-01-01,2099-12-31,Musopen / Public Domain Mark,https://creativecommons.org/publicdomain/mark/1.0/,2026-08-24T13:51:13.005312
5ee994b2-f388-4b98-af41-76e71721d52c,c3060227-0e2f-4b9d-a758-a770e3a07886,1a9af958-4292-4b35-928f-350cfdce9240,PUBLIC_DOMAIN,PUBLIC_DOMAIN,False,True,True,True,False,GLOBAL,ALL,1900-01-01,2099-12-31,Musopen / Public Domain Mark,https://creativecommons.org/publicdomain/mark/1.0/,2026-08-24T13:51:13.005312
547d0d0a-8a8c-40cd-bb02-c7904182c0fc,492b0964-f3c3-496f-a409-fb36dbc7e9a7,a21f53b9-1c46-48d1-bdc8-937cc680945e,PUBLIC_DOMAIN,PUBLIC_DOMAIN,False,True,True,True,False,GLOBAL,ALL,1900-01-01,2099-12-31,Musopen / Public Domain Mark,https://creativecommons.org/publicdomain/mark/1.0/,2026-08-24T13:51:13.005312
634996c3-e266-4a0c-ac76-d2c089ce0db9,fdf35dc4-d847-4a48-b10d-bd1ee6cb5200,5864803c-6ce3-4b59-8b9e-785920a3eb93,PUBLIC_DOMAIN,PUBLIC_DOMAIN,False,True,True,True,False,GLOBAL,ALL,1900-01-01,2099-12-31,Musopen / Public Domain Mark,https://creativecommons.org/publicdomain/mark/1.0/,2026-08-24T13:51:13.005312
733e1d05-7157-46c3-a56d-69a92fc7ac78,e3d36c99-1914-495b-a452-2265806ec624,afcafeda-c943-44a0-835a-03e5bcb3f866,PUBLIC_DOMAIN,PUBLIC_DOMAIN,False,True,True,True,False,GLOBAL,ALL,1900-01-01,2099-12-31,Musopen / Public Domain Mark,https://creativecommons.org/publicdomain/mark/1.0/,2026-08-24T13:51:13.005312
816d374a-dcd7-4b5d-8f85-3c2e9f0fd9ac,aa60be4a-b11f-41c9-b988-44f90efc8a15,0311eac3-c76f-4b0e-b01b-da7c501ebe05,PUBLIC_DOMAIN,PUBLIC_DOMAIN,False,True,True,True,False,GLOBAL,ALL,1900-01-01,2099-12-31,Musopen / Public Domain Mark,https://creativecommons.org/publicdomain/mark/1.0/,2026-08-24T13:51:13.005312
ce4b7e47-56fb-49bf-87a3-ee5ff54a46ea,2f25618e-edb7-45e1-a216-21f073f0a620,17d2dd33-e25d-46d8-83b1-3f5953f1f586,PUBLIC_DOMAIN,PUBLIC_DOMAIN,False,True,True,True,False,GLOBAL,ALL,1900-01-01,2099-12-31,Musopen / Public Domain Mark,https://creativecommons.org/publicdomain/mark/1.0/,2026-08-24T13:51:13.005312
d158693d-60fa-48c5-9413-370f4ec85448,bf384565-158e-4822-9c63-6e57dc4bae54,5a6ad5eb-cf4b-4163-817c-7bb913e2f3dd,PUBLIC_DOMAIN,PUBLIC_DOMAIN,False,True,True,True,False,GLOBAL,ALL,1900-01-01,2099-12-31,Musopen / Public Domain Mark,https://creativecommons.org/publicdomain/mark/1.0/,2026-08-24T13:51:13.005312
4a7ed45d-803a-4b47-abeb-9b4376447fe6,0eff2c81-b9db-44c3-8576-2b57e687851b,84c2bd23-8145-488f-b65e-01eafa968cd9,PUBLIC_DOMAIN,PUBLIC_DOMAIN,False,True,True,True,False,GLOBAL,ALL,1900-01-01,2099-12-31,Musopen / Public Domain Mark,https://creativecommons.org/publicdomain/mark/1.0/,2026-08-24T13:51:13.005312
50eeea89-96db-4121-874b-7247ce4e5666,709ee3f8-26b7-457e-81aa-a4bf6c18c128,c177c3ca-fed3-4df2-814c-e848ae33cc5d,PUBLIC_DOMAIN,PUBLIC_DOMAIN,False,True,True,True,False,GLOBAL,ALL,1900-01-01,2099-12-31,Musopen / Public Domain Mark,https://creativecommons.org/publicdomain/mark/1.0/,2026-08-24T13:51:13.005312
e86b788f-ce16-4d9b-9dd0-1b50cc7b341f,515725b8-0c94-4095-936d-58002aee9dda,0a0ad744-bdc3-4fb4-bd13-c6cddb5ffaa1,PUBLIC_DOMAIN,PUBLIC_DOMAIN,False,True,True,True,False,GLOBAL,ALL,1900-01-01,2099-12-31,Musopen / Public Domain Mark,https://creativecommons.org/publicdomain/mark/1.0/,2026-08-24T13:51:13.005312
714a49f3-f556-4c77-8b59-a483b775b544,e6d37b1a-7c50-42fb-93ab-f84353767510,5f911bb3-8006-42b3-8cbf-7a108120f7b7,PUBLIC_DOMAIN,PUBLIC_DOMAIN,False,True,True,True,False,GLOBAL,ALL,1900-01-01,2099-12-31,Musopen / Public Domain Mark,https://creativecommons.org/publicdomain/mark/1.0/,2026-08-24T13:51:13.005312
789d937c-3177-4168-a691-c41daf30f599,9bbba430-6d46-477b-9542-553f5d31e170,ebf68b7b-5f02-429b-8188-4df547f4340a,PUBLIC_DOMAIN,PUBLIC_DOMAIN,False,True,True,True,False,GLOBAL,ALL,1900-01-01,2099-12-31,Musopen / Public Domain Mark,https://creativecommons.org/publicdomain/mark/1.0/,2026-08-24T13:51:13.005312
c85543b2-a02d-41bf-82ee-350de6f7df2b,e40ceee0-6d8a-43bc-8fa9-5ae039e76fc6,165e17f9-12d4-441a-aa18-f223b33f788c,PUBLIC_DOMAIN,PUBLIC_DOMAIN,False,True,True,True,False,GLOBAL,ALL,1900-01-01,2099-12-31,Musopen / Public Domain Mark,https://creativecommons.org/publicdomain/mark/1.0/,2026-08-24T13:51:13.005312
fd0ae2c9-4656-485c-8230-8f0e04186d81,f41a9d94-04f8-4ff2-9034-b5563ed603a9,1f8bd6d0-b032-4e85-bc7a-e70b074f3bcb,PUBLIC_DOMAIN,PUBLIC_DOMAIN,False,True,True,True,False,GLOBAL,ALL,1900-01-01,2099-12-31,Musopen / Public Domain Mark,https://creativecommons.org/publicdomain/mark/1.0/,2026-08-24T13:51:13.005312
c4d053c1-e37c-45ae-91a4-fe78285cb9cf,da41839f-4ec2-4e76-bf19-d4591e01df18,f7f1e176-47c9-4a10-b93f-54820279737c,PUBLIC_DOMAIN,PUBLIC_DOMAIN,False,True,True,True,False,GLOBAL,ALL,1900-01-01,2099-12-31,Musopen / Public Domain Mark,https://creativecommons.org/publicdomain/mark/1.0/,2026-08-24T13:51:13.005312
187de360-e00e-4ddc-b68d-52a1276f3fee,94bb65bc-d425-45aa-ba09-b7fbf808e8a7,464a94b5-2fc1-4c35-b1ae-12ff74637f73,PUBLIC_DOMAIN,PUBLIC_DOMAIN,False,True,True,True,False,GLOBAL,ALL,1900-01-01,2099-12-31,Musopen / Public Domain Mark,https://creativecommons.org/publicdomain/mark/1.0/,2026-08-24T13:51:13.005312
e9c18bf0-5ae4-47fb-a544-d0183b540c75,a3d01882-8799-4e57-b5ce-2c7b0a1824e0,46263065-c4df-455f-81e5-a5faa1afa4b8,PUBLIC_DOMAIN,PUBLIC_DOMAIN,False,True,True,True,False,GLOBAL,ALL,1900-01-01,2099-12-31,Musopen / Public Domain Mark,https://creativecommons.org/publicdomain/mark/1.0/,2026-08-24T13:51:13.005312
85788faf-e763-4513-b8ea-5ab902bb593a,298f2c70-e2d3-4026-b3e6-1a813ca332c8,cec19fb9-b473-44af-a66d-fb2b337e1516,PUBLIC_DOMAIN,PUBLIC_DOMAIN,False,True,True,True,False,GLOBAL,ALL,1900-01-01,2099-12-31,Musopen / Public Domain Mark,https://creativecommons.org/publicdomain/mark/1.0/,2026-08-24T13:51:13.005312
b6a909c6-427b-4fcd-820e-af0295fdc5b5,9ce1d392-1827-45d2-84d3-76e7ce6b6679,abf5385b-3591-4613-accc-dd7bc7308914,PUBLIC_DOMAIN,PUBLIC_DOMAIN,False,True,True,True,False,GLOBAL,ALL,1900-01-01,2099-12-31,Musopen / Public Domain Mark,https://creativecommons.org/publicdomain/mark/1.0/,2026-08-24T13:51:13.005312
789a17e6-057f-4cca-a666-4ffdbe2b981f,e3998d24-3e99-422a-bb34-bbb830d587dc,efeaf729-57ff-48b7-98e2-5021e9cfe88c,PUBLIC_DOMAIN,PUBLIC_DOMAIN,False,True,True,True,False,GLOBAL,ALL,1900-01-01,2099-12-31,Musopen / Public Domain Mark,https://creativecommons.org/publicdomain/mark/1.0/,2026-08-24T13:51:13.005312
fb34ac6b-3c2b-4346-a7ba-068453cd45e8,37a73efe-b46d-4288-9ba2-174618f11fc6,d33da2ca-f617-4364-97f1-7c984ae410de,PUBLIC_DOMAIN,PUBLIC_DOMAIN,False,True,True,True,False,GLOBAL,ALL,1900-01-01,2099-12-31,Musopen / Public Domain Mark,https://creativecommons.org/publicdomain/mark/1.0/,2026-08-24T13:51:13.005312
97949b0d-cabe-4da5-bf63-c54dcd1e9457,67e0045e-0bcb-4a5c-9f87-526c52cc4c6c,6617089e-4753-4c7d-b957-82f255bb3e08,PUBLIC_DOMAIN,PUBLIC_DOMAIN,False,True,True,True,False,GLOBAL,ALL,1900-01-01,2099-12-31,Musopen / Public Domain Mark,https://creativecommons.org/publicdomain/mark/1.0/,2026-08-24T13:51:13.005312
8e66411c-8507-4c67-aac2-20fa8925d8cd,4cd25617-6d6a-47d8-8e71-00a1d5a88140,de2897da-86cc-4bdc-b9a0-d435aa1da09d,PUBLIC_DOMAIN,PUBLIC_DOMAIN,False,True,True,True,False,GLOBAL,ALL,1900-01-01,2099-12-31,Musopen / Public Domain Mark,https://creativecommons.org/publicdomain/mark/1.0/,2026-08-24T13:51:13.005312
296bdd13-79e2-455f-859d-47ed3ed99217,b0211c4d-5df5-4ec6-aee9-75b1cb832eea,6b51ae70-1739-4979-999b-6bd3f1f53a93,PUBLIC_DOMAIN,PUBLIC_DOMAIN,False,True,True,True,False,GLOBAL,ALL,1900-01-01,2099-12-31,Musopen / Public Domain Mark,https://creativecommons.org/publicdomain/mark/1.0/,2026-08-24T13:51:13.005312
dd8b23e9-cac1-470c-b333-41eedf368edb,08177d71-8840-4b59-9988-e36b14e2312c,5a18c983-e5d5-4794-aa35-fbb7721cf426,PUBLIC_DOMAIN,PUBLIC_DOMAIN,False,True,True,True,False,GLOBAL,ALL,1900-01-01,2099-12-31,Musopen / Public Domain Mark,https://creativecommons.org/publicdomain/mark/1.0/,2026-08-24T13:51:13.005312
12a1b9b4-7e2f-4e1c-b43a-965c891a0d14,302f4aad-1ad7-4870-b369-052b384f6f93,44afe03b-4840-4710-b49c-6695153aa54a,PUBLIC_DOMAIN,PUBLIC_DOMAIN,False,True,True,True,False,GLOBAL,ALL,1900-01-01,2099-12-31,Musopen / Public Domain Mark,https://creativecommons.org/publicdomain/mark/1.0/,2026-08-24T13:51:13.005312
0253d393-5a13-4caa-956b-1a82394254d7,f7e90bb3-18c9-4ddc-baeb-519e3efb82d7,7b144213-f66e-45c7-99c1-c7d527ab572b,PUBLIC_DOMAIN,PUBLIC_DOMAIN,False,True,True,True,False,GLOBAL,ALL,1900-01-01,2099-12-31,Musopen / Public Domain Mark,https://creativecommons.org/publicdomain/mark/1.0/,2026-08-24T13:51:13.005312
a661e441-dd81-474f-960e-33eb71d9fd69,620975da-f6fe-4400-9958-17e979cd3a55,80cbd524-0a8b-4392-865f-ef582ff105cb,PUBLIC_DOMAIN,PUBLIC_DOMAIN,False,True,True,True,False,GLOBAL,ALL,1900-01-01,2099-12-31,Musopen / Public Domain Mark,https://creativecommons.org/publicdomain/mark/1.0/,2026-08-24T13:51:13.005312
51896e77-890e-47d6-a5b5-dd15b37b969d,31cb3caf-071e-4e1c-9641-62b41977f8b8,739d0edb-a8c9-4e15-9db9-0f1802e8cab1,PUBLIC_DOMAIN,PUBLIC_DOMAIN,False,True,True,True,False,GLOBAL,ALL,1900-01-01,2099-12-31,Musopen / Public Domain Mark,https://creativecommons.org/publicdomain/mark/1.0/,2026-08-24T13:51:13.005312
afca698e-012f-48a7-ad15-61f3d20c24e3,9172c172-f872-4095-b962-bef85bfa70d6,89a5803d-cd6f-4e17-9c6e-a3fdd9a3f918,PUBLIC_DOMAIN,PUBLIC_DOMAIN,False,True,True,True,False,GLOBAL,ALL,1900-01-01,2099-12-31,Musopen / Public Domain Mark,https://creativecommons.org/publicdomain/mark/1.0/,2026-08-24T13:51:13.005312
67151931-79f8-4016-ab2f-eafb0e60ba7a,35abed4c-15e5-4435-bdb9-5b31581cbec8,bcb14e6e-be50-4f48-bc98-e9bf1b882be7,PUBLIC_DOMAIN,PUBLIC_DOMAIN,False,True,True,True,False,GLOBAL,ALL,1900-01-01,2099-12-31,Musopen / Public Domain Mark,https://creativecommons.org/publicdomain/mark/1.0/,2026-08-24T13:51:13.005312
849f8d93-c963-4b3b-b212-d82ac51a588b,d2d7070b-45e5-4330-8e86-131f513cc7a4,a25fd6f5-0bdb-4fe8-89af-82c415e64685,PUBLIC_DOMAIN,PUBLIC_DOMAIN,False,True,True,True,False,GLOBAL,ALL,1900-01-01,2099-12-31,Musopen / Public Domain Mark,https://creativecommons.org/publicdomain/mark/1.0/,2026-08-24T13:51:13.005312
948574c7-80a3-402f-976a-ee1356acd119,82b13ce9-1595-48d0-9e91-e4c53a1a1e60,d17c1056-788b-4cf0-80c3-07c0ca9e3844,PUBLIC_DOMAIN,PUBLIC_DOMAIN,False,True,True,True,False,GLOBAL,ALL,1900-01-01,2099-12-31,Musopen / Public Domain Mark,https://creativecommons.org/publicdomain/mark/1.0/,2026-08-24T13:51:13.005312
bb19f4c8-1c58-4d0d-ab3b-0c52ab2eb49d,a157b052-3f37-4f0f-a6e2-20e062b472df,0dcb68b2-2ac4-4e34-a9f0-111b65bc1575,PUBLIC_DOMAIN,PUBLIC_DOMAIN,False,True,True,True,False,GLOBAL,ALL,1900-01-01,2099-12-31,Musopen / Public Domain Mark,https://creativecommons.org/publicdomain/mark/1.0/,2026-08-24T13:51:13.005312
42bdce4e-12e5-45a5-9278-3b2b43bc7eb3,4f3d77f6-feaa-411d-bbe7-1281bd1b320a,d3c80b1d-dafe-4a5c-b904-1db74a04e7c6,PUBLIC_DOMAIN,PUBLIC_DOMAIN,False,True,True,True,False,GLOBAL,ALL,1900-01-01,2099-12-31,Musopen / Public Domain Mark,https://creativecommons.org/publicdomain/mark/1.0/,2026-08-24T13:51:13.005312
8b618106-e7a6-4e0b-bd69-3e7b43fef13e,b1b9cc02-6fb7-4c8d-b737-ecabffffa3e7,3ea6c24f-1607-4535-af77-3013ff2a11a9,PUBLIC_DOMAIN,PUBLIC_DOMAIN,False,True,True,True,False,GLOBAL,ALL,1900-01-01,2099-12-31,Musopen / Public Domain Mark,https://creativecommons.org/publicdomain/mark/1.0/,2026-08-24T13:51:13.005312
994c4039-e20e-44da-a72b-a14c0c96fcab,983cfaba-55a8-4d50-a0aa-14a6b0c32def,e8935577-f733-4fce-b81c-d37cab66dc55,PUBLIC_DOMAIN,PUBLIC_DOMAIN,False,True,True,True,False,GLOBAL,ALL,1900-01-01,2099-12-31,Musopen / Public Domain Mark,https://creativecommons.org/publicdomain/mark/1.0/,2026-08-24T13:51:13.005312
496bd8ca-dbd0-4706-a605-e990f6a9d897,8086bc7f-5b9d-4899-a153-018d4891c6fe,9393ff8c-c50e-4d0d-a1e3-156fd63993fb,PUBLIC_DOMAIN,PUBLIC_DOMAIN,False,True,True,True,False,GLOBAL,ALL,1900-01-01,2099-12-31,Musopen / Public Domain Mark,https://creativecommons.org/publicdomain/mark/1.0/,2026-08-24T13:51:13.005312
7ac8e93c-3eec-418c-a163-958c64d97718,00c0ada2-5cb9-4c68-892f-8f625382e0d7,ba3ae69b-0366-4eff-8a38-db136ba23a0b,PUBLIC_DOMAIN,PUBLIC_DOMAIN,False,True,True,True,False,GLOBAL,ALL,1900-01-01,2099-12-31,Musopen / Public Domain Mark,https://creativecommons.org/publicdomain/mark/1.0/,2026-08-24T13:51:13.005312
df306dc8-a37c-476d-a38c-5803f87deed6,a3b2650f-f667-4f18-a33c-d7925315c990,246370b3-b24a-4faa-b180-ef92a58b0663,PUBLIC_DOMAIN,PUBLIC_DOMAIN,False,True,True,True,False,GLOBAL,ALL,1900-01-01,2099-12-31,Musopen / Public Domain Mark,https://creativecommons.org/publicdomain/mark/1.0/,2026-08-24T13:51:13.005312
0c85e4c7-af60-455b-a7c7-47b67ab28c5d,88bc0303-fc2e-41bd-9246-022079e7ca85,f679e8a3-3d69-4068-af2f-c5a5b5fd1f4e,PUBLIC_DOMAIN,PUBLIC_DOMAIN,False,True,True,True,False,GLOBAL,ALL,1900-01-01,2099-12-31,Musopen / Public Domain Mark,https://creativecommons.org/publicdomain/mark/1.0/,2026-08-24T13:51:13.005312
ebd2a9da-0eb7-4f4d-99a1-75c26f0b2a76,68d532b5-94da-4f84-851c-84f3b45d5ca0,75ba4882-acc1-4e28-adca-e56679d65032,PUBLIC_DOMAIN,PUBLIC_DOMAIN,False,True,True,True,False,GLOBAL,ALL,1900-01-01,2099-12-31,Musopen / Public Domain Mark,https://creativecommons.org/publicdomain/mark/1.0/,2026-08-24T13:51:13.005312
fb0e443a-f45b-484a-ab30-c1170840a040,b3e1d347-74f2-4f78-ba34-00f94a0ab777,9fc48eed-9643-49fc-af10-ef96dc2e268c,PUBLIC_DOMAIN,PUBLIC_DOMAIN,False,True,True,True,False,GLOBAL,ALL,1900-01-01,2099-12-31,Musopen / Public Domain Mark,https://creativecommons.org/publicdomain/mark/1.0/,2026-08-24T13:51:13.005312
b4b0844e-5b92-4338-b5d9-70fac0670fa7,3149b35a-7725-4090-9900-e53020c2746b,424d6f23-785b-4b06-9bee-381472049f96,PUBLIC_DOMAIN,PUBLIC_DOMAIN,False,True,True,True,False,GLOBAL,ALL,1900-01-01,2099-12-31,Musopen / Public Domain Mark,https://creativecommons.org/publicdomain/mark/1.0/,2026-08-24T13:51:13.005312
126fce53-e030-4e15-b283-18a6482670d3,16352c88-8ee3-44f5-8072-c91740800a70,10d56322-d66a-4fa3-ad99-a16a3967de26,PUBLIC_DOMAIN,PUBLIC_DOMAIN,False,True,True,True,False,GLOBAL,ALL,1900-01-01,2099-12-31,Musopen / Public Domain Mark,https://creativecommons.org/publicdomain/mark/1.0/,2026-08-24T13:51:13.005312
5edcfae4-7fe3-4205-aa0f-ee7e2be4ef7c,610ada8e-5194-45c6-9c2d-d92ba30e4e2b,733f5a3f-aaee-4dbf-a438-9901d70bf4cb,PUBLIC_DOMAIN,PUBLIC_DOMAIN,False,True,True,True,False,GLOBAL,ALL,1900-01-01,2099-12-31,Musopen / Public Domain Mark,https://creativecommons.org/publicdomain/mark/1.0/,2026-08-24T13:51:13.005312
a20836de-bc6a-4bb3-8d23-aa1d8d7dd82f,c6392841-ede7-472b-9524-4cf65e826596,277f2f4a-7e4b-4418-8692-63dbf9522ba0,PUBLIC_DOMAIN,PUBLIC_DOMAIN,False,True,True,True,False,GLOBAL,ALL,1900-01-01,2099-12-31,Musopen / Public Domain Mark,https://creativecommons.org/publicdomain/mark/1.0/,2026-08-24T13:51:13.005312
271b2761-2925-4359-b0e9-335ee09ffbec,bcc9fd5d-d75a-4155-a08b-70c893ff6e6a,b676a553-2222-4e6c-9a3c-acad2c4f4eed,PUBLIC_DOMAIN,PUBLIC_DOMAIN,False,True,True,True,False,GLOBAL,ALL,1900-01-01,2099-12-31,Musopen / Public Domain Mark,https://creativecommons.org/publicdomain/mark/1.0/,2026-08-24T13:51:13.005312
26c46e26-11c5-48dd-90ca-d330a85b7eb3,491690dd-9aab-40e0-8194-576e8599fde9,a26de97f-39e9-4e44-a522-c39391fbac0d,PUBLIC_DOMAIN,PUBLIC_DOMAIN,False,True,True,True,False,GLOBAL,ALL,1900-01-01,2099-12-31,Musopen / Public Domain Mark,https://creativecommons.org/publicdomain/mark/1.0/,2026-08-24T13:51:13.005312
e379febe-364b-4bc9-943e-589672b6501a,167a6e58-af51-42e4-a142-12b4b67bcc9e,3d87973b-acbd-41d2-8d14-0fc0441f0615,PUBLIC_DOMAIN,PUBLIC_DOMAIN,False,True,True,True,False,GLOBAL,ALL,1900-01-01,2099-12-31,Musopen / Public Domain Mark,https://creativecommons.org/publicdomain/mark/1.0/,2026-08-24T13:51:13.005312
2dfbe1c6-7a12-4baa-9a3b-b616c990f07f,7fffea64-3f8a-4e62-af58-01771175c7c7,5c2d2384-e90a-4dd0-a10c-82d77c6154f8,PUBLIC_DOMAIN,PUBLIC_DOMAIN,False,True,True,True,False,GLOBAL,ALL,1900-01-01,2099-12-31,Musopen / Public Domain Mark,https://creativecommons.org/publicdomain/mark/1.0/,2026-08-24T13:51:13.005312
765c74f8-0748-45c4-9245-6be2df1a0ff5,ecccafa4-bce9-4334-9de4-42dc5a878052,34c21602-4eda-49f6-a414-f722f81606f8,PUBLIC_DOMAIN,PUBLIC_DOMAIN,False,True,True,True,False,GLOBAL,ALL,1900-01-01,2099-12-31,Musopen / Public Domain Mark,https://creativecommons.org/publicdomain/mark/1.0/,2026-08-24T13:51:13.005312
79e56cac-9e6e-4542-8aad-38385b635d81,1c390b89-d949-482a-b858-2fb5224bc210,b448c900-fece-4c8f-a4b6-812f263e8648,PUBLIC_DOMAIN,PUBLIC_DOMAIN,False,True,True,True,False,GLOBAL,ALL,1900-01-01,2099-12-31,Musopen / Public Domain Mark,https://creativecommons.org/publicdomain/mark/1.0/,2026-08-24T13:51:13.005312
1d139f12-81df-4208-afbd-2612210d7506,5d86af7a-e699-4ed3-8029-c10c3636f282,bfcf9140-fc4a-41da-9214-fa2d616cec92,PUBLIC_DOMAIN,PUBLIC_DOMAIN,False,True,True,True,False,GLOBAL,ALL,1900-01-01,2099-12-31,Musopen / Public Domain Mark,https://creativecommons.org/publicdomain/mark/1.0/,2026-08-24T13:51:13.005312
b0b56dc2-81ec-472e-9c80-0902422c5d4f,5a8b9343-4f59-48b0-94dd-7ce9d8a38417,29fb6c33-fade-4dc1-9b50-62baa3cf73ec,PUBLIC_DOMAIN,PUBLIC_DOMAIN,False,True,True,True,False,GLOBAL,ALL,1900-01-01,2099-12-31,Musopen / Public Domain Mark,https://creativecommons.org/publicdomain/mark/1.0/,2026-08-24T13:51:13.005312
fe29e833-40b1-4d08-a1ba-133c4ec07fef,c21adf0a-268a-46cc-974f-d3e38bc9f7ce,aeb9eea2-8efe-4949-b347-4768aa0e286d,PUBLIC_DOMAIN,PUBLIC_DOMAIN,False,True,True,True,False,GLOBAL,ALL,1900-01-01,2099-12-31,Musopen / Public Domain Mark,https://creativecommons.org/publicdomain/mark/1.0/,2026-08-24T13:51:13.005312
c39b0144-2555-49e0-9297-b5e4975a9b76,34d26cdd-d10e-420c-b341-cdfca2e2a957,49819861-d90e-4d74-a521-4d2d6e4de900,PUBLIC_DOMAIN,PUBLIC_DOMAIN,False,True,True,True,False,GLOBAL,ALL,1900-01-01,2099-12-31,Musopen / Public Domain Mark,https://creativecommons.org/publicdomain/mark/1.0/,2026-08-24T13:51:13.005312
ddafb929-5399-42e1-b006-58b977719b0b,080c392a-31f0-4cae-bccb-26814034de58,71464a27-7a42-4639-9bad-5075ca6285df,PUBLIC_DOMAIN,PUBLIC_DOMAIN,False,True,True,True,False,GLOBAL,ALL,1900-01-01,2099-12-31,Musopen / Public Domain Mark,https://creativecommons.org/publicdomain/mark/1.0/,2026-08-24T13:51:13.005312
959ef010-9e4d-4563-8968-06e0d3c42d74,403da039-9862-4361-9d67-e8a2a72263ca,0cc14218-fc1a-4507-a0ec-4764414759ec,PUBLIC_DOMAIN,PUBLIC_DOMAIN,False,True,True,True,False,GLOBAL,ALL,1900-01-01,2099-12-31,Musopen / Public Domain Mark,https://creativecommons.org/publicdomain/mark/1.0/,2026-08-24T13:51:13.005312
a597814d-8de5-4589-bb08-7064546e86ab,653a75b3-06f6-46aa-bd9d-8a88616296a6,49f305c9-9d1a-4abc-a48e-6be059237c7f,PUBLIC_DOMAIN,PUBLIC_DOMAIN,False,True,True,True,False,GLOBAL,ALL,1900-01-01,2099-12-31,Musopen / Public Domain Mark,https://creativecommons.org/publicdomain/mark/1.0/,2026-08-24T13:51:13.005312
ffc5f7fa-4ef4-4221-a35c-d7ecebbf3ffa,f85e914d-ea7e-4bc8-972f-6b35c740e36d,0c27ff8f-a6bd-445a-ac21-dd4a4701fdd9,PUBLIC_DOMAIN,PUBLIC_DOMAIN,False,True,True,True,False,GLOBAL,ALL,1900-01-01,2099-12-31,Musopen / Public Domain Mark,https://creativecommons.org/publicdomain/mark/1.0/,2026-08-24T13:51:13.005312
14597b49-14b4-4539-8a87-4a0ecf9e3d6c,1b693c33-cfb1-43a5-92b1-3d21622022b4,0a87f708-f836-42ae-8645-3d38a935ad38,PUBLIC_DOMAIN,PUBLIC_DOMAIN,False,True,True,True,False,GLOBAL,ALL,1900-01-01,2099-12-31,Musopen / Public Domain Mark,https://creativecommons.org/publicdomain/mark/1.0/,2026-08-24T13:51:13.005312
e72dd07c-37bc-4e56-bfb1-886a2a295e6d,53afed2a-02ff-47a0-897d-2437bfe9b846,d26bc17b-f52c-4d0e-9503-5f151fc933e4,PUBLIC_DOMAIN,PUBLIC_DOMAIN,False,True,True,True,False,GLOBAL,ALL,1900-01-01,2099-12-31,Musopen / Public Domain Mark,https://creativecommons.org/publicdomain/mark/1.0/,2026-08-24T13:51:13.005312
c28881d2-2974-4414-9e01-eed9277cc6ad,6f36283e-9a07-4e95-8e07-82e6fa14fbe4,9aaf4e10-9e51-47c7-ace7-355f46252c06,PUBLIC_DOMAIN,PUBLIC_DOMAIN,False,True,True,True,False,GLOBAL,ALL,1900-01-01,2099-12-31,Musopen / Public Domain Mark,https://creativecommons.org/publicdomain/mark/1.0/,2026-08-24T13:51:13.005312
fecf8527-4b48-4794-8370-22e2687b8163,33a67b80-a503-4fc9-b7be-9016b5ab5a88,60895ad5-4641-4ea5-ad55-2c31c7c4b82d,PUBLIC_DOMAIN,PUBLIC_DOMAIN,False,True,True,True,False,GLOBAL,ALL,1900-01-01,2099-12-31,Musopen / Public Domain Mark,https://creativecommons.org/publicdomain/mark/1.0/,2026-08-24T13:51:13.005312
f6e6ff7e-8edf-4933-a08d-adf574183e0e,0e294eb9-430d-48c6-b053-604bc804c61e,15e1a5d6-704b-43b6-b550-a19e31b5b4bd,PUBLIC_DOMAIN,PUBLIC_DOMAIN,False,True,True,True,False,GLOBAL,ALL,1900-01-01,2099-12-31,Musopen / Public Domain Mark,https://creativecommons.org/publicdomain/mark/1.0/,2026-08-24T13:51:13.005312
381d3163-b9dc-4e2c-a11d-8582638a9367,ba0598dd-1cf0-4b0b-924d-abe6d0b06cd3,2159030a-10c2-41e6-9272-8c4a72753668,PUBLIC_DOMAIN,PUBLIC_DOMAIN,False,True,True,True,False,GLOBAL,ALL,1900-01-01,2099-12-31,Musopen / Public Domain Mark,https://creativecommons.org/publicdomain/mark/1.0/,2026-08-24T13:51:13.005312
c5025668-f14b-4cc6-87ea-797f33efed92,3b4b0979-976a-47c1-9e64-64bbc3653d04,0e317973-7a4f-4a54-b029-0a9c72f4912e,PUBLIC_DOMAIN,PUBLIC_DOMAIN,False,True,True,True,False,GLOBAL,ALL,1900-01-01,2099-12-31,Musopen / Public Domain Mark,https://creativecommons.org/publicdomain/mark/1.0/,2026-08-24T13:51:13.005312
c29d76cf-86d7-425d-8bb4-8c627fdfc73f,30767bd3-222a-4ca5-946c-8bf6ac4b4765,46616ea5-0c45-4eb8-b558-53ad1c1ec780,PUBLIC_DOMAIN,PUBLIC_DOMAIN,False,True,True,True,False,GLOBAL,ALL,1900-01-01,2099-12-31,Musopen / Public Domain Mark,https://creativecommons.org/publicdomain/mark/1.0/,2026-08-24T13:51:13.005312
b2477e52-d6e3-4cad-93a7-e74ec512accd,1ab36091-1e95-491e-b348-2c4e96a0d4f3,dc110154-d36f-4def-8e71-8c6ebba3112a,PUBLIC_DOMAIN,PUBLIC_DOMAIN,False,True,True,True,False,GLOBAL,ALL,1900-01-01,2099-12-31,Musopen / Public Domain Mark,https://creativecommons.org/publicdomain/mark/1.0/,2026-08-24T13:51:13.005312
0533dc5c-0a7f-424f-94c2-f26eb3f4f0e5,815f6de8-1068-4d30-8029-58d75bed19fb,e2c75fbb-e12d-416b-ab65-f025d3404afa,PUBLIC_DOMAIN,PUBLIC_DOMAIN,False,True,True,True,False,GLOBAL,ALL,1900-01-01,2099-12-31,Musopen / Public Domain Mark,https://creativecommons.org/publicdomain/mark/1.0/,2026-08-24T13:51:13.005312
f76de97a-a0a0-4ce4-afc3-3be32d6c3b0f,357c5b90-a639-47d8-a3ce-4313cb60298d,6fd32250-93b4-4af0-8c1d-0f2fadf3a4a4,PUBLIC_DOMAIN,PUBLIC_DOMAIN,False,True,True,True,False,GLOBAL,ALL,1900-01-01,2099-12-31,Musopen / Public Domain Mark,https://creativecommons.org/publicdomain/mark/1.0/,2026-08-24T13:51:13.005312
67b11b32-2180-4fc0-bc7e-b0ecd43e543d,57de4a66-be20-4139-a7ec-84d9068eb435,ea0967a7-a8cf-41d3-a63a-c3cf945c16cf,PUBLIC_DOMAIN,PUBLIC_DOMAIN,False,True,True,True,False,GLOBAL,ALL,1900-01-01,2099-12-31,Musopen / Public Domain Mark,https://creativecommons.org/publicdomain/mark/1.0/,2026-08-24T13:51:13.005312
5bd88bf3-9157-4510-84ef-d538cc89a025,adcfb473-d915-4c30-90b9-bf04f08b9fe4,7c96039c-ce01-45d4-9bfc-08a7bf434849,PUBLIC_DOMAIN,PUBLIC_DOMAIN,False,True,True,True,False,GLOBAL,ALL,1900-01-01,2099-12-31,Musopen / Public Domain Mark,https://creativecommons.org/publicdomain/mark/1.0/,2026-08-24T13:51:13.005312
818fdc78-b4fc-4b81-910f-f933f7eb33e9,1ce6c0d9-3e81-40a8-aa7e-7eaeecc3cdb7,559d2a00-1258-4085-b70f-aeb629188cca,PUBLIC_DOMAIN,PUBLIC_DOMAIN,False,True,True,True,False,GLOBAL,ALL,1900-01-01,2099-12-31,Musopen / Public Domain Mark,https://creativecommons.org/publicdomain/mark/1.0/,2026-08-24T13:51:13.005312
fcbdc0d8-cb6e-46ea-8cd1-1737b9c8727f,d4b14998-7509-4910-89d5-48042c4f3686,de6103ca-375c-4415-9b89-ae9b97649bc6,PUBLIC_DOMAIN,PUBLIC_DOMAIN,False,True,True,True,False,GLOBAL,ALL,1900-01-01,2099-12-31,Musopen / Public Domain Mark,https://creativecommons.org/publicdomain/mark/1.0/,2026-08-24T13:51:13.005312
ae281b91-60a9-4c38-b000-5836f36f122f,de599c5f-df2e-4993-80f6-e8ee4d309c82,ea86eb18-1a13-48f5-a26e-29c34c567aa5,PUBLIC_DOMAIN,PUBLIC_DOMAIN,False,True,True,True,False,GLOBAL,ALL,1900-01-01,2099-12-31,Musopen / Public Domain Mark,https://creativecommons.org/publicdomain/mark/1.0/,2026-08-24T13:51:13.005312
6f40c58b-9daa-43fb-b99d-60eaf51470ce,ea6b69e7-23e2-4694-ad08-d9a95b180643,ee3e2174-746f-4978-91b4-38aaaaba2be5,PUBLIC_DOMAIN,PUBLIC_DOMAIN,False,True,True,True,False,GLOBAL,ALL,1900-01-01,2099-12-31,Musopen / Public Domain Mark,https://creativecommons.org/publicdomain/mark/1.0/,2026-08-24T13:51:13.005312
27b90af6-3a6a-4292-9fe9-5014a445e011,4386a2b8-d866-4d8e-8505-87763373a6f0,5fe050b5-451d-4b58-84fb-09c5393328be,PUBLIC_DOMAIN,PUBLIC_DOMAIN,False,True,True,True,False,GLOBAL,ALL,1900-01-01,2099-12-31,Musopen / Public Domain Mark,https://creativecommons.org/publicdomain/mark/1.0/,2026-08-24T13:51:13.005312
636d366e-b851-403a-8e9e-2169a95c5442,6a997955-1e70-4d03-97fe-b9cbd9ee1303,e7066187-6a37-45ff-9de6-10f0af0331f9,PUBLIC_DOMAIN,PUBLIC_DOMAIN,False,True,True,True,False,GLOBAL,ALL,1900-01-01,2099-12-31,Musopen / Public Domain Mark,https://creativecommons.org/publicdomain/mark/1.0/,2026-08-24T13:51:13.005312
dfc626b2-91b6-4d18-ad99-d4c5cf907d6e,b8082344-709d-49df-ac00-a2975c849bb1,3e57341b-0a38-4486-8a16-7025ee7e77b5,PUBLIC_DOMAIN,PUBLIC_DOMAIN,False,True,True,True,False,GLOBAL,ALL,1900-01-01,2099-12-31,Musopen / Public Domain Mark,https://creativecommons.org/publicdomain/mark/1.0/,2026-08-24T13:51:13.005312
db8f24f9-a485-483d-9868-d229ab45b09e,3f2e8b4b-8284-4787-a111-ac0c041c5da0,851d0862-6385-4ece-9080-8d69fe6dcdef,PUBLIC_DOMAIN,PUBLIC_DOMAIN,False,True,True,True,False,GLOBAL,ALL,1900-01-01,2099-12-31,Musopen / Public Domain Mark,https://creativecommons.org/publicdomain/mark/1.0/,2026-08-24T13:51:13.005312
1057c3c6-1269-442b-b688-4e36b7b45e8d,66ac9628-2c0d-4cdf-9621-7a8d9433419d,a82ae1cb-e12f-4e37-b6c7-23f827fd88db,PUBLIC_DOMAIN,PUBLIC_DOMAIN,False,True,True,True,False,GLOBAL,ALL,1900-01-01,2099-12-31,Musopen / Public Domain Mark,https://creativecommons.org/publicdomain/mark/1.0/,2026-08-24T13:51:13.005312
a7d51e1e-3d8a-4225-b3aa-9de4f668da21,8a501dc8-950b-43db-b805-40753c61afcb,2bd6c1ac-3868-4177-8d80-d322abe113c7,PUBLIC_DOMAIN,PUBLIC_DOMAIN,False,True,True,True,False,GLOBAL,ALL,1900-01-01,2099-12-31,Musopen / Public Domain Mark,https://creativecommons.org/publicdomain/mark/1.0/,2026-08-24T13:51:13.005312
e3072e39-aca4-471e-99a1-14229fae7e92,e59045a4-672e-4298-8cb0-524381b2d2c5,9985418c-d939-4b8c-9fd7-a9dd3b31dd73,PUBLIC_DOMAIN,PUBLIC_DOMAIN,False,True,True,True,False,GLOBAL,ALL,1900-01-01,2099-12-31,Musopen / Public Domain Mark,https://creativecommons.org/publicdomain/mark/1.0/,2026-08-24T13:51:13.005312
0e8dbca4-ac61-4063-942d-49e52d3e53f8,0e34781c-b1a5-4f26-bfbf-48a79ece6c48,c00a113d-944b-4e64-ba8b-50ff2311a9eb,PUBLIC_DOMAIN,PUBLIC_DOMAIN,False,True,True,True,False,GLOBAL,ALL,1900-01-01,2099-12-31,Musopen / Public Domain Mark,https://creativecommons.org/publicdomain/mark/1.0/,2026-08-24T13:51:13.005312
7061494f-d761-4753-8aa5-32c435013996,1253268a-634e-459e-b235-d11aac9c4bb1,56dd6b55-1a0a-40ed-88f1-56863669f483,PUBLIC_DOMAIN,PUBLIC_DOMAIN,False,True,True,True,False,GLOBAL,ALL,1900-01-01,2099-12-31,Musopen / Public Domain Mark,https://creativecommons.org/publicdomain/mark/1.0/,2026-08-24T13:51:13.005312
8cfd8394-d121-40c1-8b50-17b646f48633,3c351aba-291b-4c16-b0bb-d9c324a021a5,e4c72852-95c2-4c82-ae4f-6227cb1cab24,PUBLIC_DOMAIN,PUBLIC_DOMAIN,False,True,True,True,False,GLOBAL,ALL,1900-01-01,2099-12-31,Musopen / Public Domain Mark,https://creativecommons.org/publicdomain/mark/1.0/,2026-08-24T13:51:13.005312
747f273c-13ba-434f-982a-a26a859f3b51,9c2c2f51-0846-421b-8b8f-3e691824d61f,0140a1ec-8160-40cb-921d-17488baca9da,PUBLIC_DOMAIN,PUBLIC_DOMAIN,False,True,True,True,False,GLOBAL,ALL,1900-01-01,2099-12-31,Musopen / Public Domain Mark,https://creativecommons.org/publicdomain/mark/1.0/,2026-08-24T13:51:13.005312
97e672a2-a1cc-4559-8e05-780baac3fef0,cfb62d61-095d-4a99-8492-73e6095b04bc,d20d1b9b-e975-49c8-b348-6253562f4203,PUBLIC_DOMAIN,PUBLIC_DOMAIN,False,True,True,True,False,GLOBAL,ALL,1900-01-01,2099-12-31,Musopen / Public Domain Mark,https://creativecommons.org/publicdomain/mark/1.0/,2026-08-24T13:51:13.005312
831f716a-c8c7-4b0f-930f-e9879c5cdf81,c6156374-1002-45e3-947d-d9f2cc820668,fa43ff35-94bb-4953-b0bd-48b1e357fe8f,PUBLIC_DOMAIN,PUBLIC_DOMAIN,False,True,True,True,False,GLOBAL,ALL,1900-01-01,2099-12-31,Musopen / Public Domain Mark,https://creativecommons.org/publicdomain/mark/1.0/,2026-08-24T13:51:13.005312
cac06886-a448-4c92-bb9d-be5573e18a6f,46d4d975-7b0a-4e13-8d7c-1cfa8b9861ad,63a3cbc4-9a02-4f1b-af9f-91dc0a4abfe0,PUBLIC_DOMAIN,PUBLIC_DOMAIN,False,True,True,True,False,GLOBAL,ALL,1900-01-01,2099-12-31,Musopen / Public Domain Mark,https://creativecommons.org/publicdomain/mark/1.0/,2026-08-24T13:51:13.005312
0163efd4-8d76-4851-b040-9a48fd455bb2,10bf6a7f-4adb-4392-8611-a484f1396793,4e65e6c6-3a3e-4354-b4c2-3349fa14acd1,PUBLIC_DOMAIN,PUBLIC_DOMAIN,False,True,True,True,False,GLOBAL,ALL,1900-01-01,2099-12-31,Musopen / Public Domain Mark,https://creativecommons.org/publicdomain/mark/1.0/,2026-08-24T13:51:13.005312
8f2144e8-e3cc-4ffe-b99e-cbbe9184f664,b14b78fa-c0da-4c6a-b7c1-8baff7ab4071,57bae38b-7bae-4c54-84c1-ef1bca766c94,PUBLIC_DOMAIN,PUBLIC_DOMAIN,False,True,True,True,False,GLOBAL,ALL,1900-01-01,2099-12-31,Musopen / Public Domain Mark,https://creativecommons.org/publicdomain/mark/1.0/,2026-08-24T13:51:13.005312
38208d79-2912-4f08-8176-75908d366cab,e898691b-dd01-44e5-be73-6901e1c0a100,acb40a72-fdab-41f0-9cfa-1f9721666924,PUBLIC_DOMAIN,PUBLIC_DOMAIN,False,True,True,True,False,GLOBAL,ALL,1900-01-01,2099-12-31,Musopen / Public Domain Mark,https://creativecommons.org/publicdomain/mark/1.0/,2026-08-24T13:51:13.005312
63103000-481e-4907-8954-1b169fd02e9e,2556a024-4fdd-44fc-91d2-519fe7f5c83b,ec93d765-ec1b-4066-b832-25f06b872029,PUBLIC_DOMAIN,PUBLIC_DOMAIN,False,True,True,True,False,GLOBAL,ALL,1900-01-01,2099-12-31,Musopen / Public Domain Mark,https://creativecommons.org/publicdomain/mark/1.0/,2026-08-24T13:51:13.005312
58340e34-299f-4966-b7e5-594d82054975,7ac27f72-5041-4693-ae5f-3e56523f8236,1e78a2f5-721e-40ac-900f-3ecb886d5c07,PUBLIC_DOMAIN,PUBLIC_DOMAIN,False,True,True,True,False,GLOBAL,ALL,1900-01-01,2099-12-31,Musopen / Public Domain Mark,https://creativecommons.org/publicdomain/mark/1.0/,2026-08-24T13:51:13.005312
80b7313e-a433-4e26-aaf9-53108a100cc0,4d887093-b381-4c6f-aa80-d1ff0cb65870,893da285-0845-4f0a-acd6-593c3087eed6,PUBLIC_DOMAIN,PUBLIC_DOMAIN,False,True,True,True,False,GLOBAL,ALL,1900-01-01,2099-12-31,Musopen / Public Domain Mark,https://creativecommons.org/publicdomain/mark/1.0/,2026-08-24T13:51:13.005312
7e630de9-9baf-458e-801e-13ec134abd7a,f87c0ae5-bcfb-48a5-8536-414e8dfe7e35,86e96a10-163d-4470-9f29-1a673fe874f0,PUBLIC_DOMAIN,PUBLIC_DOMAIN,False,True,True,True,False,GLOBAL,ALL,1900-01-01,2099-12-31,Musopen / Public Domain Mark,https://creativecommons.org/publicdomain/mark/1.0/,2026-08-24T13:51:13.005312
6b36f763-11b9-4806-9843-f006c11ea2a3,e9f52248-0ada-4160-87b6-edd2ee0ddc33,ba2473b7-a10d-4243-a467-3afe7db896b2,PUBLIC_DOMAIN,PUBLIC_DOMAIN,False,True,True,True,False,GLOBAL,ALL,1900-01-01,2099-12-31,Musopen / Public Domain Mark,https://creativecommons.org/publicdomain/mark/1.0/,2026-08-24T13:51:13.005312
b83a4efc-f66d-4911-9c6c-98796cce34e4,585ac398-44b6-48e5-850e-72c8d297ae11,d8e5dfcb-c016-4bef-9668-262189f4f3b8,PUBLIC_DOMAIN,PUBLIC_DOMAIN,False,True,True,True,False,GLOBAL,ALL,1900-01-01,2099-12-31,Musopen / Public Domain Mark,https://creativecommons.org/publicdomain/mark/1.0/,2026-08-24T13:51:13.005312
5d0d97f9-36ff-4e81-99ef-63ad4c7b3c72,c06cc029-b87f-4287-a177-cd1103ead23e,db500add-edf6-42a6-b89a-158a6e7f03f8,PUBLIC_DOMAIN,PUBLIC_DOMAIN,False,True,True,True,False,GLOBAL,ALL,1900-01-01,2099-12-31,Musopen / Public Domain Mark,https://creativecommons.org/publicdomain/mark/1.0/,2026-08-24T13:51:13.005312
e92c3143-7182-45a7-94b4-fe7e3797bd7a,6d1381ed-9747-4213-ab0f-4e095eb93418,c1c98863-6da9-4027-bd88-2e71b251435c,PUBLIC_DOMAIN,PUBLIC_DOMAIN,False,True,True,True,False,GLOBAL,ALL,1900-01-01,2099-12-31,Musopen / Public Domain Mark,https://creativecommons.org/publicdomain/mark/1.0/,2026-08-24T13:51:13.005312
6f593489-4aa0-457a-abff-ff7e463c9492,b7980ade-8bc6-43ca-841c-314192e8c151,25b0f244-cb8f-41c9-bd02-9b6e968ba5fe,PUBLIC_DOMAIN,PUBLIC_DOMAIN,False,True,True,True,False,GLOBAL,ALL,1900-01-01,2099-12-31,Musopen / Public Domain Mark,https://creativecommons.org/publicdomain/mark/1.0/,2026-08-24T13:51:13.005312
52614e3b-73e7-453c-9577-9b98663bad71,8fade78b-da45-4467-b98a-e27e80776982,a088b7f5-adab-4d57-9593-c2cebb6873ae,PUBLIC_DOMAIN,PUBLIC_DOMAIN,False,True,True,True,False,GLOBAL,ALL,1900-01-01,2099-12-31,Musopen / Public Domain Mark,https://creativecommons.org/publicdomain/mark/1.0/,2026-08-24T13:51:13.005312
93baef86-06d9-4fe1-8f88-ab6a428e2fbb,d933805d-04ed-44d2-b8f8-64a207af4c9a,6b7c38d6-0991-4604-bc0e-7891aae25ec8,PUBLIC_DOMAIN,PUBLIC_DOMAIN,False,True,True,True,False,GLOBAL,ALL,1900-01-01,2099-12-31,Musopen / Public Domain Mark,https://creativecommons.org/publicdomain/mark/1.0/,2026-08-24T13:51:13.005312
fafd476e-adec-43f4-a955-1f3d165a7daf,639b707c-df8d-4f3a-b8df-53cee8c874ce,09ba5fc1-8ec7-42eb-b567-f251d033905b,PUBLIC_DOMAIN,PUBLIC_DOMAIN,False,True,True,True,False,GLOBAL,ALL,1900-01-01,2099-12-31,Musopen / Public Domain Mark,https://creativecommons.org/publicdomain/mark/1.0/,2026-08-24T13:51:13.005312
2d99b5ae-77c3-4f5a-880f-7a86187ff48c,7c93118c-a200-42e2-ab86-0c8aecf30228,67e8fa90-88c4-45ce-af68-27a05e7cfe44,PUBLIC_DOMAIN,PUBLIC_DOMAIN,False,True,True,True,False,GLOBAL,ALL,1900-01-01,2099-12-31,Musopen / Public Domain Mark,https://creativecommons.org/publicdomain/mark/1.0/,2026-08-24T13:51:13.005312
bed1703d-3f1e-4a4f-be49-aa6e5c6dec2f,2c91a6c8-7e5b-4d24-b852-e723df8260d1,f07a5917-75fe-4e9d-bd70-144ac8ca8aee,PUBLIC_DOMAIN,PUBLIC_DOMAIN,False,True,True,True,False,GLOBAL,ALL,1900-01-01,2099-12-31,Musopen / Public Domain Mark,https://creativecommons.org/publicdomain/mark/1.0/,2026-08-24T13:51:13.005312
74540cf7-5301-402c-b879-5b7df0a154ea,158182fc-9670-4a09-975e-f3f72df95065,3b8ccbff-ab03-41ac-ac69-581db1230a77,PUBLIC_DOMAIN,PUBLIC_DOMAIN,False,True,True,True,False,GLOBAL,ALL,1900-01-01,2099-12-31,Musopen / Public Domain Mark,https://creativecommons.org/publicdomain/mark/1.0/,2026-08-24T13:51:13.005312
ed3332f7-8381-4574-82fd-cce83a5cf28a,4b7ea581-6781-4328-a1d6-2901f1f6184e,36242aa9-ea5f-4159-bc17-40936cef53d2,PUBLIC_DOMAIN,PUBLIC_DOMAIN,False,True,True,True,False,GLOBAL,ALL,1900-01-01,2099-12-31,Musopen / Public Domain Mark,https://creativecommons.org/publicdomain/mark/1.0/,2026-08-24T13:51:13.005312
cb0f38a3-4fd0-4d83-b972-a4868c2ca974,5ce5ab59-0e4a-4d1a-822c-d5cdeb2de40a,d360821b-3d96-4a05-89be-876b5d751dd3,PUBLIC_DOMAIN,PUBLIC_DOMAIN,False,True,True,True,False,GLOBAL,ALL,1900-01-01,2099-12-31,Musopen / Public Domain Mark,https://creativecommons.org/publicdomain/mark/1.0/,2026-08-24T13:51:13.005312
5e829376-40ee-44ab-9b45-37d4dd2cfd98,a18e2d77-f02d-4692-9a19-57fe1fdd9fe2,405d637c-2940-474e-9bc3-f398e8443d77,PUBLIC_DOMAIN,PUBLIC_DOMAIN,False,True,True,True,False,GLOBAL,ALL,1900-01-01,2099-12-31,Musopen / Public Domain Mark,https://creativecommons.org/publicdomain/mark/1.0/,2026-08-24T13:51:13.005312
d88cecc8-17f8-4001-a438-5cab9c642c0b,266d34a0-414e-48ce-99d6-435871117e8d,8abab59d-4a17-4357-9997-50f225ba8c71,PUBLIC_DOMAIN,PUBLIC_DOMAIN,False,True,True,True,False,GLOBAL,ALL,1900-01-01,2099-12-31,Musopen / Public Domain Mark,https://creativecommons.org/publicdomain/mark/1.0/,2026-08-24T13:51:13.005312
bf0711e9-3efc-46c5-a50f-98f6b5b16fd1,0770602a-3897-4caf-910b-0724f2a23ee2,91380a53-60f5-474b-82a4-925b512b8bd3,PUBLIC_DOMAIN,PUBLIC_DOMAIN,False,True,True,True,False,GLOBAL,ALL,1900-01-01,2099-12-31,Musopen / Public Domain Mark,https://creativecommons.org/publicdomain/mark/1.0/,2026-08-24T13:51:13.005312
f42218e2-2f93-4640-95d7-cee97a1bc8a2,cabab5c8-bf7b-4575-95ea-de4b71b111d4,59c2517b-27d6-4606-99b3-80ab996ef8e8,PUBLIC_DOMAIN,PUBLIC_DOMAIN,False,True,True,True,False,GLOBAL,ALL,1900-01-01,2099-12-31,Musopen / Public Domain Mark,https://creativecommons.org/publicdomain/mark/1.0/,2026-08-24T13:51:13.005312
e67b6458-5abf-4827-a04b-8ec1fcd10b75,79c46304-1622-40ec-b832-116d34c8adfe,a38a6936-cb3d-4bd7-888e-257a30eb8246,PUBLIC_DOMAIN,PUBLIC_DOMAIN,False,True,True,True,False,GLOBAL,ALL,1900-01-01,2099-12-31,Musopen / Public Domain Mark,https://creativecommons.org/publicdomain/mark/1.0/,2026-08-24T13:51:13.005312
5e5bce95-96f7-433a-983b-25d7b4551fc4,dfc7e5cb-48b1-40ee-ba3e-0c8d4c6c2e77,623cb0bc-3825-46d1-b999-0092379e866c,PUBLIC_DOMAIN,PUBLIC_DOMAIN,False,True,True,True,False,GLOBAL,ALL,1900-01-01,2099-12-31,Musopen / Public Domain Mark,https://creativecommons.org/publicdomain/mark/1.0/,2026-08-24T13:51:13.005312
4e4cd46a-076a-48c7-8c15-47855bced4c0,93f35b44-f408-4b55-a304-387bc800f2ab,9f1e6ae2-abb6-441a-8fc4-b2aaf78fd390,PUBLIC_DOMAIN,PUBLIC_DOMAIN,False,True,True,True,False,GLOBAL,ALL,1900-01-01,2099-12-31,Musopen / Public Domain Mark,https://creativecommons.org/publicdomain/mark/1.0/,2026-08-24T13:51:13.005312
54b228f5-90ef-4852-8ae8-1e8aff094181,29ae9fb7-4730-4b0b-8389-0c5b955478cb,b8868162-ead2-4c0d-b787-d9e944dae080,PUBLIC_DOMAIN,PUBLIC_DOMAIN,False,True,True,True,False,GLOBAL,ALL,1900-01-01,2099-12-31,Musopen / Public Domain Mark,https://creativecommons.org/publicdomain/mark/1.0/,2026-08-24T13:51:13.005312
3d086cb2-5430-4568-8f88-cf806c51708d,aa7219e3-ed94-4413-8997-c297d5dc359a,7adcdc04-3b80-4cd1-bf48-aa443ab5b9ad,PUBLIC_DOMAIN,PUBLIC_DOMAIN,False,True,True,True,False,GLOBAL,ALL,1900-01-01,2099-12-31,Musopen / Public Domain Mark,https://creativecommons.org/publicdomain/mark/1.0/,2026-08-24T13:51:13.005312
95c3d2b3-95dc-4f3e-b266-316cb87d55f3,8d9e77a8-b4c6-48d3-9083-2210e3bf84c0,d4563b8c-34c7-4503-9486-9d07d981b620,PUBLIC_DOMAIN,PUBLIC_DOMAIN,False,True,True,True,False,GLOBAL,ALL,1900-01-01,2099-12-31,Musopen / Public Domain Mark,https://creativecommons.org/publicdomain/mark/1.0/,2026-08-24T13:51:13.005312
381e3c4d-0936-47b8-b677-be7c78e86860,545b0e64-5f9d-4143-9bfb-26992c11d35a,a2c3941c-8b97-447c-b9c2-a676cca2a922,PUBLIC_DOMAIN,PUBLIC_DOMAIN,False,True,True,True,False,GLOBAL,ALL,1900-01-01,2099-12-31,Musopen / Public Domain Mark,https://creativecommons.org/publicdomain/mark/1.0/,2026-08-24T13:51:13.005312
2d5ee269-5643-42bc-95ae-2dfa06e2fea8,762b6edf-7c21-45c3-bf53-abf8799c6047,1b34c673-e5f4-49bd-87b5-d930cda985aa,PUBLIC_DOMAIN,PUBLIC_DOMAIN,False,True,True,True,False,GLOBAL,ALL,1900-01-01,2099-12-31,Musopen / Public Domain Mark,https://creativecommons.org/publicdomain/mark/1.0/,2026-08-24T13:51:13.005312
07456249-d14b-47c4-a6f0-e37bc90f4901,3ce3a1d9-5a2f-4689-9771-f9edd258e9b8,ef0da02b-a57a-4537-9b4e-d73742dce817,PUBLIC_DOMAIN,PUBLIC_DOMAIN,False,True,True,True,False,GLOBAL,ALL,1900-01-01,2099-12-31,Musopen / Public Domain Mark,https://creativecommons.org/publicdomain/mark/1.0/,2026-08-24T13:51:13.005312
642eace3-f94c-4e42-b544-2aa1213832d2,6f07b1cc-57e3-44a2-a7ee-27f229a449de,fb6459de-5e52-4ad3-b7ae-e07707abcca1,PUBLIC_DOMAIN,PUBLIC_DOMAIN,False,True,True,True,False,GLOBAL,ALL,1900-01-01,2099-12-31,Musopen / Public Domain Mark,https://creativecommons.org/publicdomain/mark/1.0/,2026-08-24T13:51:13.005312
0919ef4b-48d1-48a2-bc7f-125cf558aa77,e1a7d3e6-0ebb-428b-bdde-5e36272d2573,e55107d1-f855-44c3-aa69-a81018648aad,PUBLIC_DOMAIN,PUBLIC_DOMAIN,False,True,True,True,False,GLOBAL,ALL,1900-01-01,2099-12-31,Musopen / Public Domain Mark,https://creativecommons.org/publicdomain/mark/1.0/,2026-08-24T13:51:13.005312
55cc7b91-ef3a-4d51-973f-ffdae33e3492,e570cca9-d9e2-45d3-810c-3e24b449e372,3e948f54-d43b-4478-a26c-0f1cea6c1133,PUBLIC_DOMAIN,PUBLIC_DOMAIN,False,True,True,True,False,GLOBAL,ALL,1900-01-01,2099-12-31,Musopen / Public Domain Mark,https://creativecommons.org/publicdomain/mark/1.0/,2026-08-24T13:51:13.005312
8b38a9e9-99de-4e02-a5ef-a59fdcb8da7c,fb42b956-3541-496a-a0c2-faa3813841ea,50d877d5-3b34-47e6-9eaa-7ae3d64df0da,PUBLIC_DOMAIN,PUBLIC_DOMAIN,False,True,True,True,False,GLOBAL,ALL,1900-01-01,2099-12-31,Musopen / Public Domain Mark,https://creativecommons.org/publicdomain/mark/1.0/,2026-08-24T13:51:13.005312
82416a61-c3b2-4d3d-ba4c-1396dd59da1e,05376cd9-6be1-4e05-9089-fdf58ea38900,bd085f58-7dae-4781-87c3-ad2ae69a3158,PUBLIC_DOMAIN,PUBLIC_DOMAIN,False,True,True,True,False,GLOBAL,ALL,1900-01-01,2099-12-31,Musopen / Public Domain Mark,https://creativecommons.org/publicdomain/mark/1.0/,2026-08-24T13:51:13.005312
477b7647-3cd7-4800-b796-a6e279fd311e,8de4bed7-2478-448b-ab63-c4cd91eda5ff,3f914eaf-d500-4ce7-ab2a-d57c4677e9b4,PUBLIC_DOMAIN,PUBLIC_DOMAIN,False,True,True,True,False,GLOBAL,ALL,1900-01-01,2099-12-31,Musopen / Public Domain Mark,https://creativecommons.org/publicdomain/mark/1.0/,2026-08-24T13:51:13.005312
70cfc042-1112-4cd0-9a6f-358fc957be30,302bb8b0-b4c5-4198-b210-e9a35b64305f,16f3995a-33b2-43e3-9cc0-7154c51b7cd9,PUBLIC_DOMAIN,PUBLIC_DOMAIN,False,True,True,True,False,GLOBAL,ALL,1900-01-01,2099-12-31,Musopen / Public Domain Mark,https://creativecommons.org/publicdomain/mark/1.0/,2026-08-24T13:51:13.005312
aebac447-1cde-45db-a05e-de3767639c68,4282bbc6-efa4-42e9-a3ca-29c28973ba01,9f2fe294-a407-4a15-9db7-54331d724346,PUBLIC_DOMAIN,PUBLIC_DOMAIN,False,True,True,True,False,GLOBAL,ALL,1900-01-01,2099-12-31,Musopen / Public Domain Mark,https://creativecommons.org/publicdomain/mark/1.0/,2026-08-24T13:51:13.005312
e50ceb8f-98a3-4739-aa57-3023ff4954e2,98893b89-50c3-4c41-a37b-202e5ea5a64e,f2956f79-6dba-495c-9417-0e89f20df538,PUBLIC_DOMAIN,PUBLIC_DOMAIN,False,True,True,True,False,GLOBAL,ALL,1900-01-01,2099-12-31,Musopen / Public Domain Mark,https://creativecommons.org/publicdomain/mark/1.0/,2026-08-24T13:51:13.005312
0c35ae4d-e381-4bf0-acba-f7920239e536,bac332ca-f81b-4685-baed-36d9eb3033ca,dbd6ad72-705a-4e8f-8ac0-4727a6436a1e,PUBLIC_DOMAIN,PUBLIC_DOMAIN,False,True,True,True,False,GLOBAL,ALL,1900-01-01,2099-12-31,Musopen / Public Domain Mark,https://creativecommons.org/publicdomain/mark/1.0/,2026-08-24T13:51:13.005312
ae496329-4d8a-4aa4-b09c-0e0dc45f9854,70855bc8-81c1-48f9-accf-149115c1357e,ddb7e3e5-ac8b-4816-b3aa-80f0d7559ea0,PUBLIC_DOMAIN,PUBLIC_DOMAIN,False,True,True,True,False,GLOBAL,ALL,1900-01-01,2099-12-31,Musopen / Public Domain Mark,https://creativecommons.org/publicdomain/mark/1.0/,2026-08-24T13:51:13.005312
203d63b9-ccf0-48b4-8026-b9ffd80080d9,ef9a4be2-9e74-4f70-94cc-7b8aac167b55,dcf3c122-be87-4136-9a9f-e233a402b85c,PUBLIC_DOMAIN,PUBLIC_DOMAIN,False,True,True,True,False,GLOBAL,ALL,1900-01-01,2099-12-31,Musopen / Public Domain Mark,https://creativecommons.org/publicdomain/mark/1.0/,2026-08-24T13:51:13.005312
991d753c-de60-4560-aeab-e83207055a33,51311006-8861-49d2-9533-87ca80e15842,71dae205-d4bc-4acb-a22a-2d495635c9b6,PUBLIC_DOMAIN,PUBLIC_DOMAIN,False,True,True,True,False,GLOBAL,ALL,1900-01-01,2099-12-31,Musopen / Public Domain Mark,https://creativecommons.org/publicdomain/mark/1.0/,2026-08-24T13:51:13.005312
9e4d087b-d06e-4a5b-9316-e78e4286b301,8b1e3891-3fce-4359-bf3a-7898cd0a7560,262b3e47-413e-4d81-81c0-91b63f0393bb,PUBLIC_DOMAIN,PUBLIC_DOMAIN,False,True,True,True,False,GLOBAL,ALL,1900-01-01,2099-12-31,Musopen / Public Domain Mark,https://creativecommons.org/publicdomain/mark/1.0/,2026-08-24T13:51:13.005312
3bdc401e-d98c-4ede-ab6b-be67b8929767,dea89602-2d2b-4f43-b024-4a448de6d4ee,49faffc2-b820-4fa8-87e4-a53f853f38de,PUBLIC_DOMAIN,PUBLIC_DOMAIN,False,True,True,True,False,GLOBAL,ALL,1900-01-01,2099-12-31,Musopen / Public Domain Mark,https://creativecommons.org/publicdomain/mark/1.0/,2026-08-24T13:51:13.005312
3c49ba7b-6778-46ff-b286-c32db625721d,afd409ab-42df-426c-8e17-455fbc679799,158c073d-dba8-4867-b224-f533a0de76ba,PUBLIC_DOMAIN,PUBLIC_DOMAIN,False,True,True,True,False,GLOBAL,ALL,1900-01-01,2099-12-31,Musopen / Public Domain Mark,https://creativecommons.org/publicdomain/mark/1.0/,2026-08-24T13:51:13.005312
7fe2b3a2-c218-4aac-8dc2-c6fbee67ed57,1cc6a682-cf6b-416c-8870-320ad99cc4b2,5569eafa-39a9-4f1a-842b-232e1a5dea64,PUBLIC_DOMAIN,PUBLIC_DOMAIN,False,True,True,True,False,GLOBAL,ALL,1900-01-01,2099-12-31,Musopen / Public Domain Mark,https://creativecommons.org/publicdomain/mark/1.0/,2026-08-24T13:51:13.005312
9356302f-d36b-4cf6-815a-744ef02fc89b,15e389f7-abcb-4520-9f04-e10ddd85183d,da5eaa1b-8b1e-4400-952c-385fd4f39436,PUBLIC_DOMAIN,PUBLIC_DOMAIN,False,True,True,True,False,GLOBAL,ALL,1900-01-01,2099-12-31,Musopen / Public Domain Mark,https://creativecommons.org/publicdomain/mark/1.0/,2026-08-24T13:51:13.005312
9e09a496-ac55-418f-b7fe-0fc9ace47a10,f7f2e797-5760-4db8-996d-8de10f24525f,21c1d582-c8fe-4785-99e8-97015a14f630,PUBLIC_DOMAIN,PUBLIC_DOMAIN,False,True,True,True,False,GLOBAL,ALL,1900-01-01,2099-12-31,Musopen / Public Domain Mark,https://creativecommons.org/publicdomain/mark/1.0/,2026-08-24T13:51:13.005312
f66f02fc-343f-4203-84bd-79fd77d8b579,0cf7785e-8f7e-48a2-a032-0e2529bad77d,e6222159-2005-445a-a4bb-ddd7ef04414d,PUBLIC_DOMAIN,PUBLIC_DOMAIN,False,True,True,True,False,GLOBAL,ALL,1900-01-01,2099-12-31,Musopen / Public Domain Mark,https://creativecommons.org/publicdomain/mark/1.0/,2026-08-24T13:51:13.005312
2b942025-e880-4ad1-b873-d5360905490d,7e3f33e8-25ef-4cdd-847d-bff9e4be7329,55ce9d94-cc3d-4e29-9050-2814d9e8efd0,PUBLIC_DOMAIN,PUBLIC_DOMAIN,False,True,True,True,False,GLOBAL,ALL,1900-01-01,2099-12-31,Musopen / Public Domain Mark,https://creativecommons.org/publicdomain/mark/1.0/,2026-08-24T13:51:13.005312
c9649f25-5783-4ca4-8ba9-3aae1a555b13,0d9e98fd-66fa-48e5-89da-d492e80c2133,28b5f51e-1f46-400a-8186-c7656b552be0,PUBLIC_DOMAIN,PUBLIC_DOMAIN,False,True,True,True,False,GLOBAL,ALL,1900-01-01,2099-12-31,Musopen / Public Domain Mark,https://creativecommons.org/publicdomain/mark/1.0/,2026-08-24T13:51:13.005312
a94da114-b3bc-428d-9618-7e6517aacd1a,26c327fd-40dd-4175-a92a-f63161ca9968,8e53ec64-1a98-4cf2-b5db-46eecf1b63e4,PUBLIC_DOMAIN,PUBLIC_DOMAIN,False,True,True,True,False,GLOBAL,ALL,1900-01-01,2099-12-31,Musopen / Public Domain Mark,https://creativecommons.org/publicdomain/mark/1.0/,2026-08-24T13:51:13.005312
f4f4ef23-46e7-440a-9bab-018bc4ed4105,8e73ea26-9854-4712-a2b2-26710cb08510,8527c1c0-9061-4286-91a5-f36fb1a1c9e9,PUBLIC_DOMAIN,PUBLIC_DOMAIN,False,True,True,True,False,GLOBAL,ALL,1900-01-01,2099-12-31,Musopen / Public Domain Mark,https://creativecommons.org/publicdomain/mark/1.0/,2026-08-24T13:51:13.005312
59caa84b-6b7b-4f3a-a23b-77ba34d553f7,6f16b1a2-5261-4c33-ba12-8de4974a6ec1,e23965eb-0c50-4fc2-b3ae-c0a5b89f7dec,PUBLIC_DOMAIN,PUBLIC_DOMAIN,False,True,True,True,False,GLOBAL,ALL,1900-01-01,2099-12-31,Musopen / Public Domain Mark,https://creativecommons.org/publicdomain/mark/1.0/,2026-08-24T13:51:13.005312
5b4c4e37-d807-490f-9011-7bc22e43b0aa,51dd71a4-33b3-4ff7-bd11-2e4127d8bac0,23c7b98a-1f33-4118-a610-223a40e63eec,PUBLIC_DOMAIN,PUBLIC_DOMAIN,False,True,True,True,False,GLOBAL,ALL,1900-01-01,2099-12-31,Musopen / Public Domain Mark,https://creativecommons.org/publicdomain/mark/1.0/,2026-08-24T13:51:13.005312
8ed89e45-047e-4c3e-b503-04fbce986841,72dc9cda-5c12-4e2d-8bb6-2352e6c9676e,4e0591ac-cc95-4ebf-a28c-538a04969147,PUBLIC_DOMAIN,PUBLIC_DOMAIN,False,True,True,True,False,GLOBAL,ALL,1900-01-01,2099-12-31,Musopen / Public Domain Mark,https://creativecommons.org/publicdomain/mark/1.0/,2026-08-24T13:51:13.005312
0f678270-f940-4219-8611-c9c8266b4169,af438196-5f41-45e4-a31f-6ae047d23425,a398cc94-d190-4587-9f01-f74ca818932a,PUBLIC_DOMAIN,PUBLIC_DOMAIN,False,True,True,True,False,GLOBAL,ALL,1900-01-01,2099-12-31,Musopen / Public Domain Mark,https://creativecommons.org/publicdomain/mark/1.0/,2026-08-24T13:51:13.005312
6ec45b8e-fd91-4171-8a9f-388876007759,4b46210c-f9a1-4233-9dd4-4dd5b9ecd031,000877ae-91d1-45d3-91b2-1f912a76f752,PUBLIC_DOMAIN,PUBLIC_DOMAIN,False,True,True,True,False,GLOBAL,ALL,1900-01-01,2099-12-31,Musopen / Public Domain Mark,https://creativecommons.org/publicdomain/mark/1.0/,2026-08-24T13:51:13.005312
c276e431-67d6-40c4-90cd-2397e097aca2,6bafac1e-ab77-4925-af0f-f947622ec7b4,4f4c9cca-b4ce-49a6-9d22-6262a2ffd480,PUBLIC_DOMAIN,PUBLIC_DOMAIN,False,True,True,True,False,GLOBAL,ALL,1900-01-01,2099-12-31,Musopen / Public Domain Mark,https://creativecommons.org/publicdomain/mark/1.0/,2026-08-24T13:51:13.005312
87f26ad7-ba15-4f6e-b67d-d48169438f86,3087b65b-ffb9-4193-911a-6acb00a969af,bceda19d-205d-4a7d-a51f-bfc289cef027,PUBLIC_DOMAIN,PUBLIC_DOMAIN,False,True,True,True,False,GLOBAL,ALL,1900-01-01,2099-12-31,Musopen / Public Domain Mark,https://creativecommons.org/publicdomain/mark/1.0/,2026-08-24T13:51:13.005312
9d5bb94f-e36d-47ee-869e-c8c0d371e3d5,8b423b0a-370f-470b-96b0-98660c4653af,1839666e-b14c-4d8a-8690-bc58ede1f3c0,PUBLIC_DOMAIN,PUBLIC_DOMAIN,False,True,True,True,False,GLOBAL,ALL,1900-01-01,2099-12-31,Musopen / Public Domain Mark,https://creativecommons.org/publicdomain/mark/1.0/,2026-08-24T13:51:13.005312
1b61b314-5b21-4d43-b57c-f0d45e3ca492,bb4614d5-fe37-435d-8a58-681cc3fc2bb6,f0c4e690-2e31-4358-ac31-2514241dc4a5,PUBLIC_DOMAIN,PUBLIC_DOMAIN,False,True,True,True,False,GLOBAL,ALL,1900-01-01,2099-12-31,Musopen / Public Domain Mark,https://creativecommons.org/publicdomain/mark/1.0/,2026-08-24T13:51:13.005312
7dcab80f-513c-44d5-9653-a4149a90d762,8d14cd76-9a49-46c3-b586-7fbc3809596b,a5f31dbf-ecf9-4a1c-ad93-e5be226a9f43,PUBLIC_DOMAIN,PUBLIC_DOMAIN,False,True,True,True,False,GLOBAL,ALL,1900-01-01,2099-12-31,Musopen / Public Domain Mark,https://creativecommons.org/publicdomain/mark/1.0/,2026-08-24T13:51:13.005312
5a3d8a2c-3f2b-424b-86a6-ebd8860912ea,706d9291-e4ea-44e5-a836-ae2d9c5fcb33,2b6d5f10-3600-4b7d-93c0-f85368552b3f,PUBLIC_DOMAIN,PUBLIC_DOMAIN,False,True,True,True,False,GLOBAL,ALL,1900-01-01,2099-12-31,Musopen / Public Domain Mark,https://creativecommons.org/publicdomain/mark/1.0/,2026-08-24T13:51:13.005312
8ff76013-fb3c-4ad6-b05f-4db53ed20309,cc718218-dcf3-498e-9b88-c425d74e0b06,863f8bf4-39db-4851-8b81-64d233470752,PUBLIC_DOMAIN,PUBLIC_DOMAIN,False,True,True,True,False,GLOBAL,ALL,1900-01-01,2099-12-31,Musopen / Public Domain Mark,https://creativecommons.org/publicdomain/mark/1.0/,2026-08-24T13:51:13.005312
abe35ee1-03b1-4a72-8964-80dc1bf30d31,c308c6c2-a37c-4031-9387-b483d1fdc0fc,2669f682-adfe-4057-9dca-d50a21ac5c72,PUBLIC_DOMAIN,PUBLIC_DOMAIN,False,True,True,True,False,GLOBAL,ALL,1900-01-01,2099-12-31,Musopen / Public Domain Mark,https://creativecommons.org/publicdomain/mark/1.0/,2026-08-24T13:51:13.005312
e37a5ab5-ff5b-47f9-87b2-3d591b2ee5e5,9dada2d7-d26a-4798-a6e6-6217c4e3832f,09fda259-67b9-47ac-a0bf-648da6fa8674,PUBLIC_DOMAIN,PUBLIC_DOMAIN,False,True,True,True,False,GLOBAL,ALL,1900-01-01,2099-12-31,Musopen / Public Domain Mark,https://creativecommons.org/publicdomain/mark/1.0/,2026-08-24T13:51:13.005312
9b88448c-1e3c-4b94-b148-7be6f8f753d5,1bb1093d-342a-40aa-8d0b-ed36b5924943,f84ece59-f5ee-42e6-a5d3-279b15f26832,PUBLIC_DOMAIN,PUBLIC_DOMAIN,False,True,True,True,False,GLOBAL,ALL,1900-01-01,2099-12-31,Musopen / Public Domain Mark,https://creativecommons.org/publicdomain/mark/1.0/,2026-08-24T13:51:13.005312
5e299228-53a6-48b2-8746-be064b63c3c3,7e9f1a6d-3418-4a6d-bf4e-8db234440b8b,b020b3e2-2179-4a74-84c5-7c72d9b3ec5e,PUBLIC_DOMAIN,PUBLIC_DOMAIN,False,True,True,True,False,GLOBAL,ALL,1900-01-01,2099-12-31,Musopen / Public Domain Mark,https://creativecommons.org/publicdomain/mark/1.0/,2026-08-24T13:51:13.005312
2eec8ab9-0bf0-4b0b-9da3-a4d5c6c9308d,0350b463-19dd-474b-9d13-ceb3ceee859e,327e9067-d911-4f55-8655-242a2dbddc4b,PUBLIC_DOMAIN,PUBLIC_DOMAIN,False,True,True,True,False,GLOBAL,ALL,1900-01-01,2099-12-31,Musopen / Public Domain Mark,https://creativecommons.org/publicdomain/mark/1.0/,2026-08-24T13:51:13.005312
bab602fc-bd13-47f2-ba2d-32b7a9095165,455b20dd-dd6c-46a6-8e79-9ff41f7ba29d,aab9e983-8b8a-49f2-b5f6-6efca34c3376,PUBLIC_DOMAIN,PUBLIC_DOMAIN,False,True,True,True,False,GLOBAL,ALL,1900-01-01,2099-12-31,Musopen / Public Domain Mark,https://creativecommons.org/publicdomain/mark/1.0/,2026-08-24T13:51:13.005312
5ef2f00d-42d1-4e2b-8bdf-add6440de370,bb5b065f-0956-4308-9fe3-16dab8464ec6,0b860b91-524d-42db-b5ae-e115f14e96bf,PUBLIC_DOMAIN,PUBLIC_DOMAIN,False,True,True,True,False,GLOBAL,ALL,1900-01-01,2099-12-31,Musopen / Public Domain Mark,https://creativecommons.org/publicdomain/mark/1.0/,2026-08-24T13:51:13.005312
e4cbd4ec-91ca-4e54-be29-8450fdf75ad1,8894431a-3f02-45f3-96cd-98225efa05c9,0861d550-9bf2-4136-9040-29df380ef516,PUBLIC_DOMAIN,PUBLIC_DOMAIN,False,True,True,True,False,GLOBAL,ALL,1900-01-01,2099-12-31,Musopen / Public Domain Mark,https://creativecommons.org/publicdomain/mark/1.0/,2026-08-24T13:51:13.005312
e999ceb5-beba-46c0-a195-0bc3e5353bc7,3c808bd3-6738-4571-b613-b0610beeca23,7e3fa4ce-1db7-47c6-b7f2-633e896fc425,PUBLIC_DOMAIN,PUBLIC_DOMAIN,False,True,True,True,False,GLOBAL,ALL,1900-01-01,2099-12-31,Musopen / Public Domain Mark,https://creativecommons.org/publicdomain/mark/1.0/,2026-08-24T13:51:13.005312
92c42e9d-abd6-4ea3-94d4-4ee96fdb9638,e878849f-98a6-4169-98dd-1bdf3eb47631,f9da38c2-ca9f-436b-9455-32ce14ef8ed7,PUBLIC_DOMAIN,PUBLIC_DOMAIN,False,True,True,True,False,GLOBAL,ALL,1900-01-01,2099-12-31,Musopen / Public Domain Mark,https://creativecommons.org/publicdomain/mark/1.0/,2026-08-24T13:51:13.005312
7f421505-3a99-4aaa-8be6-a068349b8148,a68194ad-280a-4a95-b06d-1efbd1163dd8,791cbcc4-ea8f-4ae3-a31b-3c2dac781b29,PUBLIC_DOMAIN,PUBLIC_DOMAIN,False,True,True,True,False,GLOBAL,ALL,1900-01-01,2099-12-31,Musopen / Public Domain Mark,https://creativecommons.org/publicdomain/mark/1.0/,2026-08-24T13:51:13.005312
76831ff0-f053-4aca-b1e2-e401be2cf519,a2473c93-e0d0-4048-87a8-3d34787bf510,bf8f4a19-1a5a-4bbf-8dc3-55d4431c424a,PUBLIC_DOMAIN,PUBLIC_DOMAIN,False,True,True,True,False,GLOBAL,ALL,1900-01-01,2099-12-31,Musopen / Public Domain Mark,https://creativecommons.org/publicdomain/mark/1.0/,2026-08-24T13:51:13.005312
74101166-652e-4c36-850a-b0fbebf6dec4,4770cce9-9a92-4dee-acd4-073b654f609c,29ed8956-6b5d-4247-b5b1-deb4d25b1043,PUBLIC_DOMAIN,PUBLIC_DOMAIN,False,True,True,True,False,GLOBAL,ALL,1900-01-01,2099-12-31,Musopen / Public Domain Mark,https://creativecommons.org/publicdomain/mark/1.0/,2026-08-24T13:51:13.005312
dd276b06-f5ed-4932-b3b6-9b3312f074c4,9c4b8ab4-578a-4159-942b-1ca811b76b3a,4f5bfb15-7462-40d1-bc25-b072ac063088,PUBLIC_DOMAIN,PUBLIC_DOMAIN,False,True,True,True,False,GLOBAL,ALL,1900-01-01,2099-12-31,Musopen / Public Domain Mark,https://creativecommons.org/publicdomain/mark/1.0/,2026-08-24T13:51:13.005312
62ac65ff-7cc0-43f1-8bc8-7ebb5b7546d1,4dda1ac8-42e1-4b3e-9944-87bf4bb36461,db6eab8e-7ca5-4acf-b5ac-503a5b800115,PUBLIC_DOMAIN,PUBLIC_DOMAIN,False,True,True,True,False,GLOBAL,ALL,1900-01-01,2099-12-31,Musopen / Public Domain Mark,https://creativecommons.org/publicdomain/mark/1.0/,2026-08-24T13:51:13.005312
3f513e61-1cb5-4ebf-929c-ad6785a47c22,bc75c0d9-6a99-4a48-8b43-2ce0edb5da96,95a929f7-39f5-49ad-b715-929f353ea7a9,PUBLIC_DOMAIN,PUBLIC_DOMAIN,False,True,True,True,False,GLOBAL,ALL,1900-01-01,2099-12-31,Musopen / Public Domain Mark,https://creativecommons.org/publicdomain/mark/1.0/,2026-08-24T13:51:13.005312
b46e1981-7fa2-44dc-8465-811b88f8c259,e1a7c28f-2b82-40d9-acfd-660bdff0b2af,46ffa4ac-0657-40f7-bdbd-c2cd6e175af3,PUBLIC_DOMAIN,PUBLIC_DOMAIN,False,True,True,True,False,GLOBAL,ALL,1900-01-01,2099-12-31,Musopen / Public Domain Mark,https://creativecommons.org/publicdomain/mark/1.0/,2026-08-24T13:51:13.005312
16f4fc45-1ce9-48c2-8b5a-2d2a35b21c70,f74ed59c-ea2b-48ee-91bb-23c686b6d179,9933aa9e-d62b-4f2c-93e4-95ee4b65226d,PUBLIC_DOMAIN,PUBLIC_DOMAIN,False,True,True,True,False,GLOBAL,ALL,1900-01-01,2099-12-31,Musopen / Public Domain Mark,https://creativecommons.org/publicdomain/mark/1.0/,2026-08-24T13:51:13.005312
822c4c52-a498-48ce-bca1-0046ee44d70d,d6014d6a-fe11-44e2-b55a-f6fd05bd6bd2,265b7f95-49ef-4fbb-8812-9f06e633161e,PUBLIC_DOMAIN,PUBLIC_DOMAIN,False,True,True,True,False,GLOBAL,ALL,1900-01-01,2099-12-31,Musopen / Public Domain Mark,https://creativecommons.org/publicdomain/mark/1.0/,2026-08-24T13:51:13.005312
a0f20beb-5363-4ad7-b9ff-e787b2752004,10bc9341-f57d-4949-808b-d1ef17499fc4,a70f6a45-0f8f-43f7-83ce-43719470a80b,PUBLIC_DOMAIN,PUBLIC_DOMAIN,False,True,True,True,False,GLOBAL,ALL,1900-01-01,2099-12-31,Musopen / Public Domain Mark,https://creativecommons.org/publicdomain/mark/1.0/,2026-08-24T13:51:13.005312
4aed7400-1a60-4a8f-aadb-d54e9b4869dd,e6875050-484b-48c6-bca4-d0c32ab2f150,c7413bb2-bb28-48d6-a637-82c0a04cc5a7,PUBLIC_DOMAIN,PUBLIC_DOMAIN,False,True,True,True,False,GLOBAL,ALL,1900-01-01,2099-12-31,Musopen / Public Domain Mark,https://creativecommons.org/publicdomain/mark/1.0/,2026-08-24T13:51:13.005312
c9524461-2d5c-49da-95ff-3b5feab2a8e7,252be8e2-1cbc-4c77-bb78-69ee48e70ad5,a108dde7-5a39-488d-83d6-4ab29b877dca,PUBLIC_DOMAIN,PUBLIC_DOMAIN,False,True,True,True,False,GLOBAL,ALL,1900-01-01,2099-12-31,Musopen / Public Domain Mark,https://creativecommons.org/publicdomain/mark/1.0/,2026-08-24T13:51:13.005312
a387dcac-cf2a-4feb-8373-f95cb7411981,0f9a8332-0ed3-40a6-8100-d3cdb5a148d8,49bf4e1f-3ad1-4845-9d7a-4b0c005f2159,PUBLIC_DOMAIN,PUBLIC_DOMAIN,False,True,True,True,False,GLOBAL,ALL,1900-01-01,2099-12-31,Musopen / Public Domain Mark,https://creativecommons.org/publicdomain/mark/1.0/,2026-08-24T13:51:13.005312
5d4a79c4-4f93-4e70-a697-f0170aefccbb,59c550b4-0a81-49bb-83f0-dfb1745df98c,1881fd0d-9d7c-495e-b284-e592d1ce4627,PUBLIC_DOMAIN,PUBLIC_DOMAIN,False,True,True,True,False,GLOBAL,ALL,1900-01-01,2099-12-31,Musopen / Public Domain Mark,https://creativecommons.org/publicdomain/mark/1.0/,2026-08-24T13:51:13.005312
8024e162-a807-4677-9509-c40dba6060fc,a1959c83-4731-4705-9de8-f73166e19af1,d2fd7c2a-9327-4971-b247-48b784054541,PUBLIC_DOMAIN,PUBLIC_DOMAIN,False,True,True,True,False,GLOBAL,ALL,1900-01-01,2099-12-31,Musopen / Public Domain Mark,https://creativecommons.org/publicdomain/mark/1.0/,2026-08-24T13:51:13.005312
f606331d-cb7c-4c60-81ea-2de92acb64b5,3c0338e0-863b-4fd5-9045-8c8bc0538e0f,7727f6bd-a4c4-4fe3-af07-3475e347fc96,PUBLIC_DOMAIN,PUBLIC_DOMAIN,False,True,True,True,False,GLOBAL,ALL,1900-01-01,2099-12-31,Musopen / Public Domain Mark,https://creativecommons.org/publicdomain/mark/1.0/,2026-08-24T13:51:13.005312
fcdf5bb2-bc32-4969-8b7c-1d4eeb23000b,4abbd2a6-cc5a-4b0f-ade6-918ebbddf40d,d2e006d0-b95a-4087-bd80-94356d4a69ba,PUBLIC_DOMAIN,PUBLIC_DOMAIN,False,True,True,True,False,GLOBAL,ALL,1900-01-01,2099-12-31,Musopen / Public Domain Mark,https://creativecommons.org/publicdomain/mark/1.0/,2026-08-24T13:51:13.005312
81a4f586-828d-4703-96c3-b3d1a353b29c,104b8960-3d9f-4d7e-a8b7-3f924b412b28,cf857cc7-b025-4bf3-ac71-87e2cd994229,PUBLIC_DOMAIN,PUBLIC_DOMAIN,False,True,True,True,False,GLOBAL,ALL,1900-01-01,2099-12-31,Musopen / Public Domain Mark,https://creativecommons.org/publicdomain/mark/1.0/,2026-08-24T13:51:13.005312
11942c47-108f-4022-b50e-4e8d6d0fb539,a8509ba0-defd-4b2f-88c0-ca2647b567f1,20d02af6-4eb4-413c-bdbd-4c95d06a1b87,PUBLIC_DOMAIN,PUBLIC_DOMAIN,False,True,True,True,False,GLOBAL,ALL,1900-01-01,2099-12-31,Musopen / Public Domain Mark,https://creativecommons.org/publicdomain/mark/1.0/,2026-08-24T13:51:13.005312
5e35af55-33ca-46fc-9e59-42d8a85bfd9e,d0e34a4f-8f89-4583-9b11-12db4a066180,8ef904fc-7107-485f-8034-bb279d349573,PUBLIC_DOMAIN,PUBLIC_DOMAIN,False,True,True,True,False,GLOBAL,ALL,1900-01-01,2099-12-31,Musopen / Public Domain Mark,https://creativecommons.org/publicdomain/mark/1.0/,2026-08-24T13:51:13.005312
90bb6d3a-9cc5-43c1-96c3-4b4f98aad01b,2fcf36c5-30c5-4779-9a07-e4d0d5b229f2,2376b301-f42c-4aa5-bd7a-53e13d7a3c08,PUBLIC_DOMAIN,PUBLIC_DOMAIN,False,True,True,True,False,GLOBAL,ALL,1900-01-01,2099-12-31,Musopen / Public Domain Mark,https://creativecommons.org/publicdomain/mark/1.0/,2026-08-24T13:51:13.005312
e5112151-cf2f-4cb0-8552-cb34586c3b11,c80a0db1-3417-4a11-91e2-e73d13db595f,a45c8029-afd6-48ba-8897-8af2570abb80,PUBLIC_DOMAIN,PUBLIC_DOMAIN,False,True,True,True,False,GLOBAL,ALL,1900-01-01,2099-12-31,Musopen / Public Domain Mark,https://creativecommons.org/publicdomain/mark/1.0/,2026-08-24T13:51:13.005312
5e341403-4038-4209-96b9-afe1f407c255,1349f102-194d-4c8c-810c-d2a6ab90770a,9849cc25-780b-4dee-a12c-88e1a1cd9136,PUBLIC_DOMAIN,PUBLIC_DOMAIN,False,True,True,True,False,GLOBAL,ALL,1900-01-01,2099-12-31,Musopen / Public Domain Mark,https://creativecommons.org/publicdomain/mark/1.0/,2026-08-24T13:51:13.005312
9fffbd01-0dd2-4946-b0e1-dac6c7dc128e,c18735fe-b6d0-462b-a18d-067ebfda0522,30d7eda6-dd71-470b-b980-ccede6748dc2,PUBLIC_DOMAIN,PUBLIC_DOMAIN,False,True,True,True,False,GLOBAL,ALL,1900-01-01,2099-12-31,Musopen / Public Domain Mark,https://creativecommons.org/publicdomain/mark/1.0/,2026-08-24T13:51:13.005312
fcc65563-a595-4d3d-8cfe-58ebab715fc8,ddb3925d-7308-4216-8421-1e48452133ab,2d0ad1f9-e3ca-4c28-ae15-a27f2df8acd2,PUBLIC_DOMAIN,PUBLIC_DOMAIN,False,True,True,True,False,GLOBAL,ALL,1900-01-01,2099-12-31,Musopen / Public Domain Mark,https://creativecommons.org/publicdomain/mark/1.0/,2026-08-24T13:51:13.005312
3fcd9578-ccf6-43c0-bc19-73742d591fb7,af396e32-849d-4978-bc96-5deb8042308e,2953dc24-7a66-4640-ac42-c7572be4108b,PUBLIC_DOMAIN,PUBLIC_DOMAIN,False,True,True,True,False,GLOBAL,ALL,1900-01-01,2099-12-31,Musopen / Public Domain Mark,https://creativecommons.org/publicdomain/mark/1.0/,2026-08-24T13:51:13.005312
121ee2cf-c841-4262-9e63-a5f626686d98,349112d9-3ab4-4907-ab6d-e70b0fbdbf93,2fa953fa-f245-4e8b-b04d-7932c0321f34,PUBLIC_DOMAIN,PUBLIC_DOMAIN,False,True,True,True,False,GLOBAL,ALL,1900-01-01,2099-12-31,Musopen / Public Domain Mark,https://creativecommons.org/publicdomain/mark/1.0/,2026-08-24T13:51:13.005312
48ad43dd-4fb8-4d5f-b45f-76ed5999b5c8,e3119a57-9dc0-437e-ab96-8d94267094a5,aa0e8ac3-1703-47d6-ad50-6ca84e3df1a3,PUBLIC_DOMAIN,PUBLIC_DOMAIN,False,True,True,True,False,GLOBAL,ALL,1900-01-01,2099-12-31,Musopen / Public Domain Mark,https://creativecommons.org/publicdomain/mark/1.0/,2026-08-24T13:51:13.005312
cb920b1b-35a3-4e20-ad20-eab290726b6d,923e2f2c-eb38-4d83-a8b0-b58d58230829,427d55b1-ec38-4fbc-89f2-f9afa01e0122,PUBLIC_DOMAIN,PUBLIC_DOMAIN,False,True,True,True,False,GLOBAL,ALL,1900-01-01,2099-12-31,Musopen / Public Domain Mark,https://creativecommons.org/publicdomain/mark/1.0/,2026-08-24T13:51:13.005312
252c03cb-7eae-40ac-b4b1-69aed4b9fcd3,ce1bdc5b-efd1-414c-9e78-90108dc20195,0466a34d-814a-4fbc-aab7-cc083c79180f,PUBLIC_DOMAIN,PUBLIC_DOMAIN,False,True,True,True,False,GLOBAL,ALL,1900-01-01,2099-12-31,Musopen / Public Domain Mark,https://creativecommons.org/publicdomain/mark/1.0/,2026-08-24T13:51:13.005312
64089bba-e932-4095-ba3e-01f22ae507d8,ae5d7efb-1d1e-4bee-bf97-a0c3e7517333,858ab811-2a7f-48b3-8663-e5389244e3cb,PUBLIC_DOMAIN,PUBLIC_DOMAIN,False,True,True,True,False,GLOBAL,ALL,1900-01-01,2099-12-31,Musopen / Public Domain Mark,https://creativecommons.org/publicdomain/mark/1.0/,2026-08-24T13:51:13.005312
c0b96eb0-d0c9-464d-bd7e-99ede1d2dbd7,553e6284-790e-4afe-baa9-606f0df7fa72,2e0a5f09-f41a-4db1-9271-3a30cd044e19,PUBLIC_DOMAIN,PUBLIC_DOMAIN,False,True,True,True,False,GLOBAL,ALL,1900-01-01,2099-12-31,Musopen / Public Domain Mark,https://creativecommons.org/publicdomain/mark/1.0/,2026-08-24T13:51:13.005312
c0d583ba-6b10-46a9-a694-8fc2a426f7d4,8e06a3e9-5289-4bf4-8d5d-21e252a820c3,1e8440fb-8cfb-4625-8ad6-a42b9673ca26,PUBLIC_DOMAIN,PUBLIC_DOMAIN,False,True,True,True,False,GLOBAL,ALL,1900-01-01,2099-12-31,Musopen / Public Domain Mark,https://creativecommons.org/publicdomain/mark/1.0/,2026-08-24T13:51:13.005312
f2041edf-37f1-4446-b07f-da3494958e0b,330c00b8-a4d7-4ea1-8640-06d858260697,fbee21ba-8cba-4598-996c-aa5cf1fe1ffc,PUBLIC_DOMAIN,PUBLIC_DOMAIN,False,True,True,True,False,GLOBAL,ALL,1900-01-01,2099-12-31,Musopen / Public Domain Mark,https://creativecommons.org/publicdomain/mark/1.0/,2026-08-24T13:51:13.005312
59c6d846-2a82-4cdf-9c1f-0a4566038e90,16ce2e75-5d44-4ff3-8267-95890e7891be,7a4ab579-f661-4df7-9167-a6108fd64a11,PUBLIC_DOMAIN,PUBLIC_DOMAIN,False,True,True,True,False,GLOBAL,ALL,1900-01-01,2099-12-31,Musopen / Public Domain Mark,https://creativecommons.org/publicdomain/mark/1.0/,2026-08-24T13:51:13.005312
ac04073c-bebc-494a-a14d-d32dfaa7833c,b02f7590-31b2-4829-bd57-e465d1ba8385,b1feff9b-dcda-45b1-a510-0d237f51d74d,PUBLIC_DOMAIN,PUBLIC_DOMAIN,False,True,True,True,False,GLOBAL,ALL,1900-01-01,2099-12-31,Musopen / Public Domain Mark,https://creativecommons.org/publicdomain/mark/1.0/,2026-08-24T13:51:13.005312
71dc7c97-6a5b-4d27-9dec-48b47f521ad6,3116015a-9b64-42cb-bfb9-7f028c40b89e,b721771e-17d7-4b90-8a53-bfc246e9a2ec,PUBLIC_DOMAIN,PUBLIC_DOMAIN,False,True,True,True,False,GLOBAL,ALL,1900-01-01,2099-12-31,Musopen / Public Domain Mark,https://creativecommons.org/publicdomain/mark/1.0/,2026-08-24T13:51:13.005312
6e89a646-1308-4f0a-807e-3a60e12bd92a,ae8cedee-44a9-4cb3-a819-f24d0a2d39bc,a64dab2b-b1f0-4412-a0d5-e1156a620c37,PUBLIC_DOMAIN,PUBLIC_DOMAIN,False,True,True,True,False,GLOBAL,ALL,1900-01-01,2099-12-31,Musopen / Public Domain Mark,https://creativecommons.org/publicdomain/mark/1.0/,2026-08-24T13:51:13.005312
3aea2065-3e39-40a6-9587-37b88868111e,2f12c64f-38b0-4ae7-bdcc-d4f4ae038a94,b5ecb250-f6dc-4158-bb3a-e71085897504,PUBLIC_DOMAIN,PUBLIC_DOMAIN,False,True,True,True,False,GLOBAL,ALL,1900-01-01,2099-12-31,Musopen / Public Domain Mark,https://creativecommons.org/publicdomain/mark/1.0/,2026-08-24T13:51:13.005312
bb3b35d4-4d86-4974-b802-099b91c03455,34a17bce-2841-4e4a-ad3b-f0eec5718ddd,efd398f4-21eb-4c0f-b0ec-ad12ac5fde49,PUBLIC_DOMAIN,PUBLIC_DOMAIN,False,True,True,True,False,GLOBAL,ALL,1900-01-01,2099-12-31,Musopen / Public Domain Mark,https://creativecommons.org/publicdomain/mark/1.0/,2026-08-24T13:51:13.005312
7072ba68-8983-4133-9fcd-2bd61cce550d,5aac00b7-893c-44ce-a06b-ed35992e9834,d6119d25-196f-47c5-ab37-6cb650304dc8,PUBLIC_DOMAIN,PUBLIC_DOMAIN,False,True,True,True,False,GLOBAL,ALL,1900-01-01,2099-12-31,Musopen / Public Domain Mark,https://creativecommons.org/publicdomain/mark/1.0/,2026-08-24T13:51:13.005312
51805a08-af35-4c6a-93ef-9840ddc42166,6f5c19b2-448b-4777-bc51-56aab92a82dc,b0e9f55c-ae27-40f0-ad72-9a0fa10d1fca,PUBLIC_DOMAIN,PUBLIC_DOMAIN,False,True,True,True,False,GLOBAL,ALL,1900-01-01,2099-12-31,Musopen / Public Domain Mark,https://creativecommons.org/publicdomain/mark/1.0/,2026-08-24T13:51:13.005312
cd8f7403-942d-44db-a58b-710a42086304,0c7287c1-d093-4047-8142-bfc9ca41d6ee,3e785a9a-08e9-46fe-a7d1-a3302a1b8753,PUBLIC_DOMAIN,PUBLIC_DOMAIN,False,True,True,True,False,GLOBAL,ALL,1900-01-01,2099-12-31,Musopen / Public Domain Mark,https://creativecommons.org/publicdomain/mark/1.0/,2026-08-24T13:51:13.005312
73c3c6d8-9d2c-4b7c-96f9-c2c68a10907f,8236b1b2-4e76-4ea6-8146-e4fedba7f6a6,9bb006c4-6df9-4354-9dac-311c14f5b5e8,PUBLIC_DOMAIN,PUBLIC_DOMAIN,False,True,True,True,False,GLOBAL,ALL,1900-01-01,2099-12-31,Musopen / Public Domain Mark,https://creativecommons.org/publicdomain/mark/1.0/,2026-08-24T13:51:13.005312
471ad1b3-428a-4379-b905-cae2f44c9c0d,18d98bbe-2ca8-417c-b9b3-2515047535b6,7db7ceb1-59bd-4529-8f28-4ae6b2e2a437,PUBLIC_DOMAIN,PUBLIC_DOMAIN,False,True,True,True,False,GLOBAL,ALL,1900-01-01,2099-12-31,Musopen / Public Domain Mark,https://creativecommons.org/publicdomain/mark/1.0/,2026-08-24T13:51:13.005312
10843bea-e9ef-4383-867e-9f288e6564fe,e84f4da4-36b8-4cad-8ecf-dde93e83d77b,55548317-be09-4fbb-8607-b8154aaa122b,PUBLIC_DOMAIN,PUBLIC_DOMAIN,False,True,True,True,False,GLOBAL,ALL,1900-01-01,2099-12-31,Musopen / Public Domain Mark,https://creativecommons.org/publicdomain/mark/1.0/,2026-08-24T13:51:13.005312
31dcc84e-cbf9-4a3b-b4aa-2602ce03a881,8b11471d-571e-4868-a968-42ab0145c22a,cc8d6799-309b-4b2d-b894-5055384e29bd,PUBLIC_DOMAIN,PUBLIC_DOMAIN,False,True,True,True,False,GLOBAL,ALL,1900-01-01,2099-12-31,Musopen / Public Domain Mark,https://creativecommons.org/publicdomain/mark/1.0/,2026-08-24T13:51:13.005312
9db9e555-e227-4781-b2fa-5db1491091f8,e5790047-6a20-4848-a638-773189cd439a,34aaf3be-904f-4178-835b-53a9532709af,PUBLIC_DOMAIN,PUBLIC_DOMAIN,False,True,True,True,False,GLOBAL,ALL,1900-01-01,2099-12-31,Musopen / Public Domain Mark,https://creativecommons.org/publicdomain/mark/1.0/,2026-08-24T13:51:13.005312
463b28f8-1d5c-475b-8bd2-71fffad95240,5575415a-d69a-49c5-b1bf-9ac7617733f7,b75e7957-2234-4bb4-90d1-c184070a584a,PUBLIC_DOMAIN,PUBLIC_DOMAIN,False,True,True,True,False,GLOBAL,ALL,1900-01-01,2099-12-31,Musopen / Public Domain Mark,https://creativecommons.org/publicdomain/mark/1.0/,2026-08-24T13:51:13.005312
d95d728a-0e2d-42bf-8a4a-4e166c91ed02,851d8c99-9a54-4b84-bb97-9f26375f5be5,623c009a-df5a-4b9f-b687-0030ed1da539,PUBLIC_DOMAIN,PUBLIC_DOMAIN,False,True,True,True,False,GLOBAL,ALL,1900-01-01,2099-12-31,Musopen / Public Domain Mark,https://creativecommons.org/publicdomain/mark/1.0/,2026-08-24T13:51:13.005312
cbac65c1-715c-4e75-bfd7-ff0be2e8d4eb,37bfcf80-d9dd-4eb9-a88a-12c752de85a6,32e0cc2c-5e11-4237-97ab-aa34c39bc1de,PUBLIC_DOMAIN,PUBLIC_DOMAIN,False,True,True,True,False,GLOBAL,ALL,1900-01-01,2099-12-31,Musopen / Public Domain Mark,https://creativecommons.org/publicdomain/mark/1.0/,2026-08-24T13:51:13.005312
9fcf912f-ec62-4d3b-aa32-95303f17a34a,70f6070d-829b-4dc8-b773-30fe2df36eaf,76b8b5d1-e292-4803-a01f-da97a039fc3b,PUBLIC_DOMAIN,PUBLIC_DOMAIN,False,True,True,True,False,GLOBAL,ALL,1900-01-01,2099-12-31,Musopen / Public Domain Mark,https://creativecommons.org/publicdomain/mark/1.0/,2026-08-24T13:51:13.005312
daff62da-2b79-4370-b9ec-88a04de8be65,7899fa09-09bb-475a-b4dd-870448aeed4e,5b41e5e6-8a82-459c-8863-5e20ee8d3ad6,PUBLIC_DOMAIN,PUBLIC_DOMAIN,False,True,True,True,False,GLOBAL,ALL,1900-01-01,2099-12-31,Musopen / Public Domain Mark,https://creativecommons.org/publicdomain/mark/1.0/,2026-08-24T13:51:13.005312
9d4eb965-0cbc-4cad-8472-f1f2eaccf3bc,4d5e8000-7888-4c2a-aa63-acd4378e985e,0024a249-a830-4c3c-aecd-cd52e59d453f,PUBLIC_DOMAIN,PUBLIC_DOMAIN,False,True,True,True,False,GLOBAL,ALL,1900-01-01,2099-12-31,Musopen / Public Domain Mark,https://creativecommons.org/publicdomain/mark/1.0/,2026-08-24T13:51:13.005312
2d400cfd-c542-48be-96a0-3a2d4efcd890,d9baf4cc-8ced-42ff-9c8c-7d9c9c073b16,a6fb4929-f57a-414f-afd8-d4210bbe193e,PUBLIC_DOMAIN,PUBLIC_DOMAIN,False,True,True,True,False,GLOBAL,ALL,1900-01-01,2099-12-31,Musopen / Public Domain Mark,https://creativecommons.org/publicdomain/mark/1.0/,2026-08-24T13:51:13.005312
55ac27f0-669a-4157-859c-241134e4cf76,fe37e741-bfdd-4063-8c80-4bebdcc2c27e,cb39131f-2700-48cf-96dd-7b6997028302,PUBLIC_DOMAIN,PUBLIC_DOMAIN,False,True,True,True,False,GLOBAL,ALL,1900-01-01,2099-12-31,Musopen / Public Domain Mark,https://creativecommons.org/publicdomain/mark/1.0/,2026-08-24T13:51:13.005312
328933ae-1acb-4e41-89e4-87f27a09dade,a446bf39-ec39-4429-8bdf-d502fc796786,ab781833-17c3-47f3-a486-07c265cb1307,PUBLIC_DOMAIN,PUBLIC_DOMAIN,False,True,True,True,False,GLOBAL,ALL,1900-01-01,2099-12-31,Musopen / Public Domain Mark,https://creativecommons.org/publicdomain/mark/1.0/,2026-08-24T13:51:13.005312
4be6f06d-1fae-44b6-8ad3-e8496115174d,103e02c3-36dd-4647-9610-239ddec806b3,f77ffe6b-90ab-49cd-8379-84d57f2fbdc3,PUBLIC_DOMAIN,PUBLIC_DOMAIN,False,True,True,True,False,GLOBAL,ALL,1900-01-01,2099-12-31,Musopen / Public Domain Mark,https://creativecommons.org/publicdomain/mark/1.0/,2026-08-24T13:51:13.005312
dc0bfaa0-00c7-46e5-b0f1-0c69033877a8,4dcb7158-65e7-4654-9499-8fd6c7c5e69b,01e2ceef-950a-4630-9180-85b71ea288f0,CC_BY,PROTECTED,True,True,True,True,False,GLOBAL,ALL,2020-01-01,2099-12-31,Jamendo CC License,https://creativecommons.org/licenses/,2026-08-24 12:23:39
20e6cf83-22d7-400e-8407-1883a0db8e95,e4aa5407-c426-4a1d-97d6-60ec02d06667,6a6715ff-cf80-453e-84c9-abc6178e3375,CC_BY,PROTECTED,True,True,True,True,False,GLOBAL,ALL,2020-01-01,2099-12-31,Jamendo CC License,https://creativecommons.org/licenses/,2026-08-24 12:23:39
913d5654-a6a3-496c-b734-b78291fa98a7,eb2438fc-adae-4cdb-ad53-1edefd053932,0f41abf7-b02b-40cb-ac8b-40c81838af46,CC_BY,PROTECTED,True,True,True,True,False,GLOBAL,ALL,2020-01-01,2099-12-31,Jamendo CC License,https://creativecommons.org/licenses/,2026-08-24 12:23:39
20871a7b-7cd1-402a-a7b4-a483d3c1afc3,bf9df369-fd70-499b-aef4-097505b29285,d2865a32-316b-4e14-8607-8884a559d2c2,CC_BY,PROTECTED,True,True,True,True,False,GLOBAL,ALL,2020-01-01,2099-12-31,Jamendo CC License,https://creativecommons.org/licenses/,2026-08-24 12:23:39
32ccdb74-70bf-43a2-9b32-cdfc7496bc97,57ae9593-e54c-4672-a65f-6ace09fb611f,1aba6c3b-411a-4e98-bea6-025b98710bd2,CC_BY,PROTECTED,True,True,True,True,False,GLOBAL,ALL,2020-01-01,2099-12-31,Jamendo CC License,https://creativecommons.org/licenses/,2026-08-24 12:23:39
085b2b63-5293-4666-9537-49251ff4edda,ae748a3e-a41f-423a-8957-9065fc6ea7db,b19996a1-8706-4a0c-b03c-fd85fb164756,CC_BY,PROTECTED,True,True,True,True,False,GLOBAL,ALL,2020-01-01,2099-12-31,Jamendo CC License,https://creativecommons.org/licenses/,2026-08-24 12:23:39
19f025bc-d803-4096-a1ff-ef68435a39b3,1bd1fc8b-5c76-4381-8e38-c2e701749252,8d199501-7ee1-4bde-9a45-efda78a220e5,CC_BY,PROTECTED,True,True,True,True,False,GLOBAL,ALL,2020-01-01,2099-12-31,Jamendo CC License,https://creativecommons.org/licenses/,2026-08-24 12:23:39
08183041-a679-461a-9226-d335777a1e1a,1f9bb2ec-d332-4c9c-b8a2-0f6b878bb912,99cdf20f-97bb-401c-8efd-04d6130fafae,CC_BY,PROTECTED,True,True,True,True,False,GLOBAL,ALL,2020-01-01,2099-12-31,Jamendo CC License,https://creativecommons.org/licenses/,2026-08-24 12:23:39
e8e8154f-8433-4ac3-88ad-648a116b87fb,ec1c111f-0775-4ecc-807c-021027d035b4,f07bdeee-631b-4194-946a-2839013c4127,CC_BY,PROTECTED,True,True,True,True,False,GLOBAL,ALL,2020-01-01,2099-12-31,Jamendo CC License,https://creativecommons.org/licenses/,2026-08-24 12:23:39
c22d80bb-53c1-45f0-a3a0-756436a2929f,a4dfd4d5-3994-4806-9aac-42c9c434ebb4,478eb34f-8297-4b39-b2a6-d4dd4400a6ae,CC_BY,PROTECTED,True,True,True,True,False,GLOBAL,ALL,2020-01-01,2099-12-31,Jamendo CC License,https://creativecommons.org/licenses/,2026-08-24 12:23:39
0b757e67-1faa-4912-a255-a7d800ba2469,4c104118-755a-44df-84df-0acad5dd10ce,4ddc76b5-48ab-4dc9-bec8-fcf7b9a4b47d,CC_BY,PROTECTED,True,True,True,True,False,GLOBAL,ALL,2020-01-01,2099-12-31,Jamendo CC License,https://creativecommons.org/licenses/,2026-08-24 12:23:39
a42a7cb2-ff88-4f88-840a-acaa954cc7c3,43f0e42c-520e-4c9d-92fc-be570f17684e,60fd0697-138c-49d3-a5cc-16f8c7e3c70d,CC_BY,PROTECTED,True,True,True,True,False,GLOBAL,ALL,2020-01-01,2099-12-31,Jamendo CC License,https://creativecommons.org/licenses/,2026-08-24 12:23:39
cdf94c18-dc16-46a9-b5a8-d9b589241981,25288250-79f8-474b-9db2-c3bfa6a35a80,d78990d4-ca1c-4333-8f21-1a20c75d10e0,CC_BY,PROTECTED,True,True,True,True,False,GLOBAL,ALL,2020-01-01,2099-12-31,Jamendo CC License,https://creativecommons.org/licenses/,2026-08-24 12:23:39
0893fed8-ade7-4332-b877-fcf9200ccdf7,6fc64d8b-cbc8-43fa-86b9-393dd02979c1,4bef74d1-04c1-46b0-b522-4a72e8670aa1,CC_BY,PROTECTED,True,True,True,True,False,GLOBAL,ALL,2020-01-01,2099-12-31,Jamendo CC License,https://creativecommons.org/licenses/,2026-08-24 12:23:39
ef29db9e-3805-4a51-880b-2d38eb6a28e9,31d54fc0-1c4b-43dc-9d9e-c0b08122ade2,b81204f7-74d2-47ac-b4e4-d2962e04254b,CC_BY,PROTECTED,True,True,True,True,False,GLOBAL,ALL,2020-01-01,2099-12-31,Jamendo CC License,https://creativecommons.org/licenses/,2026-08-24 12:23:39
fea122f5-9bca-4ded-b4ab-386ce4f877e6,f206c8d0-d6db-4862-94cb-fae7783043a6,8c9d43b8-f89c-4d2e-9ddc-52a7952d6d17,CC_BY,PROTECTED,True,True,True,True,False,GLOBAL,ALL,2020-01-01,2099-12-31,Jamendo CC License,https://creativecommons.org/licenses/,2026-08-24 12:23:39
cb6f4646-c30e-4213-9962-9a77df71c680,6074826a-ea17-4997-b967-c4ccc2a7c313,427b9da5-4753-498b-b35b-c7390ea1d22c,CC_BY,PROTECTED,True,True,True,True,False,GLOBAL,ALL,2020-01-01,2099-12-31,Jamendo CC License,https://creativecommons.org/licenses/,2026-08-24 12:23:39
65d93798-63d8-4c32-bffd-59445d2554c4,a7567f46-4916-42c2-8a9b-247262ae7e00,2121442c-61a4-46b1-9f33-15e96ed48336,CC_BY,PROTECTED,True,True,True,True,False,GLOBAL,ALL,2020-01-01,2099-12-31,Jamendo CC License,https://creativecommons.org/licenses/,2026-08-24 12:23:39
14e0617d-cfd3-4ab0-98a4-f5aae26a3be1,7ac84364-30e4-4c99-bed6-316e08da9508,eb36a20e-6400-4c3f-a9e8-9ffc57f22b4c,CC_BY,PROTECTED,True,True,True,True,False,GLOBAL,ALL,2020-01-01,2099-12-31,Jamendo CC License,https://creativecommons.org/licenses/,2026-08-24 12:23:39
eda3875d-6d1a-4ed3-8b52-f30ed9cb2ad5,e6ef71cc-2eb6-4521-a9db-687956fe1fac,d33fd804-b202-4ddf-9ca8-1c7950c64e2f,CC_BY,PROTECTED,True,True,True,True,False,GLOBAL,ALL,2020-01-01,2099-12-31,Jamendo CC License,https://creativecommons.org/licenses/,2026-08-24 12:23:39
8b790c40-0377-4c06-ab92-9804c49853c5,2fad50e2-c0bd-4541-a23d-8743889a1e2b,b44fd37c-a4ef-4521-b8c2-90863fc77c4c,CC_BY,PROTECTED,True,True,True,True,False,GLOBAL,ALL,2020-01-01,2099-12-31,Jamendo CC License,https://creativecommons.org/licenses/,2026-08-24 12:23:39
646353ef-a906-4351-b94a-24c4d71a9822,556c151d-5ddc-4c10-a6cf-bcae70853d7e,5adbf9e4-9508-44aa-8ba5-20328f9942b3,CC_BY,PROTECTED,True,True,True,True,False,GLOBAL,ALL,2020-01-01,2099-12-31,Jamendo CC License,https://creativecommons.org/licenses/,2026-08-24 12:23:39
e24f6d08-a82f-4158-8f25-82df921944e2,ce7de201-6b32-434b-8a98-e0b09daed417,02e4893b-757f-4139-82fb-5a8e12474870,CC_BY,PROTECTED,True,True,True,True,False,GLOBAL,ALL,2020-01-01,2099-12-31,Jamendo CC License,https://creativecommons.org/licenses/,2026-08-24 12:23:39
8f798ee2-9119-4b1a-a6f5-6cf3121b731a,9745989e-1dd3-4c84-8f7e-e08a3d401e2f,0861336a-f08e-4ba5-bdc3-6113a1da2a59,CC_BY,PROTECTED,True,True,True,True,False,GLOBAL,ALL,2020-01-01,2099-12-31,Jamendo CC License,https://creativecommons.org/licenses/,2026-08-24 12:23:39
6a899c28-c0f1-4857-ada7-08a578981d22,860ea31b-9757-4411-b746-4114439bbd1c,2188d001-ba39-44bc-85cd-31b45c8a12cc,CC_BY,PROTECTED,True,True,True,True,False,GLOBAL,ALL,2020-01-01,2099-12-31,Jamendo CC License,https://creativecommons.org/licenses/,2026-08-24 12:23:39
58789a9c-6122-432a-813c-477f589d7e82,14ea00cf-2d73-4579-8ce0-6bb534b5ae21,b7b5edd4-edf5-46d9-ab4f-077966f7c00c,CC_BY,PROTECTED,True,True,True,True,False,GLOBAL,ALL,2020-01-01,2099-12-31,Jamendo CC License,https://creativecommons.org/licenses/,2026-08-24 12:23:39
f7a2efad-4134-4b53-ae42-bc0605949797,15756982-774a-4e1d-b919-e5c6ddd64528,12f238f9-52ea-48ae-ad1a-23a164b64296,CC_BY,PROTECTED,True,True,True,True,False,GLOBAL,ALL,2020-01-01,2099-12-31,Jamendo CC License,https://creativecommons.org/licenses/,2026-08-24 12:23:39
4b75a649-5d53-410c-9e1c-6fac3c03cae7,1c5ac1e9-1112-4860-a7c0-01435f7e38ec,b618de92-124c-40fb-a6e9-028c4f19ba40,CC_BY,PROTECTED,True,True,True,True,False,GLOBAL,ALL,2020-01-01,2099-12-31,Jamendo CC License,https://creativecommons.org/licenses/,2026-08-24 12:23:39
9b697edc-edc0-42d7-bea4-d0a8e8aa019d,c0d6b86c-3d1d-48a7-bacf-cec2eeef166d,f4e4ad80-2b95-4573-b102-a42162ff8d1b,CC_BY,PROTECTED,True,True,True,True,False,GLOBAL,ALL,2020-01-01,2099-12-31,Jamendo CC License,https://creativecommons.org/licenses/,2026-08-24 12:23:39
f8ca5f5f-0858-49d4-b7b7-c245e8993b66,da0b84c8-eaa4-45ca-8080-b863115eef21,38cbddc7-b7cc-4ebb-b39f-f696aa12367e,CC_BY,PROTECTED,True,True,True,True,False,GLOBAL,ALL,2020-01-01,2099-12-31,Jamendo CC License,https://creativecommons.org/licenses/,2026-08-24 12:23:39
4aa2a78c-97ba-485e-ab24-a20e00025a61,f0a80d22-b577-4411-b246-a7bb76e1ced3,b2790b08-9fb2-46cf-ac25-d6e0d2b30dd7,CC_BY,PROTECTED,True,True,True,True,False,GLOBAL,ALL,2020-01-01,2099-12-31,Jamendo CC License,https://creativecommons.org/licenses/,2026-08-24 12:23:39
e97b04c8-89b5-458c-9ed9-7f6f9e1daee3,3fbeb89c-2700-450e-b1bf-e7549d0c276c,873855c2-b80c-41b6-b4fc-85af2e0f71c5,CC_BY,PROTECTED,True,True,True,True,False,GLOBAL,ALL,2020-01-01,2099-12-31,Jamendo CC License,https://creativecommons.org/licenses/,2026-08-24 12:23:39
3c157471-37d2-4b10-acec-5b7ce3447a20,5931db6d-df2d-4b94-8edb-f798f52bec21,efd1ef34-444f-4b1b-b879-847801963619,CC_BY,PROTECTED,True,True,True,True,False,GLOBAL,ALL,2020-01-01,2099-12-31,Jamendo CC License,https://creativecommons.org/licenses/,2026-08-24 12:23:39
a6bbc218-622f-4581-a107-e0b9c2bd908a,d6efcd53-cbab-42f3-8e73-c41d554b5876,9d5cf042-0ef9-4a58-b501-f28ff746df2a,CC_BY,PROTECTED,True,True,True,True,False,GLOBAL,ALL,2020-01-01,2099-12-31,Jamendo CC License,https://creativecommons.org/licenses/,2026-08-24 12:23:39
f5350941-6a1e-4731-9416-4f0826952961,cc86604f-9c56-4b04-98f7-5abcd611106b,d6ffcd16-c5e3-478f-9195-278f9d37941e,CC_BY,PROTECTED,True,True,True,True,False,GLOBAL,ALL,2020-01-01,2099-12-31,Jamendo CC License,https://creativecommons.org/licenses/,2026-08-24 12:23:39
bb7a67cb-3956-412f-9175-07254c8eada5,d4e73558-756c-4c8d-97aa-6b1f2c45c738,08b5af9c-2b77-48a6-b1f1-36e1f8272c0a,CC_BY,PROTECTED,True,True,True,True,False,GLOBAL,ALL,2020-01-01,2099-12-31,Jamendo CC License,https://creativecommons.org/licenses/,2026-08-24 12:23:39
3cd5106b-c53c-4281-a0b6-d6c2fbb67096,87777627-35ef-4103-9380-75105f591367,36109e42-9bb3-4a48-ae58-f4c07b24b64c,CC_BY,PROTECTED,True,True,True,True,False,GLOBAL,ALL,2020-01-01,2099-12-31,Jamendo CC License,https://creativecommons.org/licenses/,2026-08-24 12:23:39
2a5f5773-d743-4086-9da6-e71aa9af8443,fa2ad50f-7fa0-4383-a8f7-22e2ae7ce468,d6c319af-f68f-4a4b-b6c3-5730f2ff3646,CC_BY,PROTECTED,True,True,True,True,False,GLOBAL,ALL,2020-01-01,2099-12-31,Jamendo CC License,https://creativecommons.org/licenses/,2026-08-24 12:23:39
65a5d3c3-1b60-488e-82ea-e3f136452b29,1424d530-6270-4f6d-b1c0-1d89862c73a5,b1983074-fc3f-4cc8-be75-e2b842c049e9,CC_BY,PROTECTED,True,True,True,True,False,GLOBAL,ALL,2020-01-01,2099-12-31,Jamendo CC License,https://creativecommons.org/licenses/,2026-08-24 12:23:39
1abfcc1a-0a23-4282-a0f7-83894480747c,1ce34e83-7e27-4248-ad1f-bf07d7028309,3954f716-223a-487b-a2bd-21629fbb0d58,CC_BY,PROTECTED,True,True,True,True,False,GLOBAL,ALL,2020-01-01,2099-12-31,Jamendo CC License,https://creativecommons.org/licenses/,2026-08-24 12:23:39
3ab6344d-46a0-4a0a-9558-400fe0c9cc93,a02e8d66-816e-471e-87e5-acc75d57dfdf,6d6cb690-f5f5-48d6-9e10-c64d752886e5,CC_BY,PROTECTED,True,True,True,True,False,GLOBAL,ALL,2020-01-01,2099-12-31,Jamendo CC License,https://creativecommons.org/licenses/,2026-08-24 12:23:39
d65cf59e-b381-43e9-9c51-6bab73bc6974,b3287d65-367a-4d74-9249-f56f05aab15b,e646ac51-773d-4eac-8de8-deaed1aaee5c,CC_BY,PROTECTED,True,True,True,True,False,GLOBAL,ALL,2020-01-01,2099-12-31,Jamendo CC License,https://creativecommons.org/licenses/,2026-08-24 12:23:39
c59e9588-0617-4f4b-9bd1-838b88786f07,fba29da0-375e-42f8-8a4b-caad5ba9b3ad,903d8e50-302b-48aa-80f8-2b38eec17228,CC_BY,PROTECTED,True,True,True,True,False,GLOBAL,ALL,2020-01-01,2099-12-31,Jamendo CC License,https://creativecommons.org/licenses/,2026-08-24 12:23:39
2ea85bac-0083-4c7f-b0ce-d361051a090c,b3deb0f4-330a-4fc0-8dca-7aae1f7883c9,deba98e9-568f-40ea-9a7c-3f9b36836ae1,CC_BY,PROTECTED,True,True,True,True,False,GLOBAL,ALL,2020-01-01,2099-12-31,Jamendo CC License,https://creativecommons.org/licenses/,2026-08-24 12:23:39
e049c101-a992-467d-8794-ebbc216efabf,e49d7c46-52ac-4045-8d89-ce46463864c5,07c9bb36-700c-4dbf-adf9-df2df30da784,CC_BY,PROTECTED,True,True,True,True,False,GLOBAL,ALL,2020-01-01,2099-12-31,Jamendo CC License,https://creativecommons.org/licenses/,2026-08-24 12:23:39
cd7bc885-4ecb-40cd-b1d6-92c21ad037f9,e4801030-c087-4715-b77a-0fc2dc34389b,273a495c-b641-4feb-9023-1762af373fd2,CC_BY,PROTECTED,True,True,True,True,False,GLOBAL,ALL,2020-01-01,2099-12-31,Jamendo CC License,https://creativecommons.org/licenses/,2026-08-24 12:23:39
4ab46f83-1c8b-45c8-9b81-dd6750c8c354,85b63719-55f5-44c0-bd8a-d61aa55325b5,4372911f-06e5-4264-a4c3-3505e83d4f90,CC_BY,PROTECTED,True,True,True,True,False,GLOBAL,ALL,2020-01-01,2099-12-31,Jamendo CC License,https://creativecommons.org/licenses/,2026-08-24 12:23:39
5e21549a-b2f4-4564-a2bd-ee6cc657f885,e8b6af95-4016-4ef8-8d07-dfc083b26765,aa7a39d1-8756-4305-9c42-02128a02c8f0,CC_BY,PROTECTED,True,True,True,True,False,GLOBAL,ALL,2020-01-01,2099-12-31,Jamendo CC License,https://creativecommons.org/licenses/,2026-08-24 12:23:39
dc855ba0-9af7-4f29-9d3e-772ce4ed357d,89778e57-7e04-4cef-a21f-99130eca1eb4,ca0e618a-d6a8-42ce-a2ca-bb311ccbbf20,CC_BY,PROTECTED,True,True,True,True,False,GLOBAL,ALL,2020-01-01,2099-12-31,Jamendo CC License,https://creativecommons.org/licenses/,2026-08-24 12:23:39
77f41bd6-988c-4002-8c83-c0bcfc80c5f6,f2f175bf-2d09-4ae2-86b4-cd0470984722,36e4a56c-77e1-44cc-b2bf-c4ca25a2c47c,CC_BY,PROTECTED,True,True,True,True,False,GLOBAL,ALL,2020-01-01,2099-12-31,Jamendo CC License,https://creativecommons.org/licenses/,2026-08-24 12:23:39
89640d0b-e0de-4726-9e47-baf0563e0b6d,6c93df2c-83ec-44e1-a089-f7fe31387ce2,4be33c12-b567-4dde-88a6-24513bddb535,CC_BY,PROTECTED,True,True,True,True,False,GLOBAL,ALL,2020-01-01,2099-12-31,Jamendo CC License,https://creativecommons.org/licenses/,2026-08-24 12:23:39
bfc92b42-8082-41c8-8a55-66044b9ffeac,cb374674-ac70-47b0-b964-2659cfc714b1,264f47af-c721-42bd-81f2-b52bc41e7c75,CC_BY,PROTECTED,True,True,True,True,False,GLOBAL,ALL,2020-01-01,2099-12-31,Jamendo CC License,https://creativecommons.org/licenses/,2026-08-24 12:23:39
e0f9d679-a541-4f61-ac53-50a813a1256f,db91c3b8-46cb-43cb-8968-955cc681ba4e,eba40201-0d75-4972-8a35-0a104b9c8c7c,CC_BY,PROTECTED,True,True,True,True,False,GLOBAL,ALL,2020-01-01,2099-12-31,Jamendo CC License,https://creativecommons.org/licenses/,2026-08-24 12:23:39
9b06e1e6-7b61-401f-a364-ce5538fe9e55,ee00c20d-fd13-4747-9f14-c6b39d5b08b9,12e2f2e0-a461-4b0c-897c-203101e7115e,CC_BY,PROTECTED,True,True,True,True,False,GLOBAL,ALL,2020-01-01,2099-12-31,Jamendo CC License,https://creativecommons.org/licenses/,2026-08-24 12:23:39
0055776b-1691-4259-97aa-c08765721f96,dc5ae068-1dd0-453b-80e6-cf7617756cbb,40077152-0825-4c31-92ec-b9b1c7039cab,CC_BY,PROTECTED,True,True,True,True,False,GLOBAL,ALL,2020-01-01,2099-12-31,Jamendo CC License,https://creativecommons.org/licenses/,2026-08-24 12:23:39
faa47893-1635-4df3-9076-63d073da2aa3,4b254085-c34a-4618-b86e-e78cf47ba5b9,128d0b5b-5dfd-4a33-be25-f7c6774b6fa9,CC_BY,PROTECTED,True,True,True,True,False,GLOBAL,ALL,2020-01-01,2099-12-31,Jamendo CC License,https://creativecommons.org/licenses/,2026-08-24 12:23:39
715d50a6-c783-4dc5-ad90-1061ad29f463,82ab7ca4-56ac-4448-8dc8-463d3018a222,9bf4fb26-e373-4e1e-ae9b-feb93aeb7273,CC_BY,PROTECTED,True,True,True,True,False,GLOBAL,ALL,2020-01-01,2099-12-31,Jamendo CC License,https://creativecommons.org/licenses/,2026-08-24 12:23:39
e79cf48f-196b-4df0-803b-a33d6c704f83,b6573510-d09d-4248-814a-f039fca62be9,07774675-9cef-44ee-901f-25cc4a75fe65,CC_BY,PROTECTED,True,True,True,True,False,GLOBAL,ALL,2020-01-01,2099-12-31,Jamendo CC License,https://creativecommons.org/licenses/,2026-08-24 12:23:39
b7a0a599-13a5-4384-b786-8a86649cdd27,a1032ce7-5be2-4051-963b-87ebfb5b9a99,0af7a31c-e44a-434d-8146-a5cc9953cfdf,CC_BY,PROTECTED,True,True,True,True,False,GLOBAL,ALL,2020-01-01,2099-12-31,Jamendo CC License,https://creativecommons.org/licenses/,2026-08-24 12:23:39
1149868a-1065-44ed-8879-4a8d002e84f4,8ee7d675-af8c-4353-b0f2-af92c8342e2a,58143633-b6d4-4428-b381-e22fcec2c743,CC_BY,PROTECTED,True,True,True,True,False,GLOBAL,ALL,2020-01-01,2099-12-31,Jamendo CC License,https://creativecommons.org/licenses/,2026-08-24 12:23:39
5020d8f5-d430-4335-beb4-264d6e0c810d,27890213-240d-4e92-912f-6df61edac04f,3c1ead14-8386-4581-91d9-b55e9d69f324,CC_BY,PROTECTED,True,True,True,True,False,GLOBAL,ALL,2020-01-01,2099-12-31,Jamendo CC License,https://creativecommons.org/licenses/,2026-08-24 12:23:39
c39869ba-0733-4493-bcc3-d6e41950f882,5ce50335-a44d-45b2-8e80-838c09d3c0c0,49ef2073-6a8d-49d5-8ccd-86dcd3619722,CC_BY,PROTECTED,True,True,True,True,False,GLOBAL,ALL,2020-01-01,2099-12-31,Jamendo CC License,https://creativecommons.org/licenses/,2026-08-24 12:23:39
f9f2d731-e64e-4510-99ae-65379924c516,8251608f-345d-4b76-baef-6bc8d08f7544,57ac2a4c-19ae-4b58-983b-de8829e59e15,CC_BY,PROTECTED,True,True,True,True,False,GLOBAL,ALL,2020-01-01,2099-12-31,Jamendo CC License,https://creativecommons.org/licenses/,2026-08-24 12:23:39
bb7f78fb-8036-406d-8b1f-fffc24973635,7b34e4a0-c025-432b-88d4-5956d0d5e2c7,1cfac1b8-542d-4b42-824e-5202d4b2fa49,CC_BY,PROTECTED,True,True,True,True,False,GLOBAL,ALL,2020-01-01,2099-12-31,Jamendo CC License,https://creativecommons.org/licenses/,2026-08-24 12:23:39
f1a1f4bb-0b8d-4870-ae92-f28e16d84b5f,330d7097-a289-44b4-8326-3326ca2c36e0,4a1b69fe-c9f9-4b1f-8803-81b17f9ca414,CC_BY,PROTECTED,True,True,True,True,False,GLOBAL,ALL,2020-01-01,2099-12-31,Jamendo CC License,https://creativecommons.org/licenses/,2026-08-24 12:23:39
c0e5a038-e90b-4248-90d1-52c84c24c9a5,3b8423a6-bb77-4455-ab7d-a2880c0d261c,29ed648c-c226-430b-b607-ad202b3600bd,CC_BY,PROTECTED,True,True,True,True,False,GLOBAL,ALL,2020-01-01,2099-12-31,Jamendo CC License,https://creativecommons.org/licenses/,2026-08-24 12:23:39
544a2948-46f0-4d5b-aa01-215e112ec630,97f70715-6212-43ce-9744-4c29893999a7,d8fd8463-6317-44bb-93fd-4eabc63e56d5,CC_BY,PROTECTED,True,True,True,True,False,GLOBAL,ALL,2020-01-01,2099-12-31,Jamendo CC License,https://creativecommons.org/licenses/,2026-08-24 12:23:39
9434aee0-290e-4e40-9e6e-7173f8309a69,c8c94311-06f0-49eb-98bc-a26390efe1d7,8d1a52e5-e925-47e5-b0c8-d0c98943c471,CC_BY,PROTECTED,True,True,True,True,False,GLOBAL,ALL,2020-01-01,2099-12-31,Jamendo CC License,https://creativecommons.org/licenses/,2026-08-24 12:23:39
313245c2-f466-4243-88df-e5fa21ebad49,8bd2f25b-d98a-4863-b6a4-4a471dbbbddd,3426c3a4-6a65-485d-a7e9-4fb1d05615e4,CC_BY,PROTECTED,True,True,True,True,False,GLOBAL,ALL,2020-01-01,2099-12-31,Jamendo CC License,https://creativecommons.org/licenses/,2026-08-24 12:23:39
b9b6c211-f723-42f6-9536-cf3c00056cf5,a6a54989-97b1-41ca-a1f6-b7941a879d16,b367f8e1-2346-4a61-a16c-6a9a5f508b57,CC_BY,PROTECTED,True,True,True,True,False,GLOBAL,ALL,2020-01-01,2099-12-31,Jamendo CC License,https://creativecommons.org/licenses/,2026-08-24 12:23:39
164a9b7e-1ccd-4e7e-ab5a-cb850c185760,cc076a72-5a17-409f-9966-d64709fb6f1b,0d756c7f-8875-40c8-a079-d555044c09dd,CC_BY,PROTECTED,True,True,True,True,False,GLOBAL,ALL,2020-01-01,2099-12-31,Jamendo CC License,https://creativecommons.org/licenses/,2026-08-24 12:23:39
dd8c5844-e979-4cf7-a78d-d4283094f992,cbe4ac17-5ad2-45e8-877b-e227b8b7832f,58bcddd9-bb87-4a7d-ac31-4c849800f9b6,CC_BY,PROTECTED,True,True,True,True,False,GLOBAL,ALL,2020-01-01,2099-12-31,Jamendo CC License,https://creativecommons.org/licenses/,2026-08-24 12:23:39
10af6037-4847-4b88-b4a5-92177c5606ef,e3558b47-d390-4817-a7ae-c95926ca2c49,28d4228b-7f14-4bf8-a6b3-a213599bb08f,CC_BY,PROTECTED,True,True,True,True,False,GLOBAL,ALL,2020-01-01,2099-12-31,Jamendo CC License,https://creativecommons.org/licenses/,2026-08-24 12:23:39
87139c57-fd6e-4dd1-a54e-abcd2c0ca107,a41a68ee-9a31-4d27-b10a-922b7098d979,606497ac-f3c8-4381-9316-c16e65b07771,CC_BY,PROTECTED,True,True,True,True,False,GLOBAL,ALL,2020-01-01,2099-12-31,Jamendo CC License,https://creativecommons.org/licenses/,2026-08-24 12:23:39
1516dca0-a6df-4164-acaa-cdaf663140b3,ea6d99d4-0f67-4065-a6d4-dc58eb0f76f4,976c7ed2-c976-4319-8c06-5d085f1a15b9,CC_BY,PROTECTED,True,True,True,True,False,GLOBAL,ALL,2020-01-01,2099-12-31,Jamendo CC License,https://creativecommons.org/licenses/,2026-08-24 12:23:39
bf47cd52-c309-4d23-af29-8bfcce0f83f3,b2656d6c-2822-469e-9aa5-179ddcdf3ca8,5fe3e54b-deca-47c7-b9ca-79bc9613dfa5,CC_BY,PROTECTED,True,True,True,True,False,GLOBAL,ALL,2020-01-01,2099-12-31,Jamendo CC License,https://creativecommons.org/licenses/,2026-08-24 12:23:39
5216b1eb-fba0-4471-8d02-8ef8d5aabe9a,277efc6a-3068-43ec-ad31-e687261d7af0,05560575-ee2a-447a-8b35-cf853ec90d30,CC_BY,PROTECTED,True,True,True,True,False,GLOBAL,ALL,2020-01-01,2099-12-31,Jamendo CC License,https://creativecommons.org/licenses/,2026-08-24 12:23:39
43198942-21c1-4902-9b8e-517a3f3acbf0,d706d6b0-4819-4303-a331-18aaf65a7c42,590a739c-fe47-482c-9eaa-f260ed318f9b,CC_BY,PROTECTED,True,True,True,True,False,GLOBAL,ALL,2020-01-01,2099-12-31,Jamendo CC License,https://creativecommons.org/licenses/,2026-08-24 12:23:39
5f9308a0-9682-4f44-aad7-0b0e1c5a9830,be482bb7-6ee0-4259-a5dc-3be8138ff001,e2b8ce27-e2b2-44cc-a723-b60abf3b07c1,CC_BY,PROTECTED,True,True,True,True,False,GLOBAL,ALL,2020-01-01,2099-12-31,Jamendo CC License,https://creativecommons.org/licenses/,2026-08-24 12:23:39
707fb932-4b4e-4ff2-866d-59ffc914c281,40374214-a4e7-424e-8a93-3e433ba5d8f6,744b203a-8c38-446a-b05e-a85e79f4d508,CC_BY,PROTECTED,True,True,True,True,False,GLOBAL,ALL,2020-01-01,2099-12-31,Jamendo CC License,https://creativecommons.org/licenses/,2026-08-24 12:23:39
71685a32-8191-4e9b-a189-b84d56c2ba3c,72178d7d-1b15-4fab-97f9-ff94375e5c74,2347d385-a8a8-4207-82d4-76c95e705154,CC_BY,PROTECTED,True,True,True,True,False,GLOBAL,ALL,2020-01-01,2099-12-31,Jamendo CC License,https://creativecommons.org/licenses/,2026-08-24 12:23:39
7203ab0f-9160-4106-8898-82be725b9b93,95310aba-f605-4e85-bcfd-2d82f4072ddb,649b5f28-363d-4e93-b4f7-38df601a7a9f,CC_BY,PROTECTED,True,True,True,True,False,GLOBAL,ALL,2020-01-01,2099-12-31,Jamendo CC License,https://creativecommons.org/licenses/,2026-08-24 12:23:39
c0dee48c-a723-45d0-a2cf-e3bf11fab8b2,b7003ab3-b877-441d-9166-185553ab3a1f,ecbc628f-d352-4d6d-8a9b-bcf775b08125,CC_BY,PROTECTED,True,True,True,True,False,GLOBAL,ALL,2020-01-01,2099-12-31,Jamendo CC License,https://creativecommons.org/licenses/,2026-08-24 12:23:39
37517ef9-5195-405a-ab98-b2d58d08dd37,3a1519ac-3d4d-48ad-b1ab-961e732fbff5,1664f1c0-f1d8-4fbf-8b92-3f37f28804d1,CC_BY,PROTECTED,True,True,True,True,False,GLOBAL,ALL,2020-01-01,2099-12-31,Jamendo CC License,https://creativecommons.org/licenses/,2026-08-24 12:23:39
c074e821-37c0-4469-b565-362e2b9a5858,d46b7884-7c10-486b-a48f-ef0b71dbdbae,ca3844e2-5fe2-48b9-89ec-e1e655ca3493,CC_BY,PROTECTED,True,True,True,True,False,GLOBAL,ALL,2020-01-01,2099-12-31,Jamendo CC License,https://creativecommons.org/licenses/,2026-08-24 12:23:39
012aed85-2934-4cce-aafd-aa069604d734,b4693376-17c7-484f-8d08-1658c37168cd,1839ceac-4afc-4488-b2eb-ea5a89379796,CC_BY,PROTECTED,True,True,True,True,False,GLOBAL,ALL,2020-01-01,2099-12-31,Jamendo CC License,https://creativecommons.org/licenses/,2026-08-24 12:23:39
a523bf11-513f-4c85-8bee-f564af5e62ea,f2ed5b32-9fc4-4580-841c-d73cf221cd06,b888e087-c5cc-4ad7-b75f-cc6102613484,CC_BY,PROTECTED,True,True,True,True,False,GLOBAL,ALL,2020-01-01,2099-12-31,Jamendo CC License,https://creativecommons.org/licenses/,2026-08-24 12:23:39
f599def8-bf26-4cab-8a8f-8409eba8b2c6,9e1cd95d-3465-49bd-b83d-9f7584017299,a58da9aa-1756-480a-9d09-e49ea4cb05f7,CC_BY,PROTECTED,True,True,True,True,False,GLOBAL,ALL,2020-01-01,2099-12-31,Jamendo CC License,https://creativecommons.org/licenses/,2026-08-24 12:23:39
2c8a7522-c919-4fad-8c1a-fadeaeed2221,abba33f7-1432-456f-999f-4622a80ab266,130c7cc6-1aee-472f-a54f-421874868b7a,CC_BY,PROTECTED,True,True,True,True,False,GLOBAL,ALL,2020-01-01,2099-12-31,Jamendo CC License,https://creativecommons.org/licenses/,2026-08-24 12:23:39
7b617a6f-9c00-449d-b26f-3902eb4399f9,272eea51-2911-44e0-a120-e8bbb8e736f9,f126174c-1069-4f14-836c-8c5952f3d738,CC_BY,PROTECTED,True,True,True,True,False,GLOBAL,ALL,2020-01-01,2099-12-31,Jamendo CC License,https://creativecommons.org/licenses/,2026-08-24 12:23:39
f248c2bc-2089-4006-8527-93d606ccd80e,3b010ef6-efbb-4071-acd1-cf29485267b8,acd00adc-82ec-4911-b769-c301e55045a5,CC_BY,PROTECTED,True,True,True,True,False,GLOBAL,ALL,2020-01-01,2099-12-31,Jamendo CC License,https://creativecommons.org/licenses/,2026-08-24 12:23:39
a0ce7560-c84f-4b48-86c3-3cbc2d9fb6cf,0cf4ad38-2fcf-418c-8ebe-21eb337d1b97,89439340-9db0-403f-8258-2cdaddfffca0,CC_BY,PROTECTED,True,True,True,True,False,GLOBAL,ALL,2020-01-01,2099-12-31,Jamendo CC License,https://creativecommons.org/licenses/,2026-08-24 12:23:39
ebf02206-2724-4af0-b48e-6d4d99f48bc3,b2156fba-efa7-492b-b0fd-128e330cd9af,c4d32aa5-7ba1-4ece-9d2f-4605f24e8571,CC_BY,PROTECTED,True,True,True,True,False,GLOBAL,ALL,2020-01-01,2099-12-31,Jamendo CC License,https://creativecommons.org/licenses/,2026-08-24 12:23:39
c5a05690-3e4b-4619-8ec6-93cc5ddfbca0,d6452120-fe37-432a-a66f-e4ecf3825df4,c762012e-a723-4676-ae93-574286241947,CC_BY,PROTECTED,True,True,True,True,False,GLOBAL,ALL,2020-01-01,2099-12-31,Jamendo CC License,https://creativecommons.org/licenses/,2026-08-24 12:23:39
a24acb1a-3eba-4bc8-b5a2-aa92bf06ace9,a607addf-004f-456a-accf-b1481aae0b2b,ef3c5804-e06c-4130-9a9f-469b16946544,CC_BY,PROTECTED,True,True,True,True,False,GLOBAL,ALL,2020-01-01,2099-12-31,Jamendo CC License,https://creativecommons.org/licenses/,2026-08-24 12:23:39
ec73d030-2f4e-42c5-9276-844f541ef4b7,011f9a3e-3f06-4ef0-9bb3-2ca565d1c301,7d9133c0-c8fd-488f-b463-28e2ddadfb42,CC_BY,PROTECTED,True,True,True,True,False,GLOBAL,ALL,2020-01-01,2099-12-31,Jamendo CC License,https://creativecommons.org/licenses/,2026-08-24 12:23:39
8f129644-adee-4aeb-84cd-32c739045756,f3db80d5-625a-4f4c-8770-ec1b5a97240f,4ce081df-49e6-4ea9-aa7b-2a5d253e50df,CC_BY,PROTECTED,True,True,True,True,False,GLOBAL,ALL,2020-01-01,2099-12-31,Jamendo CC License,https://creativecommons.org/licenses/,2026-08-24 12:23:39
e832da56-40fd-4425-b844-27120a6017a4,1f8a91a6-5886-4d89-b932-bdac82292c7e,f2b68267-7de1-446d-b9a2-8d5c9a0d7bd6,CC_BY,PROTECTED,True,True,True,True,False,GLOBAL,ALL,2020-01-01,2099-12-31,Jamendo CC License,https://creativecommons.org/licenses/,2026-08-24 12:23:39
9f561b48-816c-4991-8472-20efced0e961,5946c161-1dfa-41b2-9877-900de6cd4189,6ae2163f-4ef5-46c6-8be7-8184165695f5,CC_BY,PROTECTED,True,True,True,True,False,GLOBAL,ALL,2020-01-01,2099-12-31,Jamendo CC License,https://creativecommons.org/licenses/,2026-08-24 12:23:39
61e6c664-9b57-4e02-851c-829b1189456b,84193913-bf52-4cc7-9590-b337933a59d7,17373ca0-fa6c-4576-8f01-3992118854ae,CC_BY,PROTECTED,True,True,True,True,False,GLOBAL,ALL,2020-01-01,2099-12-31,Jamendo CC License,https://creativecommons.org/licenses/,2026-08-24 12:23:39
beadea15-a557-4cd4-81cc-9202db68d343,a3a276ae-c284-4e44-a937-368b6fbdbe20,bb42839e-1d98-4b5e-9fa2-996fce604ba3,CC_BY,PROTECTED,True,True,True,True,False,GLOBAL,ALL,2020-01-01,2099-12-31,Jamendo CC License,https://creativecommons.org/licenses/,2026-08-24 12:23:39
ae2da41d-5b15-45e7-887c-574fabe4c8d2,414a4df9-c69f-4fba-81a5-e9c6ae5e92b8,7c1b592c-92e1-4eb8-8402-e19cef04cd60,CC_BY,PROTECTED,True,True,True,True,False,GLOBAL,ALL,2020-01-01,2099-12-31,Jamendo CC License,https://creativecommons.org/licenses/,2026-08-24 12:23:39
528ef7dc-91a2-43cc-9fb9-3a86cf38bc91,9a43dc34-0760-46a5-835b-5c5cd960ee91,a65b825f-ade0-427a-be8c-03e62e38d009,CC_BY,PROTECTED,True,True,True,True,False,GLOBAL,ALL,2020-01-01,2099-12-31,Jamendo CC License,https://creativecommons.org/licenses/,2026-08-24 12:23:39
d64fbb0f-ea80-4b81-bd97-56cc7521f119,ce9bb690-8bc5-4c02-8be8-6e0f1d0150ad,c9a6b17a-bc5a-40e2-ab4b-bb7e04e7ea4b,CC_BY,PROTECTED,True,True,True,True,False,GLOBAL,ALL,2020-01-01,2099-12-31,Jamendo CC License,https://creativecommons.org/licenses/,2026-08-24 12:23:39
2f7ed58f-9586-4ab6-bc45-d463cf76f8f6,85ccd290-089e-49bc-8f8e-f269ab80f856,81843818-0ec7-46df-bd20-4e2b58b8c357,CC_BY,PROTECTED,True,True,True,True,False,GLOBAL,ALL,2020-01-01,2099-12-31,Jamendo CC License,https://creativecommons.org/licenses/,2026-08-24 12:23:39
5e7094a8-aa9c-48a7-a559-f985d7f7d3d5,e33327db-e674-450b-bf0c-175459162a0a,83d8d041-dd8d-4834-b8c9-5ac9b5622a6c,CC_BY,PROTECTED,True,True,True,True,False,GLOBAL,ALL,2020-01-01,2099-12-31,Jamendo CC License,https://creativecommons.org/licenses/,2026-08-24 12:23:39
12a2fb4c-ac5e-4ae6-962c-b9ad1d6f97ca,02116432-455a-4153-abcd-62604df5cdf1,232f8d64-6e8e-4433-ad3d-0a31746895f3,CC_BY,PROTECTED,True,True,True,True,False,GLOBAL,ALL,2020-01-01,2099-12-31,Jamendo CC License,https://creativecommons.org/licenses/,2026-08-24 12:23:39
b1ac6b5d-05c8-43e7-ab65-9f83652664ad,1a6c16fe-9968-4a23-8b92-22a7d013a149,a8c85ff7-777d-4c61-9377-84972ca09894,CC_BY,PROTECTED,True,True,True,True,False,GLOBAL,ALL,2020-01-01,2099-12-31,Jamendo CC License,https://creativecommons.org/licenses/,2026-08-24 12:23:39
c8bfd7c8-bada-4b62-80aa-56ddae13eea7,26225fef-7706-4500-bb4f-7247b2b47f3c,9f7f3a15-55d6-4552-8d6b-5b26f9f4e4de,CC_BY,PROTECTED,True,True,True,True,False,GLOBAL,ALL,2020-01-01,2099-12-31,Jamendo CC License,https://creativecommons.org/licenses/,2026-08-24 12:23:39
e00f427a-835b-49fd-9fa9-cbd5060cd954,ac868335-553c-4502-aa74-c915b2732a81,f634e903-3afd-44c1-9386-40a152e45cd0,CC_BY,PROTECTED,True,True,True,True,False,GLOBAL,ALL,2020-01-01,2099-12-31,Jamendo CC License,https://creativecommons.org/licenses/,2026-08-24 12:23:39
eff28d95-dca4-4111-8f8f-a543e271aa78,c77d6204-013a-429a-ba14-1f5337d67899,0c806368-a277-4d4b-8f2c-525f3d401202,CC_BY,PROTECTED,True,True,True,True,False,GLOBAL,ALL,2020-01-01,2099-12-31,Jamendo CC License,https://creativecommons.org/licenses/,2026-08-24 12:23:39
39d79d35-0b9e-4207-8d6b-a27a6392a830,588f86f5-1632-4844-a5ba-5f4af6766c1f,ac70b3be-d8e3-4e25-a061-1119730f16f6,CC_BY,PROTECTED,True,True,True,True,False,GLOBAL,ALL,2020-01-01,2099-12-31,Jamendo CC License,https://creativecommons.org/licenses/,2026-08-24 12:23:39
299abbd3-c3ce-4cf7-99fc-b6d3ca531cb6,35dd1e4a-f1f5-4fa5-91aa-463dae54ed26,3b582272-c75d-410e-98da-056cc6eda453,CC_BY,PROTECTED,True,True,True,True,False,GLOBAL,ALL,2020-01-01,2099-12-31,Jamendo CC License,https://creativecommons.org/licenses/,2026-08-24 12:23:39
22406f3a-8b71-4769-bf68-0b845f1c2350,be7396e9-e58e-4eb8-8a1c-70d2e911498c,b682514e-e315-4b97-a65c-b8ff7699346a,CC_BY,PROTECTED,True,True,True,True,False,GLOBAL,ALL,2020-01-01,2099-12-31,Jamendo CC License,https://creativecommons.org/licenses/,2026-08-24 12:23:39
dce99ed9-5efc-427e-b7bf-57dac2353cf8,05dc3b1f-5222-49ae-9bab-f2ee06296684,cd94304c-43ad-443e-a91f-599b8bc5dd95,CC_BY,PROTECTED,True,True,True,True,False,GLOBAL,ALL,2020-01-01,2099-12-31,Jamendo CC License,https://creativecommons.org/licenses/,2026-08-24 12:23:39
e5b162c9-a61a-4198-b637-5f27c98a7471,34419f96-252a-417f-ab55-5b197cee6748,c3d71cd6-26a8-46ea-8f0f-307f73a117f1,CC_BY,PROTECTED,True,True,True,True,False,GLOBAL,ALL,2020-01-01,2099-12-31,Jamendo CC License,https://creativecommons.org/licenses/,2026-08-24 12:23:39
3e3e372d-6e19-4d40-8731-fe24ff89d4fd,cf565cca-b686-40f1-adf4-b3bc3d7751f4,c94a3495-8b53-4704-9214-36804a5c28e4,CC_BY,PROTECTED,True,True,True,True,False,GLOBAL,ALL,2020-01-01,2099-12-31,Jamendo CC License,https://creativecommons.org/licenses/,2026-08-24 12:23:39
d2c943f7-e344-4658-a74d-7f7cbc01aebe,2a244552-7ed6-48e9-a83b-fa4ab03b7b6e,ffc80601-01de-4977-8020-723f63c737b6,CC_BY,PROTECTED,True,True,True,True,False,GLOBAL,ALL,2020-01-01,2099-12-31,Jamendo CC License,https://creativecommons.org/licenses/,2026-08-24 12:23:39
ab219ff5-7b22-4364-9a21-b5ece28e2333,0047a3ef-03d6-4916-9a5f-cc52acc0d571,f1f726e0-b926-4b83-803c-0049016c6f8c,CC_BY,PROTECTED,True,True,True,True,False,GLOBAL,ALL,2020-01-01,2099-12-31,Jamendo CC License,https://creativecommons.org/licenses/,2026-08-24 12:23:39
32c44cd0-ddc0-46ff-8822-753b294ae62e,55189732-022e-457b-ae99-f7a6d071b6f8,78514fd1-5529-45fd-aff9-c91ec59bee45,CC_BY,PROTECTED,True,True,True,True,False,GLOBAL,ALL,2020-01-01,2099-12-31,Jamendo CC License,https://creativecommons.org/licenses/,2026-08-24 12:23:39
ed36629a-0bdd-451a-ad8f-2f3c211bc5ca,0a640620-3e65-49e7-a3b3-9366bfe67b14,dcc68564-0463-4595-a90d-bc7ab8db3f24,CC_BY,PROTECTED,True,True,True,True,False,GLOBAL,ALL,2020-01-01,2099-12-31,Jamendo CC License,https://creativecommons.org/licenses/,2026-08-24 12:23:39
c892a126-42e0-439f-a6db-e6c48c7f5461,3bf6e0a4-ad3d-40d5-a631-db71d0b7afe3,2fe2a03e-8556-4701-aa5c-d670602e6350,CC_BY,PROTECTED,True,True,True,True,False,GLOBAL,ALL,2020-01-01,2099-12-31,Jamendo CC License,https://creativecommons.org/licenses/,2026-08-24 12:23:39
eed6d1f3-9324-4a27-832b-d58832b0d627,97a2dee7-65a2-41d3-b15e-1f7fab080b69,eaf1a882-e03d-47ed-af71-55894044c3c8,CC_BY,PROTECTED,True,True,True,True,False,GLOBAL,ALL,2020-01-01,2099-12-31,Jamendo CC License,https://creativecommons.org/licenses/,2026-08-24 12:23:39
1c39d970-91dc-4005-836f-a8d2705ba07b,159c74bc-08cc-4aa9-9617-3a2191a23d24,664ab65c-93f7-4734-a7a1-ea8ac5fd3b2c,CC_BY,PROTECTED,True,True,True,True,False,GLOBAL,ALL,2020-01-01,2099-12-31,Jamendo CC License,https://creativecommons.org/licenses/,2026-08-24 12:23:39
49afd363-d7cd-44a5-abe5-c2850f44974e,1bcd0325-41b5-4c71-90eb-8ac60d981f7a,e2c60774-6468-4a11-be54-c72e9684a5a8,CC_BY,PROTECTED,True,True,True,True,False,GLOBAL,ALL,2020-01-01,2099-12-31,Jamendo CC License,https://creativecommons.org/licenses/,2026-08-24 12:23:39
9eeb464d-230d-4887-986b-f2a77c526258,8949cdcd-56f8-4838-815e-a7646bef3b07,a63cc72b-11d2-4dd3-ae4d-a3005eefb562,CC_BY,PROTECTED,True,True,True,True,False,GLOBAL,ALL,2020-01-01,2099-12-31,Jamendo CC License,https://creativecommons.org/licenses/,2026-08-24 12:23:39
a5b04dac-f6f8-4466-9ed6-4e60ad7e9042,cf8e8ac6-ce97-4ea5-b289-da901146cd0f,75ef378d-2ad5-407c-9c72-829ff3bf4f16,CC_BY,PROTECTED,True,True,True,True,False,GLOBAL,ALL,2020-01-01,2099-12-31,Jamendo CC License,https://creativecommons.org/licenses/,2026-08-24 12:23:39
320b85ea-f4dc-408f-9fa2-cb4a836a19e8,fe4a9de7-fd4b-47e0-8769-4bda0c63d232,812de125-6d2a-40e2-9805-ed088491b073,CC_BY,PROTECTED,True,True,True,True,False,GLOBAL,ALL,2020-01-01,2099-12-31,Jamendo CC License,https://creativecommons.org/licenses/,2026-08-24 12:23:39
a76d7391-aac3-4231-8740-6671db17a2c3,ffd3ef35-f584-4d7f-b859-ff278e5c52f7,37030ec4-f5fa-47e8-a756-5eec5a35a7e5,CC_BY,PROTECTED,True,True,True,True,False,GLOBAL,ALL,2020-01-01,2099-12-31,Jamendo CC License,https://creativecommons.org/licenses/,2026-08-24 12:23:39
3afe44c0-fb86-498a-bbd2-1fa85b6d3f25,bbd5de47-5871-4d04-ab5e-df766ac40b14,ae7f9404-a40b-45a0-8359-5f8970e88c40,CC_BY,PROTECTED,True,True,True,True,False,GLOBAL,ALL,2020-01-01,2099-12-31,Jamendo CC License,https://creativecommons.org/licenses/,2026-08-24 12:23:39
fc9d5f79-a968-4ba8-b87d-abef44b9d55d,23ed460c-dad4-4e68-a907-4088c3f65a88,a8ec1b49-b467-44b5-ba6d-4c14ba5ddbc1,CC_BY,PROTECTED,True,True,True,True,False,GLOBAL,ALL,2020-01-01,2099-12-31,Jamendo CC License,https://creativecommons.org/licenses/,2026-08-24 12:23:39
de51aa93-5586-4a13-a916-2ffa117c6f04,0b02c426-4f54-4694-88c2-fe1d696df491,e61c7ffb-f267-4464-9730-d2bf91d27373,CC_BY,PROTECTED,True,True,True,True,False,GLOBAL,ALL,2020-01-01,2099-12-31,Jamendo CC License,https://creativecommons.org/licenses/,2026-08-24 12:23:39
772d0061-36f3-465b-beed-f0c65d11ded6,fc8078c7-db12-483f-a06e-575b0b672108,834ee285-fc2a-4114-92d0-15f1d439f2de,CC_BY,PROTECTED,True,True,True,True,False,GLOBAL,ALL,2020-01-01,2099-12-31,Jamendo CC License,https://creativecommons.org/licenses/,2026-08-24 12:23:39
91d3d7b5-6eba-4787-928b-5c36816b153b,24a24b5d-bef4-4f55-aab6-8c84b9024d3b,85c6611f-de75-40c5-9704-cd2150c6d28c,CC_BY,PROTECTED,True,True,True,True,False,GLOBAL,ALL,2020-01-01,2099-12-31,Jamendo CC License,https://creativecommons.org/licenses/,2026-08-24 12:23:39
4541b65d-1c77-490b-a432-b3e717cf7020,252d31f6-9ae8-443e-8289-e3decbfba53f,6c13a055-9d9e-4c88-8fe9-caa525dbeec8,CC_BY,PROTECTED,True,True,True,True,False,GLOBAL,ALL,2020-01-01,2099-12-31,Jamendo CC License,https://creativecommons.org/licenses/,2026-08-24 12:23:39
ef4a2cd7-2c39-46f2-9725-193ec49b851e,b2afa9c7-43b8-4f68-947a-938c91d5daed,e1d0b923-68c9-4eb7-a0a3-dfe50469ad46,CC_BY,PROTECTED,True,True,True,True,False,GLOBAL,ALL,2020-01-01,2099-12-31,Jamendo CC License,https://creativecommons.org/licenses/,2026-08-24 12:23:39
8e19dc55-7e90-4242-914b-5fa4c1609088,707b1bdd-73dd-4161-8868-443eea4c4e73,77c2a912-b6cc-4d15-a5ba-622078224103,CC_BY,PROTECTED,True,True,True,True,False,GLOBAL,ALL,2020-01-01,2099-12-31,Jamendo CC License,https://creativecommons.org/licenses/,2026-08-24 12:23:39
1ccdaad5-7e02-4330-b9e6-48e592c7ccdb,097b4ccd-dde9-4ba8-96b0-147541e2bc8d,8c0bb31d-4d77-4950-a98c-7fef7a22a896,CC_BY,PROTECTED,True,True,True,True,False,GLOBAL,ALL,2020-01-01,2099-12-31,Jamendo CC License,https://creativecommons.org/licenses/,2026-08-24 12:23:39
b7dbb39d-a004-40be-8cf7-8c601ffe701d,cd90e9a7-aa91-4146-bb22-a70012a0b632,c90cd101-a679-488b-850f-589cd0ab161c,CC_BY,PROTECTED,True,True,True,True,False,GLOBAL,ALL,2020-01-01,2099-12-31,Jamendo CC License,https://creativecommons.org/licenses/,2026-08-24 12:23:39
ceeee5b4-2b52-4c8c-9a13-fa03b10b8ea2,d9c2dd76-5e9f-433f-baa3-6d13a3ccbaa9,28daf61b-083c-4381-bb7c-e6bce543bc2f,CC_BY,PROTECTED,True,True,True,True,False,GLOBAL,ALL,2020-01-01,2099-12-31,Jamendo CC License,https://creativecommons.org/licenses/,2026-08-24 12:23:39
3b67614e-3e9e-450e-ba08-168186877a5a,1a623760-61ef-49be-a7ad-d8b4009ca846,91d75606-df1d-4a92-bc77-12e4dc06307e,CC_BY,PROTECTED,True,True,True,True,False,GLOBAL,ALL,2020-01-01,2099-12-31,Jamendo CC License,https://creativecommons.org/licenses/,2026-08-24 12:23:39
4f7def1d-c532-40fd-ab0c-c0e60af7fd53,b23d9599-9d97-418d-a82d-1295c297b173,a85562e8-4c75-4963-a12e-7fa48d438c1e,CC_BY,PROTECTED,True,True,True,True,False,GLOBAL,ALL,2020-01-01,2099-12-31,Jamendo CC License,https://creativecommons.org/licenses/,2026-08-24 12:23:39
4fd849fa-c63d-4d27-bbd3-7bbfd9506a08,0d100607-99a3-4442-97af-24892ecc2cd8,5c626abd-0d5b-464d-9021-bb42a8905446,CC_BY,PROTECTED,True,True,True,True,False,GLOBAL,ALL,2020-01-01,2099-12-31,Jamendo CC License,https://creativecommons.org/licenses/,2026-08-24 12:23:39
44227bdc-2b0e-4d72-bcdb-ab47301886c4,188c21db-5ca3-4b1f-a11a-2e9a07702eab,61a22865-b512-4ef7-80e4-3f6b5b4cc4e5,CC_BY,PROTECTED,True,True,True,True,False,GLOBAL,ALL,2020-01-01,2099-12-31,Jamendo CC License,https://creativecommons.org/licenses/,2026-08-24 12:23:39
ea2a136d-94e3-424e-8c1c-1aaaeb496890,563102e2-3ce4-48ff-9a9a-2b2b360a5dce,85e561c9-3e7c-4db7-9110-22840950bc69,CC_BY,PROTECTED,True,True,True,True,False,GLOBAL,ALL,2020-01-01,2099-12-31,Jamendo CC License,https://creativecommons.org/licenses/,2026-08-24 12:23:39
9e21a185-0e7f-4e91-bd6a-4e1bfb5ae6f8,ad0de4fd-9610-4f28-8fd8-3888750b2da4,5224a5c7-2405-447b-9ad4-9fb0d941ee14,CC_BY,PROTECTED,True,True,True,True,False,GLOBAL,ALL,2020-01-01,2099-12-31,Jamendo CC License,https://creativecommons.org/licenses/,2026-08-24 12:23:39
af56fac9-aed0-4cae-81e9-f57708d4f2b8,49d4c3a6-d822-46dd-b478-7bcdc88606c0,417ec8df-734c-4d24-88d5-1885c1dfbab7,CC_BY,PROTECTED,True,True,True,True,False,GLOBAL,ALL,2020-01-01,2099-12-31,Jamendo CC License,https://creativecommons.org/licenses/,2026-08-24 12:23:39
e21efe76-31be-400e-9bb1-40646a62217a,e107ee4d-a999-4895-b766-53889a86cb69,62782f42-53d7-4189-8758-b76d6da3c8f4,CC_BY,PROTECTED,True,True,True,True,False,GLOBAL,ALL,2020-01-01,2099-12-31,Jamendo CC License,https://creativecommons.org/licenses/,2026-08-24 12:23:39
c9493ee1-39d1-4323-8466-55e5cb41a58d,0bd7ec3b-58d6-4119-b7ff-bd9521021916,e0300f16-72db-4e11-b913-7db1242bd08d,CC_BY,PROTECTED,True,True,True,True,False,GLOBAL,ALL,2020-01-01,2099-12-31,Jamendo CC License,https://creativecommons.org/licenses/,2026-08-24 12:23:39
5a29ad08-0f19-4a59-88e4-f26ba032358e,5283f928-c4cf-4230-b086-7b93349e1562,b805fbde-c93b-453b-95fd-ad5d6cdc9a98,CC_BY,PROTECTED,True,True,True,True,False,GLOBAL,ALL,2020-01-01,2099-12-31,Jamendo CC License,https://creativecommons.org/licenses/,2026-08-24 12:23:39
f34a9ca5-81d5-416f-be53-65cc117109cd,12752cbd-bfc2-4d36-b376-354e8da0263a,00a67da3-e79e-4dca-89c1-5739f962486b,CC_BY,PROTECTED,True,True,True,True,False,GLOBAL,ALL,2020-01-01,2099-12-31,Jamendo CC License,https://creativecommons.org/licenses/,2026-08-24 12:23:39
de42af52-c438-4c93-8d0b-ff495cb645e2,033c92fa-817f-494f-84a2-56188151d584,9269a3df-1a08-402d-a255-2bc93db77b7f,CC_BY,PROTECTED,True,True,True,True,False,GLOBAL,ALL,2020-01-01,2099-12-31,Jamendo CC License,https://creativecommons.org/licenses/,2026-08-24 12:23:39
88b396a3-50d1-4b74-adfb-c816e62ad758,c7fb8cd1-a712-410b-9baf-95d7800496c5,2bc55fb2-004e-4f94-b2cf-8a9baf0694ac,CC_BY,PROTECTED,True,True,True,True,False,GLOBAL,ALL,2020-01-01,2099-12-31,Jamendo CC License,https://creativecommons.org/licenses/,2026-08-24 12:23:39
30432401-4221-43e7-b874-aa8e643a5882,ec0e758f-4c20-4711-b429-bd15995f211a,afd16496-1042-4a28-8c25-d81b8d4682d9,CC_BY,PROTECTED,True,True,True,True,False,GLOBAL,ALL,2020-01-01,2099-12-31,Jamendo CC License,https://creativecommons.org/licenses/,2026-08-24 12:23:39
3bad4abc-8bea-4e69-bf24-fdce9bbf674c,04bd6d21-e1f5-4936-8317-19fc58d62b2d,cec78ff0-b2d6-4c0a-9fbf-dac86e584bc4,CC_BY,PROTECTED,True,True,True,True,False,GLOBAL,ALL,2020-01-01,2099-12-31,Jamendo CC License,https://creativecommons.org/licenses/,2026-08-24 12:23:39
9faeb8fe-6ac6-4eaf-8626-15e0b6539a66,4e1d91a0-bd42-4374-829b-cb3ddaa34b9f,7ec4515f-3e5c-4d70-b1c3-99381226b594,CC_BY,PROTECTED,True,True,True,True,False,GLOBAL,ALL,2020-01-01,2099-12-31,Jamendo CC License,https://creativecommons.org/licenses/,2026-08-24 12:23:39
45bae18b-95af-4397-9b4b-234eb6fdc4fd,2910ca0f-37d4-472a-b790-ad6b6feb34d7,c6a35b5e-4e28-44cf-a75b-ab78a12145cd,CC_BY,PROTECTED,True,True,True,True,False,GLOBAL,ALL,2020-01-01,2099-12-31,Jamendo CC License,https://creativecommons.org/licenses/,2026-08-24 12:23:39
45dc36f2-1950-495a-b65c-8fa77979c396,dc3122fc-ef4b-408f-88a9-28eeb47cf02e,fb152fc7-fa77-4108-a010-8cff21fc7e12,CC_BY,PROTECTED,True,True,True,True,False,GLOBAL,ALL,2020-01-01,2099-12-31,Jamendo CC License,https://creativecommons.org/licenses/,2026-08-24 12:23:39
b09c87f7-697f-4464-b1b9-4e16aae7cb6e,4fb503e5-e54c-4d14-9306-0a1cd5df7559,d31aef1d-0237-47a6-98cd-2e6d6eafc5ad,CC_BY,PROTECTED,True,True,True,True,False,GLOBAL,ALL,2020-01-01,2099-12-31,Jamendo CC License,https://creativecommons.org/licenses/,2026-08-24 12:23:39
2093017c-9171-4835-aeaf-e5e51b9f0470,27cb1f8c-cb3b-40f6-b22f-dad9e73acffe,4b1b88ca-78b8-4e03-836a-0e0149ed0d06,CC_BY,PROTECTED,True,True,True,True,False,GLOBAL,ALL,2020-01-01,2099-12-31,Jamendo CC License,https://creativecommons.org/licenses/,2026-08-24 12:23:39
1eb851b3-5331-44cd-b8f2-5979356b210c,5edd5fb6-cf56-4fb5-aef7-578ed0c7d7e4,20b004d1-b33a-40f7-baea-ef89c172d451,CC_BY,PROTECTED,True,True,True,True,False,GLOBAL,ALL,2020-01-01,2099-12-31,Jamendo CC License,https://creativecommons.org/licenses/,2026-08-24 12:23:39
6d48367c-f0a7-4d96-b97e-e454e93e091b,742bc9ca-9578-4c50-96cd-1ec5f1aec70e,b72db683-e6bf-4d6f-a829-96dfe118a504,CC_BY,PROTECTED,True,True,True,True,False,GLOBAL,ALL,2020-01-01,2099-12-31,Jamendo CC License,https://creativecommons.org/licenses/,2026-08-24 12:23:39
4843d6bb-85ae-4a46-8835-3e96fffb728f,6df6a921-151c-4770-aa11-654810620200,de02366a-a50c-47fa-a7ae-e33583409386,CC_BY,PROTECTED,True,True,True,True,False,GLOBAL,ALL,2020-01-01,2099-12-31,Jamendo CC License,https://creativecommons.org/licenses/,2026-08-24 12:23:39
095676dc-58f4-4a09-9678-99c4fe79ba32,0e48f431-0745-460b-ba73-497130ce744b,253b5436-8058-46b8-8003-3d97b37b46ad,CC_BY,PROTECTED,True,True,True,True,False,GLOBAL,ALL,2020-01-01,2099-12-31,Jamendo CC License,https://creativecommons.org/licenses/,2026-08-24 12:23:39
91ac4586-c30d-49c8-bd93-fbab47b88ae0,0d82d4b1-faa8-4632-8ff1-ee32d6cefa7e,6d07c740-db43-45aa-b435-1b8ba7e1007d,CC_BY,PROTECTED,True,True,True,True,False,GLOBAL,ALL,2020-01-01,2099-12-31,Jamendo CC License,https://creativecommons.org/licenses/,2026-08-24 12:23:39
dd6de3eb-6d13-4257-972d-af6794dcb4c0,1d1965de-a274-4c77-99ef-9b730717e1fa,dd02dd29-761b-4487-a191-9cd65f4ecc0c,CC_BY,PROTECTED,True,True,True,True,False,GLOBAL,ALL,2020-01-01,2099-12-31,Jamendo CC License,https://creativecommons.org/licenses/,2026-08-24 12:23:39
5f70ae60-ba59-417b-a496-aa3f6cb854e9,7db4ef0d-eb03-4051-80d9-7041bb13b152,94a54d31-5c58-4eaf-8a6a-70dc022a67e6,CC_BY,PROTECTED,True,True,True,True,False,GLOBAL,ALL,2020-01-01,2099-12-31,Jamendo CC License,https://creativecommons.org/licenses/,2026-08-24 12:23:39
dc95374f-99eb-44f5-a226-6b6c20e99820,4cb7bd01-7e08-4bb2-82e1-5a9866f9620f,1d87ad3b-835e-4e20-bb3d-89e29cfb5647,CC_BY,PROTECTED,True,True,True,True,False,GLOBAL,ALL,2020-01-01,2099-12-31,Jamendo CC License,https://creativecommons.org/licenses/,2026-08-24 12:23:39
9d6de776-9c73-4f2f-a4ac-2bb823ed9237,12e78671-32ed-4f34-83f7-2c9a2cd411bb,3d4b577a-cdfe-4774-ab2e-e3d0ae1f096b,CC_BY,PROTECTED,True,True,True,True,False,GLOBAL,ALL,2020-01-01,2099-12-31,Jamendo CC License,https://creativecommons.org/licenses/,2026-08-24 12:23:39
851c88f3-16fe-4f93-9d92-5317f841de11,776246ad-aedc-4893-82a2-5bececd2882e,272aeb6c-3e38-4013-a3d9-08ad8d3c1b6d,CC_BY,PROTECTED,True,True,True,True,False,GLOBAL,ALL,2020-01-01,2099-12-31,Jamendo CC License,https://creativecommons.org/licenses/,2026-08-24 12:23:39
80d007ab-0fc8-42d6-abf3-07a38722adf0,7d01a3f5-48da-4503-822a-8155c06479da,918bfd80-3fdd-4080-8c8f-b3a36f481691,CC_BY,PROTECTED,True,True,True,True,False,GLOBAL,ALL,2020-01-01,2099-12-31,Jamendo CC License,https://creativecommons.org/licenses/,2026-08-24 12:23:39
8e7c7544-e62e-425a-9014-806049665cc5,f0da0a7b-c86c-4e1e-b3c1-7aae879a0504,bcaf83fc-eeaf-4316-8984-eda2b4edf182,CC_BY,PROTECTED,True,True,True,True,False,GLOBAL,ALL,2020-01-01,2099-12-31,Jamendo CC License,https://creativecommons.org/licenses/,2026-08-24 12:23:39
aac96603-1ed5-4377-850a-69fdbe259d0a,19ab6b56-f485-40e6-9b51-c9d4e2aaba3b,022e61f3-97c8-43a4-9299-311c493d0c95,CC_BY,PROTECTED,True,True,True,True,False,GLOBAL,ALL,2020-01-01,2099-12-31,Jamendo CC License,https://creativecommons.org/licenses/,2026-08-24 12:23:39
33208c04-971e-4cb2-8208-0c4791a3f805,24af4a21-ec30-4bb9-8e38-b030db8ea955,3cc18d56-47f5-4e74-b58e-ea6f53cc085f,CC_BY,PROTECTED,True,True,True,True,False,GLOBAL,ALL,2020-01-01,2099-12-31,Jamendo CC License,https://creativecommons.org/licenses/,2026-08-24 12:23:39
bcfd9658-7083-4c5e-a226-4fd7a8be48d6,6b06dd0f-675a-4dd5-b806-950badc4559b,1b7459fa-3c68-41e1-8a32-73a767f90fef,CC_BY,PROTECTED,True,True,True,True,False,GLOBAL,ALL,2020-01-01,2099-12-31,Jamendo CC License,https://creativecommons.org/licenses/,2026-08-24 12:23:39
594b7b11-7fad-46c0-bcc8-0c98fd62763e,ae669097-5ae2-4652-b1ef-6710c2a64739,2e0ae8cd-40be-4135-a9f9-30de7960f10a,CC_BY,PROTECTED,True,True,True,True,False,GLOBAL,ALL,2020-01-01,2099-12-31,Jamendo CC License,https://creativecommons.org/licenses/,2026-08-24 12:23:39
90df38c4-b076-4932-aaa2-7053ec7bcd03,0ae6a255-6e39-4080-9e76-eeed88ced106,a2ec770b-3135-49bd-b793-5ebd55e1fffd,CC_BY,PROTECTED,True,True,True,True,False,GLOBAL,ALL,2020-01-01,2099-12-31,Jamendo CC License,https://creativecommons.org/licenses/,2026-08-24 12:23:39
04a06965-cf7a-4dc5-87da-a86275f7efe3,9e146832-51d3-4a28-9b45-3946a063795c,34568305-6dcc-4dfd-884b-c5d92b728d99,CC_BY,PROTECTED,True,True,True,True,False,GLOBAL,ALL,2020-01-01,2099-12-31,Jamendo CC License,https://creativecommons.org/licenses/,2026-08-24 12:23:39
2b0b3923-e878-4361-a22c-075355746d47,1335107e-caef-49c9-8e54-366945460fd8,c918b8bb-fc77-4656-a603-3f9d35a11da7,CC_BY,PROTECTED,True,True,True,True,False,GLOBAL,ALL,2020-01-01,2099-12-31,Jamendo CC License,https://creativecommons.org/licenses/,2026-08-24 12:23:39
8b96c4f2-c574-45fd-b3d2-0eeb87362fc5,04940414-0d1b-4133-b743-2f295926f294,c40c0803-1531-41a9-917b-52cf01dda6bf,CC_BY,PROTECTED,True,True,True,True,False,GLOBAL,ALL,2020-01-01,2099-12-31,Jamendo CC License,https://creativecommons.org/licenses/,2026-08-24 12:23:39
83f4901b-7ce5-4abc-bcc2-bc552fc370f8,68793666-2d0a-4b50-a02b-15140204c475,33d8bfcf-0993-4efa-8ce8-b64dbe202f71,CC_BY,PROTECTED,True,True,True,True,False,GLOBAL,ALL,2020-01-01,2099-12-31,Jamendo CC License,https://creativecommons.org/licenses/,2026-08-24 12:23:39
37c00347-df56-46ee-8f99-cc8fc4d39a1e,d2d59654-29ca-4173-98c6-ccb43af66374,748d670b-9122-4265-ad08-5ef2e02b3a57,CC_BY,PROTECTED,True,True,True,True,False,GLOBAL,ALL,2020-01-01,2099-12-31,Jamendo CC License,https://creativecommons.org/licenses/,2026-08-24 12:23:39
2ad74b43-88b1-44ed-ae05-ba2fffda19ee,c47f2fff-70e9-4d1c-bb35-44dc598300e7,17caa1e2-d92b-4c26-8fb0-3fa95bc2dcc2,CC_BY,PROTECTED,True,True,True,True,False,GLOBAL,ALL,2020-01-01,2099-12-31,Jamendo CC License,https://creativecommons.org/licenses/,2026-08-24 12:23:39
4f7c5a68-69da-471f-9699-494b397f06d4,5349f27f-ade0-4c22-b3bc-dced93e01947,d00c3370-a920-4a2e-bfb2-f0db1d461b43,CC_BY,PROTECTED,True,True,True,True,False,GLOBAL,ALL,2020-01-01,2099-12-31,Jamendo CC License,https://creativecommons.org/licenses/,2026-08-24 12:23:39
83c3ff25-2d5d-4d10-9ee6-3111e9c8c51e,40c94ede-a22a-4f22-aa8f-17702e0c9b53,3652eba4-411b-4a45-93d5-d13905418381,CC_BY,PROTECTED,True,True,True,True,False,GLOBAL,ALL,2020-01-01,2099-12-31,Jamendo CC License,https://creativecommons.org/licenses/,2026-08-24 12:23:39
09d15af3-3927-49b3-9de4-712c2c6dfe67,2ec0814e-dacb-4d29-aecd-e5b4f2d71881,9d929ec5-8593-4dad-861d-615b7eaffca0,CC_BY,PROTECTED,True,True,True,True,False,GLOBAL,ALL,2020-01-01,2099-12-31,Jamendo CC License,https://creativecommons.org/licenses/,2026-08-24 12:23:39
eae80a26-1c47-46a1-bd39-1a9cabe9a8ba,0f660169-a90a-4d18-a29f-63c8fd79f1b5,0fbdcb12-db9b-4961-9ce1-8efb007e3e61,CC_BY,PROTECTED,True,True,True,True,False,GLOBAL,ALL,2020-01-01,2099-12-31,Jamendo CC License,https://creativecommons.org/licenses/,2026-08-24 12:23:39
0693bef0-6f81-4dfe-b1f9-12ceeb748a52,2d81fddb-958c-4fe2-bbcf-5518f13dc01c,45d54b71-e405-4ce6-8bbf-9393cc81b29b,CC_BY,PROTECTED,True,True,True,True,False,GLOBAL,ALL,2020-01-01,2099-12-31,Jamendo CC License,https://creativecommons.org/licenses/,2026-08-24 12:23:39
236964c2-d4dc-47d0-b16e-1f32603bb435,131886e5-494a-410d-b889-31e65bb48523,f927b51a-5385-4722-85e3-f30de50dd9d9,CC_BY,PROTECTED,True,True,True,True,False,GLOBAL,ALL,2020-01-01,2099-12-31,Jamendo CC License,https://creativecommons.org/licenses/,2026-08-24 12:23:39
ec30135c-3268-44ec-b505-e447863c5a33,76e509e4-cd2e-41d5-8230-dc303fdbfcb0,091d4572-d53e-48d7-903f-cf3b183376a1,CC_BY,PROTECTED,True,True,True,True,False,GLOBAL,ALL,2020-01-01,2099-12-31,Jamendo CC License,https://creativecommons.org/licenses/,2026-08-24 12:23:39
e8183ab9-e86d-4f14-9608-e946db67d14d,3374b107-ccd8-4894-90ef-755a5e7af468,e680a047-3f01-42ce-9070-7ed57dbc7153,CC_BY,PROTECTED,True,True,True,True,False,GLOBAL,ALL,2020-01-01,2099-12-31,Jamendo CC License,https://creativecommons.org/licenses/,2026-08-24 12:23:39
6fd00bb3-c028-4310-b4b3-63c0872ead76,2b1810ef-0efc-4a44-8ea0-28db9d2800e2,e027307e-a42c-4c3c-8a50-82ee81070e40,CC_BY,PROTECTED,True,True,True,True,False,GLOBAL,ALL,2020-01-01,2099-12-31,Jamendo CC License,https://creativecommons.org/licenses/,2026-08-24 12:23:39
753a7a56-7ed1-49d6-807d-d331bb30e6c2,5476e856-f844-4a90-994a-6bd684a7ef91,e7075832-dc50-4eb6-9866-a1a278fbd39c,CC_BY,PROTECTED,True,True,True,True,False,GLOBAL,ALL,2020-01-01,2099-12-31,Jamendo CC License,https://creativecommons.org/licenses/,2026-08-24 12:23:39
7d3b0ce1-fb35-43da-9d55-d32da146a931,f4819d06-12f2-491b-b676-7744ceb58c3d,207c5f58-5b43-4ad4-a611-4948bfcfd0e9,CC_BY,PROTECTED,True,True,True,True,False,GLOBAL,ALL,2020-01-01,2099-12-31,Jamendo CC License,https://creativecommons.org/licenses/,2026-08-24 12:23:39
af0e0e3e-a6f0-4d40-b588-a459ef581f7f,0af77e18-1789-46d8-8f6f-09b31862fd93,b059a541-c549-4554-bb9a-4d534d72c4b4,CC_BY,PROTECTED,True,True,True,True,False,GLOBAL,ALL,2020-01-01,2099-12-31,Jamendo CC License,https://creativecommons.org/licenses/,2026-08-24 12:23:39
7e380f12-c9bd-491c-aa73-9b3c4ca4bd83,b9bdd2d0-1e9f-4060-aa1b-84793055c803,d6f1760f-6ffb-46bc-8654-17e27edf9fd1,CC_BY,PROTECTED,True,True,True,True,False,GLOBAL,ALL,2020-01-01,2099-12-31,Jamendo CC License,https://creativecommons.org/licenses/,2026-08-24 12:23:39
fbb2d20c-e5e7-4390-b366-39abf042ed23,59b4ec4c-43c1-4011-baf6-3b23ad6eba0c,b10c1fac-359a-4766-a3c7-db70b424deb1,CC_BY,PROTECTED,True,True,True,True,False,GLOBAL,ALL,2020-01-01,2099-12-31,Jamendo CC License,https://creativecommons.org/licenses/,2026-08-24 12:23:39
77e2e12b-50f8-4245-8886-8602ba8d5e57,77f8c418-5d4a-4b2c-be0a-a3af41748ac2,0bd2ba56-7b5b-43c7-a629-bc3cdcb23b99,CC_BY,PROTECTED,True,True,True,True,False,GLOBAL,ALL,2020-01-01,2099-12-31,Jamendo CC License,https://creativecommons.org/licenses/,2026-08-24 12:23:39
468ee9ec-4b37-4359-99db-553cd3290a29,07b4fa68-cb14-4e31-a5b4-faeb631e66d2,380d0e8c-cac3-4f1c-b3a5-c1f755e1cd19,CC_BY,PROTECTED,True,True,True,True,False,GLOBAL,ALL,2020-01-01,2099-12-31,Jamendo CC License,https://creativecommons.org/licenses/,2026-08-24 12:23:39
1b73486a-eaf8-448b-b001-1c8adc6dc3a2,22df9905-c622-449f-a27f-684b6036fbc0,0ce0e4e2-f735-4313-812a-30f54e1e7c78,CC_BY,PROTECTED,True,True,True,True,False,GLOBAL,ALL,2020-01-01,2099-12-31,Jamendo CC License,https://creativecommons.org/licenses/,2026-08-24 12:23:39
51d3937c-02a4-41ad-b3fb-ac95dd9b1471,7bb7da8c-30c0-4ebd-8b6b-51ba9987919b,6edb483e-8602-49ee-ab5c-cf3e035231b4,CC_BY,PROTECTED,True,True,True,True,False,GLOBAL,ALL,2020-01-01,2099-12-31,Jamendo CC License,https://creativecommons.org/licenses/,2026-08-24 12:23:39
b6566eca-d0e2-4659-8cfc-8ec1512bc379,16e8f45a-78db-47d3-93e1-4127084893c5,b1f3f472-0891-4394-82f2-96b0be9eca09,CC_BY,PROTECTED,True,True,True,True,False,GLOBAL,ALL,2020-01-01,2099-12-31,Jamendo CC License,https://creativecommons.org/licenses/,2026-08-24 12:23:39
5b2b813a-0ae1-4a71-a857-0ad86af61e44,cbc1f84f-fb29-4bb6-a097-9a1c1689d61c,7ed590bd-8787-41a2-bfd4-d05c9a1fdab6,CC_BY,PROTECTED,True,True,True,True,False,GLOBAL,ALL,2020-01-01,2099-12-31,Jamendo CC License,https://creativecommons.org/licenses/,2026-08-24 12:23:39
3385f562-ccc7-4ca5-a6b4-8c8b3aaeedc6,8ac7e925-5f1d-4b99-abf7-8afee42b5a83,095356bd-1402-4c0c-bba3-af81b33cb74b,CC_BY,PROTECTED,True,True,True,True,False,GLOBAL,ALL,2020-01-01,2099-12-31,Jamendo CC License,https://creativecommons.org/licenses/,2026-08-24 12:23:39
708ead9c-6ae3-4502-8653-7cf8c033f0d3,1457fed7-ac65-4cd8-9f9e-cea8aec99f97,d985339f-5920-4057-9e3e-f3f1606ad26d,CC_BY,PROTECTED,True,True,True,True,False,GLOBAL,ALL,2020-01-01,2099-12-31,Jamendo CC License,https://creativecommons.org/licenses/,2026-08-24 12:23:39
fb7b6927-c572-44a1-bb8e-964e0fb745ab,c5f5ef7c-733a-4770-8c61-5aec12b84414,046e5f95-1789-4376-a059-218243a21d6c,CC_BY,PROTECTED,True,True,True,True,False,GLOBAL,ALL,2020-01-01,2099-12-31,Jamendo CC License,https://creativecommons.org/licenses/,2026-08-24 12:23:39
105a0ec5-3850-43ef-9c07-6b5ad328b0e9,87dec2e0-19dd-48e5-a94a-71596ca49dd1,42ddb24b-1695-4c7a-8cab-4ecd4a2d957c,CC_BY,PROTECTED,True,True,True,True,False,GLOBAL,ALL,2020-01-01,2099-12-31,Jamendo CC License,https://creativecommons.org/licenses/,2026-08-24 12:23:39
0d2735a9-9917-46dd-a879-42f4252e896a,583ca6f2-ebac-45d3-9e34-d68007d90f32,8b57cea9-a9e0-44fe-afc3-ed8a29e19174,CC_BY,PROTECTED,True,True,True,True,False,GLOBAL,ALL,2020-01-01,2099-12-31,Jamendo CC License,https://creativecommons.org/licenses/,2026-08-24 12:23:39
7416b34c-f2d1-4aba-abd3-7bdc061964ae,22e0dd8c-b01e-41ea-b513-70948fe219ef,c452108e-8dca-4d26-adbc-d4ecf053965d,CC_BY,PROTECTED,True,True,True,True,False,GLOBAL,ALL,2020-01-01,2099-12-31,Jamendo CC License,https://creativecommons.org/licenses/,2026-08-24 12:23:39
8bb38864-981b-470a-9265-a7070becf76a,ab46aefa-9133-46ae-a847-80f81a366220,7ca27fd0-e65e-41b4-af95-5a61c3e80be7,CC_BY,PROTECTED,True,True,True,True,False,GLOBAL,ALL,2020-01-01,2099-12-31,Jamendo CC License,https://creativecommons.org/licenses/,2026-08-24 12:23:39
75d7ab29-5ac9-49f2-ad65-3cb8f88329aa,33ccf344-218d-42f4-9175-3ced5d96c23f,f78fc771-5432-4eb0-805a-cd4a6214a229,CC_BY,PROTECTED,True,True,True,True,False,GLOBAL,ALL,2020-01-01,2099-12-31,Jamendo CC License,https://creativecommons.org/licenses/,2026-08-24 12:23:39
2c62a015-d9a4-4280-9ffd-5b1988d7b52e,4ad19cfe-0337-4c7c-9807-04114fe4aed4,a45f3584-c7c1-4661-ac24-d5bb52a5ff08,CC_BY,PROTECTED,True,True,True,True,False,GLOBAL,ALL,2020-01-01,2099-12-31,Jamendo CC License,https://creativecommons.org/licenses/,2026-08-24 12:23:39
d04c7187-f516-4665-aa9e-34ddbe6871f5,139a103b-6172-480d-9b8e-def478c9518a,711549f1-70a5-4f38-9ced-b69d019dfe6f,CC_BY,PROTECTED,True,True,True,True,False,GLOBAL,ALL,2020-01-01,2099-12-31,Jamendo CC License,https://creativecommons.org/licenses/,2026-08-24 12:23:39
a81fb153-904f-4b27-9a43-2983ce500bc4,e136ac89-2663-46ca-8534-feebc6d6b52c,e06cfa26-f037-4c5c-b305-4fc8bf8fcd93,CC_BY,PROTECTED,True,True,True,True,False,GLOBAL,ALL,2020-01-01,2099-12-31,Jamendo CC License,https://creativecommons.org/licenses/,2026-08-24 12:23:39
1fba6ae3-5aff-4e4c-b78c-00a24fa44607,6c610811-6d2e-4696-93ca-53d580ab1c9e,0acd62ee-8220-4c50-9fc1-551cb2067b37,CC_BY,PROTECTED,True,True,True,True,False,GLOBAL,ALL,2020-01-01,2099-12-31,Jamendo CC License,https://creativecommons.org/licenses/,2026-08-24 12:23:39
8383b2ba-71e7-4403-b65b-7d0b96f7430f,5eb1cfb6-67bd-445b-ac33-c7c890735309,f0a4d099-06b1-4cf7-aeb0-57c24616b9ee,CC_BY,PROTECTED,True,True,True,True,False,GLOBAL,ALL,2020-01-01,2099-12-31,Jamendo CC License,https://creativecommons.org/licenses/,2026-08-24 12:23:39
00468191-a764-42f9-8d00-dccd98a4ef67,2ff03cf4-5878-4f17-b4f1-116d45c988bd,e60a9eb2-c9f3-460f-bd7c-496775e9da46,CC_BY,PROTECTED,True,True,True,True,False,GLOBAL,ALL,2020-01-01,2099-12-31,Jamendo CC License,https://creativecommons.org/licenses/,2026-08-24 12:23:39
08538d35-6bfa-452f-a0dd-754c4e4bcc5d,4e10d69a-2ebd-4c16-a50e-aefe63f256b5,8ce87dca-703f-4df3-a524-486ae864666f,CC_BY,PROTECTED,True,True,True,True,False,GLOBAL,ALL,2020-01-01,2099-12-31,Jamendo CC License,https://creativecommons.org/licenses/,2026-08-24 12:23:39
87656792-35b2-43f5-880d-0ebafbc20870,f4eb60f0-39ec-4263-acdd-a8979d6be745,d417371d-9a33-4870-84e3-e27af3a974ae,CC_BY,PROTECTED,True,True,True,True,False,GLOBAL,ALL,2020-01-01,2099-12-31,Jamendo CC License,https://creativecommons.org/licenses/,2026-08-24 12:23:39
8a5cd2d8-bcca-4a39-802c-c5376d83324b,8ffd5a04-87de-4357-aacb-b7a5e9acf3ff,e4f74471-9793-45f3-b139-f4c282d3a3c5,CC_BY,PROTECTED,True,True,True,True,False,GLOBAL,ALL,2020-01-01,2099-12-31,Jamendo CC License,https://creativecommons.org/licenses/,2026-08-24 12:23:39
885f50bf-dd71-4c2f-9cb0-eeb1a2d895a3,ed5cd148-9e58-4e3f-8cf3-65534fb8c36d,437aaee8-2db2-4dc7-acfe-dcc2798526ee,CC_BY,PROTECTED,True,True,True,True,False,GLOBAL,ALL,2020-01-01,2099-12-31,Jamendo CC License,https://creativecommons.org/licenses/,2026-08-24 12:23:39
b8570270-8db7-412f-bec9-75334da0e786,87163aad-f5a7-4eda-8386-a7be44314fc8,ddae9ce9-016c-43d3-8340-1d074fdfe5e8,CC_BY,PROTECTED,True,True,True,True,False,GLOBAL,ALL,2020-01-01,2099-12-31,Jamendo CC License,https://creativecommons.org/licenses/,2026-08-24 12:23:39
bd7d8c2f-3532-4bcc-bc40-d613b4aed7cf,db564602-7903-47f5-b88c-77cc057b2f97,1a908b5d-5917-4147-b0c6-9aab0a1cc568,CC_BY,PROTECTED,True,True,True,True,False,GLOBAL,ALL,2020-01-01,2099-12-31,Jamendo CC License,https://creativecommons.org/licenses/,2026-08-24 12:23:39
37d3b5fb-3284-4fe8-a4c8-bc2c31fe8e6c,a759c607-32d5-4c24-8aac-04c250a1beba,ba72d502-5ee7-47d9-9d6f-914da0df3935,CC_BY,PROTECTED,True,True,True,True,False,GLOBAL,ALL,2020-01-01,2099-12-31,Jamendo CC License,https://creativecommons.org/licenses/,2026-08-24 12:23:39
5ba1ba8d-bbca-4920-9427-af62ef3fae3c,1345e612-3989-485e-bce1-c8964a91f638,b0d35afd-6cb8-4a4e-829c-75aba2d557ee,CC_BY,PROTECTED,True,True,True,True,False,GLOBAL,ALL,2020-01-01,2099-12-31,Jamendo CC License,https://creativecommons.org/licenses/,2026-08-24 12:23:39
108f4031-a263-4a92-834a-33b3ed64929f,4c22828c-93ba-4983-b6ca-38a35b5bc0b1,fa76e4c0-b2d3-4140-8ef1-34ef37cd8cbe,CC_BY,PROTECTED,True,True,True,True,False,GLOBAL,ALL,2020-01-01,2099-12-31,Jamendo CC License,https://creativecommons.org/licenses/,2026-08-24 12:23:39
9167b752-eefb-469e-95d0-a313ae28ce29,4e90b74c-c05e-4ae8-a2d9-605be1226f8a,b69a7e85-5414-46d5-98e4-ba3d76f99864,CC_BY,PROTECTED,True,True,True,True,False,GLOBAL,ALL,2020-01-01,2099-12-31,Jamendo CC License,https://creativecommons.org/licenses/,2026-08-24 12:23:39
e5f8900d-77ed-4e14-bec4-f3a8f7ffddc8,67a54bb5-7bdd-44f0-97f4-958e58a7474b,cd10f9bc-2a94-4373-90ab-16dd27388d4d,CC_BY,PROTECTED,True,True,True,True,False,GLOBAL,ALL,2020-01-01,2099-12-31,Jamendo CC License,https://creativecommons.org/licenses/,2026-08-24 12:23:39
1f747d35-e540-4729-b017-fecd7ee2f23c,42b8046a-7f5f-4a78-8c3d-2b4791d51989,55f8ca92-90dd-47f5-8335-cf95e00ddf53,CC_BY,PROTECTED,True,True,True,True,False,GLOBAL,ALL,2020-01-01,2099-12-31,Jamendo CC License,https://creativecommons.org/licenses/,2026-08-24 12:23:39
dd2e4501-4787-43d8-be54-a5a19cf7eaec,64de5d1a-2f89-45e3-82f1-a9e249502229,b1f69af6-f585-4e3d-8be8-67b6b561f435,CC_BY,PROTECTED,True,True,True,True,False,GLOBAL,ALL,2020-01-01,2099-12-31,Jamendo CC License,https://creativecommons.org/licenses/,2026-08-24 12:23:39
ef175db5-5a6f-45e1-bb89-7e3e401160a8,49d0e7ce-4484-438b-908b-5321586a239c,fce65c39-1665-4d83-97d5-aa5c6ff4a875,CC_BY,PROTECTED,True,True,True,True,False,GLOBAL,ALL,2020-01-01,2099-12-31,Jamendo CC License,https://creativecommons.org/licenses/,2026-08-24 12:23:39
db713521-4d7f-40d0-b74f-b88760f6a62f,19112342-35c6-425b-9cb2-e88377cc3fef,e4d2a870-d08c-4e0c-aa7e-acfc01bed5a8,CC_BY,PROTECTED,True,True,True,True,False,GLOBAL,ALL,2020-01-01,2099-12-31,Jamendo CC License,https://creativecommons.org/licenses/,2026-08-24 12:23:39
a2acd20e-0635-4880-bbc9-5b2401a2f185,73e82288-f715-472c-9d09-5462b9bf94f4,f885414f-bcfc-4878-b6a9-494812c98bcc,CC_BY,PROTECTED,True,True,True,True,False,GLOBAL,ALL,2020-01-01,2099-12-31,Jamendo CC License,https://creativecommons.org/licenses/,2026-08-24 12:23:39
2788d5da-b3a5-4699-858f-a5a04104f27f,2bc5bd69-5212-4b88-b82b-9f1e31e0a91a,21ba865c-2deb-486c-b721-c5f8bb2b9281,CC_BY,PROTECTED,True,True,True,True,False,GLOBAL,ALL,2020-01-01,2099-12-31,Jamendo CC License,https://creativecommons.org/licenses/,2026-08-24 12:23:39
cdc1314a-2e57-4455-88a0-5500dc1fa367,9179ebe8-0dff-45a2-9a62-6697ab68147b,1b739e1d-b10d-4d8b-be11-c30b8626c6e0,CC_BY,PROTECTED,True,True,True,True,False,GLOBAL,ALL,2020-01-01,2099-12-31,Jamendo CC License,https://creativecommons.org/licenses/,2026-08-24 12:23:39
f90a3ba9-5b45-44f0-b1b3-49c4fc225abf,eb0f4f13-c2a9-444e-a540-b8fb00f1d1c1,e75cd4e8-4490-4700-8c4d-edea8b7d2073,CC_BY,PROTECTED,True,True,True,True,False,GLOBAL,ALL,2020-01-01,2099-12-31,Jamendo CC License,https://creativecommons.org/licenses/,2026-08-24 12:23:39
86012368-b947-458f-bf4f-22a35286145d,192d6e12-e1ab-40a2-9653-c987c7e99411,379594d8-097e-4d0a-9ae3-ad9345d66687,CC_BY,PROTECTED,True,True,True,True,False,GLOBAL,ALL,2020-01-01,2099-12-31,Jamendo CC License,https://creativecommons.org/licenses/,2026-08-24 12:23:39
a6c0b8ba-9071-4e29-94cf-9138ffdc9f8b,5d8e59c1-7f9d-4db9-b1a8-70b52226ef6c,3c01d2e7-657a-40e5-bda7-b2c52ae2ce8c,CC_BY,PROTECTED,True,True,True,True,False,GLOBAL,ALL,2020-01-01,2099-12-31,Jamendo CC License,https://creativecommons.org/licenses/,2026-08-24 12:23:39
2adced59-9d05-410d-b2af-467e30bf78bc,6b11f7aa-8faa-4698-bade-12634aa22bb9,49994186-f092-41cb-97cb-d762a7313f66,CC_BY,PROTECTED,True,True,True,True,False,GLOBAL,ALL,2020-01-01,2099-12-31,Jamendo CC License,https://creativecommons.org/licenses/,2026-08-24 12:23:39
0ee01a78-2f21-4a5f-9d26-a9a36d50d38c,0bf7ac56-4158-4e39-bccd-2267a98629af,ca45e958-c9f7-4bc5-847e-e8116cf32b94,CC_BY,PROTECTED,True,True,True,True,False,GLOBAL,ALL,2020-01-01,2099-12-31,Jamendo CC License,https://creativecommons.org/licenses/,2026-08-24 12:23:39
1478cb2f-7b13-46d9-ba55-5830d882cd23,473f500c-9020-4ea0-84e0-25de540a989f,765dd152-2ca2-4f91-b185-c206c050b8eb,CC_BY,PROTECTED,True,True,True,True,False,GLOBAL,ALL,2020-01-01,2099-12-31,Jamendo CC License,https://creativecommons.org/licenses/,2026-08-24 12:23:39
ba1646ec-f85d-4280-828c-6e07dfaf5794,cffbf71e-f1af-4be2-bbfd-6da369023750,40c9cbed-2595-42d5-b978-bf3c83253b4a,CC_BY,PROTECTED,True,True,True,True,False,GLOBAL,ALL,2020-01-01,2099-12-31,Jamendo CC License,https://creativecommons.org/licenses/,2026-08-24 12:23:39
10543586-a29c-46b6-bdd8-6060791efa49,c044fadb-da44-4d9a-a537-6288d4310895,55deb4a5-478b-42bc-86f1-eaa90d95d818,CC_BY,PROTECTED,True,True,True,True,False,GLOBAL,ALL,2020-01-01,2099-12-31,Jamendo CC License,https://creativecommons.org/licenses/,2026-08-24 12:23:39
39197231-9b47-4a78-bb8f-5273812b94ee,abe36963-2547-4eed-9d22-dc99a8d6ac24,bbc57a7b-ceaf-4e87-971d-f3e3c47ef606,CC_BY,PROTECTED,True,True,True,True,False,GLOBAL,ALL,2020-01-01,2099-12-31,Jamendo CC License,https://creativecommons.org/licenses/,2026-08-24 12:23:39
605d5333-5fb0-437f-b336-35f91ab125a4,23197a09-73e9-46ef-8bdd-ada02700f5fd,610ea3ed-0020-40e8-b62b-fce68a4e6ab9,CC_BY,PROTECTED,True,True,True,True,False,GLOBAL,ALL,2020-01-01,2099-12-31,Jamendo CC License,https://creativecommons.org/licenses/,2026-08-24 12:23:39
92e6472e-38f2-46e6-8ad1-80478fd8eee2,266541e3-3e24-4026-89ed-cd64d12e606f,e0e9a56b-76c6-4335-930e-1430170c45be,CC_BY,PROTECTED,True,True,True,True,False,GLOBAL,ALL,2020-01-01,2099-12-31,Jamendo CC License,https://creativecommons.org/licenses/,2026-08-24 12:23:39
694e49fc-a00c-496f-8bc0-681c81f4ecb7,2e02ea9a-f853-4d65-acd5-be09a8d72b38,3e27d245-ca65-4137-ad21-63ca24170271,CC_BY,PROTECTED,True,True,True,True,False,GLOBAL,ALL,2020-01-01,2099-12-31,Jamendo CC License,https://creativecommons.org/licenses/,2026-08-24 12:23:39
a131753e-baf1-47f0-9588-f143443debcb,9f69323d-6c05-4ae8-971e-fd24ee2788e4,bf09f669-ff2b-4f41-b9f7-0a69cd58f61b,CC_BY,PROTECTED,True,True,True,True,False,GLOBAL,ALL,2020-01-01,2099-12-31,Jamendo CC License,https://creativecommons.org/licenses/,2026-08-24 12:23:39
5f6822dc-63f8-401b-9b16-576351d1a905,092ce08a-54fd-4b62-be36-d2e0b09342e8,0e173d14-3560-43cc-a0a0-49f4b8c64920,CC_BY,PROTECTED,True,True,True,True,False,GLOBAL,ALL,2020-01-01,2099-12-31,Jamendo CC License,https://creativecommons.org/licenses/,2026-08-24 12:23:39
2b5f6140-ebce-4423-a0f0-88bbab6ee5fb,75e2bc5b-d281-484d-98b5-c9e3d896c5ec,b777f9ef-ace2-491c-b395-9ac8adcdb17c,CC_BY,PROTECTED,True,True,True,True,False,GLOBAL,ALL,2020-01-01,2099-12-31,Jamendo CC License,https://creativecommons.org/licenses/,2026-08-24 12:23:39
d298b15e-db94-4526-8918-01d2a9cce1af,bf255000-b3fd-4874-9bee-1147fd980591,88a9e6af-d77a-4ffc-831c-f412b64eb582,CC_BY,PROTECTED,True,True,True,True,False,GLOBAL,ALL,2020-01-01,2099-12-31,Jamendo CC License,https://creativecommons.org/licenses/,2026-08-24 12:23:39
09605616-eaad-48eb-9090-cf4ef77ba31c,d15fcf54-d4a6-416d-9c97-a4a6fee50853,6000ae58-d12c-47cb-a274-c743141819b1,CC_BY,PROTECTED,True,True,True,True,False,GLOBAL,ALL,2020-01-01,2099-12-31,Jamendo CC License,https://creativecommons.org/licenses/,2026-08-24 12:23:39
77c48a33-c390-4b05-8690-cf116fe68738,666acd95-70ef-452a-9773-1eac889e989a,782be134-c356-47a5-985b-95dd3d48f957,CC_BY,PROTECTED,True,True,True,True,False,GLOBAL,ALL,2020-01-01,2099-12-31,Jamendo CC License,https://creativecommons.org/licenses/,2026-08-24 12:23:39
69b53724-9d7b-4897-a9d8-48fa6180c890,b232c690-ae8d-4311-8e6c-9d287b773df4,0ef258f1-b4ae-45bc-a5f0-4defc29fe420,CC_BY,PROTECTED,True,True,True,True,False,GLOBAL,ALL,2020-01-01,2099-12-31,Jamendo CC License,https://creativecommons.org/licenses/,2026-08-24 12:23:39
a39d6ab3-cf73-4851-a9ca-e0848bb5362a,5a309f16-4d5e-420b-aa41-7efb563e2715,993bc1a2-10e8-47df-b4f9-c8db627ae226,CC_BY,PROTECTED,True,True,True,True,False,GLOBAL,ALL,2020-01-01,2099-12-31,Jamendo CC License,https://creativecommons.org/licenses/,2026-08-24 12:23:39
f9335b32-2602-4875-b7ee-871edc7c1658,c8a35d41-7c95-499f-8c30-72edf77aca79,8d9e5ba7-d776-4190-abe8-2ec1a6d8fcb8,CC_BY,PROTECTED,True,True,True,True,False,GLOBAL,ALL,2020-01-01,2099-12-31,Jamendo CC License,https://creativecommons.org/licenses/,2026-08-24 12:23:39
714f337e-3d5d-4635-b6a1-63ee96bc3f75,a31d2be0-264c-4a69-937c-a61307b9eed4,3b170c9e-72b5-4609-8768-2b0c72a7b389,CC_BY,PROTECTED,True,True,True,True,False,GLOBAL,ALL,2020-01-01,2099-12-31,Jamendo CC License,https://creativecommons.org/licenses/,2026-08-24 12:23:39
d5348bc8-6538-46c9-8489-e28919f6981e,343d0d9a-79ed-4cc0-8db2-7942e933675b,b72c632b-e264-42d0-8e96-5454e41d70f6,CC_BY,PROTECTED,True,True,True,True,False,GLOBAL,ALL,2020-01-01,2099-12-31,Jamendo CC License,https://creativecommons.org/licenses/,2026-08-24 12:23:39
acd2083f-e0f9-46ac-8b5d-6f9b6710779d,00ee637c-808c-4782-bb74-14901d6eba17,8b75ad91-f44b-478f-96c4-5475f45a35f9,CC_BY,PROTECTED,True,True,True,True,False,GLOBAL,ALL,2020-01-01,2099-12-31,Jamendo CC License,https://creativecommons.org/licenses/,2026-08-24 12:23:39
822429eb-c200-453a-958f-bcbf7ef1ef6a,40eff8c3-fb03-428f-b5a0-f9756c6e6f2f,fe4b5fc8-002d-421c-87ad-cc0f4c0bf895,CC_BY,PROTECTED,True,True,True,True,False,GLOBAL,ALL,2020-01-01,2099-12-31,Jamendo CC License,https://creativecommons.org/licenses/,2026-08-24 12:23:39
8b533d11-ec52-4c4f-b28f-dcabd43a5663,dbac3a54-6333-4ebb-89da-c9c355e29812,3f2eb0f0-f4df-4f42-9d85-7906ccbe2806,CC_BY,PROTECTED,True,True,True,True,False,GLOBAL,ALL,2020-01-01,2099-12-31,Jamendo CC License,https://creativecommons.org/licenses/,2026-08-24 12:23:39
a54f78de-7ece-4e34-840d-c12d5e03fb1c,9f8ed23d-e98f-4502-9b6f-cef7f869bfaf,0a9df9c9-7fa3-4cee-a36a-a648a854eaae,CC_BY,PROTECTED,True,True,True,True,False,GLOBAL,ALL,2020-01-01,2099-12-31,Jamendo CC License,https://creativecommons.org/licenses/,2026-08-24 12:23:39
49c1c145-048b-4aaa-bb60-8cabd60116e4,7afff8c3-344d-4f7e-aef4-3e5f8ee74b0a,9676998a-82f7-4045-8576-0c507fd6028d,CC_BY,PROTECTED,True,True,True,True,False,GLOBAL,ALL,2020-01-01,2099-12-31,Jamendo CC License,https://creativecommons.org/licenses/,2026-08-24 12:23:39
b802384f-b998-4cdf-a9ab-55e6715bbc0b,d3616954-2dea-4ab8-abba-d1e6bb2b785c,500923cc-dcf8-4cd9-afea-b67b77676d50,CC_BY,PROTECTED,True,True,True,True,False,GLOBAL,ALL,2020-01-01,2099-12-31,Jamendo CC License,https://creativecommons.org/licenses/,2026-08-24 12:23:39
09643332-c9ff-41e2-ac8a-fa4647d24021,c5eabf55-c729-4985-b9f1-4c30a5dfdaa8,04642d48-9817-48ba-a3a7-6d14d04fe04c,CC_BY,PROTECTED,True,True,True,True,False,GLOBAL,ALL,2020-01-01,2099-12-31,Jamendo CC License,https://creativecommons.org/licenses/,2026-08-24 12:23:39
1d96c5ed-fba8-4721-82a9-6a42b41e2c0c,c3455e86-b487-4569-8fed-a9ec1988c553,2a5dac17-2e51-44c3-a244-fd9b106acabf,CC_BY,PROTECTED,True,True,True,True,False,GLOBAL,ALL,2020-01-01,2099-12-31,Jamendo CC License,https://creativecommons.org/licenses/,2026-08-24 12:23:39
5f53fd43-4b72-4fdc-b7de-babd3524e60b,60fe69b4-1b3d-4368-a882-2995bbdb66ce,9edf2b09-4238-4fc4-95af-af1861c56223,CC_BY,PROTECTED,True,True,True,True,False,GLOBAL,ALL,2020-01-01,2099-12-31,Jamendo CC License,https://creativecommons.org/licenses/,2026-08-24 12:23:39
c46ea5a9-aa64-4eb6-8985-a0aea593c8e5,24888969-acf4-424a-a14e-0b881f6aa18c,a1a078ff-bbed-4658-811a-feb6f1fbdb9c,CC_BY,PROTECTED,True,True,True,True,False,GLOBAL,ALL,2020-01-01,2099-12-31,Jamendo CC License,https://creativecommons.org/licenses/,2026-08-24 12:23:39
7715b20d-d690-4b3f-bbe9-d23f9cd375ba,fa4b0f63-552b-4896-ae92-aa511f2f36a3,b92a7c83-661a-4c43-8b51-46b5fd07d569,CC_BY,PROTECTED,True,True,True,True,False,GLOBAL,ALL,2020-01-01,2099-12-31,Jamendo CC License,https://creativecommons.org/licenses/,2026-08-24 12:23:39
7d13cda1-d8e8-4c6e-a966-f45ac406eb60,1eb5bbc1-18ef-4c85-8f13-f4843446fe49,f9b4d801-f1bd-4fb2-bd3b-842831de2371,CC_BY,PROTECTED,True,True,True,True,False,GLOBAL,ALL,2020-01-01,2099-12-31,Jamendo CC License,https://creativecommons.org/licenses/,2026-08-24 12:23:39
3a2b765c-3c73-49da-a030-889de4e4c3c0,efaca7d3-5fbc-4b70-be1a-c54fd99d808d,9c59f9b8-2b0f-4a3b-8e40-4d17da374f86,CC_BY,PROTECTED,True,True,True,True,False,GLOBAL,ALL,2020-01-01,2099-12-31,Jamendo CC License,https://creativecommons.org/licenses/,2026-08-24 12:23:39
ddf5b1c1-ca35-4cb6-8882-931e1e6c7ef2,b33e9c3d-b6d5-4f44-a58a-7a3362d3a5b6,96230b4e-53a0-452a-9c97-fa628a2e1aee,CC_BY,PROTECTED,True,True,True,True,False,GLOBAL,ALL,2020-01-01,2099-12-31,Jamendo CC License,https://creativecommons.org/licenses/,2026-08-24 12:23:39
2b547cba-9ffb-4eb5-bad8-deb1d91aee4d,d3e122cc-edb9-4539-8845-777d8a9b518b,6b2c1eff-4176-4c4a-8c2a-68dc975fdfa0,CC_BY,PROTECTED,True,True,True,True,False,GLOBAL,ALL,2020-01-01,2099-12-31,Jamendo CC License,https://creativecommons.org/licenses/,2026-08-24 12:23:39
f600dc41-9ef5-482a-8ec9-5271570f7ffc,c71e5c96-9878-4433-ab92-d333a3062f5c,b2d44be8-629e-4ad5-aa4b-0bb8d85fc9d1,CC_BY,PROTECTED,True,True,True,True,False,GLOBAL,ALL,2020-01-01,2099-12-31,Jamendo CC License,https://creativecommons.org/licenses/,2026-08-24 12:23:39
14594c39-6b96-4dfd-9a7b-84f864172c1a,1a5c682c-f955-4ab6-bc5f-28fb39feb00c,1fac54da-c46a-498e-b4ce-4041913d2eb4,CC_BY,PROTECTED,True,True,True,True,False,GLOBAL,ALL,2020-01-01,2099-12-31,Jamendo CC License,https://creativecommons.org/licenses/,2026-08-24 12:23:39
0b29e726-2246-4ecf-b704-a2b775c6f17f,31c08e2e-eb1f-4749-9360-24b68c4d3adc,2fc7a026-2bf9-41ae-8a6e-b4347418c8a2,CC_BY,PROTECTED,True,True,True,True,False,GLOBAL,ALL,2020-01-01,2099-12-31,Jamendo CC License,https://creativecommons.org/licenses/,2026-08-24 12:23:39
aeae5022-257a-4740-ac3e-9c984c06b493,d79f42e5-969f-4ab4-9e2f-542a9871e8f9,bb4815c1-d60f-41a2-b73a-8a0fc8f52e0f,CC_BY,PROTECTED,True,True,True,True,False,GLOBAL,ALL,2020-01-01,2099-12-31,Jamendo CC License,https://creativecommons.org/licenses/,2026-08-24 12:23:39
ed5667f3-f45a-4f87-b79d-64cbb5975cee,973e6b36-a12f-4c8a-9ff6-e974c64ea9fa,3654258a-cce8-4c32-b058-2c513f63c683,CC_BY,PROTECTED,True,True,True,True,False,GLOBAL,ALL,2020-01-01,2099-12-31,Jamendo CC License,https://creativecommons.org/licenses/,2026-08-24 12:23:39
626a676b-b325-4326-b07b-5685ce9e7591,a55d9c8f-df08-4063-8d85-a3811a0174dc,8d8f330e-eb88-462c-8c88-810dd5384460,CC_BY,PROTECTED,True,True,True,True,False,GLOBAL,ALL,2020-01-01,2099-12-31,Jamendo CC License,https://creativecommons.org/licenses/,2026-08-24 12:23:39
c0d00676-e641-4719-b77d-8be55004045d,ae7e3366-fa9d-41d0-9a54-31e70ab60654,5ac3c377-bd1c-412d-9fa4-c372ff040d68,CC_BY,PROTECTED,True,True,True,True,False,GLOBAL,ALL,2020-01-01,2099-12-31,Jamendo CC License,https://creativecommons.org/licenses/,2026-08-24 12:23:39
5d54068d-9f87-42a7-9166-3e604d4eba31,66705eea-6e51-4e83-8b4e-4c65e1136de5,ab28388d-e6fe-41f9-b568-79489205f471,CC_BY,PROTECTED,True,True,True,True,False,GLOBAL,ALL,2020-01-01,2099-12-31,Jamendo CC License,https://creativecommons.org/licenses/,2026-08-24 12:23:39
c8445b42-a9fe-444b-8cba-5809fffd706b,05edfa9f-8c98-4c42-a31d-e6ce37325a32,89e9f873-3c2f-4bce-b7c3-5387bf578432,CC_BY,PROTECTED,True,True,True,True,False,GLOBAL,ALL,2020-01-01,2099-12-31,Jamendo CC License,https://creativecommons.org/licenses/,2026-08-24 12:23:39
f5ef94b5-2775-491d-88e7-f0b7344899fc,8565337a-4905-4dfb-9a76-3132c550bdbe,b7fbdefe-bc2e-48ce-adbb-603e369baa5e,CC_BY,PROTECTED,True,True,True,True,False,GLOBAL,ALL,2020-01-01,2099-12-31,Jamendo CC License,https://creativecommons.org/licenses/,2026-08-24 12:23:39
9115e519-c44a-407a-8e2a-b5124048f3d1,907b8767-b141-4914-b62c-d3c78d3446d4,821a78f4-723f-427a-9e24-59ac970b2eee,CC_BY,PROTECTED,True,True,True,True,False,GLOBAL,ALL,2020-01-01,2099-12-31,Jamendo CC License,https://creativecommons.org/licenses/,2026-08-24 12:23:39
02754222-23f9-4b9e-89c5-c043fdc6f1d4,8f2942a8-6b83-4d27-a6ef-a5edfea8518a,0323395e-49b6-45d9-838d-693afb9e3397,CC_BY,PROTECTED,True,True,True,True,False,GLOBAL,ALL,2020-01-01,2099-12-31,Jamendo CC License,https://creativecommons.org/licenses/,2026-08-24 12:23:39
4cd4bddf-39db-48c3-80f8-79e4ef87760b,b00466a7-9b61-428a-a2ba-6d17ec246fe7,e8eb66cb-ebd2-43ce-a8b5-e6f5990153f3,CC_BY,PROTECTED,True,True,True,True,False,GLOBAL,ALL,2020-01-01,2099-12-31,Jamendo CC License,https://creativecommons.org/licenses/,2026-08-24 12:23:39
dfb4f398-e641-494a-a0f1-b55e45d7f0d9,171bad06-2abc-486d-bf19-c0170b865682,57096653-98d9-4899-b758-9555086ff87d,CC_BY,PROTECTED,True,True,True,True,False,GLOBAL,ALL,2020-01-01,2099-12-31,Jamendo CC License,https://creativecommons.org/licenses/,2026-08-24 12:23:39
cc9e8699-9758-4a00-b657-f9dd79faf13a,01313055-07bc-4c4e-ad45-df904ec73133,a505f05d-f4ee-4e54-91a5-a02a141d8a80,CC_BY,PROTECTED,True,True,True,True,False,GLOBAL,ALL,2020-01-01,2099-12-31,Jamendo CC License,https://creativecommons.org/licenses/,2026-08-24 12:23:39
3c3d8ad9-0a0c-4aeb-bc4e-2175eb47e570,14b5a3d2-0c82-4ad3-bab8-10e530ca9fef,bd65159a-0049-4b44-bfb7-43a8c05c2da7,CC_BY,PROTECTED,True,True,True,True,False,GLOBAL,ALL,2020-01-01,2099-12-31,Jamendo CC License,https://creativecommons.org/licenses/,2026-08-24 12:23:39
67a64256-2f04-4778-89e7-12e503e28c9a,ba97822f-2d4b-4277-8f1e-1a2ddcd515a9,8248add8-fecc-4c73-b85b-c1233371965d,CC_BY,PROTECTED,True,True,True,True,False,GLOBAL,ALL,2020-01-01,2099-12-31,Jamendo CC License,https://creativecommons.org/licenses/,2026-08-24 12:23:39
6242863c-3f0d-4e59-9ec7-4aa4d6ce1054,de479263-4ffb-4a2d-9fb0-c1d92fc98aa7,20028f9b-6eee-4d65-b20e-14294cdeb340,CC_BY,PROTECTED,True,True,True,True,False,GLOBAL,ALL,2020-01-01,2099-12-31,Jamendo CC License,https://creativecommons.org/licenses/,2026-08-24 12:23:39
e3659318-e22f-4261-b65e-373ac822fd03,7b315d1f-2ba9-4c3c-ab96-fc41e5fb31de,83fd551b-b1ed-4998-8481-8d717aebdfe1,CC_BY,PROTECTED,True,True,True,True,False,GLOBAL,ALL,2020-01-01,2099-12-31,Jamendo CC License,https://creativecommons.org/licenses/,2026-08-24 12:23:39
6e9f879d-98af-4dac-ba2f-730ff37f2fb0,c6711b3f-a6aa-4394-abff-306583a94272,c4c75bcd-2ea9-4920-81d4-edbb1051190b,CC_BY,PROTECTED,True,True,True,True,False,GLOBAL,ALL,2020-01-01,2099-12-31,Jamendo CC License,https://creativecommons.org/licenses/,2026-08-24 12:23:39
653d7005-86cd-4f13-9a06-a3a4aff97e3c,b2446a85-91e7-4bd9-8bac-164dddaec517,3f2630bb-8604-47f9-a773-c6edd122ef36,CC_BY,PROTECTED,True,True,True,True,False,GLOBAL,ALL,2020-01-01,2099-12-31,Jamendo CC License,https://creativecommons.org/licenses/,2026-08-24 12:23:39
ff5c675b-4159-4209-b196-95ac7a67da8e,3c2dd0d5-9c2e-4185-9123-5b96c93832c8,da759ba1-9155-4b55-b257-3f91ec11efdb,CC_BY,PROTECTED,True,True,True,True,False,GLOBAL,ALL,2020-01-01,2099-12-31,Jamendo CC License,https://creativecommons.org/licenses/,2026-08-24 12:23:39
37284425-ad83-4c51-b4fb-f1797ed7828e,50657d9d-95aa-4d96-a050-326e3a0a0f17,32974c1d-4422-41c4-aa92-a2cc53537350,CC_BY,PROTECTED,True,True,True,True,False,GLOBAL,ALL,2020-01-01,2099-12-31,Jamendo CC License,https://creativecommons.org/licenses/,2026-08-24 12:23:39
20e7f8e1-b51c-4de6-89f7-c4cd27f3b47a,06c5d24a-7f9d-4ffd-851c-7d53df45af78,cdce5f07-bc1e-4b0c-b3f9-5b557375e601,CC_BY,PROTECTED,True,True,True,True,False,GLOBAL,ALL,2020-01-01,2099-12-31,Jamendo CC License,https://creativecommons.org/licenses/,2026-08-24 12:23:39
8db8c3eb-a078-454c-ba7b-984b16d051e8,56a855e0-1850-4043-8b76-5f30da86e397,a08aac89-b503-41ec-8ce0-daa6ad4311bd,CC_BY,PROTECTED,True,True,True,True,False,GLOBAL,ALL,2020-01-01,2099-12-31,Jamendo CC License,https://creativecommons.org/licenses/,2026-08-24 12:23:39
4204949f-4d30-4927-9546-7ded2ee52eca,bd6dd379-7296-46ee-b4fc-8934271835b2,5cc067aa-f286-40f0-88d5-ecf296360752,CC_BY,PROTECTED,True,True,True,True,False,GLOBAL,ALL,2020-01-01,2099-12-31,Jamendo CC License,https://creativecommons.org/licenses/,2026-08-24 12:23:39
d615fe31-253c-4068-bef5-c450215f8f8e,bf2334e6-c7f1-4ae5-8e11-83a0557c103e,282f9ea2-3cb4-48f5-91e3-1e20992f619e,CC_BY,PROTECTED,True,True,True,True,False,GLOBAL,ALL,2020-01-01,2099-12-31,Jamendo CC License,https://creativecommons.org/licenses/,2026-08-24 12:23:39
88640cea-bf06-4181-aae5-3aa93afc8839,167b3781-8e78-4b70-9b6c-31c28873dd4c,cdb6cb31-dbff-4169-ad0a-c5add817455a,CC_BY,PROTECTED,True,True,True,True,False,GLOBAL,ALL,2020-01-01,2099-12-31,Jamendo CC License,https://creativecommons.org/licenses/,2026-08-24 12:23:39
b45213d0-f593-405b-a724-bc8c3619ac4a,c18b5302-a11c-4f9b-b67b-534a48fea424,96940aba-7963-49d3-a596-052ea2fb67ef,CC_BY,PROTECTED,True,True,True,True,False,GLOBAL,ALL,2020-01-01,2099-12-31,Jamendo CC License,https://creativecommons.org/licenses/,2026-08-24 12:23:39
351b4a23-6ae3-4024-9cb2-fb7678183413,835ce7de-b3b5-408c-b036-ead5a0591227,e3bfe591-62cf-4e2e-968f-a2d6904f8167,CC_BY,PROTECTED,True,True,True,True,False,GLOBAL,ALL,2020-01-01,2099-12-31,Jamendo CC License,https://creativecommons.org/licenses/,2026-08-24 12:23:39
7d0b1d77-cc27-4d4b-b1d3-9970c6a1c606,ba7a6e0d-3871-4270-b6b4-a9a131464873,084a406e-a695-412e-88ef-88741345629a,CC_BY,PROTECTED,True,True,True,True,False,GLOBAL,ALL,2020-01-01,2099-12-31,Jamendo CC License,https://creativecommons.org/licenses/,2026-08-24 12:23:39
c03637fb-b006-4914-a8e3-6c7eda499803,98fe2f1c-71ab-4f13-a599-c84a73bfc6ef,6c7efb53-ec5a-4771-ba01-11348efa53e1,CC_BY,PROTECTED,True,True,True,True,False,GLOBAL,ALL,2020-01-01,2099-12-31,Jamendo CC License,https://creativecommons.org/licenses/,2026-08-24 12:23:39
d9750a27-1e95-4298-bf58-b733f6044cb9,8a0ea48d-e00a-4ab4-acc8-4d752e01f631,9c8af8ee-728d-45dc-b8dd-be66c71711f5,CC_BY,PROTECTED,True,True,True,True,False,GLOBAL,ALL,2020-01-01,2099-12-31,Jamendo CC License,https://creativecommons.org/licenses/,2026-08-24 12:23:39
2bba2674-913d-4b27-b945-a38c47108743,94eb235d-1a62-4b1c-a701-f512d0c4b014,e80ba406-39d4-4223-8fe7-3a5ea542c86f,CC_BY,PROTECTED,True,True,True,True,False,GLOBAL,ALL,2020-01-01,2099-12-31,Jamendo CC License,https://creativecommons.org/licenses/,2026-08-24 12:23:39
1efd0277-48da-4f03-aeaa-a35502d5f0c9,a31716f2-37f8-4645-b383-a4689e508ada,5fb62ad5-7ec7-4abb-93d9-28b28d4bdda2,CC_BY,PROTECTED,True,True,True,True,False,GLOBAL,ALL,2020-01-01,2099-12-31,Jamendo CC License,https://creativecommons.org/licenses/,2026-08-24 12:23:39
fabfd0f8-7953-43f0-a18e-61d1a83a5cc4,87c54007-c35e-4f45-9dbc-2b61b0090514,40d4f72f-7095-45ca-a6d9-346c29ff28f8,CC_BY,PROTECTED,True,True,True,True,False,GLOBAL,ALL,2020-01-01,2099-12-31,Jamendo CC License,https://creativecommons.org/licenses/,2026-08-24 12:23:39
a69f0b90-a41e-41d6-b0da-cd49d65d9736,8adf649a-367b-4fa4-8af7-d9accf8db951,d85ff6ec-c3ed-4c12-a752-8241f5803471,CC_BY,PROTECTED,True,True,True,True,False,GLOBAL,ALL,2020-01-01,2099-12-31,Jamendo CC License,https://creativecommons.org/licenses/,2026-08-24 12:23:39
4b520efd-b569-43fd-a739-25c21cc2d470,079c2ec9-a7f0-4f13-962c-7f7ab84707a3,201a2135-d674-48c6-b208-614b5d20f68d,CC_BY,PROTECTED,True,True,True,True,False,GLOBAL,ALL,2020-01-01,2099-12-31,Jamendo CC License,https://creativecommons.org/licenses/,2026-08-24 12:23:39
cb59e8e9-1c12-46c9-8bdf-e7686ba129a8,828ed4f6-db19-44e1-ac99-effd35dc8284,8e98287a-bd13-4319-b561-8ed07988c32c,CC_BY,PROTECTED,True,True,True,True,False,GLOBAL,ALL,2020-01-01,2099-12-31,Jamendo CC License,https://creativecommons.org/licenses/,2026-08-24 12:23:39
0a134664-330e-432f-9370-380c2e8f8b08,c8dd171e-0dd5-450c-b2cc-7b17b4488ad0,5a2e226a-60dc-4378-997d-f7ae1d2b600b,CC_BY,PROTECTED,True,True,True,True,False,GLOBAL,ALL,2020-01-01,2099-12-31,Jamendo CC License,https://creativecommons.org/licenses/,2026-08-24 12:23:39
56a82370-dc3f-465f-b992-ff687529869f,c441a87a-4539-49f8-b303-389ac6e181c1,5978a8c2-1eda-4738-bf6c-7c9d5879c6ff,CC_BY,PROTECTED,True,True,True,True,False,GLOBAL,ALL,2020-01-01,2099-12-31,Jamendo CC License,https://creativecommons.org/licenses/,2026-08-24 12:23:39
85f3f7ca-c469-4321-9205-db2c8f206d72,a730f6cf-ac86-4c1e-8911-ac06c77d3c66,5ad6dcf1-00ce-4aef-8f7b-9386c925ad83,CC_BY,PROTECTED,True,True,True,True,False,GLOBAL,ALL,2020-01-01,2099-12-31,Jamendo CC License,https://creativecommons.org/licenses/,2026-08-24 12:23:39
417ac6a0-8a9d-4775-9f0c-4a5242099ac0,677e9a2d-6f51-4fb7-9701-9eea8eb1e19b,2c4a0bfe-613b-45ca-8324-722e31d4596b,CC_BY,PROTECTED,True,True,True,True,False,GLOBAL,ALL,2020-01-01,2099-12-31,Jamendo CC License,https://creativecommons.org/licenses/,2026-08-24 12:23:39
e1dad33d-fbc5-42ff-a462-2ce6ffa37290,8ff1d23f-6e8d-43c8-9c86-182afbdb380f,a8279d52-fe40-4728-a3b5-7e4158ffe921,CC_BY,PROTECTED,True,True,True,True,False,GLOBAL,ALL,2020-01-01,2099-12-31,Jamendo CC License,https://creativecommons.org/licenses/,2026-08-24 12:23:39
d5ad1654-43fe-4500-9a55-c2d6799fc883,445d4734-88b7-4093-992f-0aad8e63149d,3d1309b1-e2f6-4af6-bc2d-6f1a5fc29db0,CC_BY,PROTECTED,True,True,True,True,False,GLOBAL,ALL,2020-01-01,2099-12-31,Jamendo CC License,https://creativecommons.org/licenses/,2026-08-24 12:23:39
dd51d763-00f0-4702-84aa-43c3e8ac2abd,1bd48079-24f5-42d0-9a9e-e373f1a769e2,895a285f-092e-4918-99e8-b17d0c958d21,CC_BY,PROTECTED,True,True,True,True,False,GLOBAL,ALL,2020-01-01,2099-12-31,Jamendo CC License,https://creativecommons.org/licenses/,2026-08-24 12:23:39
12ba6708-e6a3-4d8a-9e34-fdd41c93fb43,4fbac195-4ddc-43a0-87cd-c0136d564c81,c7b976e3-c6eb-45f6-9259-05975c7bbf82,CC_BY,PROTECTED,True,True,True,True,False,GLOBAL,ALL,2020-01-01,2099-12-31,Jamendo CC License,https://creativecommons.org/licenses/,2026-08-24 12:23:39
cf310d2c-f673-4354-8527-038ce28459d7,a9f5f325-2a5f-4272-be8c-d10ca9920715,825ac661-5a58-40af-9688-b819fb2ad87f,CC_BY,PROTECTED,True,True,True,True,False,GLOBAL,ALL,2020-01-01,2099-12-31,Jamendo CC License,https://creativecommons.org/licenses/,2026-08-24 12:23:39
7d6be915-1f2d-48f1-9b29-f9f5d55d1e49,dae0391c-f652-4d3e-87cd-3d92fc66afda,ee28c895-e08c-46ef-8ccc-e859f03800ba,CC_BY,PROTECTED,True,True,True,True,False,GLOBAL,ALL,2020-01-01,2099-12-31,Jamendo CC License,https://creativecommons.org/licenses/,2026-08-24 12:23:39
9ba7756b-124d-4a65-b567-6e1ea98fa6c5,c7c8b833-fcbe-4533-bca2-6e49aa396589,97658be1-6e85-4f6d-a79a-3962538da609,CC_BY,PROTECTED,True,True,True,True,False,GLOBAL,ALL,2020-01-01,2099-12-31,Jamendo CC License,https://creativecommons.org/licenses/,2026-08-24 12:23:39
387acfbe-b3d7-4c37-87dc-7210b38b028d,290d5765-84c6-487c-b456-9ccd137bed8c,ae662052-d241-4b6b-b81f-5cbb3f8e3be6,CC_BY,PROTECTED,True,True,True,True,False,GLOBAL,ALL,2020-01-01,2099-12-31,Jamendo CC License,https://creativecommons.org/licenses/,2026-08-24 12:23:39
1b48c9de-b94a-415c-a9d9-f4b7b3dea58c,d0d6b23b-26b6-4c27-885d-0d3a4f5e120a,afb0b4ca-9160-488b-b94e-bb8a32cc237a,CC_BY,PROTECTED,True,True,True,True,False,GLOBAL,ALL,2020-01-01,2099-12-31,Jamendo CC License,https://creativecommons.org/licenses/,2026-08-24 12:23:39
04623611-c3e2-49ba-9528-c623a2fddd85,4fee323b-818a-48ca-8d91-7f70755e39f8,8f68856f-118c-4ffe-9541-05138fd10b99,CC_BY,PROTECTED,True,True,True,True,False,GLOBAL,ALL,2020-01-01,2099-12-31,Jamendo CC License,https://creativecommons.org/licenses/,2026-08-24 12:23:39
9c80aa14-38d7-4014-b9a1-314d647c92dd,c36da18b-3472-461c-b91e-35040d684ac3,4e279412-5d79-4092-96e1-892655f8aeb2,CC_BY,PROTECTED,True,True,True,True,False,GLOBAL,ALL,2020-01-01,2099-12-31,Jamendo CC License,https://creativecommons.org/licenses/,2026-08-24 12:23:39
5f8aca4f-5404-42a0-a702-b324df6aeb57,a386f5dc-7cd5-4c36-9c01-41ecb7dcd79d,7862317d-33f0-41b2-b4c3-a19e641090dc,CC_BY,PROTECTED,True,True,True,True,False,GLOBAL,ALL,2020-01-01,2099-12-31,Jamendo CC License,https://creativecommons.org/licenses/,2026-08-24 12:23:39
b47caa0e-96c3-4b89-9813-0253fb8587b7,d7d0f4f0-8f5a-4a07-9830-b4c012598fc6,754316b1-8188-4ec0-b993-305a48dea9cc,CC_BY,PROTECTED,True,True,True,True,False,GLOBAL,ALL,2020-01-01,2099-12-31,Jamendo CC License,https://creativecommons.org/licenses/,2026-08-24 12:23:39
e6853c9a-cb5d-489d-8d6a-40b59c1f2353,7d1396c1-f526-48e8-a810-6db59694fafd,b643b161-ee01-4a12-ad40-c9e143e7ce73,CC_BY,PROTECTED,True,True,True,True,False,GLOBAL,ALL,2020-01-01,2099-12-31,Jamendo CC License,https://creativecommons.org/licenses/,2026-08-24 12:23:39
a7be6ec7-673e-47af-9d1a-25513ea9d386,f37090f0-ce92-4b2b-af3e-22f9be5ff463,b7499be5-2455-4e01-bc39-09ca84cdc6c9,CC_BY,PROTECTED,True,True,True,True,False,GLOBAL,ALL,2020-01-01,2099-12-31,Jamendo CC License,https://creativecommons.org/licenses/,2026-08-24 12:23:39
7ffa07c5-1710-432b-908e-c1e848a4aa6c,e5f6cc0e-3240-440a-a6ac-8baf3b891679,190b4c6b-2090-47fd-837c-68341cc43a8c,CC_BY,PROTECTED,True,True,True,True,False,GLOBAL,ALL,2020-01-01,2099-12-31,Jamendo CC License,https://creativecommons.org/licenses/,2026-08-24 12:23:39
6e90e268-a78e-4a8c-b6f9-572f42f25cc8,166d94b5-0ac8-4a12-a151-52d02375ad48,7148913b-b89e-4382-a268-7b6d5fa083e3,CC_BY,PROTECTED,True,True,True,True,False,GLOBAL,ALL,2020-01-01,2099-12-31,Jamendo CC License,https://creativecommons.org/licenses/,2026-08-24 12:23:39
1a1df99b-284d-4563-8b98-6b18d0002e20,a5957728-23b8-43a5-9052-ade7331fb70c,53339277-2e0f-4bb4-836a-3f8fcc3133e1,CC_BY,PROTECTED,True,True,True,True,False,GLOBAL,ALL,2020-01-01,2099-12-31,Jamendo CC License,https://creativecommons.org/licenses/,2026-08-24 12:23:39
cf1afe13-e318-415b-bf42-45ddcf1d95a3,7aaa8cdf-e9f5-4a89-aa94-7cb89fd9ee68,af7db1da-2fe4-49ae-a0f0-0e89665f707a,CC_BY,PROTECTED,True,True,True,True,False,GLOBAL,ALL,2020-01-01,2099-12-31,Jamendo CC License,https://creativecommons.org/licenses/,2026-08-24 12:23:39
b8be9f80-f989-4d6e-b400-109c645f89f8,8f83d399-3bd0-4f83-8173-b785d3920e68,fc97b257-8721-4867-9606-1cc27cca518d,CC_BY,PROTECTED,True,True,True,True,False,GLOBAL,ALL,2020-01-01,2099-12-31,Jamendo CC License,https://creativecommons.org/licenses/,2026-08-24 12:23:39
efcb8e3c-c588-484f-937b-30cf78c541b0,1d7739db-feee-407d-bbd2-c76ea062e625,42f5ea62-ce41-4f62-b1e0-da512759a162,CC_BY,PROTECTED,True,True,True,True,False,GLOBAL,ALL,2020-01-01,2099-12-31,Jamendo CC License,https://creativecommons.org/licenses/,2026-08-24 12:23:39
ee621ed2-67ab-471a-a1d7-5e205ba3e287,97d929ac-6286-436b-9af5-0f0b0bb77836,3883ad27-1d3c-4be5-8ba0-12e98c0703b0,CC_BY,PROTECTED,True,True,True,True,False,GLOBAL,ALL,2020-01-01,2099-12-31,Jamendo CC License,https://creativecommons.org/licenses/,2026-08-24 12:23:39
dd6b4158-8746-4b12-9029-82c69387d7b1,ee8a85ef-593d-403b-82c9-bd8f271fb8b2,19300348-c5ed-4067-9dda-b2507a19aa29,CC_BY,PROTECTED,True,True,True,True,False,GLOBAL,ALL,2020-01-01,2099-12-31,Jamendo CC License,https://creativecommons.org/licenses/,2026-08-24 12:23:39
91b678dd-1169-47ea-813a-8b2bb58c33a7,bebef7d4-618d-40cf-aa44-c5d4a5563e79,ca557533-8b0a-478c-95d4-e035b42f75a1,CC_BY,PROTECTED,True,True,True,True,False,GLOBAL,ALL,2020-01-01,2099-12-31,Jamendo CC License,https://creativecommons.org/licenses/,2026-08-24 12:23:39
dff08a17-8600-4117-a22d-75deef2e3243,3afae84c-3822-4796-a201-56943a82cb38,45ac95bf-4b93-4313-b726-9764dabc13c7,CC_BY,PROTECTED,True,True,True,True,False,GLOBAL,ALL,2020-01-01,2099-12-31,Jamendo CC License,https://creativecommons.org/licenses/,2026-08-24 12:23:39
fcabf2b4-e69d-41d7-b0c5-3e42b02867c4,d5c92327-5be8-4616-a188-09d88a35b19d,5947f26f-644d-4659-9181-16193fdb8ba3,CC_BY,PROTECTED,True,True,True,True,False,GLOBAL,ALL,2020-01-01,2099-12-31,Jamendo CC License,https://creativecommons.org/licenses/,2026-08-24 12:23:39
7792600d-d558-4ea9-ac28-f5203349eeb1,c6cf9f5d-00b3-465e-beed-76699f093383,da076d7b-7724-4d0a-94f3-c9ebf1b64f3a,CC_BY,PROTECTED,True,True,True,True,False,GLOBAL,ALL,2020-01-01,2099-12-31,Jamendo CC License,https://creativecommons.org/licenses/,2026-08-24 12:23:39
cd79cbe3-16c7-4dfc-b299-bb473cd924f5,7e15edda-2bc3-4e11-866b-04417ebff53a,b7e41985-23b0-4d15-a16c-56efc4d5113d,CC_BY,PROTECTED,True,True,True,True,False,GLOBAL,ALL,2020-01-01,2099-12-31,Jamendo CC License,https://creativecommons.org/licenses/,2026-08-24 12:23:39
fc9ac2d0-55b0-4ac0-a9dc-26fd3512309c,e8aa326d-e6ca-4807-9134-b0e15418d536,9adc3ea5-ec3e-409e-bdbf-bceefa80e68e,CC_BY,PROTECTED,True,True,True,True,False,GLOBAL,ALL,2020-01-01,2099-12-31,Jamendo CC License,https://creativecommons.org/licenses/,2026-08-24 12:23:39
56c36912-8c17-42ab-a906-bbd2a9babf1c,fa1fd9e3-ca03-43c3-8030-f93c23e2e101,ed299741-148b-4799-b645-21ee25614bd5,CC_BY,PROTECTED,True,True,True,True,False,GLOBAL,ALL,2020-01-01,2099-12-31,Jamendo CC License,https://creativecommons.org/licenses/,2026-08-24 12:23:39
7e119e2e-73a6-4289-9487-695d20cc11ec,a2bda5d4-21fc-4f64-9a99-d0138c94f7f3,3daf99f4-d42d-4e81-ab75-5d41352e1fe0,CC_BY,PROTECTED,True,True,True,True,False,GLOBAL,ALL,2020-01-01,2099-12-31,Jamendo CC License,https://creativecommons.org/licenses/,2026-08-24 12:23:39
963d492f-7e07-485e-82ec-9b49fc03e1f2,a8ef8721-92ce-40c1-a32b-94b39291232d,9b314c6a-244c-410b-ad21-6ff894fbd039,CC_BY,PROTECTED,True,True,True,True,False,GLOBAL,ALL,2020-01-01,2099-12-31,Jamendo CC License,https://creativecommons.org/licenses/,2026-08-24 12:23:39
9d35ffd4-4b6f-4b2d-95a1-6d1c941dfc33,bd0dbd5a-53ce-4825-9a4f-4b66be2b0b78,91e424c1-891b-458b-b4fc-53fcb1b65752,CC_BY,PROTECTED,True,True,True,True,False,GLOBAL,ALL,2020-01-01,2099-12-31,Jamendo CC License,https://creativecommons.org/licenses/,2026-08-24 12:23:39
b645f640-dee1-40d0-96c1-dcc3417d0d2f,79c03bac-2d87-41d2-bd7a-5684924e87a6,bafd614c-22b4-4e51-9142-57933ae08f77,CC_BY,PROTECTED,True,True,True,True,False,GLOBAL,ALL,2020-01-01,2099-12-31,Jamendo CC License,https://creativecommons.org/licenses/,2026-08-24 12:23:39
3d7c17a3-9b5c-4564-8791-ac05a0e8aa59,e461dced-8338-425c-a45d-3aaad796a1e5,03bb7b1b-3dd5-4838-b89e-7d31813a3592,CC_BY,PROTECTED,True,True,True,True,False,GLOBAL,ALL,2020-01-01,2099-12-31,Jamendo CC License,https://creativecommons.org/licenses/,2026-08-24 12:23:39
50533fcb-3ba9-4de3-bb40-81add385a062,ab3cdee7-6ef5-4920-8e9b-efcd83597b04,45549f6a-1120-4dbd-a0a6-45aadb2347fb,CC_BY,PROTECTED,True,True,True,True,False,GLOBAL,ALL,2020-01-01,2099-12-31,Jamendo CC License,https://creativecommons.org/licenses/,2026-08-24 12:23:39
0ced3eee-4156-4c46-bbfd-ef9ef99c0d59,02bf282e-21fa-4c22-a10a-90487867a5ba,ee168ae9-6b1c-44e8-b91c-67e671d86fac,CC_BY,PROTECTED,True,True,True,True,False,GLOBAL,ALL,2020-01-01,2099-12-31,Jamendo CC License,https://creativecommons.org/licenses/,2026-08-24 12:23:39
30eb27fa-3141-42ae-8f3a-45e5cf78b1a7,1097c903-6a92-45de-a43f-97936a0b8895,d5cf2ff6-aa6d-4041-a042-22357e93d50c,CC_BY,PROTECTED,True,True,True,True,False,GLOBAL,ALL,2020-01-01,2099-12-31,Jamendo CC License,https://creativecommons.org/licenses/,2026-08-24 12:23:39
52303dde-535a-4409-8a69-ab86d6ee2213,0a1bdbd7-4fe7-43c5-a643-b7cb46b20e12,918a92f2-ef65-4247-8e1f-81a206db035e,CC_BY,PROTECTED,True,True,True,True,False,GLOBAL,ALL,2020-01-01,2099-12-31,Jamendo CC License,https://creativecommons.org/licenses/,2026-08-24 12:23:39
d2982b3f-2930-4b86-ac8e-afae50b1349b,0220e502-11e4-43c2-b6a1-3fb05b1e07ce,b38c616a-ea49-4fe9-ac44-cf82645b01ed,CC_BY,PROTECTED,True,True,True,True,False,GLOBAL,ALL,2020-01-01,2099-12-31,Jamendo CC License,https://creativecommons.org/licenses/,2026-08-24 12:23:39
01ca84a4-7bda-4ef0-adb9-62134200ea73,641ee310-ebf0-465b-9c5c-e3d4d8cb8a3d,cf029c0c-dec3-478d-91cd-c4ff8c2ff42d,CC_BY,PROTECTED,True,True,True,True,False,GLOBAL,ALL,2020-01-01,2099-12-31,Jamendo CC License,https://creativecommons.org/licenses/,2026-08-24 12:23:39
e065c6e3-f259-438b-a784-929352b2e669,ce762c3f-56de-4aba-a9b8-533701970715,e93a8dff-e993-4a02-9029-bd0a0fbd4f57,CC_BY,PROTECTED,True,True,True,True,False,GLOBAL,ALL,2020-01-01,2099-12-31,Jamendo CC License,https://creativecommons.org/licenses/,2026-08-24 12:23:39
7b3210cf-9c09-475a-b862-433d4cf1b963,32c23c58-321b-4f3e-8296-2c42873b9968,86df6c8a-f8da-4e53-ab23-3c4a7b9987f7,CC_BY,PROTECTED,True,True,True,True,False,GLOBAL,ALL,2020-01-01,2099-12-31,Jamendo CC License,https://creativecommons.org/licenses/,2026-08-24 12:23:39
1d61be19-fb30-43ab-ab2e-6a81b4da9019,ad8c26dd-2c4e-4b3e-a17f-b96fe8117032,cf74d019-6561-499e-9a8b-f706a4b895c3,CC_BY,PROTECTED,True,True,True,True,False,GLOBAL,ALL,2020-01-01,2099-12-31,Jamendo CC License,https://creativecommons.org/licenses/,2026-08-24 12:23:39
85a3c1da-2874-47de-a03d-548048e13574,2362f0ae-0fb0-43cc-a256-4fedafec3e97,0e6b059d-0fdc-4a66-ba43-e85872e2acdd,CC_BY,PROTECTED,True,True,True,True,False,GLOBAL,ALL,2020-01-01,2099-12-31,Jamendo CC License,https://creativecommons.org/licenses/,2026-08-24 12:23:39
2c880ba7-a04a-49d7-8c0f-66991d31e45d,c22d685b-58bc-4ca2-9d67-ea3806375472,a02c8400-217d-407b-a16c-aeb9c3463f0b,CC_BY,PROTECTED,True,True,True,True,False,GLOBAL,ALL,2020-01-01,2099-12-31,Jamendo CC License,https://creativecommons.org/licenses/,2026-08-24 12:23:39
61ca1d03-b25c-40bc-96db-96130475521d,5b8f0226-8e32-413a-8bd1-e53c20dfe7d5,df488a0a-ce72-4e5a-96ba-a6a8477ece13,CC_BY,PROTECTED,True,True,True,True,False,GLOBAL,ALL,2020-01-01,2099-12-31,Jamendo CC License,https://creativecommons.org/licenses/,2026-08-24 12:23:39
067431bd-2a5c-42e6-a172-30cc3abc0eb8,9b82f057-e46f-4e3a-9313-a78ca54e581f,f076c6c5-6654-4d51-a14b-e9b794b07eeb,CC_BY,PROTECTED,True,True,True,True,False,GLOBAL,ALL,2020-01-01,2099-12-31,Jamendo CC License,https://creativecommons.org/licenses/,2026-08-24 12:23:39
f432228c-76b9-4517-babc-f1abfd789b06,37665d8c-8a94-487b-955d-05f499e9bebb,00408cf1-ed67-4499-a327-c47ea0a325c3,CC_BY,PROTECTED,True,True,True,True,False,GLOBAL,ALL,2020-01-01,2099-12-31,Jamendo CC License,https://creativecommons.org/licenses/,2026-08-24 12:23:39
13a6d5c1-44da-459d-bf89-5f50dd13a645,e14b00c9-6638-47d7-b75f-c6b0558af48d,3003d681-ac85-4470-9cca-c7588c7d1be0,CC_BY,PROTECTED,True,True,True,True,False,GLOBAL,ALL,2020-01-01,2099-12-31,Jamendo CC License,https://creativecommons.org/licenses/,2026-08-24 12:23:39
7f2e8ab6-1298-46dd-ac04-e795e8faba32,ee696f3b-6abe-401a-8dbd-a3f032b0a189,895905fc-2e48-46ff-9715-804c27d27271,CC_BY,PROTECTED,True,True,True,True,False,GLOBAL,ALL,2020-01-01,2099-12-31,Jamendo CC License,https://creativecommons.org/licenses/,2026-08-24 12:23:39
74d7a53f-ccbc-4379-ae9b-088b96a62f97,ed4a70ee-5cb3-4dcd-9011-5f9e4e4018a1,02fe53a2-1a58-45ab-9a41-1f7037071806,CC_BY,PROTECTED,True,True,True,True,False,GLOBAL,ALL,2020-01-01,2099-12-31,Jamendo CC License,https://creativecommons.org/licenses/,2026-08-24 12:23:39
1309c2fd-642c-4028-86ad-44c0c2c51e01,a0f1115e-5df0-4906-a4ac-b939197ad204,f891150d-1578-4fd8-b5c8-e362cfca6a73,CC_BY,PROTECTED,True,True,True,True,False,GLOBAL,ALL,2020-01-01,2099-12-31,Jamendo CC License,https://creativecommons.org/licenses/,2026-08-24 12:23:39
dea3ffdd-1301-41da-aa4e-417d17f37e3a,3d9f55f9-2dad-4d48-a006-cbf391e5c22e,7cd05681-1908-4fcb-a7f9-9be27959713d,CC_BY,PROTECTED,True,True,True,True,False,GLOBAL,ALL,2020-01-01,2099-12-31,Jamendo CC License,https://creativecommons.org/licenses/,2026-08-24 12:23:39
5e5bc287-e91a-463b-90c4-94b7107bd0ec,55ff2a96-761f-4585-a17c-5218f8657a78,21a0ab1b-75ac-4b7e-b764-5a3735f3b534,CC_BY,PROTECTED,True,True,True,True,False,GLOBAL,ALL,2020-01-01,2099-12-31,Jamendo CC License,https://creativecommons.org/licenses/,2026-08-24 12:23:39
c5dab9fc-5538-4a22-b708-de067d06199c,13eb62f6-b70b-4093-9740-e9422dd13232,398cf788-1b30-4956-a795-1d699d0a76b8,CC_BY,PROTECTED,True,True,True,True,False,GLOBAL,ALL,2020-01-01,2099-12-31,Jamendo CC License,https://creativecommons.org/licenses/,2026-08-24 12:23:39
10b4a870-7306-4a61-a06a-7323421affb7,f466318a-e87b-42cd-9ba1-70d26f79099c,11ebf25b-434f-4ea1-a7f0-ad543449f9de,CC_BY,PROTECTED,True,True,True,True,False,GLOBAL,ALL,2020-01-01,2099-12-31,Jamendo CC License,https://creativecommons.org/licenses/,2026-08-24 12:23:39
e5d86cf9-4331-42e6-b774-b7dfb5df699c,53468fa7-8f34-411e-bd0c-cc5630706873,946c8a09-0f94-4e1e-a4ec-494c5e084763,CC_BY,PROTECTED,True,True,True,True,False,GLOBAL,ALL,2020-01-01,2099-12-31,Jamendo CC License,https://creativecommons.org/licenses/,2026-08-24 12:23:39
43a2ccb7-f234-4b2b-8b79-7b1fc92cc960,121cfb65-b0eb-4c4b-a621-e245d48a8371,d2a550a0-e7ab-492e-ac2d-6c99e5e6833e,CC_BY,PROTECTED,True,True,True,True,False,GLOBAL,ALL,2020-01-01,2099-12-31,Jamendo CC License,https://creativecommons.org/licenses/,2026-08-24 12:23:39
e9331ece-8e1d-4870-b97c-1258eb172fc5,0a409365-73b6-4a10-9328-784ae2e18cd4,bf0b95b0-f461-4292-8d1b-d74379b5a0c6,CC_BY,PROTECTED,True,True,True,True,False,GLOBAL,ALL,2020-01-01,2099-12-31,Jamendo CC License,https://creativecommons.org/licenses/,2026-08-24 12:23:39
b89df53b-c7af-4f21-a0e8-24a67f8a96b5,e8645656-6959-4339-a050-4e630c6a81b3,f5912ad5-a8a7-4460-b387-3f837ec0e679,CC_BY,PROTECTED,True,True,True,True,False,GLOBAL,ALL,2020-01-01,2099-12-31,Jamendo CC License,https://creativecommons.org/licenses/,2026-08-24 12:23:39
7fe8c95b-3eba-4b77-9c33-638664ae2c71,e737bfac-745e-4eba-8a7b-254d63ed19e2,dd58fac4-3b1a-4941-8b64-2d93d818bb03,CC_BY,PROTECTED,True,True,True,True,False,GLOBAL,ALL,2020-01-01,2099-12-31,Jamendo CC License,https://creativecommons.org/licenses/,2026-08-24 12:23:39
1b1ca278-3f9e-4b9e-923a-7ef7468276e8,05b5cad6-eb6a-4ba9-9215-11ef8d97b7db,c5131b97-5d4e-434c-b10a-c46d1397fb43,CC_BY,PROTECTED,True,True,True,True,False,GLOBAL,ALL,2020-01-01,2099-12-31,Jamendo CC License,https://creativecommons.org/licenses/,2026-08-24 12:23:39
4c777d96-91ca-496d-ac87-7472873db860,e20b4132-a004-4864-bfe8-b720a751cda0,d5f380cd-5b88-49fd-bdf1-0f9c9f14d5a1,CC_BY,PROTECTED,True,True,True,True,False,GLOBAL,ALL,2020-01-01,2099-12-31,Jamendo CC License,https://creativecommons.org/licenses/,2026-08-24 12:23:39
7c56db13-ce1b-4ef9-b113-398f40ea06ed,695f1369-a2f7-4e26-8fb3-bdf77600cdf1,3bc73068-1c2b-41d2-bd51-56def09c8f25,CC_BY,PROTECTED,True,True,True,True,False,GLOBAL,ALL,2020-01-01,2099-12-31,Jamendo CC License,https://creativecommons.org/licenses/,2026-08-24 12:23:39
44e24ac7-7b70-44c8-a977-1ca6dd388ba8,55d9e793-f7eb-49f9-9281-5b9198026c2e,f7291c67-e1c4-403f-8535-1a153f477763,CC_BY,PROTECTED,True,True,True,True,False,GLOBAL,ALL,2020-01-01,2099-12-31,Jamendo CC License,https://creativecommons.org/licenses/,2026-08-24 12:23:39
cef827ca-aa2b-4701-a899-7aeeaf630037,cfba62e8-ac75-496b-bd3f-5c008af29c16,93acf750-611d-428a-9412-15769276b509,CC_BY,PROTECTED,True,True,True,True,False,GLOBAL,ALL,2020-01-01,2099-12-31,Jamendo CC License,https://creativecommons.org/licenses/,2026-08-24 12:23:39
0d26ab90-c828-4033-ad21-e2967df4c726,20d7baa6-b6cf-4155-943b-f6b7702e6c8f,f06051e5-5676-438e-abcb-2f49c94ab026,CC_BY,PROTECTED,True,True,True,True,False,GLOBAL,ALL,2020-01-01,2099-12-31,Jamendo CC License,https://creativecommons.org/licenses/,2026-08-24 12:23:39
b8e0e8e8-7723-47a3-a383-a9f6d5214b94,af8eb3a5-54f9-4c6e-9299-65efc5acbbf6,604e46e8-323e-4ba4-9f08-1213fc57ee74,CC_BY,PROTECTED,True,True,True,True,False,GLOBAL,ALL,2020-01-01,2099-12-31,Jamendo CC License,https://creativecommons.org/licenses/,2026-08-24 12:23:39
c919472a-4a2c-4103-bdb6-e5769606ee59,05e3fee0-e274-4abe-8625-6b2ab5ba0041,d717e782-2802-488b-a265-4b1987bb502c,CC_BY,PROTECTED,True,True,True,True,False,GLOBAL,ALL,2020-01-01,2099-12-31,Jamendo CC License,https://creativecommons.org/licenses/,2026-08-24 12:23:39
35a57e44-58c3-4aea-bebc-6ebea15647f0,d5f02e0f-861f-44f5-bb95-5780f610fd8c,fcebb22e-7210-4bed-b819-52bd2ffa7b06,CC_BY,PROTECTED,True,True,True,True,False,GLOBAL,ALL,2020-01-01,2099-12-31,Jamendo CC License,https://creativecommons.org/licenses/,2026-08-24 12:23:39
6183f8b8-9346-4b56-801f-1ceaead310a3,09d770a8-08a2-4bb2-8e74-bef6855b65ff,9dbb3640-0d14-4a95-96ea-e9649c93e92f,CC_BY,PROTECTED,True,True,True,True,False,GLOBAL,ALL,2020-01-01,2099-12-31,Jamendo CC License,https://creativecommons.org/licenses/,2026-08-24 12:23:39
89aba5a6-bda8-4bd4-9bb8-a51df439e717,eb8aa6ae-c461-48ff-9751-56fb6c88d9e3,e925ae77-abfd-4af3-ac8e-f03e97abfd01,CC_BY,PROTECTED,True,True,True,True,False,GLOBAL,ALL,2020-01-01,2099-12-31,Jamendo CC License,https://creativecommons.org/licenses/,2026-08-24 12:23:39
667029bb-b81e-4b07-924e-9347a574369f,315f6a2c-b96c-423f-ab7f-bc848c7cb886,3443ebab-2e9b-4f04-85ff-77f75b859fcd,CC_BY,PROTECTED,True,True,True,True,False,GLOBAL,ALL,2020-01-01,2099-12-31,Jamendo CC License,https://creativecommons.org/licenses/,2026-08-24 12:23:39
455018a9-7ec3-4dd7-9110-6fd617038cb2,435e4ac5-9c31-4aa8-8a00-bd5ac37d06e7,28e83373-0a51-4882-8246-043315361571,CC_BY,PROTECTED,True,True,True,True,False,GLOBAL,ALL,2020-01-01,2099-12-31,Jamendo CC License,https://creativecommons.org/licenses/,2026-08-24 12:23:39
2467c7ad-47c4-48d3-addd-704d2ed0d0de,f35ed04f-948e-4985-bac5-62ce2f211792,0079d560-1ffa-45a2-8ca1-994cd0f80536,CC_BY,PROTECTED,True,True,True,True,False,GLOBAL,ALL,2020-01-01,2099-12-31,Jamendo CC License,https://creativecommons.org/licenses/,2026-08-24 12:23:39
155c10ab-5b42-40fd-bbc1-5e13e2f47c86,9ff3c840-678c-483d-a317-4f17b3871c20,f260e59d-7691-4ddc-8b82-bdc5f488cabc,CC_BY,PROTECTED,True,True,True,True,False,GLOBAL,ALL,2020-01-01,2099-12-31,Jamendo CC License,https://creativecommons.org/licenses/,2026-08-24 12:23:39
2ac3b1f1-4f75-4998-980c-4637dec2f934,8b58cdc1-0194-42c9-9dd5-3289608d6c9e,fc0540a1-4ec5-442d-930b-8a8caee50df9,CC_BY,PROTECTED,True,True,True,True,False,GLOBAL,ALL,2020-01-01,2099-12-31,Jamendo CC License,https://creativecommons.org/licenses/,2026-08-24 12:23:39
b373675e-1e73-4adc-81c8-09efbeb6df42,cad5cbec-3a60-4c0a-8f7f-d36333bf00e2,a504bac8-e850-45e5-8282-658d88714a72,CC_BY,PROTECTED,True,True,True,True,False,GLOBAL,ALL,2020-01-01,2099-12-31,Jamendo CC License,https://creativecommons.org/licenses/,2026-08-24 12:23:39
0046d3f0-4bc1-45a4-87c2-553deff66c4c,16da53a1-9804-4f02-88ab-8c9ac074710e,08d41417-622c-425b-8dfd-27ae4313a302,CC_BY,PROTECTED,True,True,True,True,False,GLOBAL,ALL,2020-01-01,2099-12-31,Jamendo CC License,https://creativecommons.org/licenses/,2026-08-24 12:23:39
0034ef46-806e-4315-8ff0-0956bfbc1d41,660183bb-2529-4f33-9b8d-223846d3a3af,1fd6a1f4-1827-4b21-a30f-4e5b90869452,CC_BY,PROTECTED,True,True,True,True,False,GLOBAL,ALL,2020-01-01,2099-12-31,Jamendo CC License,https://creativecommons.org/licenses/,2026-08-24 12:23:39
476b3061-e426-4aa0-abf3-73b80c1d2710,08bba754-62a6-4255-a529-9accbad53d6b,21aac6cc-7077-4f11-87d5-87451f575577,CC_BY,PROTECTED,True,True,True,True,False,GLOBAL,ALL,2020-01-01,2099-12-31,Jamendo CC License,https://creativecommons.org/licenses/,2026-08-24 12:23:39
00f4e6c3-b517-4d9c-a768-24aace901808,c96b0250-42c3-4bb2-b9da-df31df7a4438,00fcfcd0-d287-4466-99c6-175cffe96c22,CC_BY,PROTECTED,True,True,True,True,False,GLOBAL,ALL,2020-01-01,2099-12-31,Jamendo CC License,https://creativecommons.org/licenses/,2026-08-24 12:23:39
2944234b-550e-4cf5-be27-cc2142ed913a,20770b89-9c8d-4dbe-b69b-94f9dbe2df2c,ef8ef0f4-66b3-4487-a520-92725893bcb1,CC_BY,PROTECTED,True,True,True,True,False,GLOBAL,ALL,2020-01-01,2099-12-31,Jamendo CC License,https://creativecommons.org/licenses/,2026-08-24 12:23:39
d0872535-724c-4d38-8433-9cdf4298206b,9e67003f-bd05-4452-843b-2de61d48673c,523e9ed6-2c54-4c0b-ac4e-fcf959c7611b,CC_BY,PROTECTED,True,True,True,True,False,GLOBAL,ALL,2020-01-01,2099-12-31,Jamendo CC License,https://creativecommons.org/licenses/,2026-08-24 12:23:39
fb8a4538-26e5-43f6-96cd-062691efee1e,8a16871b-2dfc-4c57-aad3-e173bf75c139,222edc50-e6a5-4d74-b8b6-320a893040e2,CC_BY,PROTECTED,True,True,True,True,False,GLOBAL,ALL,2020-01-01,2099-12-31,Jamendo CC License,https://creativecommons.org/licenses/,2026-08-24 12:23:39
85723535-9b27-4970-a7da-81850e879d8e,e1e87b79-0812-47c8-a38f-e622b0c8fdd6,be0c914b-eeda-40de-9838-c71efe6d1289,CC_BY,PROTECTED,True,True,True,True,False,GLOBAL,ALL,2020-01-01,2099-12-31,Jamendo CC License,https://creativecommons.org/licenses/,2026-08-24 12:23:39
08feb3d9-9bf5-4819-b39c-e6c0994f3437,c4f249ce-0ca3-4668-b14c-bdbf08a3791c,26e208b3-8c6e-464d-88a5-c1f02555950c,CC_BY,PROTECTED,True,True,True,True,False,GLOBAL,ALL,2020-01-01,2099-12-31,Jamendo CC License,https://creativecommons.org/licenses/,2026-08-24 12:23:39
31e1be93-3eda-475f-ac3d-2268399e6a86,8bbaeb4a-3a14-43d2-9675-a3784083bece,3213b8e0-d74c-46dc-9e04-f2f75ad68cf1,CC_BY,PROTECTED,True,True,True,True,False,GLOBAL,ALL,2020-01-01,2099-12-31,Jamendo CC License,https://creativecommons.org/licenses/,2026-08-24 12:23:39
c2e1ae71-58b3-4fc2-9719-47969eba71a9,c66e8c55-d2fc-4d91-950e-ae9c47a6ae55,7138651c-3063-4c65-a3d8-bcbfeb924d73,CC_BY,PROTECTED,True,True,True,True,False,GLOBAL,ALL,2020-01-01,2099-12-31,Jamendo CC License,https://creativecommons.org/licenses/,2026-08-24 12:23:39
5497f6a3-a5d9-4fda-ae15-ccdeae67306c,acd4ee45-c94e-4107-abaa-fdbd4cbdba1e,2d567bd7-a05c-4081-86a6-ecb828345f77,CC_BY,PROTECTED,True,True,True,True,False,GLOBAL,ALL,2020-01-01,2099-12-31,Jamendo CC License,https://creativecommons.org/licenses/,2026-08-24 12:23:39
3d138417-2551-4ec2-abb3-84171249483c,0efa9a6a-256a-49b5-a409-76edf9cdebe4,fd5cc448-00da-451d-b10d-fd8509e5cada,CC_BY,PROTECTED,True,True,True,True,False,GLOBAL,ALL,2020-01-01,2099-12-31,Jamendo CC License,https://creativecommons.org/licenses/,2026-08-24 12:23:39
5c84a6d9-98b1-42c7-8f60-cb0d62abf8c0,40fd0569-9cec-434c-9dfe-3a64133b80ef,bac2a71e-3f23-4478-8320-ad7756051256,CC_BY,PROTECTED,True,True,True,True,False,GLOBAL,ALL,2020-01-01,2099-12-31,Jamendo CC License,https://creativecommons.org/licenses/,2026-08-24 12:23:39
b5140e12-d457-4acd-8ba7-487e6970702c,9aec6b69-565f-41b2-84bc-3d255bd9af6e,d005ac43-cc22-4f96-ade1-46968c065bdc,CC_BY,PROTECTED,True,True,True,True,False,GLOBAL,ALL,2020-01-01,2099-12-31,Jamendo CC License,https://creativecommons.org/licenses/,2026-08-24 12:23:39
4fa1bd55-63b6-4a77-8d06-b71743bf1912,88e7153f-c596-4d48-83d3-d999e8766d3e,8ffae091-88f9-4986-8889-7f4771d7e764,CC_BY,PROTECTED,True,True,True,True,False,GLOBAL,ALL,2020-01-01,2099-12-31,Jamendo CC License,https://creativecommons.org/licenses/,2026-08-24 12:23:39
d608d531-0bd6-42d1-ac41-2e61cfe6b3b4,b78fa443-d43b-454c-844f-a3c1173a0dc7,bfff6417-928f-4e12-9573-978648f47898,CC_BY,PROTECTED,True,True,True,True,False,GLOBAL,ALL,2020-01-01,2099-12-31,Jamendo CC License,https://creativecommons.org/licenses/,2026-08-24 12:23:39
0a27c8f9-1d5b-4176-afca-d073f89ca57f,440d4b6d-7b87-46b0-ad7a-2ac67e5873f3,44829005-d9d0-4bb3-96fb-8da9ab7f1db4,CC_BY,PROTECTED,True,True,True,True,False,GLOBAL,ALL,2020-01-01,2099-12-31,Jamendo CC License,https://creativecommons.org/licenses/,2026-08-24 12:23:39
f32a9cd4-b43d-4ae1-ba2f-7535dedf1436,6e10b7c8-aa74-4db1-b24d-d5a457ac908b,aec80eb6-f8f3-440c-8ab5-e1aa6b852562,CC_BY,PROTECTED,True,True,True,True,False,GLOBAL,ALL,2020-01-01,2099-12-31,Jamendo CC License,https://creativecommons.org/licenses/,2026-08-24 12:23:39
3b799ef7-964f-4f19-b772-e4f8bfaa2440,ad5a6567-dc9c-4473-8acb-74a962a36dec,559ca8f2-73d1-46f7-8980-4da618841180,CC_BY,PROTECTED,True,True,True,True,False,GLOBAL,ALL,2020-01-01,2099-12-31,Jamendo CC License,https://creativecommons.org/licenses/,2026-08-24 12:23:39
b2f1524b-2358-4cc6-88a6-156b7e49a4d5,ae056c26-e3ad-4f98-bc90-9c744b39876b,e6d53565-9c4d-42e3-85e3-e21480e53cfe,CC_BY,PROTECTED,True,True,True,True,False,GLOBAL,ALL,2020-01-01,2099-12-31,Jamendo CC License,https://creativecommons.org/licenses/,2026-08-24 12:23:39
d195dcb5-0e13-4740-901f-6af9f565ff08,ea499000-7f1d-427f-9fba-fcbe782f1b4e,73451169-2613-4451-ae3c-bd04a363d444,CC_BY,PROTECTED,True,True,True,True,False,GLOBAL,ALL,2020-01-01,2099-12-31,Jamendo CC License,https://creativecommons.org/licenses/,2026-08-24 12:23:39
76987223-9c6c-40a8-9b32-d925507e1921,3ca99557-151c-454f-89b2-8819ba5d3ff6,419e2805-7304-4f35-b120-8e8942119b09,CC_BY,PROTECTED,True,True,True,True,False,GLOBAL,ALL,2020-01-01,2099-12-31,Jamendo CC License,https://creativecommons.org/licenses/,2026-08-24 12:23:39
93bedd60-e5d7-4bdd-8da8-65eafb108c67,dea13ca7-0eb1-436a-8302-8739a929fb51,082a6dd1-95ac-4a87-b6bd-a25c1f7e6f23,CC_BY,PROTECTED,True,True,True,True,False,GLOBAL,ALL,2020-01-01,2099-12-31,Jamendo CC License,https://creativecommons.org/licenses/,2026-08-24 12:23:39
7e9d8b3b-45cb-41fe-b370-26a720ec9324,867069c3-567f-45f6-8d5b-765b9271db62,886c8e4c-994d-431e-bcab-82d72d6a079a,CC_BY,PROTECTED,True,True,True,True,False,GLOBAL,ALL,2020-01-01,2099-12-31,Jamendo CC License,https://creativecommons.org/licenses/,2026-08-24 12:23:39
64b5fb7c-faf5-4926-a7f6-a8aaaa956c08,136fb20e-c640-46fd-9bd8-d624807bbd78,61124c36-3467-42ce-9f25-7286ad6d3914,CC_BY,PROTECTED,True,True,True,True,False,GLOBAL,ALL,2020-01-01,2099-12-31,Jamendo CC License,https://creativecommons.org/licenses/,2026-08-24 12:23:39
44697bf3-e70a-420e-87e6-695eafd7c425,46745220-e265-46ed-872f-013292d153a3,57d1eb40-5c34-464d-a89c-09ea899dd7bb,CC_BY,PROTECTED,True,True,True,True,False,GLOBAL,ALL,2020-01-01,2099-12-31,Jamendo CC License,https://creativecommons.org/licenses/,2026-08-24 12:23:39
cd556a14-f9a8-447b-bc07-7fbce031b846,5e9e739e-7733-497c-bd3f-b39be53f4d97,82da01a6-f59b-403f-97a6-52e1a6f5d1e5,CC_BY,PROTECTED,True,True,True,True,False,GLOBAL,ALL,2020-01-01,2099-12-31,Jamendo CC License,https://creativecommons.org/licenses/,2026-08-24 12:23:39
7e2e62ce-3181-4cb8-9024-1755ca84e6fb,23eccbdd-9e37-4d38-a3b0-104bde66b724,3e71d27f-7204-4589-9623-9de0af785bd5,CC_BY,PROTECTED,True,True,True,True,False,GLOBAL,ALL,2020-01-01,2099-12-31,Jamendo CC License,https://creativecommons.org/licenses/,2026-08-24 12:23:39
851125f1-24e1-4d6b-bb56-d21d0b4637b5,74662336-6c45-4866-bb9f-559c421df177,04f20ea1-3b3b-4a4d-b7d1-4391f04b5f29,CC_BY,PROTECTED,True,True,True,True,False,GLOBAL,ALL,2020-01-01,2099-12-31,Jamendo CC License,https://creativecommons.org/licenses/,2026-08-24 12:23:39
c762d51c-c6a3-4e9e-bac9-6a300bc5711a,7553f60d-0672-4029-9943-95f04a7bc214,ef967cae-4762-41ee-8004-09cc15bbc9a5,CC_BY,PROTECTED,True,True,True,True,False,GLOBAL,ALL,2020-01-01,2099-12-31,Jamendo CC License,https://creativecommons.org/licenses/,2026-08-24 12:23:39
d8740271-64e6-4f5f-9497-62b21492b3bd,c1976382-58db-4146-bc6e-81ac020efd06,45578e1f-6222-4b61-b302-2fc3b6360680,CC_BY,PROTECTED,True,True,True,True,False,GLOBAL,ALL,2020-01-01,2099-12-31,Jamendo CC License,https://creativecommons.org/licenses/,2026-08-24 12:23:39
fdfdebaf-ac94-4f9d-bdd2-036faa9d5276,0b10bd0c-d2bd-45a0-988e-a413b15f3194,79569576-9dbe-4ad9-bd8a-dbd1a22b4f54,CC_BY,PROTECTED,True,True,True,True,False,GLOBAL,ALL,2020-01-01,2099-12-31,Jamendo CC License,https://creativecommons.org/licenses/,2026-08-24 12:23:39
47a015f6-aad0-43ef-b31a-17ebddbaa66b,fe64173a-ef49-410f-a9c9-ccd03de50306,d503cf5b-a10c-4a6f-ad5e-14c31296fe29,CC_BY,PROTECTED,True,True,True,True,False,GLOBAL,ALL,2020-01-01,2099-12-31,Jamendo CC License,https://creativecommons.org/licenses/,2026-08-24 12:23:39
ba264c36-0c90-422f-a2c0-1c92518501e3,d0dfbe2b-aef8-4aa6-a456-a3bbb01455f9,7371ff6c-48ce-439a-868e-8bb6c07b6d0f,CC_BY,PROTECTED,True,True,True,True,False,GLOBAL,ALL,2020-01-01,2099-12-31,Jamendo CC License,https://creativecommons.org/licenses/,2026-08-24 12:23:39
10ede863-a65b-443a-b4ad-a9293c88770d,b2fe3f7a-6f51-4275-bbca-c6b87f835c69,8a4e1adb-b23c-42ab-acad-0b62b317d8b9,CC_BY,PROTECTED,True,True,True,True,False,GLOBAL,ALL,2020-01-01,2099-12-31,Jamendo CC License,https://creativecommons.org/licenses/,2026-08-24 12:23:39
520e2a93-bc56-4340-bce9-74265fdf3e19,681b244d-9f5b-40fb-8675-7331f18765eb,77cef4db-6642-4a73-a7d7-c647d17a16ea,CC_BY,PROTECTED,True,True,True,True,False,GLOBAL,ALL,2020-01-01,2099-12-31,Jamendo CC License,https://creativecommons.org/licenses/,2026-08-24 12:23:39
50c2e0b6-4b8a-4b84-b2b3-c69435cddf0e,41b4814a-40f6-4b00-9e7d-d66e625e72ac,6ba433c4-b7d3-4287-b467-e6111b928dbd,CC_BY,PROTECTED,True,True,True,True,False,GLOBAL,ALL,2020-01-01,2099-12-31,Jamendo CC License,https://creativecommons.org/licenses/,2026-08-24 12:23:39
ca2a04b6-2ac2-417f-836b-85064ef02682,a542d681-efc4-440b-98e0-4601806ce51a,09558620-3eaf-49a7-9806-0e945eed1e84,CC_BY,PROTECTED,True,True,True,True,False,GLOBAL,ALL,2020-01-01,2099-12-31,Jamendo CC License,https://creativecommons.org/licenses/,2026-08-24 12:23:39
ab62e74d-188e-4d54-929f-5f441f25854c,4b690a4c-2ed4-4810-8657-a82c34533c4e,bd96db91-a8e5-4096-9711-b39de27a2155,CC_BY,PROTECTED,True,True,True,True,False,GLOBAL,ALL,2020-01-01,2099-12-31,Jamendo CC License,https://creativecommons.org/licenses/,2026-08-24 12:23:39
0c9c0b42-f519-45b5-b7a9-809ffa4093bb,4dbc9869-4627-411f-bc5d-791103accdda,def7f2fa-5656-444b-aed7-e202cdd1e9f4,CC_BY,PROTECTED,True,True,True,True,False,GLOBAL,ALL,2020-01-01,2099-12-31,Jamendo CC License,https://creativecommons.org/licenses/,2026-08-24 12:23:39
7d0118c4-3f27-4800-8493-7448b95676ad,a24b12e4-7921-4e03-8f71-b22e4091342f,1fdcf626-55ab-4370-b0b1-2bb6308e223b,CC_BY,PROTECTED,True,True,True,True,False,GLOBAL,ALL,2020-01-01,2099-12-31,Jamendo CC License,https://creativecommons.org/licenses/,2026-08-24 12:23:39
eacfca9b-637b-4bef-b0ed-6a29994a3bae,d45f621e-8c00-4e52-8388-d8ee7a02d3ce,e1ec808c-1861-4f97-aad5-bb8138c259ac,CC_BY,PROTECTED,True,True,True,True,False,GLOBAL,ALL,2020-01-01,2099-12-31,Jamendo CC License,https://creativecommons.org/licenses/,2026-08-24 12:23:39
5cd41db5-53d7-4541-b83f-d92531b488d3,a3094222-f4aa-4164-b991-87c206aee213,b9f3a8d3-89e6-4a78-ade7-d40b4dbb6cf2,CC_BY,PROTECTED,True,True,True,True,False,GLOBAL,ALL,2020-01-01,2099-12-31,Jamendo CC License,https://creativecommons.org/licenses/,2026-08-24 12:23:39
ef484eab-a78a-4246-8b6c-15dff4bde16e,c4282afa-3914-4cfe-b5a6-068c29772dc3,dfc3700f-4325-4ed9-b2dd-682bbf595d6e,CC_BY,PROTECTED,True,True,True,True,False,GLOBAL,ALL,2020-01-01,2099-12-31,Jamendo CC License,https://creativecommons.org/licenses/,2026-08-24 12:23:39
76be7fa4-2c8f-4a02-b24d-d7d146462a87,05015f6f-31b2-41bc-a4f8-b4d3bc2c5acb,ed39ef48-212c-435f-9bbe-9e67ba6571c4,CC_BY,PROTECTED,True,True,True,True,False,GLOBAL,ALL,2020-01-01,2099-12-31,Jamendo CC License,https://creativecommons.org/licenses/,2026-08-24 12:23:39
cb0073e9-7f0e-40ea-b80b-352950b56fbe,65a73343-1df8-4586-bc45-7d734a36b9b6,7cc248f3-e187-4838-8e30-dfdce2016eb4,CC_BY,PROTECTED,True,True,True,True,False,GLOBAL,ALL,2020-01-01,2099-12-31,Jamendo CC License,https://creativecommons.org/licenses/,2026-08-24 12:23:39
513cc0b1-82a2-4f3d-bf6f-aa3f62b59798,b64e8868-60f0-42a9-be24-bdc3dd1435fb,acccfbd0-d7f5-4cb4-a54c-f475b892752c,CC_BY,PROTECTED,True,True,True,True,False,GLOBAL,ALL,2020-01-01,2099-12-31,Jamendo CC License,https://creativecommons.org/licenses/,2026-08-24 12:23:39
2d6785a0-6a66-4b4d-89ff-3920ca0eb9a9,4027fc5c-e7d1-43d4-871b-6ffcd6464902,588b82ed-6557-4a26-9d1c-e6e142083ee0,CC_BY,PROTECTED,True,True,True,True,False,GLOBAL,ALL,2020-01-01,2099-12-31,Jamendo CC License,https://creativecommons.org/licenses/,2026-08-24 12:23:39
34500ce5-2a0b-4112-a066-4302acc816de,c72349e9-c238-4b28-9960-eada03e94d4d,20111e30-4263-40dc-9434-593273781efa,CC_BY,PROTECTED,True,True,True,True,False,GLOBAL,ALL,2020-01-01,2099-12-31,Jamendo CC License,https://creativecommons.org/licenses/,2026-08-24 12:23:39
352ef183-4a1e-4345-a677-70eaf5430182,a6e22139-993a-489e-acd4-402a28192ca4,4185071d-82c0-475e-81e0-08a2b153c1eb,CC_BY,PROTECTED,True,True,True,True,False,GLOBAL,ALL,2020-01-01,2099-12-31,Jamendo CC License,https://creativecommons.org/licenses/,2026-08-24 12:23:39
18c13748-9b5a-4b4e-97e1-8461241a72c8,2bfcd179-5a4b-42b8-ac7a-5b69930da7ab,815235ee-37df-4bcf-9cce-7d388d5d6a8f,CC_BY,PROTECTED,True,True,True,True,False,GLOBAL,ALL,2020-01-01,2099-12-31,Jamendo CC License,https://creativecommons.org/licenses/,2026-08-24 12:23:39
8c2c40c5-a8d7-4d83-ba1d-4b655061fad1,65e49fb4-ae0a-428e-9b91-5b1c411d5ef4,a8c73971-85f8-476a-a01a-110e724638a1,CC_BY,PROTECTED,True,True,True,True,False,GLOBAL,ALL,2020-01-01,2099-12-31,Jamendo CC License,https://creativecommons.org/licenses/,2026-08-24 12:23:39
494a1a86-2d6c-46e1-9130-f9cb17186ae0,090dc71b-964e-43b2-a016-d9c0c8e4c9ee,d148428b-5273-49c5-91dd-e3e1e13e8191,CC_BY,PROTECTED,True,True,True,True,False,GLOBAL,ALL,2020-01-01,2099-12-31,Jamendo CC License,https://creativecommons.org/licenses/,2026-08-24 12:23:39
582089ac-dfbe-47cd-b4e8-0a329410f8b3,dc919310-e2f6-41da-a91b-bb4756bab303,f4529118-096e-4435-99b2-347289100168,CC_BY,PROTECTED,True,True,True,True,False,GLOBAL,ALL,2020-01-01,2099-12-31,Jamendo CC License,https://creativecommons.org/licenses/,2026-08-24 12:23:39
405a892a-ff85-42cc-a63a-d22af15a1a54,fad627fa-6b9f-45de-a192-f5e9ae742234,9c18c484-e96e-4c60-b104-3318b3038a09,CC_BY,PROTECTED,True,True,True,True,False,GLOBAL,ALL,2020-01-01,2099-12-31,Jamendo CC License,https://creativecommons.org/licenses/,2026-08-24 12:23:39
53fce1b1-0cfa-48aa-9bfb-c1ab2878e380,ce23da12-47ce-451a-9ebf-c6a429da65aa,9555ca02-9645-40b7-bb28-c9bab2343725,CC_BY,PROTECTED,True,True,True,True,False,GLOBAL,ALL,2020-01-01,2099-12-31,Jamendo CC License,https://creativecommons.org/licenses/,2026-08-24 12:23:39
d2363d97-fbae-4f93-a1c4-33bd9d62d700,cfc5733b-84a6-4827-bb1c-c865bead4f99,2116dbe0-6ef4-438f-8112-414d2ded92d4,CC_BY,PROTECTED,True,True,True,True,False,GLOBAL,ALL,2020-01-01,2099-12-31,Jamendo CC License,https://creativecommons.org/licenses/,2026-08-24 12:23:39
a6fe531c-0dfd-433f-9e34-2acb42da88a1,fe3cea2c-3e12-41aa-9847-6dc4e2c79da7,cfbe9778-4a76-4f30-8a33-255683dcb66b,CC_BY,PROTECTED,True,True,True,True,False,GLOBAL,ALL,2020-01-01,2099-12-31,Jamendo CC License,https://creativecommons.org/licenses/,2026-08-24 12:23:39
a8924886-143d-4ec4-b466-276b8a2e9163,5af270f8-5146-4527-b84d-68a81c4de1f0,d5638b60-e721-4b84-a268-d83cc72e6444,CC_BY,PROTECTED,True,True,True,True,False,GLOBAL,ALL,2020-01-01,2099-12-31,Jamendo CC License,https://creativecommons.org/licenses/,2026-08-24 12:23:39
da239e19-8942-4d6c-ad8a-6290c713596a,550217eb-7613-47f6-9610-1084b74e7c66,02d7e8bf-395e-44e0-b68d-bd5dfd83bdc9,CC_BY,PROTECTED,True,True,True,True,False,GLOBAL,ALL,2020-01-01,2099-12-31,Jamendo CC License,https://creativecommons.org/licenses/,2026-08-24 12:23:39
2043cc69-89f2-4b54-b606-5b9c4fcb6526,b7224956-4bca-49f7-bb85-55d9b178d8f4,a99e2a0d-ae1c-4e68-801e-64cb3642df50,CC_BY,PROTECTED,True,True,True,True,False,GLOBAL,ALL,2020-01-01,2099-12-31,Jamendo CC License,https://creativecommons.org/licenses/,2026-08-24 12:23:39
497567c4-c8bc-4adc-9d88-71bfa9af75f5,1af8f429-6179-44fc-8cb0-ad8bf732c73c,9dcf44d2-c244-443f-ae63-9f4e3d8f2875,CC_BY,PROTECTED,True,True,True,True,False,GLOBAL,ALL,2020-01-01,2099-12-31,Jamendo CC License,https://creativecommons.org/licenses/,2026-08-24 12:23:39
86d7982f-d4f2-480b-9816-2ebe980ecd5c,f20eda7d-30fc-49fc-930a-3b5d7fb68281,6556c6ec-b634-4e23-b9c8-3a0714eccd25,CC_BY,PROTECTED,True,True,True,True,False,GLOBAL,ALL,2020-01-01,2099-12-31,Jamendo CC License,https://creativecommons.org/licenses/,2026-08-24 12:23:39
12c21797-8b03-488f-868d-ad9239c39c51,02de17fd-e370-4cb9-9355-679943e61344,820701fa-a104-479c-80f3-f3bcf5513985,CC_BY,PROTECTED,True,True,True,True,False,GLOBAL,ALL,2020-01-01,2099-12-31,Jamendo CC License,https://creativecommons.org/licenses/,2026-08-24 12:23:39
4d09a0ba-c4a0-4780-994e-38079e220b62,989b41c5-7f01-463a-a78e-be048a8bcbf4,88447bf2-5703-4c58-8d53-b16a973bfbb6,CC_BY,PROTECTED,True,True,True,True,False,GLOBAL,ALL,2020-01-01,2099-12-31,Jamendo CC License,https://creativecommons.org/licenses/,2026-08-24 12:23:39
868cec1a-1456-4015-b7ef-147b22f42c11,509a81ed-e37b-4761-9c2d-6d278c89241e,47a7159f-1074-4e72-bae0-c2e0002cb79f,CC_BY,PROTECTED,True,True,True,True,False,GLOBAL,ALL,2020-01-01,2099-12-31,Jamendo CC License,https://creativecommons.org/licenses/,2026-08-24 12:23:39
f9b6e95f-7276-4997-93be-e1e46ed5ef11,4778eb69-435f-435c-bbbd-d8520b7cc65b,70e7b97c-7230-4c6f-bc22-89ab5cc2d9d0,CC_BY,PROTECTED,True,True,True,True,False,GLOBAL,ALL,2020-01-01,2099-12-31,Jamendo CC License,https://creativecommons.org/licenses/,2026-08-24 12:23:39
a9e0ae9c-9827-4ff9-85eb-9c61506273d2,07a25c89-5a37-49ea-93bc-70f579b41bf5,61e3ce0a-f990-4753-a94f-fd8d7f5fb662,CC_BY,PROTECTED,True,True,True,True,False,GLOBAL,ALL,2020-01-01,2099-12-31,Jamendo CC License,https://creativecommons.org/licenses/,2026-08-24 12:23:39
941a9d15-04de-4438-89a8-279521bedc0a,813aa2b9-28ce-42db-b62c-d6b79213f371,e5122c61-1c35-4177-83ca-b504496c2491,CC_BY,PROTECTED,True,True,True,True,False,GLOBAL,ALL,2020-01-01,2099-12-31,Jamendo CC License,https://creativecommons.org/licenses/,2026-08-24 12:23:39
a9e33078-451d-426c-8173-7934445072fa,a38a4eb8-3ad9-46b8-95b2-28cb92fa29a4,88d0ff2f-2db1-43d6-87fa-367a9543af09,CC_BY,PROTECTED,True,True,True,True,False,GLOBAL,ALL,2020-01-01,2099-12-31,Jamendo CC License,https://creativecommons.org/licenses/,2026-08-24 12:23:39
a8729b94-3802-4c8d-8311-e246beb66e51,484cc5cf-a416-46f0-a507-1629151ca807,0fedfbf4-ede7-449e-afaf-fc9b69cd5e77,CC_BY,PROTECTED,True,True,True,True,False,GLOBAL,ALL,2020-01-01,2099-12-31,Jamendo CC License,https://creativecommons.org/licenses/,2026-08-24 12:23:39
cf330d19-fd6f-4875-b556-ba8ace1fb78f,a47b13c7-6845-41c7-b7f6-478ece211123,f69a043a-d6a1-41e2-a4bc-2dfba4976e66,CC_BY,PROTECTED,True,True,True,True,False,GLOBAL,ALL,2020-01-01,2099-12-31,Jamendo CC License,https://creativecommons.org/licenses/,2026-08-24 12:23:39
2ca7abb0-0eb5-4ecd-b245-a72995483db8,b9816673-c90a-4bda-9b3e-dcb0bfa4ebfe,5eea31cd-aca8-4167-8557-538dfd5dc194,CC_BY,PROTECTED,True,True,True,True,False,GLOBAL,ALL,2020-01-01,2099-12-31,Jamendo CC License,https://creativecommons.org/licenses/,2026-08-24 12:23:39
1d6e083e-a435-454d-9237-b27b7141a0ac,eb2a636f-b47e-4e38-b5fe-41c369412d45,f91c1f1f-0746-4abc-8cd8-87c4914c280c,CC_BY,PROTECTED,True,True,True,True,False,GLOBAL,ALL,2020-01-01,2099-12-31,Jamendo CC License,https://creativecommons.org/licenses/,2026-08-24 12:23:39
c9a6e0f5-4519-49ef-b695-248c05b79d5c,7f00cc51-e6f1-4e64-94b4-9fa0afec1b5f,070daea2-dae6-4be1-aee6-e013f829cf66,CC_BY,PROTECTED,True,True,True,True,False,GLOBAL,ALL,2020-01-01,2099-12-31,Jamendo CC License,https://creativecommons.org/licenses/,2026-08-24 12:23:39
2c525dd4-d949-46ae-813d-bef1aa8f9811,f66e043f-a6fb-417a-9014-368beed925fd,d0ac5da7-7131-4cd1-b06f-9b5df00b9c01,CC_BY,PROTECTED,True,True,True,True,False,GLOBAL,ALL,2020-01-01,2099-12-31,Jamendo CC License,https://creativecommons.org/licenses/,2026-08-24 12:23:39
421a0765-6dec-4cbe-a203-1bfd91de3880,ff8c0155-48b6-4fa1-8c2f-ec47b72cd98a,613b863b-7e5a-46f6-9a82-6767278eebd2,CC_BY,PROTECTED,True,True,True,True,False,GLOBAL,ALL,2020-01-01,2099-12-31,Jamendo CC License,https://creativecommons.org/licenses/,2026-08-24 12:23:39
2a922278-4126-469e-999f-271f023c4006,9e8cea3e-7188-4dd9-b729-f80d7964fbfc,c0384162-a21b-496f-9252-de0bf94cf6c7,CC_BY,PROTECTED,True,True,True,True,False,GLOBAL,ALL,2020-01-01,2099-12-31,Jamendo CC License,https://creativecommons.org/licenses/,2026-08-24 12:23:39
a210f3fe-c689-4211-a2c7-6a2cbd648f50,6ce82120-878f-41a0-9e1c-79d5592c648c,48855470-5ab3-4f88-b7ba-7dce53233e98,CC_BY,PROTECTED,True,True,True,True,False,GLOBAL,ALL,2020-01-01,2099-12-31,Jamendo CC License,https://creativecommons.org/licenses/,2026-08-24 12:23:39
e8332ac7-b795-41d0-a9f0-f62b6d720a1d,861cb5e8-7884-4835-8ffd-2e9ce64433c8,b89961c7-884c-4a73-9c1d-4f9fb096ea18,CC_BY,PROTECTED,True,True,True,True,False,GLOBAL,ALL,2020-01-01,2099-12-31,Jamendo CC License,https://creativecommons.org/licenses/,2026-08-24 12:23:39
3c43fa81-8d76-409c-b98b-a8d0d2e0d6b0,36397f0a-ab76-48d2-81a1-ae83712ea28c,f541a7d7-904f-4564-bc65-f3184a5f20fb,CC_BY,PROTECTED,True,True,True,True,False,GLOBAL,ALL,2020-01-01,2099-12-31,Jamendo CC License,https://creativecommons.org/licenses/,2026-08-24 12:23:39
f3cfacf7-e27f-47fc-906f-6c2e6528aa33,2bcc50b3-b690-4c3b-a373-ff4c89dad349,5d7305e8-3171-4a07-b016-fac542ec62eb,CC_BY,PROTECTED,True,True,True,True,False,GLOBAL,ALL,2020-01-01,2099-12-31,Jamendo CC License,https://creativecommons.org/licenses/,2026-08-24 12:23:39
08d38b1d-b6f6-4338-a940-f0310315a973,a93e7165-9757-43e2-90ee-b69cbe563d95,ddc720d2-0390-4636-97f6-4f633bf520df,CC_BY,PROTECTED,True,True,True,True,False,GLOBAL,ALL,2020-01-01,2099-12-31,Jamendo CC License,https://creativecommons.org/licenses/,2026-08-24 12:23:39
53f330b4-7f23-44fb-b2ff-fe58809bf575,f4f99810-364b-4e2f-970f-68fce3dc2fa0,0d3bfb18-2fd2-45da-8819-6e523376be0a,CC_BY,PROTECTED,True,True,True,True,False,GLOBAL,ALL,2020-01-01,2099-12-31,Jamendo CC License,https://creativecommons.org/licenses/,2026-08-24 12:23:39
4687fce2-7631-48a2-a406-e7b723632a39,15bd82b2-8490-4b98-83ef-d4be649e1c4f,f195fe72-f5d5-45c5-a683-cea9109923b9,CC_BY,PROTECTED,True,True,True,True,False,GLOBAL,ALL,2020-01-01,2099-12-31,Jamendo CC License,https://creativecommons.org/licenses/,2026-08-24 12:23:39
7a96b183-d612-4479-b4ca-d44285005ecb,c540a9e1-cd2a-4b12-9ee3-c78ce3934cf5,def2f2d6-ca00-4bae-b64e-b4b46ceab83a,CC_BY,PROTECTED,True,True,True,True,False,GLOBAL,ALL,2020-01-01,2099-12-31,Jamendo CC License,https://creativecommons.org/licenses/,2026-08-24 12:23:39
24f3726c-ff2c-4c4e-bc27-8e958ffcaff4,7db8c1cb-e742-4c9e-8ff8-0fb5f329e24f,ecfc3e35-2e1a-4e0e-adcb-752200280fdd,CC_BY,PROTECTED,True,True,True,True,False,GLOBAL,ALL,2020-01-01,2099-12-31,Jamendo CC License,https://creativecommons.org/licenses/,2026-08-24 12:23:39
d6faaac4-26f5-4807-a687-bc19e4ee2105,4b2ab97e-3961-496c-a9b6-0a4dca189d6d,e1399733-d92a-4ae5-b544-355f3f7b01cb,CC_BY,PROTECTED,True,True,True,True,False,GLOBAL,ALL,2020-01-01,2099-12-31,Jamendo CC License,https://creativecommons.org/licenses/,2026-08-24 12:23:39
e287f127-83f6-48af-841b-8c385e2f1621,8d5fae1d-fb9a-41f2-b96c-2156507d1058,8b655200-0a61-44e2-86ee-a917a160c7ae,CC_BY,PROTECTED,True,True,True,True,False,GLOBAL,ALL,2020-01-01,2099-12-31,Jamendo CC License,https://creativecommons.org/licenses/,2026-08-24 12:23:39
1895e6cc-4091-4157-b499-c73fa3852e3b,01533b69-01ea-47e5-b5e9-e71ce5d2d15a,7c261509-c0af-48ca-a31f-33fc750530b1,CC_BY,PROTECTED,True,True,True,True,False,GLOBAL,ALL,2020-01-01,2099-12-31,Jamendo CC License,https://creativecommons.org/licenses/,2026-08-24 12:23:39
ba4daaf7-22e7-4d49-9506-f0ee4faaf084,d5ef0613-97f2-4223-a9c4-6a9513432bfa,70251f72-bb79-4f5c-83c8-9cfaa62352c9,CC_BY,PROTECTED,True,True,True,True,False,GLOBAL,ALL,2020-01-01,2099-12-31,Jamendo CC License,https://creativecommons.org/licenses/,2026-08-24 12:23:39
58c8e4f8-cb25-400e-be96-050bb5747967,105fbe82-10c2-43b3-a00e-6fcf20ca1efc,abb9f2dd-e0f0-4fe1-9acb-e8b79b7b3027,CC_BY,PROTECTED,True,True,True,True,False,GLOBAL,ALL,2020-01-01,2099-12-31,Jamendo CC License,https://creativecommons.org/licenses/,2026-08-24 12:23:39
c5b2d5df-9e84-4711-bec0-c3a28e191176,c619a6ef-d367-4420-a5fa-d5463cb2865d,e9e70c4b-0afa-4ba2-88e1-6ce5c8de40e2,CC_BY,PROTECTED,True,True,True,True,False,GLOBAL,ALL,2020-01-01,2099-12-31,Jamendo CC License,https://creativecommons.org/licenses/,2026-08-24 12:23:39
6210bf22-8a70-4138-aab3-08c28071e119,cc6fb2c8-00c6-4038-b1f0-529fcefc7d11,f73f9ef5-4382-4409-9908-bd0345abd52f,CC_BY,PROTECTED,True,True,True,True,False,GLOBAL,ALL,2020-01-01,2099-12-31,Jamendo CC License,https://creativecommons.org/licenses/,2026-08-24 12:23:39
5ab98969-c86e-4429-b4cd-eccc84e61007,e887caba-1f68-433d-a347-784c93d39dfd,a4691db0-c154-4f8f-9f51-487f653fd507,CC_BY,PROTECTED,True,True,True,True,False,GLOBAL,ALL,2020-01-01,2099-12-31,Jamendo CC License,https://creativecommons.org/licenses/,2026-08-24 12:23:39
f1fa7b2e-6a3c-42fa-acca-6af949ff0f68,6191a251-2bc0-4a13-b1bf-2f094556d1d8,37b608d3-bfd0-4417-9376-7cb9ee05c68c,CC_BY,PROTECTED,True,True,True,True,False,GLOBAL,ALL,2020-01-01,2099-12-31,Jamendo CC License,https://creativecommons.org/licenses/,2026-08-24 12:23:39
b0642187-3df6-4fca-8dd9-55e9acd6f8d5,c234027b-db9b-4e84-b25d-f6b11df85585,a8b8ef3f-6db8-408c-b8ef-161134a0300f,CC_BY,PROTECTED,True,True,True,True,False,GLOBAL,ALL,2020-01-01,2099-12-31,Jamendo CC License,https://creativecommons.org/licenses/,2026-08-24 12:23:39
f292c191-6a16-4c6d-9692-c25d5a5e97c9,ab0e6686-127c-434a-bdb2-ddea5bf8be87,9269df36-3bfc-4db5-93f8-b29b62a235df,CC_BY,PROTECTED,True,True,True,True,False,GLOBAL,ALL,2020-01-01,2099-12-31,Jamendo CC License,https://creativecommons.org/licenses/,2026-08-24 12:23:39
06e87bfd-a518-4fd1-a4b7-08402385f7d9,f9f09718-c4a3-42c9-b0ef-ea3835956bbf,a8fac82a-6134-43d5-9d4a-c68391fd5c88,CC_BY,PROTECTED,True,True,True,True,False,GLOBAL,ALL,2020-01-01,2099-12-31,Jamendo CC License,https://creativecommons.org/licenses/,2026-08-24 12:23:39
9066c889-0259-4a81-8342-4953b6dc98cd,2c8c34f6-1264-484b-b4b0-c4a4d034beae,24cac5fa-9e67-49f4-b05a-34b5b54464af,CC_BY,PROTECTED,True,True,True,True,False,GLOBAL,ALL,2020-01-01,2099-12-31,Jamendo CC License,https://creativecommons.org/licenses/,2026-08-24 12:23:39
d87edc12-8fd7-49db-a180-ea630e5fede2,2606c279-89fc-4eed-8435-657d8fe3aafd,8cf9ce5c-2f87-4425-b2be-52ff4631a2c8,CC_BY,PROTECTED,True,True,True,True,False,GLOBAL,ALL,2020-01-01,2099-12-31,Jamendo CC License,https://creativecommons.org/licenses/,2026-08-24 12:23:39
2e696f66-da09-451f-87fb-bbd4f64431e7,0403c0b0-d1f0-442e-929c-7b135d21d706,0c9be386-baf5-4ea4-88a8-7892e4432ad3,CC_BY,PROTECTED,True,True,True,True,False,GLOBAL,ALL,2020-01-01,2099-12-31,Jamendo CC License,https://creativecommons.org/licenses/,2026-08-24 12:23:39
3cbb5125-853d-4e6c-a8cb-eb1d2baa39d1,e72887ce-2b9a-4baf-9aa4-1791e808af87,0d3b1d28-a11b-4747-b7f8-973d84521c1e,CC_BY,PROTECTED,True,True,True,True,False,GLOBAL,ALL,2020-01-01,2099-12-31,Jamendo CC License,https://creativecommons.org/licenses/,2026-08-24 12:23:39
c8ffa5ee-3574-4255-ba05-567a3a112321,71505019-1588-4097-b1ec-f359ba3bb50c,330ecb7e-c73f-4617-8ebf-079b3c4e9d8f,CC_BY,PROTECTED,True,True,True,True,False,GLOBAL,ALL,2020-01-01,2099-12-31,Jamendo CC License,https://creativecommons.org/licenses/,2026-08-24 12:23:39
2604c70e-b350-448c-94f6-fbc1007539ce,8d59d0ae-8aa5-4e3e-8ef0-36b4b8855f25,181cdd8f-6e86-47d8-a001-5a404cf909ac,CC_BY,PROTECTED,True,True,True,True,False,GLOBAL,ALL,2020-01-01,2099-12-31,Jamendo CC License,https://creativecommons.org/licenses/,2026-08-24 12:23:39
b5c9302b-e72e-4f09-a23c-ae804b280079,6f8a37a5-b6df-4254-b1fa-8f6fa755e397,df283ed8-fb2c-4ab8-80ca-7e5d5f9fd5b9,CC_BY,PROTECTED,True,True,True,True,False,GLOBAL,ALL,2020-01-01,2099-12-31,Jamendo CC License,https://creativecommons.org/licenses/,2026-08-24 12:23:39
e1d18087-34d9-43c6-bece-b10e795f10e9,7ac251d5-5386-4070-9ce6-d4290f7089ec,06c30483-d326-4b51-a70f-4a90f4dd7443,CC_BY,PROTECTED,True,True,True,True,False,GLOBAL,ALL,2020-01-01,2099-12-31,Jamendo CC License,https://creativecommons.org/licenses/,2026-08-24 12:23:39
6bd64f7e-2f8b-455d-ac15-d721d812be67,165d2e89-6b1b-41ec-a150-dac7601c5bd6,abc68bf7-fbc5-4062-a1f3-157704555411,CC_BY,PROTECTED,True,True,True,True,False,GLOBAL,ALL,2020-01-01,2099-12-31,Jamendo CC License,https://creativecommons.org/licenses/,2026-08-24 12:23:39
80e3146c-0181-4f55-932c-bb841ea30d8a,4015b5d7-c954-4296-b653-54c7c99c128d,66793dd0-32d7-4c70-93d3-48de1d2b2d3f,CC_BY,PROTECTED,True,True,True,True,False,GLOBAL,ALL,2020-01-01,2099-12-31,Jamendo CC License,https://creativecommons.org/licenses/,2026-08-24 12:23:39
ffbd4773-0c06-4f08-98c1-4afb5261fe38,da55c11c-cf77-45cd-9d10-1cafb1cbc380,876db23f-b3e8-43b5-badc-510752d76682,CC_BY,PROTECTED,True,True,True,True,False,GLOBAL,ALL,2020-01-01,2099-12-31,Jamendo CC License,https://creativecommons.org/licenses/,2026-08-24 12:23:39
2fd7b02e-10c6-4364-9f82-82ae627f0f59,c393f864-7317-43a8-9c16-e4e88e3aa9fd,0df795fd-75e6-47b8-8145-492eb3ad8569,CC_BY,PROTECTED,True,True,True,True,False,GLOBAL,ALL,2020-01-01,2099-12-31,Jamendo CC License,https://creativecommons.org/licenses/,2026-08-24 12:23:39
1413f4f5-9815-4af5-8c30-4b3c9ecd5613,83ee30b1-eb54-433a-bf92-d7d5720146be,d68db04c-7048-40e6-b7c7-b3e6bc547d2e,CC_BY,PROTECTED,True,True,True,True,False,GLOBAL,ALL,2020-01-01,2099-12-31,Jamendo CC License,https://creativecommons.org/licenses/,2026-08-24 12:23:39
1f064bc2-f661-494d-8d12-fca7683abae5,6d3f3bd1-b250-4ff8-b485-f263e2629ea4,3edaef75-73f0-4dc1-a38a-1a8e12a41f84,CC_BY,PROTECTED,True,True,True,True,False,GLOBAL,ALL,2020-01-01,2099-12-31,Jamendo CC License,https://creativecommons.org/licenses/,2026-08-24 12:23:39
9a044e9f-9119-44d3-88f9-0df7a3ebaf2d,657d81d4-8517-469f-8a9c-5c41f09a5f02,ef8f3ff2-e12c-43aa-b9f8-1fdf966cccbb,CC_BY,PROTECTED,True,True,True,True,False,GLOBAL,ALL,2020-01-01,2099-12-31,Jamendo CC License,https://creativecommons.org/licenses/,2026-08-24 12:23:39
facf004b-e270-4850-92f5-ef2902954ce8,fb8e9c7c-e465-4948-8aa7-40977c2f00af,9f60273a-245b-44f5-aad0-44be0686ae6e,CC_BY,PROTECTED,True,True,True,True,False,GLOBAL,ALL,2020-01-01,2099-12-31,Jamendo CC License,https://creativecommons.org/licenses/,2026-08-24 12:23:39
ddf1a69a-695e-4bd8-8f47-4959b3bbb966,77d9001b-eb36-48cc-a199-f74bc3685d53,cd5e2f57-be23-479f-93e1-328d79a754c6,CC_BY,PROTECTED,True,True,True,True,False,GLOBAL,ALL,2020-01-01,2099-12-31,Jamendo CC License,https://creativecommons.org/licenses/,2026-08-24 12:23:39
62caca7c-f33e-4c79-984a-7533786bc5c6,37abb23e-b68f-432c-a586-1d30b81fa9cb,725880de-25c9-453e-819f-b9a123e043cd,CC_BY,PROTECTED,True,True,True,True,False,GLOBAL,ALL,2020-01-01,2099-12-31,Jamendo CC License,https://creativecommons.org/licenses/,2026-08-24 12:23:39
2d5b028c-e6c1-4dfb-86f4-3bd5cddf3304,f0101757-787a-4f8d-8d45-5d2003447682,3e2f4fc9-5743-4fe1-8a7b-eea1f6a28fd1,CC_BY,PROTECTED,True,True,True,True,False,GLOBAL,ALL,2020-01-01,2099-12-31,Jamendo CC License,https://creativecommons.org/licenses/,2026-08-24 12:23:39
599b2e8f-aefd-4265-a890-951182cd80c8,6d3735fe-cef9-40b5-8103-ad6c4a004913,90f9173f-67b4-4ab8-9bc8-19518d5ef779,CC_BY,PROTECTED,True,True,True,True,False,GLOBAL,ALL,2020-01-01,2099-12-31,Jamendo CC License,https://creativecommons.org/licenses/,2026-08-24 12:23:39
fc8d94f8-8d02-4210-b527-5ac54ff8fadb,abfb2fb4-ba33-4fe5-81a9-be9a535882d0,f665a0e2-57ab-4516-966b-e17c46be0ed4,CC_BY,PROTECTED,True,True,True,True,False,GLOBAL,ALL,2020-01-01,2099-12-31,Jamendo CC License,https://creativecommons.org/licenses/,2026-08-24 12:23:39
48f26f56-7bb8-4560-9181-b4a0d87e8477,b278887f-cf3f-4aed-afa6-c11ba40bab97,828c9272-265e-4142-9203-926e308d72de,CC_BY,PROTECTED,True,True,True,True,False,GLOBAL,ALL,2020-01-01,2099-12-31,Jamendo CC License,https://creativecommons.org/licenses/,2026-08-24 12:23:39
af280d5f-9301-4152-8e17-5366a1cc995b,762c4802-5468-4156-bd72-92b46729d149,90321648-07eb-4943-9a38-6469dc4e06d9,CC_BY,PROTECTED,True,True,True,True,False,GLOBAL,ALL,2020-01-01,2099-12-31,Jamendo CC License,https://creativecommons.org/licenses/,2026-08-24 12:23:39
573e9d01-cebd-4193-8547-f5fadda01d7b,a5962a7e-fd97-4c85-8119-7c4074274dba,f190e7ca-8934-436e-82b9-03a6c540d922,CC_BY,PROTECTED,True,True,True,True,False,GLOBAL,ALL,2020-01-01,2099-12-31,Jamendo CC License,https://creativecommons.org/licenses/,2026-08-24 12:23:39
3c47d79e-52e3-4279-b900-e98492cc1bf7,f7480cb3-7a15-4bd0-a397-58a00b3d8bcd,6f576429-a8dd-4a8e-af83-d69858cc8fff,CC_BY,PROTECTED,True,True,True,True,False,GLOBAL,ALL,2020-01-01,2099-12-31,Jamendo CC License,https://creativecommons.org/licenses/,2026-08-24 12:23:39
f105db65-34d8-4b11-bbaa-25d108a91117,93746c87-55ce-4edc-9e8c-4d39a4b88724,ebbfb2d7-5442-4e8b-a0db-8a66a9c59ac9,CC_BY,PROTECTED,True,True,True,True,False,GLOBAL,ALL,2020-01-01,2099-12-31,Jamendo CC License,https://creativecommons.org/licenses/,2026-08-24 12:23:39
55919508-2832-4477-af25-a598a9e1fa3a,7dca7ba7-5ac5-4f87-93bc-858289893c6e,4e4fdec3-4a7f-45db-9f1b-993cf3cc6eba,CC_BY,PROTECTED,True,True,True,True,False,GLOBAL,ALL,2020-01-01,2099-12-31,Jamendo CC License,https://creativecommons.org/licenses/,2026-08-24 12:23:39
b8257b3e-67fd-4779-b8f9-588e548976b8,7505b3b2-1557-4df7-b018-c962a0b4bef1,7b101f08-cc1f-4d63-b585-f93b1a971d1e,CC_BY,PROTECTED,True,True,True,True,False,GLOBAL,ALL,2020-01-01,2099-12-31,Jamendo CC License,https://creativecommons.org/licenses/,2026-08-24 12:23:39
d45b637b-5e76-461b-a4a9-b38d5b947224,8e1e27a8-0307-4ce6-ac10-c34b45af14fa,3480fd4d-ef45-4fb8-a90f-bfdc4c855215,CC_BY,PROTECTED,True,True,True,True,False,GLOBAL,ALL,2020-01-01,2099-12-31,Jamendo CC License,https://creativecommons.org/licenses/,2026-08-24 12:23:39
4feb142f-5d3c-4f82-a23e-b5523d4314c8,94b1427a-2b64-449d-b8bd-715de2455191,8b724d24-fafb-46ba-bd2b-f9fb6209b0ef,CC_BY,PROTECTED,True,True,True,True,False,GLOBAL,ALL,2020-01-01,2099-12-31,Jamendo CC License,https://creativecommons.org/licenses/,2026-08-24 12:23:39
36fb3451-8301-4d68-8ddf-b7139a5de08d,dcdc3ee9-aebe-41ba-9fd2-955ec5205e64,08088a3e-5eb2-419b-ad12-936e11c410f0,CC_BY,PROTECTED,True,True,True,True,False,GLOBAL,ALL,2020-01-01,2099-12-31,Jamendo CC License,https://creativecommons.org/licenses/,2026-08-24 12:23:39
78950ea1-9e34-4177-8c71-dd01bcae58d6,d11f3967-292e-4474-ab86-082da24ab3b8,ff97cb5d-c7a0-4a13-b69c-cedb88e3b1f8,CC_BY,PROTECTED,True,True,True,True,False,GLOBAL,ALL,2020-01-01,2099-12-31,Jamendo CC License,https://creativecommons.org/licenses/,2026-08-24 12:23:39
e2c148df-df65-4109-9324-3e5bd14f4019,a2b58f36-26ff-4399-9503-7714f4a3551a,42cf8e4e-5054-4b2b-8c27-9fa1be08b221,CC_BY,PROTECTED,True,True,True,True,False,GLOBAL,ALL,2020-01-01,2099-12-31,Jamendo CC License,https://creativecommons.org/licenses/,2026-08-24 12:23:39
b96e6247-ffd8-42d1-8e5c-6cf98f6fcb13,7d63f0df-3cff-4b7c-af0e-6dc7c5e46f25,8ade70c7-420c-486b-bbc7-9c91c9c08b8d,CC_BY,PROTECTED,True,True,True,True,False,GLOBAL,ALL,2020-01-01,2099-12-31,Jamendo CC License,https://creativecommons.org/licenses/,2026-08-24 12:23:39
6ccbbe9d-0ec0-458a-b8f6-79ce995e4e49,c0a3308e-9ec5-4eea-a613-601cd486d38f,229bdf8e-91d6-4a97-8ea4-238c1b82ef25,CC_BY,PROTECTED,True,True,True,True,False,GLOBAL,ALL,2020-01-01,2099-12-31,Jamendo CC License,https://creativecommons.org/licenses/,2026-08-24 12:23:39
dce9b954-9a35-44f5-a881-f24a7cd49cdc,fee3a7e2-d080-49f2-9d96-db3f24a056f1,ffdbd741-069b-46de-8945-385b7085f3c3,CC_BY,PROTECTED,True,True,True,True,False,GLOBAL,ALL,2020-01-01,2099-12-31,Jamendo CC License,https://creativecommons.org/licenses/,2026-08-24 12:23:39
fee3d9fb-d9ac-4402-aad0-0c515c085fe3,0dd2942e-98b4-4fff-ab76-de594492fa65,e87e638b-c355-4422-8113-e8bd98b591b7,CC_BY,PROTECTED,True,True,True,True,False,GLOBAL,ALL,2020-01-01,2099-12-31,Jamendo CC License,https://creativecommons.org/licenses/,2026-08-24 12:23:39
e1642c5e-df20-4112-81f8-b68d50b6cab0,96c1876f-a51b-45e4-bb9c-bd20ad5c35fd,47a3c01d-e620-45b9-8c8a-0a52db57d4a2,CC_BY,PROTECTED,True,True,True,True,False,GLOBAL,ALL,2020-01-01,2099-12-31,Jamendo CC License,https://creativecommons.org/licenses/,2026-08-24 12:23:39
a7cc6844-3ebd-4826-b78f-b6a82bc88d00,a02f3d86-d26f-4285-a601-7efd943f2043,ef201630-4b05-4401-a064-9454ea1fd385,CC_BY,PROTECTED,True,True,True,True,False,GLOBAL,ALL,2020-01-01,2099-12-31,Jamendo CC License,https://creativecommons.org/licenses/,2026-08-24 12:23:39
7763f0f8-5b41-4e73-a359-7809ba87e3df,633c1dfe-7d77-432c-9cfe-a5a6b9e6eb30,873a4d3d-a692-43c7-a859-ba590502a550,CC_BY,PROTECTED,True,True,True,True,False,GLOBAL,ALL,2020-01-01,2099-12-31,Jamendo CC License,https://creativecommons.org/licenses/,2026-08-24 12:23:39
78f35fad-2d56-4f66-8722-7ea8ae429416,336848ec-cf78-4698-b4e1-66d5f8896e4a,e0f04523-3305-41d8-b40a-239f50f00f4a,CC_BY,PROTECTED,True,True,True,True,False,GLOBAL,ALL,2020-01-01,2099-12-31,Jamendo CC License,https://creativecommons.org/licenses/,2026-08-24 12:23:39
26886284-044b-40ca-a33f-71b1abca446d,c7263c84-b37e-4ebb-ab48-776f3b777420,64e75ab4-6374-4bcd-9e5b-80811e29a610,CC_BY,PROTECTED,True,True,True,True,False,GLOBAL,ALL,2020-01-01,2099-12-31,Jamendo CC License,https://creativecommons.org/licenses/,2026-08-24 12:23:39
af79eaef-83b1-4387-ae33-c3c37eba704b,2a4e24bd-e1a0-4c2a-81b3-07a076a1df4f,aa51f42c-1a68-4c60-97e9-e8fc9108395b,CC_BY,PROTECTED,True,True,True,True,False,GLOBAL,ALL,2020-01-01,2099-12-31,Jamendo CC License,https://creativecommons.org/licenses/,2026-08-24 12:23:39
2d30b139-a927-42f0-9843-5548b36f3b27,126234f0-9695-4947-9815-e3e1caadf2a4,8c5f11ae-9390-4592-a3f3-65073d5355a4,CC_BY,PROTECTED,True,True,True,True,False,GLOBAL,ALL,2020-01-01,2099-12-31,Jamendo CC License,https://creativecommons.org/licenses/,2026-08-24 12:23:39
5d7cf499-d0de-4824-96cd-05597ce783b9,e5e3af27-1847-41d4-9e94-e35403144ea2,780e399e-84a3-47a6-9544-fa16de865d2f,CC_BY,PROTECTED,True,True,True,True,False,GLOBAL,ALL,2020-01-01,2099-12-31,Jamendo CC License,https://creativecommons.org/licenses/,2026-08-24 12:23:39
0ceb039f-26f6-45e0-9078-457f0cb2a3f3,608afd24-3ba7-46e8-98e0-7bb631cf8331,f694ee5b-f6f8-434e-b19c-a89c93ba62df,CC_BY,PROTECTED,True,True,True,True,False,GLOBAL,ALL,2020-01-01,2099-12-31,Jamendo CC License,https://creativecommons.org/licenses/,2026-08-24 12:23:39
0fd941dc-8abc-47be-947c-bef2f3cc3e38,81d216f8-ecf7-4086-9ff1-21980a0cee14,903a064f-5f19-48fd-8945-f0d98ee0a60a,CC_BY,PROTECTED,True,True,True,True,False,GLOBAL,ALL,2020-01-01,2099-12-31,Jamendo CC License,https://creativecommons.org/licenses/,2026-08-24 12:23:39
bb9bc85a-7387-4b2c-a459-990074f7fb43,899ad3ad-c782-4a52-a9d3-726a612f4c9d,24f7d29c-fc3e-4776-bb55-1d1d84bc5c5e,CC_BY,PROTECTED,True,True,True,True,False,GLOBAL,ALL,2020-01-01,2099-12-31,Jamendo CC License,https://creativecommons.org/licenses/,2026-08-24 12:23:39
0722779c-0597-4890-8404-6a2f64b24a62,73360117-7968-412c-af79-1fb8fca55f76,d093fc29-17fc-4264-a7dc-2c136b36b1cb,CC_BY,PROTECTED,True,True,True,True,False,GLOBAL,ALL,2020-01-01,2099-12-31,Jamendo CC License,https://creativecommons.org/licenses/,2026-08-24 12:23:39
2d9e956b-298a-4b2c-8c4b-5acd7a8c0598,3c4c32d7-5fc4-4bbb-98c2-87cb93d0dd23,a0b47a71-f87d-45ea-b280-92a8e4e1c69b,CC_BY,PROTECTED,True,True,True,True,False,GLOBAL,ALL,2020-01-01,2099-12-31,Jamendo CC License,https://creativecommons.org/licenses/,2026-08-24 12:23:39
3f0076fc-8068-4d30-8350-c8b6970f34fa,cf2712af-6c2c-434d-a3de-2d2a6dbf34d8,ced6468f-0ff5-4808-a610-eb4898c1efcf,CC_BY,PROTECTED,True,True,True,True,False,GLOBAL,ALL,2020-01-01,2099-12-31,Jamendo CC License,https://creativecommons.org/licenses/,2026-08-24 12:23:39
5a04bdb7-6f29-4001-a7a6-255c7589ef29,45cb2930-1d68-4eac-81c7-fe088aed7099,4e91122e-1824-439e-ad76-c1da0c0199fa,CC_BY,PROTECTED,True,True,True,True,False,GLOBAL,ALL,2020-01-01,2099-12-31,Jamendo CC License,https://creativecommons.org/licenses/,2026-08-24 12:23:39
bfadf350-c737-44b1-9a36-3c5269963f24,a283355e-a72e-40d4-a6e6-1c8440b4147d,d7d33a1f-2469-4aef-91dd-c393f6b25f6d,CC_BY,PROTECTED,True,True,True,True,False,GLOBAL,ALL,2020-01-01,2099-12-31,Jamendo CC License,https://creativecommons.org/licenses/,2026-08-24 12:23:39
26a0d7c0-f006-44ca-88d5-48741604b5ff,7a59f3b7-b7d7-4180-92cb-f75e5b26efe4,fd4f4457-5b03-4623-9eef-3436cdd318df,CC_BY,PROTECTED,True,True,True,True,False,GLOBAL,ALL,2020-01-01,2099-12-31,Jamendo CC License,https://creativecommons.org/licenses/,2026-08-24 12:23:39
fdde1976-fe72-4d19-bc72-9966c41346a7,c1a4cda0-520f-4df1-87ea-f168d165487a,2247703e-1a15-4c94-b327-73e5ab1f1a61,CC_BY,PROTECTED,True,True,True,True,False,GLOBAL,ALL,2020-01-01,2099-12-31,Jamendo CC License,https://creativecommons.org/licenses/,2026-08-24 12:23:39
95e0e15a-2c8e-484b-b994-d3188d8f4174,2ab9c682-87cd-41bc-9408-3dfe41faa642,34144ecf-080a-4f4f-b2b3-5486706da19d,CC_BY,PROTECTED,True,True,True,True,False,GLOBAL,ALL,2020-01-01,2099-12-31,Jamendo CC License,https://creativecommons.org/licenses/,2026-08-24 12:23:39
e559e94c-7e8f-45ea-923b-b7447c43d3a0,c916b4af-3330-430f-9162-54531c69dbd4,bd3b19cb-0d28-4f10-b89d-20be778f88dc,CC_BY,PROTECTED,True,True,True,True,False,GLOBAL,ALL,2020-01-01,2099-12-31,Jamendo CC License,https://creativecommons.org/licenses/,2026-08-24 12:23:39
2731c88e-04b4-4ac2-aaa1-466ff119e756,d2f25bba-da2f-4a5a-b307-8cc06191f317,f6295651-9156-44db-8f50-26f5e5a97921,CC_BY,PROTECTED,True,True,True,True,False,GLOBAL,ALL,2020-01-01,2099-12-31,Jamendo CC License,https://creativecommons.org/licenses/,2026-08-24 12:23:39
571fd636-3526-470b-8a30-f7cc4a118b13,7bd6d895-7b8c-4e32-9313-c57e0596283d,903dc41b-26e1-4437-9774-e58ebac6c2c1,CC_BY,PROTECTED,True,True,True,True,False,GLOBAL,ALL,2020-01-01,2099-12-31,Jamendo CC License,https://creativecommons.org/licenses/,2026-08-24 12:23:39
06060fad-7a2d-40ba-9884-728ce8a60110,70855ff8-cf0b-40e7-b54a-79110cd7867c,9c35264d-c09b-4915-87ca-9c173d55483c,CC_BY,PROTECTED,True,True,True,True,False,GLOBAL,ALL,2020-01-01,2099-12-31,Jamendo CC License,https://creativecommons.org/licenses/,2026-08-24 12:23:39
ffef5271-3531-498a-9933-fa9d7189bf08,aa74c59b-b756-4f94-8d93-0b4b5826eee9,bb16b9b7-42a4-4362-9f79-11ad9b5750dc,CC_BY,PROTECTED,True,True,True,True,False,GLOBAL,ALL,2020-01-01,2099-12-31,Jamendo CC License,https://creativecommons.org/licenses/,2026-08-24 12:23:39
78f22c2b-acc0-4596-8dc2-428b07a31b67,b3d8c6c6-5f39-4eb6-8361-14e0711915a4,03f0fb84-761a-4889-8861-a045a0d58ecf,CC_BY,PROTECTED,True,True,True,True,False,GLOBAL,ALL,2020-01-01,2099-12-31,Jamendo CC License,https://creativecommons.org/licenses/,2026-08-24 12:23:39
3d6c1116-ae4d-4381-a9ed-f49fdcd00502,71c3e741-c6ff-419d-8410-da5b798d9358,31488d9c-7ce3-4116-ada6-d7e23d15c4c9,CC_BY,PROTECTED,True,True,True,True,False,GLOBAL,ALL,2020-01-01,2099-12-31,Jamendo CC License,https://creativecommons.org/licenses/,2026-08-24 12:23:39
76a8c315-60dc-4bb5-9ae6-2c5afed239f1,e2e4cf43-86ca-4be1-8983-690558c648b3,eb06eea1-69e3-4cdb-8dd0-a7c140833331,CC_BY,PROTECTED,True,True,True,True,False,GLOBAL,ALL,2020-01-01,2099-12-31,Jamendo CC License,https://creativecommons.org/licenses/,2026-08-24 12:23:39
f11bbf41-dd20-44c0-9638-167226ba412f,2da939c2-4df0-4243-839a-f6de7725df4b,b1c784b9-6549-46e4-b304-6f740153103a,CC_BY,PROTECTED,True,True,True,True,False,GLOBAL,ALL,2020-01-01,2099-12-31,Jamendo CC License,https://creativecommons.org/licenses/,2026-08-24 12:23:39
3c161286-af2d-40a3-bdde-1bf651dd4d90,12ed3751-bb13-42ec-a37d-36ea9da12cbe,05bd8447-9e38-468f-aa47-0e2bf3c14b96,CC_BY,PROTECTED,True,True,True,True,False,GLOBAL,ALL,2020-01-01,2099-12-31,Jamendo CC License,https://creativecommons.org/licenses/,2026-08-24 12:23:39
368db450-e5bd-44d0-8ab9-adff82c30f43,a367b145-aae8-45e0-981a-0289840d5490,571b4e63-4060-4860-9d8f-50f3c8b6dc95,CC_BY,PROTECTED,True,True,True,True,False,GLOBAL,ALL,2020-01-01,2099-12-31,Jamendo CC License,https://creativecommons.org/licenses/,2026-08-24 12:23:39
48d3443a-8047-492a-af2d-d97789d5d415,bb4d1e69-eb6f-4ffe-989f-d80ac9392385,90b942df-4a85-447a-8a4c-4483cf4965d2,CC_BY,PROTECTED,True,True,True,True,False,GLOBAL,ALL,2020-01-01,2099-12-31,Jamendo CC License,https://creativecommons.org/licenses/,2026-08-24 12:23:39
fa83061f-368b-4c29-98ae-0cb41e0c95fa,d8784cde-2db5-44cc-b3d2-071fe64e4cd5,e2ec722d-dacc-42a2-973d-3b5d4db32b2a,CC_BY,PROTECTED,True,True,True,True,False,GLOBAL,ALL,2020-01-01,2099-12-31,Jamendo CC License,https://creativecommons.org/licenses/,2026-08-24 12:23:39
6e9aa192-c8ed-42d9-a7f5-9e358fcb306a,e6bf2eec-8d20-4f94-9ed4-c5607ec79d23,2ddd0512-2b16-4303-8b09-10f39d70a5fa,CC_BY,PROTECTED,True,True,True,True,False,GLOBAL,ALL,2020-01-01,2099-12-31,Jamendo CC License,https://creativecommons.org/licenses/,2026-08-24 12:23:39
5c8676cb-f1d4-45f6-a15f-865699d64137,7595f2d7-d1ab-48fe-a951-39e1303ad11e,da025948-2cc8-4253-adda-cfd01c8574f6,CC_BY,PROTECTED,True,True,True,True,False,GLOBAL,ALL,2020-01-01,2099-12-31,Jamendo CC License,https://creativecommons.org/licenses/,2026-08-24 12:23:39
2d7e95e8-bd3d-4156-98f1-0205cb592d88,1073ea64-0bf8-4623-816e-43e448d042bd,0bd2f0ab-8ae7-4b8e-b0e1-837915b2c2e0,CC_BY,PROTECTED,True,True,True,True,False,GLOBAL,ALL,2020-01-01,2099-12-31,Jamendo CC License,https://creativecommons.org/licenses/,2026-08-24 12:23:39
7ffaafae-6a0b-4a8c-9aee-5a18b4f0926e,9ce5cbbe-46bf-4a91-9f79-d64d98d0a619,581bd279-51f6-400b-b185-bbaa5f685e3e,CC_BY,PROTECTED,True,True,True,True,False,GLOBAL,ALL,2020-01-01,2099-12-31,Jamendo CC License,https://creativecommons.org/licenses/,2026-08-24 12:23:39
e7edbc6d-7882-453b-9817-47424c483d33,3a66ef18-7df1-4e6a-8a5c-b5c00c77baf9,19910ac7-22a7-4ed9-9c80-be3e6d914aaa,CC_BY,PROTECTED,True,True,True,True,False,GLOBAL,ALL,2020-01-01,2099-12-31,Jamendo CC License,https://creativecommons.org/licenses/,2026-08-24 12:23:39
50069de5-188b-42bc-a682-d638eae843fb,3cdec00b-3ba1-41b8-88a5-b1cc1527958d,26cb51a5-c5ff-4f21-9e6f-aea44b49fb20,CC_BY,PROTECTED,True,True,True,True,False,GLOBAL,ALL,2020-01-01,2099-12-31,Jamendo CC License,https://creativecommons.org/licenses/,2026-08-24 12:23:39
69860a19-e337-4fd8-8ce5-6f8782512fbf,ebed96f7-00c7-4185-a05a-16d1f8400742,e66199e6-4602-49be-bcd2-f0b613cb1e0f,CC_BY,PROTECTED,True,True,True,True,False,GLOBAL,ALL,2020-01-01,2099-12-31,Jamendo CC License,https://creativecommons.org/licenses/,2026-08-24 12:23:39
65e31536-1c80-41e3-85fb-509907328c96,59a82d56-ebfd-4979-94ad-2d503ba064c0,eef175a1-ef4f-4181-bdcc-5c7531eec6fb,CC_BY,PROTECTED,True,True,True,True,False,GLOBAL,ALL,2020-01-01,2099-12-31,Jamendo CC License,https://creativecommons.org/licenses/,2026-08-24 12:23:39
0b6c9512-7aa4-4d55-9096-9455460cc5c0,85847329-e15b-4c9b-a3a0-0ce2e716d8cd,e8b7a4cd-1a66-42ca-bea8-17b46aa6c8e5,CC_BY,PROTECTED,True,True,True,True,False,GLOBAL,ALL,2020-01-01,2099-12-31,Jamendo CC License,https://creativecommons.org/licenses/,2026-08-24 12:23:39
d25708c6-ac78-41bf-89e7-acc310164e17,9deed063-6230-419b-9ed5-25e4a0261491,e56d3874-9b57-49cf-8379-a2ec939ff2fe,CC_BY,PROTECTED,True,True,True,True,False,GLOBAL,ALL,2020-01-01,2099-12-31,Jamendo CC License,https://creativecommons.org/licenses/,2026-08-24 12:23:39
b7e77431-141a-4ea8-8400-6f169c9e14d9,957baf56-e74d-44cc-b3a9-695ac0ef7ee6,dbd385ae-49c2-476b-8a1d-3c756879a0ac,CC_BY,PROTECTED,True,True,True,True,False,GLOBAL,ALL,2020-01-01,2099-12-31,Jamendo CC License,https://creativecommons.org/licenses/,2026-08-24 12:23:39
d7f34160-6c76-4c88-8b38-797225f4dc1a,5b1191b2-06e4-4653-bf6d-f29cd34f8210,bcb2a9b1-954c-488c-aae2-9e91913f2360,CC_BY,PROTECTED,True,True,True,True,False,GLOBAL,ALL,2020-01-01,2099-12-31,Jamendo CC License,https://creativecommons.org/licenses/,2026-08-24 12:23:39
843de524-6868-4c7c-8fe5-240f5f16858e,ad6279a2-285c-4219-9036-482fd4b6aeac,805df26a-37f5-4bf6-be67-af94c3c97dc3,CC_BY,PROTECTED,True,True,True,True,False,GLOBAL,ALL,2020-01-01,2099-12-31,Jamendo CC License,https://creativecommons.org/licenses/,2026-08-24 12:23:39
c17a241e-1c00-41e5-adde-d630fcebe46a,f723bdb3-0689-40cd-8508-f5bb20b62951,7f42edbb-2754-46b3-83db-70ef3276e4ec,CC_BY,PROTECTED,True,True,True,True,False,GLOBAL,ALL,2020-01-01,2099-12-31,Jamendo CC License,https://creativecommons.org/licenses/,2026-08-24 12:23:39
ddf25df4-0714-4597-b19e-dcd0e24c6d4f,88130389-5548-4ee1-a15a-b417175caa9a,ff6da199-0cda-499e-9d37-7286a3236f54,CC_BY,PROTECTED,True,True,True,True,False,GLOBAL,ALL,2020-01-01,2099-12-31,Jamendo CC License,https://creativecommons.org/licenses/,2026-08-24 12:23:39
5688091f-a9e8-4477-8cd6-3128cdec5959,0cecaa58-e0f1-4839-94c9-482ef7ee6ed0,54ac14d1-4330-4b34-83f4-ced7757e2e39,CC_BY,PROTECTED,True,True,True,True,False,GLOBAL,ALL,2020-01-01,2099-12-31,Jamendo CC License,https://creativecommons.org/licenses/,2026-08-24 12:23:39
11cf970f-0a7e-48b0-9ab0-12df558f16fd,6d5bafb1-fe43-40df-b196-c8fc9bd76dbb,eaa63783-af3e-4775-82ec-e69b40ac95f0,CC_BY,PROTECTED,True,True,True,True,False,GLOBAL,ALL,2020-01-01,2099-12-31,Jamendo CC License,https://creativecommons.org/licenses/,2026-08-24 12:23:39
9add2df2-039d-438d-87a0-93a4390a8046,3c89a392-43b8-48c9-ad07-8067547192cb,a873fde7-abd4-490a-8811-07e43706a164,CC_BY,PROTECTED,True,True,True,True,False,GLOBAL,ALL,2020-01-01,2099-12-31,Jamendo CC License,https://creativecommons.org/licenses/,2026-08-24 12:23:39
b528b00d-4215-45a5-b350-fcdf3c78e045,f3190a3a-66a2-4d9b-907d-65b7194fb4f0,8073005a-b330-48a9-b6df-b2096ef8e664,CC_BY,PROTECTED,True,True,True,True,False,GLOBAL,ALL,2020-01-01,2099-12-31,Jamendo CC License,https://creativecommons.org/licenses/,2026-08-24 12:23:39
6eacb47a-03cc-46ab-aeaf-786528530ace,e269a2ee-54b4-43af-8bee-b89dde8ab59b,041a29f4-9ae4-400d-9620-4e8c6e9615f3,CC_BY,PROTECTED,True,True,True,True,False,GLOBAL,ALL,2020-01-01,2099-12-31,Jamendo CC License,https://creativecommons.org/licenses/,2026-08-24 12:23:39
2859ad35-8bc0-40e7-967a-38ceba1b29c6,efab05ef-3f03-4a2e-b733-0a922811d24a,a4af82c7-fa83-46b8-84b3-7ee0c5d1394d,CC_BY,PROTECTED,True,True,True,True,False,GLOBAL,ALL,2020-01-01,2099-12-31,Jamendo CC License,https://creativecommons.org/licenses/,2026-08-24 12:23:39
ec855a23-7ccf-48d8-ab4e-84c4f1382dd8,92dc9c5c-862e-487b-a314-113b7320dc0c,3ab37d51-7d8f-4c59-ae14-5d1bef31e5d5,CC_BY,PROTECTED,True,True,True,True,False,GLOBAL,ALL,2020-01-01,2099-12-31,Jamendo CC License,https://creativecommons.org/licenses/,2026-08-24 12:23:39
85633621-0ce6-4a52-a645-ef49948f71c5,017a1278-fff1-41fa-a22d-e002e5474550,a202e165-58b8-4932-b041-2092baa60db6,CC_BY,PROTECTED,True,True,True,True,False,GLOBAL,ALL,2020-01-01,2099-12-31,Jamendo CC License,https://creativecommons.org/licenses/,2026-08-24 12:23:39
9a9f639a-b33c-4f94-b8a0-a964d02bdba7,68e10e95-3723-4066-aec3-11d7f38ddf74,91acfcae-2e97-41b5-819e-42e3769873b0,CC_BY,PROTECTED,True,True,True,True,False,GLOBAL,ALL,2020-01-01,2099-12-31,Jamendo CC License,https://creativecommons.org/licenses/,2026-08-24 12:23:39
5ba22b18-40aa-44f6-99d0-0e3e7587cb3a,de5ccea6-b54d-4d46-941b-d17f48e29b9e,95d6f2fa-7750-42a3-87f3-fe3538f76005,CC_BY,PROTECTED,True,True,True,True,False,GLOBAL,ALL,2020-01-01,2099-12-31,Jamendo CC License,https://creativecommons.org/licenses/,2026-08-24 12:23:39
2ef75a2c-02d7-471e-9042-3ce1f32c0e11,a1afb289-257b-4f32-aecb-1aa009cb54ef,e29e59c6-698d-4ffd-b7e0-8e8dcc0bc54e,CC_BY,PROTECTED,True,True,True,True,False,GLOBAL,ALL,2020-01-01,2099-12-31,Jamendo CC License,https://creativecommons.org/licenses/,2026-08-24 12:23:39
978b4221-1d27-43e2-b3c1-688b5714bf72,06c93688-e2b7-4192-aac6-d27e1f6429fa,27f9ebfb-c8a3-4b4f-8a61-4ad58cb6348b,CC_BY,PROTECTED,True,True,True,True,False,GLOBAL,ALL,2020-01-01,2099-12-31,Jamendo CC License,https://creativecommons.org/licenses/,2026-08-24 12:23:39
e6036039-e840-430a-a3ab-5bd163522934,8c0ce691-8ff1-4024-a98b-304a83889eb4,23cb829f-7d3a-4ea4-89cf-2bc29aa75c76,CC_BY,PROTECTED,True,True,True,True,False,GLOBAL,ALL,2020-01-01,2099-12-31,Jamendo CC License,https://creativecommons.org/licenses/,2026-08-24 12:23:39
b4f53f4e-8846-41ea-ad7e-b15e804c6693,4fbfe628-78af-49f2-b86c-18894d9b5a21,89276938-fbaa-43b8-b67d-4f43d0ccc617,CC_BY,PROTECTED,True,True,True,True,False,GLOBAL,ALL,2020-01-01,2099-12-31,Jamendo CC License,https://creativecommons.org/licenses/,2026-08-24 12:23:39
1242037e-54fb-4ce2-a570-b08dcdc3fc88,cd7198d9-064a-4d54-a552-def19026cc0f,996942c2-bc38-48e3-a421-c59d30b8a5d3,CC_BY,PROTECTED,True,True,True,True,False,GLOBAL,ALL,2020-01-01,2099-12-31,Jamendo CC License,https://creativecommons.org/licenses/,2026-08-24 12:23:39
a342800f-ab3b-4597-acc3-d08fc6caee09,0468e303-6887-4e56-9cdd-b412376ef370,39d4e044-92ca-4268-b1cc-fea2c6e97629,CC_BY,PROTECTED,True,True,True,True,False,GLOBAL,ALL,2020-01-01,2099-12-31,Jamendo CC License,https://creativecommons.org/licenses/,2026-08-24 12:23:39
9df2b512-ae86-49a9-a371-4e4b7896d0c4,764537c5-7766-4730-9e0d-6277cb4d9397,59267464-b2a7-4214-9403-2bd63c8d7806,CC_BY,PROTECTED,True,True,True,True,False,GLOBAL,ALL,2020-01-01,2099-12-31,Jamendo CC License,https://creativecommons.org/licenses/,2026-08-24 12:23:39
ecfb7027-4bee-4bd7-8157-6c74e23b1377,e46ffc12-2ce0-4338-a72a-00a81586d3b8,594a1738-7f32-49af-b351-5ce51567b77b,CC_BY,PROTECTED,True,True,True,True,False,GLOBAL,ALL,2020-01-01,2099-12-31,Jamendo CC License,https://creativecommons.org/licenses/,2026-08-24 12:23:39
4c9dd323-38bc-43c3-89a9-4c039bcad774,804ec3f4-e311-4c0e-9526-fc7502779905,b2c5f82b-1c34-4b6e-b5c5-d5023f1ea6cc,CC_BY,PROTECTED,True,True,True,True,False,GLOBAL,ALL,2020-01-01,2099-12-31,Jamendo CC License,https://creativecommons.org/licenses/,2026-08-24 12:23:39
1e143877-9045-4ac6-9c8d-dd4524d5b2a5,b413a382-8d5d-4de6-8335-f30da4136c77,42411fb3-a294-4c4d-a118-3184e8128865,CC_BY,PROTECTED,True,True,True,True,False,GLOBAL,ALL,2020-01-01,2099-12-31,Jamendo CC License,https://creativecommons.org/licenses/,2026-08-24 12:23:39
1a082fce-5498-4e65-bf92-decde209c381,a3155ca0-d5e6-4f75-8246-03f6c7b4053b,640ca146-9340-43c2-a62b-24357bd5b2b8,CC_BY,PROTECTED,True,True,True,True,False,GLOBAL,ALL,2020-01-01,2099-12-31,Jamendo CC License,https://creativecommons.org/licenses/,2026-08-24 12:23:39
2bf75ade-5042-4a32-996c-ed9a4b5f86b7,81ff96b8-0903-4db0-8b95-a2da3a9a2738,993118f4-120e-4407-8dbe-d770fd178255,CC_BY,PROTECTED,True,True,True,True,False,GLOBAL,ALL,2020-01-01,2099-12-31,Jamendo CC License,https://creativecommons.org/licenses/,2026-08-24 12:23:39
0f1bcfd3-5154-44d9-9a4e-6586348f8fd9,e3a89cce-d56c-411e-8047-1f248dadedc1,2b82143b-a7af-4469-a61f-cef2aa1566bb,CC_BY,PROTECTED,True,True,True,True,False,GLOBAL,ALL,2020-01-01,2099-12-31,Jamendo CC License,https://creativecommons.org/licenses/,2026-08-24 12:23:39
8b3172c2-8b24-421e-81fe-e3f1dc207604,ca4fd294-3ede-405f-be64-c71c1646f97b,b89b252a-e67b-46a3-be49-f47121bc17c2,CC_BY,PROTECTED,True,True,True,True,False,GLOBAL,ALL,2020-01-01,2099-12-31,Jamendo CC License,https://creativecommons.org/licenses/,2026-08-24 12:23:39
7446c50d-6334-42ec-8265-c4f00ce6d71c,161661a4-327f-468d-8a5e-7489ab412acb,b97e3148-db95-4592-bb45-4e625126feb8,CC_BY,PROTECTED,True,True,True,True,False,GLOBAL,ALL,2020-01-01,2099-12-31,Jamendo CC License,https://creativecommons.org/licenses/,2026-08-24 12:23:39
324cba21-0936-4cfd-b4b2-3b728b548800,9939c9a7-3b29-4abf-93f2-a746c4d01236,04a10546-5a82-41f5-a85e-8f960be7b84d,CC_BY,PROTECTED,True,True,True,True,False,GLOBAL,ALL,2020-01-01,2099-12-31,Jamendo CC License,https://creativecommons.org/licenses/,2026-08-24 12:23:39
d1ae494a-a819-4173-91b3-98821c105835,5918aa43-6777-4f8b-9584-87b9b47e2601,dbd7522e-c113-4144-8f1d-d5b3b57633c8,CC_BY,PROTECTED,True,True,True,True,False,GLOBAL,ALL,2020-01-01,2099-12-31,Jamendo CC License,https://creativecommons.org/licenses/,2026-08-24 12:23:39
c6f14e04-31f7-48cb-be17-bfd216955f8a,6043deec-47e2-4a3a-af0a-87bde7e4c709,5c234143-b3d6-47c6-ad4e-f29a93343509,CC_BY,PROTECTED,True,True,True,True,False,GLOBAL,ALL,2020-01-01,2099-12-31,Jamendo CC License,https://creativecommons.org/licenses/,2026-08-24 12:23:39
cbedc850-3a13-4323-ab1f-fdbab7b107b0,ce949dc4-87b8-401f-baf9-68baaf633301,15bc3cc1-aac4-4470-852e-e182a30d059b,CC_BY,PROTECTED,True,True,True,True,False,GLOBAL,ALL,2020-01-01,2099-12-31,Jamendo CC License,https://creativecommons.org/licenses/,2026-08-24 12:23:39
e1c2c85a-bbfb-4af8-b612-4949d64ebf78,cfd32a43-cd2e-464c-9f49-cde6352ef7ec,49b33cc3-c776-4ca7-afd5-8ea6f0d40f85,CC_BY,PROTECTED,True,True,True,True,False,GLOBAL,ALL,2020-01-01,2099-12-31,Jamendo CC License,https://creativecommons.org/licenses/,2026-08-24 12:23:39
11d53f57-bcaf-4491-b358-e101218d227e,5d45e54a-ef8d-469f-8ff8-92f19f990273,cab6671b-7bbd-476f-8583-4d84ea51ce8d,CC_BY,PROTECTED,True,True,True,True,False,GLOBAL,ALL,2020-01-01,2099-12-31,Jamendo CC License,https://creativecommons.org/licenses/,2026-08-24 12:23:39
ad2895fb-629f-4729-a1e5-bbb9bff8d577,1a79b7f0-e018-42d6-a018-03f18f1105f3,fecf0fcd-2e64-4fd0-bf17-dce6254f55ef,CC_BY,PROTECTED,True,True,True,True,False,GLOBAL,ALL,2020-01-01,2099-12-31,Jamendo CC License,https://creativecommons.org/licenses/,2026-08-24 12:23:39
ef2fc70a-df35-4d74-95a2-25d5da4cab88,dc0320b7-0ac2-4a60-b7a5-dcd1d81b8c32,88c39547-004c-4db1-903d-dc4389406ef4,CC_BY,PROTECTED,True,True,True,True,False,GLOBAL,ALL,2020-01-01,2099-12-31,Jamendo CC License,https://creativecommons.org/licenses/,2026-08-24 12:23:39
2e408abe-fd1f-4643-9b8d-02b9d3366cd0,3a1993ac-6457-4d74-9211-944253375351,a1324305-de35-4357-955c-b8da0000d56c,CC_BY,PROTECTED,True,True,True,True,False,GLOBAL,ALL,2020-01-01,2099-12-31,Jamendo CC License,https://creativecommons.org/licenses/,2026-08-24 12:23:39
124b97fb-c020-4926-a316-04a8ae6ca133,a5f39367-5265-4f2b-9ad9-9536cb6d2f71,dc20dc03-f125-4e16-8960-92119156d516,CC_BY,PROTECTED,True,True,True,True,False,GLOBAL,ALL,2020-01-01,2099-12-31,Jamendo CC License,https://creativecommons.org/licenses/,2026-08-24 12:23:39
814b3a2f-738a-4aea-92e1-f89aa1376f11,4dc03013-8da9-4b44-8809-95807d7f6ae1,dd1d060d-ec0e-4310-85fe-067e9889ad0b,CC_BY,PROTECTED,True,True,True,True,False,GLOBAL,ALL,2020-01-01,2099-12-31,Jamendo CC License,https://creativecommons.org/licenses/,2026-08-24 12:23:39
a760d2a0-0cab-4946-b5c0-6fec7a9146a1,249aba92-72ae-4eae-9a7e-49af91e45ef8,b90d137b-f47f-46ae-b990-08da2997a74f,CC_BY,PROTECTED,True,True,True,True,False,GLOBAL,ALL,2020-01-01,2099-12-31,Jamendo CC License,https://creativecommons.org/licenses/,2026-08-24 12:23:39
c457d9e2-423d-488d-aaf2-02ed1bde46fa,fa15f533-203b-4836-b86e-8c4679a40bc3,970d7388-8f98-48fa-8f0a-bf951b5101a2,CC_BY,PROTECTED,True,True,True,True,False,GLOBAL,ALL,2020-01-01,2099-12-31,Jamendo CC License,https://creativecommons.org/licenses/,2026-08-24 12:23:39
d5b06dba-efa1-4724-bf4c-a0658391ac3a,a361d8f7-1c37-4d9b-8317-d2b1fe45b881,c353feb1-7fc5-4831-9d8d-2ea5bf0dbbf1,CC_BY,PROTECTED,True,True,True,True,False,GLOBAL,ALL,2020-01-01,2099-12-31,Jamendo CC License,https://creativecommons.org/licenses/,2026-08-24 12:23:39
2cb23940-dcb3-4b73-b100-3645e091040f,1d47b72c-50d2-4f50-88af-7976455557b0,edf3159f-9275-4546-b414-3ed571e616c1,CC_BY,PROTECTED,True,True,True,True,False,GLOBAL,ALL,2020-01-01,2099-12-31,Jamendo CC License,https://creativecommons.org/licenses/,2026-08-24 12:23:39
f6cd4f18-d400-4660-8abb-a8bf9492be5c,d83bd485-a01a-4533-8973-831c7f93500f,baa1c552-9e30-4979-9497-a0038dd0dcf6,CC_BY,PROTECTED,True,True,True,True,False,GLOBAL,ALL,2020-01-01,2099-12-31,Jamendo CC License,https://creativecommons.org/licenses/,2026-08-24 12:23:39
48cd16be-756b-4124-8e9d-fdb722ee4dc6,3fa4bc6f-9328-4605-ad17-36cfe8fbe1ba,f1482b7a-f4a8-45ae-8728-83ae11d58c8b,CC_BY,PROTECTED,True,True,True,True,False,GLOBAL,ALL,2020-01-01,2099-12-31,Jamendo CC License,https://creativecommons.org/licenses/,2026-08-24 12:23:39
8d57fc12-7c8e-45d3-8567-7f7cf4bb5307,46b25c12-db2a-40ae-a70a-5375b6b499cb,75f431d2-1e0d-4fa7-a663-38fd432bc91d,CC_BY,PROTECTED,True,True,True,True,False,GLOBAL,ALL,2020-01-01,2099-12-31,Jamendo CC License,https://creativecommons.org/licenses/,2026-08-24 12:23:39
4dbe0289-8e90-4624-b99e-62c5a732ed0a,61671e8d-1d09-463f-9315-e6df6c74956a,634464a6-9458-414c-8d8f-2a98095fe1b0,CC_BY,PROTECTED,True,True,True,True,False,GLOBAL,ALL,2020-01-01,2099-12-31,Jamendo CC License,https://creativecommons.org/licenses/,2026-08-24 12:23:39
7614e35b-ecdc-4edb-bd70-1148cfd0937e,16888d5e-c6b6-4a81-aa8e-5e283534b25e,ce055a5f-0117-4e5f-9255-bd9529d7a152,CC_BY,PROTECTED,True,True,True,True,False,GLOBAL,ALL,2020-01-01,2099-12-31,Jamendo CC License,https://creativecommons.org/licenses/,2026-08-24 12:23:39
0a8d7dda-61a5-4774-9c2f-1d4b412466c2,1baff5cf-4f65-4cf3-a082-b0da93a276c4,9b500c83-eb71-489e-a51b-a4ce7cd18bae,CC_BY,PROTECTED,True,True,True,True,False,GLOBAL,ALL,2020-01-01,2099-12-31,Jamendo CC License,https://creativecommons.org/licenses/,2026-08-24 12:23:39
7dd2b4d8-bf4f-49ed-a164-32fef0edca5b,5b6c1803-c9de-42ce-8199-11cd5e2e6465,d091f6d4-bfd4-41f9-a410-aef44c9dad1e,CC_BY,PROTECTED,True,True,True,True,False,GLOBAL,ALL,2020-01-01,2099-12-31,Jamendo CC License,https://creativecommons.org/licenses/,2026-08-24 12:23:39
037ebd24-560a-493b-8b85-95969820f4c9,4b05de2d-27b1-437f-b233-19b8e69085cb,e9ae495b-b0ab-4015-a489-ff223336bfe9,CC_BY,PROTECTED,True,True,True,True,False,GLOBAL,ALL,2020-01-01,2099-12-31,Jamendo CC License,https://creativecommons.org/licenses/,2026-08-24 12:23:39
bcbbf81b-6c80-43a5-9870-569543166c07,3099ed62-34fd-4d8c-9396-c8363eee494c,db18f5a9-4673-4497-a4ec-d4f2096df9b4,CC_BY,PROTECTED,True,True,True,True,False,GLOBAL,ALL,2020-01-01,2099-12-31,Jamendo CC License,https://creativecommons.org/licenses/,2026-08-24 12:23:39
e223db6d-6ad9-483e-88f2-41652aa45be2,9eb4bd0d-4378-402a-857e-d718f9ca0625,3ae117ee-950c-43df-b1a8-e41eb6628f07,CC_BY,PROTECTED,True,True,True,True,False,GLOBAL,ALL,2020-01-01,2099-12-31,Jamendo CC License,https://creativecommons.org/licenses/,2026-08-24 12:23:39
6b11509a-77f3-4dee-a4d0-6caf125ff92b,6ae81aec-c771-4eb7-9bd7-dd57de5976fc,8b1812e9-37d5-4fdd-aeaf-8a81459a369f,CC_BY,PROTECTED,True,True,True,True,False,GLOBAL,ALL,2020-01-01,2099-12-31,Jamendo CC License,https://creativecommons.org/licenses/,2026-08-24 12:23:39
4714c468-e3c9-4cea-b933-f3cbeea64269,b5bd57d7-11c0-4629-a653-cfd90e6d164f,9ed050c4-531c-46c9-ad60-37bccd763098,CC_BY,PROTECTED,True,True,True,True,False,GLOBAL,ALL,2020-01-01,2099-12-31,Jamendo CC License,https://creativecommons.org/licenses/,2026-08-24 12:23:39
02461129-7a0c-4b55-adf5-9c40a98d6c0f,83f549f7-96ae-4639-b6b1-98d60cc4f183,c91e625b-f5b4-471f-8ce1-a6d70e485dc5,CC_BY,PROTECTED,True,True,True,True,False,GLOBAL,ALL,2020-01-01,2099-12-31,Jamendo CC License,https://creativecommons.org/licenses/,2026-08-24 12:23:39
e70b5c9a-0e29-48d0-adaf-c856a3c98f4b,283c44a3-45c4-423d-9b5d-82d00fea550f,6f29e057-1bce-4a4d-8073-ccde08b3f94e,CC_BY,PROTECTED,True,True,True,True,False,GLOBAL,ALL,2020-01-01,2099-12-31,Jamendo CC License,https://creativecommons.org/licenses/,2026-08-24 12:23:39
a1a8538e-7cb6-4b9b-84d8-9d760e9c96d3,9b8eee92-7423-4e42-bb39-92c59eb8f59d,dfbcd35e-2e0e-4ecc-9a44-0a8f7ee80b6c,CC_BY,PROTECTED,True,True,True,True,False,GLOBAL,ALL,2020-01-01,2099-12-31,Jamendo CC License,https://creativecommons.org/licenses/,2026-08-24 12:23:39
85b33253-6515-46c0-b749-49501bcae995,21b1b77f-9f49-4ef9-849e-7fc3af0977da,fe67c130-c791-40b4-9615-197a60264d70,CC_BY,PROTECTED,True,True,True,True,False,GLOBAL,ALL,2020-01-01,2099-12-31,Jamendo CC License,https://creativecommons.org/licenses/,2026-08-24 12:23:39
ca4d00f8-21ae-4cb1-9fd0-4e75e1a3a077,3746e586-6efa-47b8-ba72-d6a831d04c9c,e834e208-db9a-46bf-a6d5-a070ff0cc9ca,CC_BY,PROTECTED,True,True,True,True,False,GLOBAL,ALL,2020-01-01,2099-12-31,Jamendo CC License,https://creativecommons.org/licenses/,2026-08-24 12:23:39
fef6d93b-1536-43ca-be84-9a834794e1cb,30f7d4b0-977d-47bf-9711-5e25a587888d,38fd58b5-340d-4e82-bc47-07b144f286e2,CC_BY,PROTECTED,True,True,True,True,False,GLOBAL,ALL,2020-01-01,2099-12-31,Jamendo CC License,https://creativecommons.org/licenses/,2026-08-24 12:23:39
963a3edb-c7c2-4d1f-a5dc-f8d9d956e258,d89841af-0abf-4af4-9a29-ee8cd3781c99,db6a8698-3979-49b6-aaa8-7819d3d5984d,CC_BY,PROTECTED,True,True,True,True,False,GLOBAL,ALL,2020-01-01,2099-12-31,Jamendo CC License,https://creativecommons.org/licenses/,2026-08-24 12:23:39
9c7be4df-ebad-4e3a-a5d1-44a3a5c64d98,bec78ff8-8236-4f9f-b245-24da707c2c68,b2b83743-8ced-43e4-90d5-5e481b52c63f,CC_BY,PROTECTED,True,True,True,True,False,GLOBAL,ALL,2020-01-01,2099-12-31,Jamendo CC License,https://creativecommons.org/licenses/,2026-08-24 12:23:39
5132e535-c56a-44f5-8270-2f8e9aa0e363,df00ac25-7d2f-4921-98bb-735d04ead81b,2576c939-833a-4876-a29f-410da60b993c,CC_BY,PROTECTED,True,True,True,True,False,GLOBAL,ALL,2020-01-01,2099-12-31,Jamendo CC License,https://creativecommons.org/licenses/,2026-08-24 12:23:39
55581c2b-0d83-4413-a6ef-69df83b3c9c6,3f935f86-c02c-41e5-ad61-deebfb5d638a,b3204653-16cd-4f48-9941-6840b30943eb,CC_BY,PROTECTED,True,True,True,True,False,GLOBAL,ALL,2020-01-01,2099-12-31,Jamendo CC License,https://creativecommons.org/licenses/,2026-08-24 12:23:39
26f7e5b0-9cf5-41ed-a628-71b87860d260,f0330db6-225d-4586-b89c-0a4b62d2ce41,f065ab1e-c51b-4258-8340-d0d72e4a2f23,CC_BY,PROTECTED,True,True,True,True,False,GLOBAL,ALL,2020-01-01,2099-12-31,Jamendo CC License,https://creativecommons.org/licenses/,2026-08-24 12:23:39
c5b96f96-c1fb-4091-b060-d2156a588ff9,94403bc6-67a8-403d-964a-7cae8653842d,a21f55c0-361b-406b-a9e5-08110c6e4576,CC_BY,PROTECTED,True,True,True,True,False,GLOBAL,ALL,2020-01-01,2099-12-31,Jamendo CC License,https://creativecommons.org/licenses/,2026-08-24 12:23:39
0ee7bf7c-0f89-47e3-88e8-10cfa85735b0,bd55e16c-c9a5-41b9-bd43-fea2668549f5,6de6bd32-b1da-4006-964d-ad4466a1fc88,CC_BY,PROTECTED,True,True,True,True,False,GLOBAL,ALL,2020-01-01,2099-12-31,Jamendo CC License,https://creativecommons.org/licenses/,2026-08-24 12:23:39
98dc6de8-32b7-4fe1-8dd9-ed84e71d43b2,b579247b-e166-42cf-9d85-9f9f9e64e4f9,75c97429-70a0-4b36-8eac-e57eb6429067,CC_BY,PROTECTED,True,True,True,True,False,GLOBAL,ALL,2020-01-01,2099-12-31,Jamendo CC License,https://creativecommons.org/licenses/,2026-08-24 12:23:39
5f05e21a-9ae2-406d-ba9e-21173c3e3597,7b9f2bee-0eb2-4f65-966d-0473dce12b89,21f2d141-7d8d-40a4-b614-aa5ac7cb3130,CC_BY,PROTECTED,True,True,True,True,False,GLOBAL,ALL,2020-01-01,2099-12-31,Jamendo CC License,https://creativecommons.org/licenses/,2026-08-24 12:23:39
a2b2a899-ae9c-4e34-b337-c8859169e040,429f1336-a384-4827-b9de-efafc3a3ca6c,a47eef4e-076e-419f-aacb-42a62dc2505b,CC_BY,PROTECTED,True,True,True,True,False,GLOBAL,ALL,2020-01-01,2099-12-31,Jamendo CC License,https://creativecommons.org/licenses/,2026-08-24 12:23:39
d1311100-89f1-470f-9b36-2cc2f371d084,fed8ff51-fa5a-45fe-9e9d-a38f1577b812,a9b88229-9ad3-44cb-a5de-3440a3e85762,CC_BY,PROTECTED,True,True,True,True,False,GLOBAL,ALL,2020-01-01,2099-12-31,Jamendo CC License,https://creativecommons.org/licenses/,2026-08-24 12:23:39
0275eaee-282a-4106-83f5-953ff6cb9ddf,843164cc-50e1-43f4-b5ab-39fa3c4c3f89,202a982e-7d93-4c47-8c6e-cfab04693545,CC_BY,PROTECTED,True,True,True,True,False,GLOBAL,ALL,2020-01-01,2099-12-31,Jamendo CC License,https://creativecommons.org/licenses/,2026-08-24 12:23:39
8a6a5380-92ab-40a5-b9da-49325f2b77ab,dbf14592-f60e-4125-8eaf-c5d87e51bde1,8783c7f1-29f1-4666-a97e-d6e58f990311,CC_BY,PROTECTED,True,True,True,True,False,GLOBAL,ALL,2020-01-01,2099-12-31,Jamendo CC License,https://creativecommons.org/licenses/,2026-08-24 12:23:39
611f8d7c-f426-4bf1-8e64-2daf6b041027,e17d68c0-b791-4079-9550-035bf1d4c9b8,c5d42aab-7064-48e2-9bc5-60e7de1ba21b,CC_BY,PROTECTED,True,True,True,True,False,GLOBAL,ALL,2020-01-01,2099-12-31,Jamendo CC License,https://creativecommons.org/licenses/,2026-08-24 12:23:39
c5be0074-f23e-48ff-a332-e0094fcb6753,f4058d69-d847-435d-88b4-e742a2d05d90,8f414749-97cf-41c2-9225-3b500afdc3e1,CC_BY,PROTECTED,True,True,True,True,False,GLOBAL,ALL,2020-01-01,2099-12-31,Jamendo CC License,https://creativecommons.org/licenses/,2026-08-24 12:23:39
8e9b089b-8b71-43cf-98a0-213b64581e61,96792552-6368-42a3-9a17-ec5cd3f1d8ca,12222241-45fb-400a-84af-9e21a6985c47,CC_BY,PROTECTED,True,True,True,True,False,GLOBAL,ALL,2020-01-01,2099-12-31,Jamendo CC License,https://creativecommons.org/licenses/,2026-08-24 12:23:39
d8cecab8-6801-4462-9c81-7ebfb244e174,b60f430d-ee32-4cde-8a49-5b8cbd83d063,d59278bf-51e0-48e7-83e6-90511ff6a93e,CC_BY,PROTECTED,True,True,True,True,False,GLOBAL,ALL,2020-01-01,2099-12-31,Jamendo CC License,https://creativecommons.org/licenses/,2026-08-24 12:23:39
bccfa23a-3cf4-4e2a-916e-6ef005d348cd,73ed93cd-259e-4d77-9f48-9d2641d03bae,cc1dac8f-bbe9-4ada-937f-f88848c3ed0c,CC_BY,PROTECTED,True,True,True,True,False,GLOBAL,ALL,2020-01-01,2099-12-31,Jamendo CC License,https://creativecommons.org/licenses/,2026-08-24 12:23:39
1e0f901b-a751-4728-9d30-054dfa54218f,bdcb1092-a172-48ae-a0c4-f2a5d2f16b47,b3404067-d3e8-41eb-a33e-414b713816d1,CC_BY,PROTECTED,True,True,True,True,False,GLOBAL,ALL,2020-01-01,2099-12-31,Jamendo CC License,https://creativecommons.org/licenses/,2026-08-24 12:23:39
8b0c4130-f2c9-4a68-aee4-55e1c1c549a9,f2a18d45-7860-49c5-9304-9bd9704c0a54,b0e3cd97-47cc-403b-8657-e8416b564873,CC_BY,PROTECTED,True,True,True,True,False,GLOBAL,ALL,2020-01-01,2099-12-31,Jamendo CC License,https://creativecommons.org/licenses/,2026-08-24 12:23:39
111871fd-f149-4075-92e9-53ffc64c24ee,70646a9c-37ad-45bd-b0a7-4c32b26337e9,719b52e6-1e47-4a46-bd27-cc4cee508016,CC_BY,PROTECTED,True,True,True,True,False,GLOBAL,ALL,2020-01-01,2099-12-31,Jamendo CC License,https://creativecommons.org/licenses/,2026-08-24 12:23:39
c4d5246d-5960-464b-8a9a-9848b6bb497b,8d9e1487-3f52-401a-bee2-63e173a84dd4,452d984f-eb6a-4d47-a375-aba493cf2b31,CC_BY,PROTECTED,True,True,True,True,False,GLOBAL,ALL,2020-01-01,2099-12-31,Jamendo CC License,https://creativecommons.org/licenses/,2026-08-24 12:23:39
322cd2f1-fde5-4b81-9a41-5962ffdbe2e6,918da9b4-be30-464a-b91e-5fa4bff2c843,a0430b52-e166-41b5-8229-9bec4fcd26b3,CC_BY,PROTECTED,True,True,True,True,False,GLOBAL,ALL,2020-01-01,2099-12-31,Jamendo CC License,https://creativecommons.org/licenses/,2026-08-24 12:23:39
93cac48e-e14e-41b9-b720-7491f1b8b560,c0aadc43-4f2e-406c-944e-873061924e69,3783ece1-1d37-41bd-93d5-52e054ab3266,CC_BY,PROTECTED,True,True,True,True,False,GLOBAL,ALL,2020-01-01,2099-12-31,Jamendo CC License,https://creativecommons.org/licenses/,2026-08-24 12:23:39
31308c4f-d444-450b-84ed-56f08ce70b68,676fc484-0044-4f4d-bf6c-c34132868228,6fdcf6eb-949a-4243-be9a-708ed40bdb08,CC_BY,PROTECTED,True,True,True,True,False,GLOBAL,ALL,2020-01-01,2099-12-31,Jamendo CC License,https://creativecommons.org/licenses/,2026-08-24 12:23:39
e98ec818-aeae-47ed-b1f8-78b9f5bbfe1a,1bef8895-992d-4dc9-ab38-72e1ae3f3cd4,dac703ac-ca3d-4695-9c65-edbec756d091,CC_BY,PROTECTED,True,True,True,True,False,GLOBAL,ALL,2020-01-01,2099-12-31,Jamendo CC License,https://creativecommons.org/licenses/,2026-08-24 12:23:39
9f647b10-2a52-4a5a-86a0-df9003cde41d,0a493f8f-c27d-409d-bf85-f893a5683390,fb0e8f62-61ee-4ec9-ac39-1d80bee525d6,CC_BY,PROTECTED,True,True,True,True,False,GLOBAL,ALL,2020-01-01,2099-12-31,Jamendo CC License,https://creativecommons.org/licenses/,2026-08-24 12:23:39
5fe3de46-06e8-4b03-9b6c-fbd62e0d84ee,46b528c7-471f-42bb-bdb9-a40e698a98f0,00ff147c-7a06-41c9-83d9-e6585d558959,CC_BY,PROTECTED,True,True,True,True,False,GLOBAL,ALL,2020-01-01,2099-12-31,Jamendo CC License,https://creativecommons.org/licenses/,2026-08-24 12:23:39
d6d933dc-e712-4730-b251-7920c8479aaa,91c3d773-d650-4127-b441-c9eccb6cb7e1,6013faf5-c466-4336-bb61-b521a83bc883,CC_BY,PROTECTED,True,True,True,True,False,GLOBAL,ALL,2020-01-01,2099-12-31,Jamendo CC License,https://creativecommons.org/licenses/,2026-08-24 12:23:39
a600daf6-27ad-472f-af84-959e772cafad,d3d001d4-c766-43cd-a03e-fa0aada69695,4770a33e-e57e-45b1-8fcd-860ed57273fe,CC_BY,PROTECTED,True,True,True,True,False,GLOBAL,ALL,2020-01-01,2099-12-31,Jamendo CC License,https://creativecommons.org/licenses/,2026-08-24 12:23:39
b15d9472-a970-41ec-b90e-3c105298a762,fc084dc5-41f2-4fd1-acea-cf0433b20be0,68ee41e3-7f3e-410f-87a8-c7a1b388194f,CC_BY,PROTECTED,True,True,True,True,False,GLOBAL,ALL,2020-01-01,2099-12-31,Jamendo CC License,https://creativecommons.org/licenses/,2026-08-24 12:23:39
f9b31640-6f15-4f0e-9613-333275f9214a,36f5097f-caee-4fc2-936f-cab11cb57d2d,0f7bf7f0-2fe6-467b-b552-a1b3f2aa142c,CC_BY,PROTECTED,True,True,True,True,False,GLOBAL,ALL,2020-01-01,2099-12-31,Jamendo CC License,https://creativecommons.org/licenses/,2026-08-24 12:23:39
31768e27-0e65-4791-a9a0-3b24e63e2cb7,e97faae8-bad4-4d43-bcda-f0a402d65c44,d8bb2c03-278f-43f0-a612-72ebefc70723,CC_BY,PROTECTED,True,True,True,True,False,GLOBAL,ALL,2020-01-01,2099-12-31,Jamendo CC License,https://creativecommons.org/licenses/,2026-08-24 12:23:39
6a80237a-e635-4dc9-8491-d3b7b0a14bf3,7b62bcfc-ec5f-47eb-a552-5af9fd1af0c3,89829428-ee53-41ff-8f90-3003b7f2d9ce,CC_BY,PROTECTED,True,True,True,True,False,GLOBAL,ALL,2020-01-01,2099-12-31,Jamendo CC License,https://creativecommons.org/licenses/,2026-08-24 12:23:39
5c15bea1-6532-45d3-ad42-a3f22e59d2c8,01a86f42-08a7-47de-b34b-7d6c271ddaac,edeee9b7-3e89-47a2-b343-ae875afe868c,CC_BY,PROTECTED,True,True,True,True,False,GLOBAL,ALL,2020-01-01,2099-12-31,Jamendo CC License,https://creativecommons.org/licenses/,2026-08-24 12:23:39
df2bb2a2-bf0e-46c5-9fad-efa5398b6682,1cf1e753-fa0a-47e1-9565-757aa0bbfea7,7a9d7e1f-d97d-491d-9464-0058ae2b8291,CC_BY,PROTECTED,True,True,True,True,False,GLOBAL,ALL,2020-01-01,2099-12-31,Jamendo CC License,https://creativecommons.org/licenses/,2026-08-24 12:23:39
35307ee8-1fb5-4e94-a707-b7bf9623c661,960251dc-ac5d-4af3-99e6-16954bc9c9ea,38d181a6-f856-4dba-9567-fac75767a197,CC_BY,PROTECTED,True,True,True,True,False,GLOBAL,ALL,2020-01-01,2099-12-31,Jamendo CC License,https://creativecommons.org/licenses/,2026-08-24 12:23:39
e0576e49-5dc6-4f30-aeb8-c2e15a889350,3c5caa83-3125-42a4-b561-0cd2f84f9cd5,34f90194-c784-4e7c-a90a-59aa41286132,CC_BY,PROTECTED,True,True,True,True,False,GLOBAL,ALL,2020-01-01,2099-12-31,Jamendo CC License,https://creativecommons.org/licenses/,2026-08-24 12:23:39
91de8d17-e40b-4899-bc29-16dfeebb084f,4b0b8341-5bf8-4f24-ae66-a9368687a367,7f4b73f9-3f74-4dc3-89ce-30d710a69e5b,CC_BY,PROTECTED,True,True,True,True,False,GLOBAL,ALL,2020-01-01,2099-12-31,Jamendo CC License,https://creativecommons.org/licenses/,2026-08-24 12:23:39
2975b4f2-a704-4383-a77f-b294ac1bccdb,d5392059-07e2-4fa3-89ce-2e397e525355,6ef1d627-a426-4304-972c-cdc49a44d8f0,CC_BY,PROTECTED,True,True,True,True,False,GLOBAL,ALL,2020-01-01,2099-12-31,Jamendo CC License,https://creativecommons.org/licenses/,2026-08-24 12:23:39
43ae57d0-7aa3-43cf-b1c7-8d0aa8a64f14,a176e3ea-c85a-4486-b2e9-d33da9062bdb,e0a5cc8d-cf87-47ba-a32b-03f6e57c8e3e,CC_BY,PROTECTED,True,True,True,True,False,GLOBAL,ALL,2020-01-01,2099-12-31,Jamendo CC License,https://creativecommons.org/licenses/,2026-08-24 12:23:39
0fc3ec92-61e6-4694-aefe-9f87470701fa,7717f3d6-2aa4-481d-8537-f5c63f53358f,46debd0d-9058-4e44-8bef-4ab000d6dc3a,CC_BY,PROTECTED,True,True,True,True,False,GLOBAL,ALL,2020-01-01,2099-12-31,Jamendo CC License,https://creativecommons.org/licenses/,2026-08-24 12:23:39
7394a7fd-26ef-4a23-a990-177177238b89,af29bf6c-4738-4620-8ec1-f43004d8eedd,74bfe0e5-35fa-4d96-ab94-bf53a868e10c,CC_BY,PROTECTED,True,True,True,True,False,GLOBAL,ALL,2020-01-01,2099-12-31,Jamendo CC License,https://creativecommons.org/licenses/,2026-08-24 12:23:39
90ce8803-4796-4b4e-8be0-a4159b6a4aeb,2819d887-5ff1-4603-a2fb-d6e2fd18583e,91496d9a-1f9e-4553-80fe-2ae61f27cc0d,CC_BY,PROTECTED,True,True,True,True,False,GLOBAL,ALL,2020-01-01,2099-12-31,Jamendo CC License,https://creativecommons.org/licenses/,2026-08-24 12:23:39
1f6f2373-42ca-4e35-bf9e-df8eaaf1f544,dd91194b-df01-4583-a84f-7cca7d9daf23,5540b072-dd30-43c2-832e-93bc3bd7b7e5,CC_BY,PROTECTED,True,True,True,True,False,GLOBAL,ALL,2020-01-01,2099-12-31,Jamendo CC License,https://creativecommons.org/licenses/,2026-08-24 12:23:39
1899efb4-4dac-4bd9-af29-e9f887992643,106c98ca-a4b0-48a6-b24c-ebd3a96692ff,f0d5a88e-c11b-4a44-9f38-b77d4a0f2dd6,CC_BY,PROTECTED,True,True,True,True,False,GLOBAL,ALL,2020-01-01,2099-12-31,Jamendo CC License,https://creativecommons.org/licenses/,2026-08-24 12:23:39
0a39350d-8038-4364-8314-b1066a1e792e,d753f05a-61f8-45aa-ba45-82e9d5b78a80,23d0fca4-c22b-4035-b923-af6ab01b2a0a,CC_BY,PROTECTED,True,True,True,True,False,GLOBAL,ALL,2020-01-01,2099-12-31,Jamendo CC License,https://creativecommons.org/licenses/,2026-08-24 12:23:39
31526687-53c3-47ae-8cc4-e857ad2b7426,68ae8c47-3d87-4398-8ce9-76e9047ce85f,e20b61f6-c354-45a8-9590-5f7a66943290,CC_BY,PROTECTED,True,True,True,True,False,GLOBAL,ALL,2020-01-01,2099-12-31,Jamendo CC License,https://creativecommons.org/licenses/,2026-08-24 12:23:39
3388c36b-57c9-4664-8f53-a235a91b7dac,7eef1f0e-8491-4ff8-9550-163de1eb4674,6a468636-25ed-4b9d-8ea8-47581b365953,CC_BY,PROTECTED,True,True,True,True,False,GLOBAL,ALL,2020-01-01,2099-12-31,Jamendo CC License,https://creativecommons.org/licenses/,2026-08-24 12:23:39
4c964997-c284-4028-bb84-ad11788907d0,e65ff071-2619-405e-b255-9f750f643345,682e7bce-bbdd-46d8-9683-2feec4c94d4b,CC_BY,PROTECTED,True,True,True,True,False,GLOBAL,ALL,2020-01-01,2099-12-31,Jamendo CC License,https://creativecommons.org/licenses/,2026-08-24 12:23:39
3be1ea9d-08ab-4d7c-aa82-b2a0fc130f3f,b1adb056-5695-416e-8ce1-4cadb84b83cf,1d260aa0-a4b0-4e03-b25d-d95e3ea9c6c2,CC_BY,PROTECTED,True,True,True,True,False,GLOBAL,ALL,2020-01-01,2099-12-31,Jamendo CC License,https://creativecommons.org/licenses/,2026-08-24 12:23:39
aefb2f8d-f619-4f27-876b-a562e6c0bae5,64ef9d72-e94b-43a9-a995-94451f265e56,244fedbb-cbbf-4751-8f99-9ed40993a6b4,CC_BY,PROTECTED,True,True,True,True,False,GLOBAL,ALL,2020-01-01,2099-12-31,Jamendo CC License,https://creativecommons.org/licenses/,2026-08-24 12:23:39
6fce2119-468f-4127-83c1-7b1bf71f1cd0,5151043f-6485-4d26-851e-b5783127be83,8c20b1a1-b50d-4eb2-801e-4159d59fd1c6,CC_BY,PROTECTED,True,True,True,True,False,GLOBAL,ALL,2020-01-01,2099-12-31,Jamendo CC License,https://creativecommons.org/licenses/,2026-08-24 12:23:39
c181e708-6518-4580-8ae6-cb4d08980a78,4c349573-cdae-4278-b45b-c1e2cfe80ac5,b062c196-87bb-49b0-b8aa-d7a7ee65af2f,CC_BY,PROTECTED,True,True,True,True,False,GLOBAL,ALL,2020-01-01,2099-12-31,Jamendo CC License,https://creativecommons.org/licenses/,2026-08-24 12:23:39
009bb181-c754-42e4-9406-2e738e5ed783,9a3a2a9a-6ff8-4367-9a4e-c7f3bd7277c2,aea37c6a-8843-41a4-bf56-2f24bc02ddb9,CC_BY,PROTECTED,True,True,True,True,False,GLOBAL,ALL,2020-01-01,2099-12-31,Jamendo CC License,https://creativecommons.org/licenses/,2026-08-24 12:23:39
d2e4b789-ff0a-449f-825a-e5412221843f,1001fd33-ee89-451c-82b4-a34e2716e7cb,39a0c3b9-3825-4e42-be56-e9d2a3cf32b3,CC_BY,PROTECTED,True,True,True,True,False,GLOBAL,ALL,2020-01-01,2099-12-31,Jamendo CC License,https://creativecommons.org/licenses/,2026-08-24 12:23:39
c5f126b8-6f71-4d5f-8a4c-161e880a9b19,10a12ce7-1c3d-4d6e-8dfd-45c4a40ee63e,6a5db101-8a47-48ff-8e79-728f94c1524e,CC_BY,PROTECTED,True,True,True,True,False,GLOBAL,ALL,2020-01-01,2099-12-31,Jamendo CC License,https://creativecommons.org/licenses/,2026-08-24 12:23:39
21429195-633a-41a8-85f1-b0e71ab365e6,4a47bfa1-5e24-4e38-905a-3656ab43c91a,96dd6281-5df9-40a0-81f4-ca3aaffec23f,CC_BY,PROTECTED,True,True,True,True,False,GLOBAL,ALL,2020-01-01,2099-12-31,Jamendo CC License,https://creativecommons.org/licenses/,2026-08-24 12:23:39
5f599338-a635-4a90-9f73-25c7dca75bff,8882ebd2-344f-4785-a59b-ed85b6a1efc2,2826645d-d25b-44a0-8425-eaef93e0c1e7,CC_BY,PROTECTED,True,True,True,True,False,GLOBAL,ALL,2020-01-01,2099-12-31,Jamendo CC License,https://creativecommons.org/licenses/,2026-08-24 12:23:39
ad2dee7d-09ac-4a4c-9ed0-e4b7bec248d7,c1302f2f-601f-411a-8e1d-cbe293e6f40c,568e4f16-2211-42bf-879d-eb67971c73ed,CC_BY,PROTECTED,True,True,True,True,False,GLOBAL,ALL,2020-01-01,2099-12-31,Jamendo CC License,https://creativecommons.org/licenses/,2026-08-24 12:23:39
f1ba97ca-5017-46bc-826a-7cc9e580046b,f95b7399-463b-45ee-bfa1-73cac5f5795f,6046bd49-fd30-45a5-be0b-39dd5ca46aa9,CC_BY,PROTECTED,True,True,True,True,False,GLOBAL,ALL,2020-01-01,2099-12-31,Jamendo CC License,https://creativecommons.org/licenses/,2026-08-24 12:23:39
953a5a80-ef48-4324-87e2-f060b8888dd7,dd6c69c4-4e38-407a-a453-135e6e16125c,1718d29a-a905-4226-933d-c85b074cbfb7,CC_BY,PROTECTED,True,True,True,True,False,GLOBAL,ALL,2020-01-01,2099-12-31,Jamendo CC License,https://creativecommons.org/licenses/,2026-08-24 12:23:39
5acdbb9b-a8e9-40dd-848c-8a26bc4c9c1e,08c602c4-3bcf-488c-a7bf-17b974be46dc,f214faf1-2db2-417d-9d1b-e3c853ba13c7,CC_BY,PROTECTED,True,True,True,True,False,GLOBAL,ALL,2020-01-01,2099-12-31,Jamendo CC License,https://creativecommons.org/licenses/,2026-08-24 12:23:39
0de8c90a-7aef-41ac-8343-a17da3218273,bfa64f2b-2d56-4f97-82e1-14bbff8e547a,eed2f73f-b6a6-4692-99e6-18e0a25227b6,CC_BY,PROTECTED,True,True,True,True,False,GLOBAL,ALL,2020-01-01,2099-12-31,Jamendo CC License,https://creativecommons.org/licenses/,2026-08-24 12:23:39
c31864a0-557b-4517-b4a4-c06099fa2012,8299d385-228a-46f5-bde5-5b23ce6ae1c0,35ef065c-0634-4799-be59-5f03d9c4027e,CC_BY,PROTECTED,True,True,True,True,False,GLOBAL,ALL,2020-01-01,2099-12-31,Jamendo CC License,https://creativecommons.org/licenses/,2026-08-24 12:23:39
0475315a-91a6-4717-8de7-c5f938f56a65,90b95180-9c54-49eb-bbbd-1bbe2c3387a3,7257228d-ac3e-4b38-8527-e68cc03b7863,CC_BY,PROTECTED,True,True,True,True,False,GLOBAL,ALL,2020-01-01,2099-12-31,Jamendo CC License,https://creativecommons.org/licenses/,2026-08-24 12:23:39
2cc5b4ff-99d2-41c9-8f94-5dbfb4ab3eaa,f4d9eed2-cde3-4b4b-b72f-9c6affe52bc0,744cfddc-08a0-4e3a-a12e-e6f2bafa87e9,CC_BY,PROTECTED,True,True,True,True,False,GLOBAL,ALL,2020-01-01,2099-12-31,Jamendo CC License,https://creativecommons.org/licenses/,2026-08-24 12:23:39
41441cc7-7bfe-4a5e-834b-d546560fe8b3,365de0d0-223d-477c-a392-919fbb5cfb83,739f6f8a-6158-4251-9650-3f97026de32d,CC_BY,PROTECTED,True,True,True,True,False,GLOBAL,ALL,2020-01-01,2099-12-31,Jamendo CC License,https://creativecommons.org/licenses/,2026-08-24 12:23:39
5bbe4a40-7960-4b08-9d90-023a4680bd20,0369cdfd-fd8c-4309-bb35-1fc886f2c500,7221074b-35a7-44c9-bbd5-92649f4dceb4,CC_BY,PROTECTED,True,True,True,True,False,GLOBAL,ALL,2020-01-01,2099-12-31,Jamendo CC License,https://creativecommons.org/licenses/,2026-08-24 12:23:39
5c4a3798-e889-4f06-847b-b3cafd856478,89bbf1d0-41bf-456c-a6db-4e90992e2f76,750ec2b1-b3bd-4687-8b83-2fcc66d06538,CC_BY,PROTECTED,True,True,True,True,False,GLOBAL,ALL,2020-01-01,2099-12-31,Jamendo CC License,https://creativecommons.org/licenses/,2026-08-24 12:23:39
8b435ba7-20b4-4064-8fc3-091ff15397af,f82ffba8-6367-42f5-94fd-6db0affb0201,0efdcef3-6d33-437c-bf68-9513000c8199,CC_BY,PROTECTED,True,True,True,True,False,GLOBAL,ALL,2020-01-01,2099-12-31,Jamendo CC License,https://creativecommons.org/licenses/,2026-08-24 12:23:39
7af63611-8384-406a-b3cf-f1067b16583f,557a9ea6-1567-4287-8958-ca69f4544dce,cbc83a09-fc8a-418f-a566-a472081dcda5,CC_BY,PROTECTED,True,True,True,True,False,GLOBAL,ALL,2020-01-01,2099-12-31,Jamendo CC License,https://creativecommons.org/licenses/,2026-08-24 12:23:39
2fbcd05a-4d8c-44ff-bfce-b3a2f0df31c3,b3ce330e-008b-4349-8aa7-c9d7d4a47e39,28c7183f-05f6-438f-b665-8fb0a9ed1c3e,CC_BY,PROTECTED,True,True,True,True,False,GLOBAL,ALL,2020-01-01,2099-12-31,Jamendo CC License,https://creativecommons.org/licenses/,2026-08-24 12:23:39
24df1bc6-3bb4-4ab7-9abe-23fe8b6d89c1,42c602a1-5920-47f9-a4f8-4a3763cbffa7,5f0bef23-2282-4ed1-8e76-857c0801e996,CC_BY,PROTECTED,True,True,True,True,False,GLOBAL,ALL,2020-01-01,2099-12-31,Jamendo CC License,https://creativecommons.org/licenses/,2026-08-24 12:23:39
51078691-1598-4cb6-a8aa-6ad4920e53e4,61120a1a-5a01-48f6-8f13-45f1828c8ba8,6c8cf440-224a-49cb-bcd9-24945c2522ed,CC_BY,PROTECTED,True,True,True,True,False,GLOBAL,ALL,2020-01-01,2099-12-31,Jamendo CC License,https://creativecommons.org/licenses/,2026-08-24 12:23:39
f5b21966-d2df-4a7e-8f06-ec9d3d73c941,0515c8e2-d7e5-4c04-974c-542c1af9ee05,9172a874-e9c1-4164-ab12-150bc8e3eff9,CC_BY,PROTECTED,True,True,True,True,False,GLOBAL,ALL,2020-01-01,2099-12-31,Jamendo CC License,https://creativecommons.org/licenses/,2026-08-24 12:23:39
5282744a-67fa-425d-a9cc-bdea701599ee,101de6b7-0d0f-4096-9d10-297b8132cd2b,d06ca579-4563-4e6c-8911-3c7297053a14,CC_BY,PROTECTED,True,True,True,True,False,GLOBAL,ALL,2020-01-01,2099-12-31,Jamendo CC License,https://creativecommons.org/licenses/,2026-08-24 12:23:39
8d41a2c1-997b-4461-a4ba-f69c1952d420,d550f34d-9210-4f00-b1ad-41721978db98,7a1f8014-b297-4ccf-b727-993ab7d5c507,CC_BY,PROTECTED,True,True,True,True,False,GLOBAL,ALL,2020-01-01,2099-12-31,Jamendo CC License,https://creativecommons.org/licenses/,2026-08-24 12:23:39
d36014b2-e57e-4d87-a6bd-8e91c718ffbb,bf3f5ed5-2357-4dd9-9e9e-b8de73a6eaa0,df3b66c8-c3b3-4a6a-b152-5c331689e00c,CC_BY,PROTECTED,True,True,True,True,False,GLOBAL,ALL,2020-01-01,2099-12-31,Jamendo CC License,https://creativecommons.org/licenses/,2026-08-24 12:23:39
659a3f36-59f6-4806-a6ee-c53b2c4fd3db,d1d6d2ae-509c-4ec8-8892-59acc96b7338,dc8843f1-55e4-4f95-980b-4b217392e397,CC_BY,PROTECTED,True,True,True,True,False,GLOBAL,ALL,2020-01-01,2099-12-31,Jamendo CC License,https://creativecommons.org/licenses/,2026-08-24 12:23:39
b8b02e6b-2216-4d14-a306-aaf3d810e984,4e775bea-b52e-43d7-81e5-91cee47eccc8,32d50291-c26c-4be2-a554-5f4a9c24e401,CC_BY,PROTECTED,True,True,True,True,False,GLOBAL,ALL,2020-01-01,2099-12-31,Jamendo CC License,https://creativecommons.org/licenses/,2026-08-24 12:23:39
d535619c-44cc-45a9-ad2c-ba7a16da69e8,82affb80-31eb-451c-a661-01437c1cdeba,fead2f50-8b95-4913-93d8-e2e430611020,CC_BY,PROTECTED,True,True,True,True,False,GLOBAL,ALL,2020-01-01,2099-12-31,Jamendo CC License,https://creativecommons.org/licenses/,2026-08-24 12:23:39
9e3a10f2-a605-4edb-816f-bddc05ba91e9,e6b9520b-a3b8-48f0-8d02-9671b6d84ecc,89739b95-4898-4785-937e-266cd17decd2,CC_BY,PROTECTED,True,True,True,True,False,GLOBAL,ALL,2020-01-01,2099-12-31,Jamendo CC License,https://creativecommons.org/licenses/,2026-08-24 12:23:39
ad86aae0-caa8-4489-b5b7-ed76fa77e979,0d8ccb99-c3f1-4a42-8343-636e3389e146,93872653-89e0-4c4f-b6d6-9389e37c6419,CC_BY,PROTECTED,True,True,True,True,False,GLOBAL,ALL,2020-01-01,2099-12-31,Jamendo CC License,https://creativecommons.org/licenses/,2026-08-24 12:23:39
ee0fa5ab-85df-4ee4-93cf-434f461d9ea4,1cdc4076-e4d2-40f6-ac47-7ed5b77418ec,49c055ea-65d4-42ab-b83d-f1cf409c6629,CC_BY,PROTECTED,True,True,True,True,False,GLOBAL,ALL,2020-01-01,2099-12-31,Jamendo CC License,https://creativecommons.org/licenses/,2026-08-24 12:23:39
903cd119-01f9-4891-aacf-83bc472e218d,174e517b-8b86-4bf3-b242-81624485603e,ce353cd5-4a22-40dc-b221-cd5bfcde278b,CC_BY,PROTECTED,True,True,True,True,False,GLOBAL,ALL,2020-01-01,2099-12-31,Jamendo CC License,https://creativecommons.org/licenses/,2026-08-24 12:23:39
fa70151a-ea69-492b-a4c8-1810b6528458,c7a46652-2f36-4ebb-851f-160fadeef9c7,5ba24d5d-7abf-4f6b-a04b-0ef321295635,CC_BY,PROTECTED,True,True,True,True,False,GLOBAL,ALL,2020-01-01,2099-12-31,Jamendo CC License,https://creativecommons.org/licenses/,2026-08-24 12:23:39
f05407b3-1bbb-4c30-a0b1-6a2767263fbd,1e7e38a8-08c2-4b81-9ee0-789349350c13,682470f8-4dee-4d4d-ad01-40d3d8e6b263,CC_BY,PROTECTED,True,True,True,True,False,GLOBAL,ALL,2020-01-01,2099-12-31,Jamendo CC License,https://creativecommons.org/licenses/,2026-08-24 12:23:39
f3ae6515-49d6-49f3-89cd-d36a55b9bb35,158f7d3d-a7ad-4c61-b387-6a3e992478eb,b534ce18-1df7-4095-9c8f-b481066fc023,CC_BY,PROTECTED,True,True,True,True,False,GLOBAL,ALL,2020-01-01,2099-12-31,Jamendo CC License,https://creativecommons.org/licenses/,2026-08-24 12:23:39
bfe82559-ebfe-4c33-b385-749f4cbdd9ca,a46b1213-dce6-4789-a9b1-6350eb045cc6,35cb6ae2-beea-43a9-8e52-62a870acac73,CC_BY,PROTECTED,True,True,True,True,False,GLOBAL,ALL,2020-01-01,2099-12-31,Jamendo CC License,https://creativecommons.org/licenses/,2026-08-24 12:23:39
9aea37e7-07e2-4656-99ab-17b9d5f572d9,40411df6-d789-4c6b-9292-f289e87a8f73,06b1861a-ce1b-4595-aafa-a2de4a4c575f,CC_BY,PROTECTED,True,True,True,True,False,GLOBAL,ALL,2020-01-01,2099-12-31,Jamendo CC License,https://creativecommons.org/licenses/,2026-08-24 12:23:39
4b20414c-cbd6-4817-8435-9bd5fee2e22f,41f785b1-b202-4abd-a91f-7710d4379f0e,5f449bcc-e620-4476-bcae-1ece8b8b4485,CC_BY,PROTECTED,True,True,True,True,False,GLOBAL,ALL,2020-01-01,2099-12-31,Jamendo CC License,https://creativecommons.org/licenses/,2026-08-24 12:23:39
ba99cfc9-74fa-4915-94aa-0c7aa4edea46,0cd110dc-1e54-4e55-98e6-28caa67d789d,aaf84a6c-51da-4061-9684-a4a885e42c1f,CC_BY,PROTECTED,True,True,True,True,False,GLOBAL,ALL,2020-01-01,2099-12-31,Jamendo CC License,https://creativecommons.org/licenses/,2026-08-24 12:23:39
71743ffc-d126-4d21-a37d-cf3d14077839,31855576-94b3-41e9-8104-38957ac46ece,31a2b629-64e0-40d8-b573-a3348eb27d7f,CC_BY,PROTECTED,True,True,True,True,False,GLOBAL,ALL,2020-01-01,2099-12-31,Jamendo CC License,https://creativecommons.org/licenses/,2026-08-24 12:23:39
37411c6d-5691-4c55-8ca0-ec79d16794e9,229f4404-8956-414c-bffb-cf20b0f953e6,f832f8aa-2aca-47d6-8586-3862dd0d9872,CC_BY,PROTECTED,True,True,True,True,False,GLOBAL,ALL,2020-01-01,2099-12-31,Jamendo CC License,https://creativecommons.org/licenses/,2026-08-24 12:23:39
aa4169ae-72c8-4246-ab76-6eee2718b19a,968db280-df01-4259-803e-2c75a68f274e,b09e0e66-b909-4dc2-bcba-836d87c8136e,CC_BY,PROTECTED,True,True,True,True,False,GLOBAL,ALL,2020-01-01,2099-12-31,Jamendo CC License,https://creativecommons.org/licenses/,2026-08-24 12:23:39
c4e7c698-8953-4799-b6d9-21af632c1795,40ae6375-8899-4f36-8e29-eded11910b5e,1b891d68-a1b7-411d-8a7f-d3e2720497e3,CC_BY,PROTECTED,True,True,True,True,False,GLOBAL,ALL,2020-01-01,2099-12-31,Jamendo CC License,https://creativecommons.org/licenses/,2026-08-24 12:23:39
8b19f8ab-7b93-4894-b8d5-c3af20d0e69b,60c4d582-689e-445e-a5b5-5d9b74b9de60,6ad382a7-5acb-4c25-9bb6-ddc01db56765,CC_BY,PROTECTED,True,True,True,True,False,GLOBAL,ALL,2020-01-01,2099-12-31,Jamendo CC License,https://creativecommons.org/licenses/,2026-08-24 12:23:39
4cedd453-764d-4c71-a5eb-abb2c6223d5d,d9e6275f-683c-4bb7-ba75-c1e11af046c6,91a7198c-38ac-4a2f-aaea-5ff84ce9c037,CC_BY,PROTECTED,True,True,True,True,False,GLOBAL,ALL,2020-01-01,2099-12-31,Jamendo CC License,https://creativecommons.org/licenses/,2026-08-24 12:23:39
fb3df35e-00c4-4cc8-85c0-c999a462852f,502f57ec-a6a8-4660-a289-2303cab7df0e,b35f01a3-1196-49c4-a211-44e7ca9d0279,CC_BY,PROTECTED,True,True,True,True,False,GLOBAL,ALL,2020-01-01,2099-12-31,Jamendo CC License,https://creativecommons.org/licenses/,2026-08-24 12:23:39
9f407c00-a844-47ea-a05e-6515fae5abdb,ce75f510-7204-43ce-a35e-aff150f57b5c,d0cd7b51-4601-424b-9304-215b685483f8,CC_BY,PROTECTED,True,True,True,True,False,GLOBAL,ALL,2020-01-01,2099-12-31,Jamendo CC License,https://creativecommons.org/licenses/,2026-08-24 12:23:39
4eef9f79-8e5f-4907-aed8-255c8d55df4c,a1c5f8b5-9477-40ec-b809-a9e860de1747,dcacc89f-7ecc-42ef-be47-6a2e5b8bd5b9,CC_BY,PROTECTED,True,True,True,True,False,GLOBAL,ALL,2020-01-01,2099-12-31,Jamendo CC License,https://creativecommons.org/licenses/,2026-08-24 12:23:39
6d9615e4-c438-4006-9bec-f97c7824799e,5fd4905d-7325-4d51-9b53-e4790c2ecfd9,3ae9a3fb-6541-46d4-877f-c66d40eeaffc,CC_BY,PROTECTED,True,True,True,True,False,GLOBAL,ALL,2020-01-01,2099-12-31,Jamendo CC License,https://creativecommons.org/licenses/,2026-08-24 12:23:39
a023ca7e-3f94-4247-a61c-300d419d80bf,32c0c084-3d32-46d2-8c96-972d1da56d1c,cc2ecc80-3e87-4d83-9f55-900f600dabad,CC_BY,PROTECTED,True,True,True,True,False,GLOBAL,ALL,2020-01-01,2099-12-31,Jamendo CC License,https://creativecommons.org/licenses/,2026-08-24 12:23:39
ebe0b431-ba32-4c1f-a64c-e67d4da76572,323b9da4-8f80-4261-94fa-f889d0df2105,c5ba2e25-e6f7-4d4e-9968-3f603022b108,CC_BY,PROTECTED,True,True,True,True,False,GLOBAL,ALL,2020-01-01,2099-12-31,Jamendo CC License,https://creativecommons.org/licenses/,2026-08-24 12:23:39
420062f3-5b2b-4101-909f-774c63250699,6e3497d5-71ec-4125-9604-0074704c21e2,897df4f6-45d5-4584-95a6-999003097eee,CC_BY,PROTECTED,True,True,True,True,False,GLOBAL,ALL,2020-01-01,2099-12-31,Jamendo CC License,https://creativecommons.org/licenses/,2026-08-24 12:23:39
a8da75fa-8770-441f-b760-19d67a6bb76d,bbb0bfaa-d309-4d9b-bfe6-88b0cd7bd6dd,84795aad-c787-49b7-bb8b-9079871ef0e2,CC_BY,PROTECTED,True,True,True,True,False,GLOBAL,ALL,2020-01-01,2099-12-31,Jamendo CC License,https://creativecommons.org/licenses/,2026-08-24 12:23:39
c7ecea99-f289-40d6-968f-9d5f376e327c,b6a3c25d-d4d7-4290-a16b-cfbcd8cd84bb,35f0315d-9851-4cae-a066-4c8606f87b7e,CC_BY,PROTECTED,True,True,True,True,False,GLOBAL,ALL,2020-01-01,2099-12-31,Jamendo CC License,https://creativecommons.org/licenses/,2026-08-24 12:23:39
ba40e9a5-7612-44f3-b865-6d0d95188bba,f9dfe9ca-fa29-4b2d-9a67-452095031125,27ddea6a-91ad-428b-ad5f-9a5c0b9fe2df,CC_BY,PROTECTED,True,True,True,True,False,GLOBAL,ALL,2020-01-01,2099-12-31,Jamendo CC License,https://creativecommons.org/licenses/,2026-08-24 12:23:39
abc59201-7531-4d10-bb00-214cdd4eb29b,f98799e0-abb4-4e25-b881-7e0bfa64bdbe,97f78bd8-2b9e-44a6-ad18-e33a7f5a7b59,CC_BY,PROTECTED,True,True,True,True,False,GLOBAL,ALL,2020-01-01,2099-12-31,Jamendo CC License,https://creativecommons.org/licenses/,2026-08-24 12:23:39
8cc97a3c-f41f-4941-86b0-1e902d82244b,ad79a155-4274-496e-bd9e-a9c2b902b6e4,8f9c8afe-79ce-4dfd-85e3-99eef9104be1,CC_BY,PROTECTED,True,True,True,True,False,GLOBAL,ALL,2020-01-01,2099-12-31,Jamendo CC License,https://creativecommons.org/licenses/,2026-08-24 12:23:39
1af3adc7-5ec1-4c6d-b145-1a74564a2ab7,1f8f7c29-86ad-45a1-b998-f94eac61b2f1,774f581f-2f6c-45c7-865c-1a8cbb928dc2,CC_BY,PROTECTED,True,True,True,True,False,GLOBAL,ALL,2020-01-01,2099-12-31,Jamendo CC License,https://creativecommons.org/licenses/,2026-08-24 12:23:39
e243125d-0712-47b4-b9f5-73d4a4427079,12cf3c73-c22b-4c29-b9d7-7064f7343fc0,bf346246-166a-4c92-b030-96e462ff75c5,CC_BY,PROTECTED,True,True,True,True,False,GLOBAL,ALL,2020-01-01,2099-12-31,Jamendo CC License,https://creativecommons.org/licenses/,2026-08-24 12:23:39
71e4a7a4-2ccd-47ae-ac63-49a3f0033ba1,f1a4f48c-6356-42f4-9c2f-7145d2b7667e,4fff39ab-e8d4-44f6-8fb3-a34105fb36d4,CC_BY,PROTECTED,True,True,True,True,False,GLOBAL,ALL,2020-01-01,2099-12-31,Jamendo CC License,https://creativecommons.org/licenses/,2026-08-24 12:23:39
efbe72e0-7733-4831-bcc5-9ce22f045ce5,19329e01-f94b-4ded-89e8-740279859d28,769793cb-2744-4341-b22f-428081290c07,CC_BY,PROTECTED,True,True,True,True,False,GLOBAL,ALL,2020-01-01,2099-12-31,Jamendo CC License,https://creativecommons.org/licenses/,2026-08-24 12:23:39
91469824-0097-4400-a84a-daca1a39b5ab,5e6da4b8-835f-4bf6-8a62-54569e5f9d5c,a4f1a4c9-e81f-4f9c-a287-85589812fbb3,CC_BY,PROTECTED,True,True,True,True,False,GLOBAL,ALL,2020-01-01,2099-12-31,Jamendo CC License,https://creativecommons.org/licenses/,2026-08-24 12:23:39
2d285674-295c-4092-897d-b38a80ae24bf,47aeb38d-5dec-41a6-b1b5-ca1a9f00b119,fd1a7292-754e-4401-9c40-236547c9e549,CC_BY,PROTECTED,True,True,True,True,False,GLOBAL,ALL,2020-01-01,2099-12-31,Jamendo CC License,https://creativecommons.org/licenses/,2026-08-24 12:23:39
8e837b80-9887-4036-b3e7-e2b23939096b,f4d566f0-3499-45d2-8989-efc06bc5671b,5104d090-dc95-4cfc-a2ea-30a4bc4906a0,CC_BY,PROTECTED,True,True,True,True,False,GLOBAL,ALL,2020-01-01,2099-12-31,Jamendo CC License,https://creativecommons.org/licenses/,2026-08-24 12:23:39
20130389-c608-40e8-b0f6-13d17d3c3fbc,9fb715e5-6b05-42b2-a0e0-b0299d79e61d,ecb5449e-b9d9-4409-af89-a99b424bb80b,CC_BY,PROTECTED,True,True,True,True,False,GLOBAL,ALL,2020-01-01,2099-12-31,Jamendo CC License,https://creativecommons.org/licenses/,2026-08-24 12:23:39
a441b108-0440-4af2-acf4-309f32cd6a05,35e7c9d0-40a1-4dee-88cc-8620fb59f767,70044c6b-6727-4cac-9a50-f4c0955a9cde,CC_BY,PROTECTED,True,True,True,True,False,GLOBAL,ALL,2020-01-01,2099-12-31,Jamendo CC License,https://creativecommons.org/licenses/,2026-08-24 12:23:39
271fe4cb-408b-497b-bf69-dcf101f3ef96,e52f1c81-436c-488a-b004-47909b3a3f07,4f1732d6-19ed-4871-8ab3-416e28bddda5,CC_BY,PROTECTED,True,True,True,True,False,GLOBAL,ALL,2020-01-01,2099-12-31,Jamendo CC License,https://creativecommons.org/licenses/,2026-08-24 12:23:39
94f331ee-30b4-46cd-b919-977cf8b270c7,237346a3-061f-4186-acdd-697edc545379,536f19c1-3786-489c-849e-ebeb51671b0d,CC_BY,PROTECTED,True,True,True,True,False,GLOBAL,ALL,2020-01-01,2099-12-31,Jamendo CC License,https://creativecommons.org/licenses/,2026-08-24 12:23:39
06ddcb8e-ce46-4eac-bfea-6e20f5d60e9b,117fa518-3ad5-4626-86fe-891d6aba8d3f,bcfcb296-2e48-4e52-9e23-274d0d73fd5e,CC_BY,PROTECTED,True,True,True,True,False,GLOBAL,ALL,2020-01-01,2099-12-31,Jamendo CC License,https://creativecommons.org/licenses/,2026-08-24 12:23:39
ca7e0210-dc53-4f2e-b73a-f1b07be42da8,a68dcb38-c3d8-470e-8287-62a321a922c5,3b97323d-ac51-44c2-8614-161f2149529c,CC_BY,PROTECTED,True,True,True,True,False,GLOBAL,ALL,2020-01-01,2099-12-31,Jamendo CC License,https://creativecommons.org/licenses/,2026-08-24 12:23:39
6dccdd54-bb14-4b07-9e6c-de11c8a08ad5,e6d5e365-d59a-4c6e-9f94-290ff040f984,4c4b9930-f828-4e59-acda-b7dee2c7067e,CC_BY,PROTECTED,True,True,True,True,False,GLOBAL,ALL,2020-01-01,2099-12-31,Jamendo CC License,https://creativecommons.org/licenses/,2026-08-24 12:23:39
9c5b4341-a6a4-4889-8b62-81b5893d32b5,920d2948-5d18-4f36-94f6-4c5ce990eff6,c0517258-1b6b-4248-91c0-fd910703d92f,CC_BY,PROTECTED,True,True,True,True,False,GLOBAL,ALL,2020-01-01,2099-12-31,Jamendo CC License,https://creativecommons.org/licenses/,2026-08-24 12:23:39
6290d073-dffa-407a-b3cb-aecd98338564,3f6f7463-6253-4e47-8626-78d2f27817f4,6402e703-008d-4fcd-bb7c-30b1aa3c04bd,CC_BY,PROTECTED,True,True,True,True,False,GLOBAL,ALL,2020-01-01,2099-12-31,Jamendo CC License,https://creativecommons.org/licenses/,2026-08-24 12:23:39
2ae51b01-cb1b-4d2c-af64-2d607e177e2f,ee76b773-1b6d-48d8-89ec-1ed8c08fa88c,cce00a4c-851e-4b72-9da2-43d970d81689,CC_BY,PROTECTED,True,True,True,True,False,GLOBAL,ALL,2020-01-01,2099-12-31,Jamendo CC License,https://creativecommons.org/licenses/,2026-08-24 12:23:39
138b7c1d-a9b5-42fa-8181-4df23539e5c8,7afbd28f-68b9-4811-8599-5d215226e49c,973f3b88-29d2-46f2-b308-c4a3aa91c806,CC_BY,PROTECTED,True,True,True,True,False,GLOBAL,ALL,2020-01-01,2099-12-31,Jamendo CC License,https://creativecommons.org/licenses/,2026-08-24 12:23:39
03819123-814d-433a-8b1e-a97e0b719161,a9af0637-ad9f-4072-a60a-6588f899ee2d,7ac772dd-e074-454f-9f0e-f65617c797f0,CC_BY,PROTECTED,True,True,True,True,False,GLOBAL,ALL,2020-01-01,2099-12-31,Jamendo CC License,https://creativecommons.org/licenses/,2026-08-24 12:23:39
f28bc8f6-35bf-474e-8c6c-67428a989e5f,4e8fa5e8-e84d-47dd-a965-d4fed9fa7be6,e51ff952-c488-41c9-9b51-be457b908e72,CC_BY,PROTECTED,True,True,True,True,False,GLOBAL,ALL,2020-01-01,2099-12-31,Jamendo CC License,https://creativecommons.org/licenses/,2026-08-24 12:23:39
fb410d0e-641b-45fd-88bb-aee370432a96,6cb61fe3-9d1d-4fab-a1ce-00bc0a510a63,17ab06fc-c7f1-455a-a56f-0f3d5f87128f,CC_BY,PROTECTED,True,True,True,True,False,GLOBAL,ALL,2020-01-01,2099-12-31,Jamendo CC License,https://creativecommons.org/licenses/,2026-08-24 12:23:39
41834639-4098-4d7b-bf4c-f111fa72f43a,41af0944-cd97-483b-94eb-53b97370727a,2914d87c-42db-4545-838e-47e0e9a868fd,CC_BY,PROTECTED,True,True,True,True,False,GLOBAL,ALL,2020-01-01,2099-12-31,Jamendo CC License,https://creativecommons.org/licenses/,2026-08-24 12:23:39
e648f646-fa08-4bc0-8e45-238e1c976636,2c0f89ec-2ce5-4959-87a3-0460d1601698,7114bdc2-5761-45da-b5ad-7f5a06448b12,CC_BY,PROTECTED,True,True,True,True,False,GLOBAL,ALL,2020-01-01,2099-12-31,Jamendo CC License,https://creativecommons.org/licenses/,2026-08-24 12:23:39
23559e83-dd0d-412f-acaa-69a7227930c4,42d740c2-7447-4e71-9783-7c0c089dd4d0,6aef4341-f071-47f1-9b40-f8eeb76cd824,CC_BY,PROTECTED,True,True,True,True,False,GLOBAL,ALL,2020-01-01,2099-12-31,Jamendo CC License,https://creativecommons.org/licenses/,2026-08-24 12:23:39
cb330334-35e3-4bca-b10b-cb683628264b,f0109440-819d-412e-bc93-11f6f598c722,a7d18933-737f-4c5a-a1b6-072a9da41143,CC_BY,PROTECTED,True,True,True,True,False,GLOBAL,ALL,2020-01-01,2099-12-31,Jamendo CC License,https://creativecommons.org/licenses/,2026-08-24 12:23:39
34ea178a-969b-4b09-80e9-5db102f47b96,845ec03c-9a43-4f82-b1b4-c8cb2303cc48,e8d2494a-dca0-4d6a-917d-77b09fcd076e,CC_BY,PROTECTED,True,True,True,True,False,GLOBAL,ALL,2020-01-01,2099-12-31,Jamendo CC License,https://creativecommons.org/licenses/,2026-08-24 12:23:39
c1671fe7-b2b5-437a-b6d5-c83111a16004,6f5dabef-9291-4848-b217-3a1209cc5cfd,29cadd44-c701-4993-a9b0-bd8bb6bafbc3,CC_BY,PROTECTED,True,True,True,True,False,GLOBAL,ALL,2020-01-01,2099-12-31,Jamendo CC License,https://creativecommons.org/licenses/,2026-08-24 12:23:39
3a917e57-4643-43e6-addc-b6d7e6dec416,459e413a-059e-4e9f-92b9-66b2bc08653e,75d5d253-933a-4abb-b4de-8ea3ebb40f63,CC_BY,PROTECTED,True,True,True,True,False,GLOBAL,ALL,2020-01-01,2099-12-31,Jamendo CC License,https://creativecommons.org/licenses/,2026-08-24 12:23:39
bb5498b7-cdb4-4622-b505-9a753b3aacc2,d28e86fe-6243-4d69-8ed1-660dfbdb8079,441fc521-1132-46ca-b13f-c8a66797cddf,CC_BY,PROTECTED,True,True,True,True,False,GLOBAL,ALL,2020-01-01,2099-12-31,Jamendo CC License,https://creativecommons.org/licenses/,2026-08-24 12:23:39
eba3b47c-2b99-4960-afca-58500662b47b,b6749162-1302-4db3-b19a-f2f5bcf9a397,41308d80-6580-4df8-b055-c4cf903802bb,CC_BY,PROTECTED,True,True,True,True,False,GLOBAL,ALL,2020-01-01,2099-12-31,Jamendo CC License,https://creativecommons.org/licenses/,2026-08-24 12:23:39
f1bfc3b9-800a-4db7-bc50-81c34139cf10,efe79a5f-91bc-437e-aecc-1ac2f32d5ecf,38b38b40-956e-414c-b0ed-d1800981fde2,CC_BY,PROTECTED,True,True,True,True,False,GLOBAL,ALL,2020-01-01,2099-12-31,Jamendo CC License,https://creativecommons.org/licenses/,2026-08-24 12:23:39
140b287e-5f0e-4c6b-8f9c-d80e3ad8351c,59912f45-62ce-4b63-9f68-8ce35fc1fff8,927c6c86-9a2d-4e28-a2fa-68ab96103e16,CC_BY,PROTECTED,True,True,True,True,False,GLOBAL,ALL,2020-01-01,2099-12-31,Jamendo CC License,https://creativecommons.org/licenses/,2026-08-24 12:23:39
cc556054-0789-407f-bbd2-8a514267dc36,3d3789b5-2654-4021-b358-421553a90bd7,0de6b884-f491-427c-bb83-89bbbedd3bdc,CC_BY,PROTECTED,True,True,True,True,False,GLOBAL,ALL,2020-01-01,2099-12-31,Jamendo CC License,https://creativecommons.org/licenses/,2026-08-24 12:23:39
c367ff34-8203-4aca-a464-63bc671fcf91,64c6c324-67b7-4fb6-8713-9616c88d4f81,59c2d98d-d938-48fa-9b54-20ddc1cfafd9,CC_BY,PROTECTED,True,True,True,True,False,GLOBAL,ALL,2020-01-01,2099-12-31,Jamendo CC License,https://creativecommons.org/licenses/,2026-08-24 12:23:39
95775554-0065-466c-8b1d-ece3ac8e0a45,7d72722a-621d-4109-a3ee-0a19505d03e7,f5ce4d1e-337e-4d38-8966-6ec0f6c98cc3,CC_BY,PROTECTED,True,True,True,True,False,GLOBAL,ALL,2020-01-01,2099-12-31,Jamendo CC License,https://creativecommons.org/licenses/,2026-08-24 12:23:39
43ef2e70-9747-4905-93c6-61645ecb3094,ee24a110-881b-4a2b-bf28-5d20c54870da,421d8a3a-ea62-4c1d-a1cc-13270aa6afff,CC_BY,PROTECTED,True,True,True,True,False,GLOBAL,ALL,2020-01-01,2099-12-31,Jamendo CC License,https://creativecommons.org/licenses/,2026-08-24 12:23:39
6f39ed48-7344-406e-825d-86309afdbf72,537079c5-b8b9-42b0-accd-c38032fb089e,1431f30c-e5c2-45c1-8781-3b03971b00be,CC_BY,PROTECTED,True,True,True,True,False,GLOBAL,ALL,2020-01-01,2099-12-31,Jamendo CC License,https://creativecommons.org/licenses/,2026-08-24 12:23:39
645517fa-db3e-4ca4-afa8-1f729e068d34,19f962ee-641d-4ed3-a08d-8e0b304b81db,650d6b4e-e3ff-4140-9f56-b580770277da,CC_BY,PROTECTED,True,True,True,True,False,GLOBAL,ALL,2020-01-01,2099-12-31,Jamendo CC License,https://creativecommons.org/licenses/,2026-08-24 12:23:39
22a5772b-944f-4b45-b491-877746440ea2,a5abf65c-cf9d-49e5-be2f-8f09fb8d481e,4fd5c5e5-6419-414d-93d3-5f59b3d833a6,CC_BY,PROTECTED,True,True,True,True,False,GLOBAL,ALL,2020-01-01,2099-12-31,Jamendo CC License,https://creativecommons.org/licenses/,2026-08-24 12:23:39
b7eb89b4-3f70-407f-842a-5c434b10dfbc,4d63e3a2-9e31-4c3d-bb95-efb5fcfe5475,54a02774-a2cc-491c-b38e-0a9090d503ba,CC_BY,PROTECTED,True,True,True,True,False,GLOBAL,ALL,2020-01-01,2099-12-31,Jamendo CC License,https://creativecommons.org/licenses/,2026-08-24 12:23:39
7e6693c2-9eea-44b0-ad2d-c7e4a62fa62b,fa202fb0-dbbc-4907-a450-a16f17ef7445,b5e59ba9-88f4-4e6b-99a2-2f61047c1d82,CC_BY,PROTECTED,True,True,True,True,False,GLOBAL,ALL,2020-01-01,2099-12-31,Jamendo CC License,https://creativecommons.org/licenses/,2026-08-24 12:23:39
3bb80e35-5c35-421d-a948-7879ccf8a215,803583f8-ac63-480d-8cc7-d2c35094c899,9e5ed74f-5ec4-47cc-b708-14aa952111cb,CC_BY,PROTECTED,True,True,True,True,False,GLOBAL,ALL,2020-01-01,2099-12-31,Jamendo CC License,https://creativecommons.org/licenses/,2026-08-24 12:23:39
227d2c64-6e80-4ac6-9a9a-eb301345806a,f92c4589-1c61-4648-b165-ffd167014eb8,48c9baa1-8cf6-4e6e-b239-19e50501a8b4,CC_BY,PROTECTED,True,True,True,True,False,GLOBAL,ALL,2020-01-01,2099-12-31,Jamendo CC License,https://creativecommons.org/licenses/,2026-08-24 12:23:39
9e3c96fc-0c13-4587-b302-3782f2b52e45,804e67de-ef47-4ae8-820a-9ce6af566905,9a75eb69-a539-4603-a42c-855993543002,CC_BY,PROTECTED,True,True,True,True,False,GLOBAL,ALL,2020-01-01,2099-12-31,Jamendo CC License,https://creativecommons.org/licenses/,2026-08-24 12:23:39
a3896710-5c94-4d87-b6e1-5d2598f0aef3,de79edaa-16ba-478c-b0c8-225613050c3a,0775bcd2-f6af-4eed-98e6-5443d82b9c6d,CC_BY,PROTECTED,True,True,True,True,False,GLOBAL,ALL,2020-01-01,2099-12-31,Jamendo CC License,https://creativecommons.org/licenses/,2026-08-24 12:23:39
36748d68-a4f4-4dc8-a177-2c46740dbf3a,c66707ac-c54a-4b3d-830a-d88c1a508cd0,f92e64c4-46e4-401c-8480-6cb386c0194b,CC_BY,PROTECTED,True,True,True,True,False,GLOBAL,ALL,2020-01-01,2099-12-31,Jamendo CC License,https://creativecommons.org/licenses/,2026-08-24 12:23:39
cc0de0ce-ea98-4885-aabc-544d5451a9ef,c938cd60-198d-4049-8f7b-ea549dd594b8,204e65c0-1372-4da5-840b-99ff5b4c2e36,CC_BY,PROTECTED,True,True,True,True,False,GLOBAL,ALL,2020-01-01,2099-12-31,Jamendo CC License,https://creativecommons.org/licenses/,2026-08-24 12:23:39
fa280501-369e-486f-84bb-9b506680f453,ba30a6e9-362a-4154-8721-e5a26898102f,2d30bc4d-80fb-4713-8c86-21d701261b4a,CC_BY,PROTECTED,True,True,True,True,False,GLOBAL,ALL,2020-01-01,2099-12-31,Jamendo CC License,https://creativecommons.org/licenses/,2026-08-24 12:23:39
3e6e8287-4bfe-4c65-b757-98233b03a987,5761c9ef-3fce-4061-bf37-c5040c0279b4,428341c1-921e-4b37-b8f8-f37ec83e0fed,CC_BY,PROTECTED,True,True,True,True,False,GLOBAL,ALL,2020-01-01,2099-12-31,Jamendo CC License,https://creativecommons.org/licenses/,2026-08-24 12:23:39
51bd85c6-e749-4b5e-b4f3-5bf6e1a1529c,2acab7e9-8ea0-4864-9295-51081d508dfa,ef18ecc2-25cf-4bf7-9562-ac38b5cdf09c,CC_BY,PROTECTED,True,True,True,True,False,GLOBAL,ALL,2020-01-01,2099-12-31,Jamendo CC License,https://creativecommons.org/licenses/,2026-08-24 12:23:39
d15daa15-97b6-4ead-a4ff-9f1ecdf4458e,91d18ec1-7438-4e6a-900e-8aeb9c47b1f1,7c9366ff-b70b-4924-9dc5-3c534909239a,CC_BY,PROTECTED,True,True,True,True,False,GLOBAL,ALL,2020-01-01,2099-12-31,Jamendo CC License,https://creativecommons.org/licenses/,2026-08-24 12:23:39
b543a4ab-6114-4a07-80fb-48cb92847019,526665f0-68cd-435a-90c1-3be8dca02fa8,7abe86fd-dd89-40c9-8037-3ffad8dd7c1f,CC_BY,PROTECTED,True,True,True,True,False,GLOBAL,ALL,2020-01-01,2099-12-31,Jamendo CC License,https://creativecommons.org/licenses/,2026-08-24 12:23:39
79e04451-eb62-4d28-9576-d3b04798e424,bbc0d2bb-f571-4de9-bbe2-f3e4f14eb940,1326b0b7-8a4c-4f26-aefa-7eb265d68963,CC_BY,PROTECTED,True,True,True,True,False,GLOBAL,ALL,2020-01-01,2099-12-31,Jamendo CC License,https://creativecommons.org/licenses/,2026-08-24 12:23:39
4750f893-84ac-4e5a-a3fc-0c3b7c56e78d,b3d7761d-e3fc-4a2e-ad43-864006debc49,6dcf6c5e-8703-46ff-af45-217cb0d72072,CC_BY,PROTECTED,True,True,True,True,False,GLOBAL,ALL,2020-01-01,2099-12-31,Jamendo CC License,https://creativecommons.org/licenses/,2026-08-24 12:23:39
f87dbd58-be8a-413d-b1f2-f1a25b383c26,2502658f-8b04-4311-980f-1472df0343bf,1ecdd2fc-a86a-4f00-8ac5-1081f8eae8f0,CC_BY,PROTECTED,True,True,True,True,False,GLOBAL,ALL,2020-01-01,2099-12-31,Jamendo CC License,https://creativecommons.org/licenses/,2026-08-24 12:23:39
278ddbec-702b-4fba-af7b-f772a3b5d5c7,b5193a8c-a3c5-4bfa-b642-a7543582657e,9af3e4a4-7774-4bba-b838-879983fef31a,CC_BY,PROTECTED,True,True,True,True,False,GLOBAL,ALL,2020-01-01,2099-12-31,Jamendo CC License,https://creativecommons.org/licenses/,2026-08-24 12:23:39
5e3f1fa9-4b39-4c94-878a-8b62107983fb,4e58454b-df5f-4579-b2cb-5906122a6032,376514bf-5b65-40b6-a52e-7da6c24b72f8,CC_BY,PROTECTED,True,True,True,True,False,GLOBAL,ALL,2020-01-01,2099-12-31,Jamendo CC License,https://creativecommons.org/licenses/,2026-08-24 12:23:39
9e6320c5-6cfb-4661-bf38-a9b445f8800f,908b5e06-09b1-4916-ae16-556787060fdd,6485eeb5-1cc4-4067-9431-3710094ad73d,CC_BY,PROTECTED,True,True,True,True,False,GLOBAL,ALL,2020-01-01,2099-12-31,Jamendo CC License,https://creativecommons.org/licenses/,2026-08-24 12:23:39
319c1a36-ec6e-46ab-9f9f-3692fb60248f,dcbfa141-1e0d-43f4-ae1b-5a9a3395df29,7ab50152-45cc-4972-a32d-8aeebbee9007,CC_BY,PROTECTED,True,True,True,True,False,GLOBAL,ALL,2020-01-01,2099-12-31,Jamendo CC License,https://creativecommons.org/licenses/,2026-08-24 12:23:39
0f0e1c86-f0e6-454e-bc90-01bdb53a1190,2af48042-acf9-48ad-8d26-de6a4129761e,081d08ab-c01a-42a2-96ea-b1d78ce9586f,CC_BY,PROTECTED,True,True,True,True,False,GLOBAL,ALL,2020-01-01,2099-12-31,Jamendo CC License,https://creativecommons.org/licenses/,2026-08-24 12:23:39
10a34b1b-c40e-47c7-945c-066e6222f5e1,09a7430c-a0f0-4789-a63b-4a32a0c67673,a732b426-81e8-4e96-af16-fdc1b74dbc1e,CC_BY,PROTECTED,True,True,True,True,False,GLOBAL,ALL,2020-01-01,2099-12-31,Jamendo CC License,https://creativecommons.org/licenses/,2026-08-24 12:23:39
e662ceae-c8ad-4e32-a36a-290cbe9975ea,87ec10fa-6c4d-4d5d-963e-a337e99ccde8,bf3dcf13-4001-4b6e-8e10-43a39bb64f89,CC_BY,PROTECTED,True,True,True,True,False,GLOBAL,ALL,2020-01-01,2099-12-31,Jamendo CC License,https://creativecommons.org/licenses/,2026-08-24 12:23:39
6b6b7c58-4779-497c-b490-d9ae7641a85f,942577fa-fafa-4ced-a877-5db35eef413a,31759e9d-95b5-4dd1-bd51-2082d496e64e,CC_BY,PROTECTED,True,True,True,True,False,GLOBAL,ALL,2020-01-01,2099-12-31,Jamendo CC License,https://creativecommons.org/licenses/,2026-08-24 12:23:39
bd896ba9-2a38-472f-8260-4cafa6ad082f,c66423ad-7790-4a16-861b-938f064c4282,374dd400-8cd1-46b7-867e-f8ec9964e10e,CC_BY,PROTECTED,True,True,True,True,False,GLOBAL,ALL,2020-01-01,2099-12-31,Jamendo CC License,https://creativecommons.org/licenses/,2026-08-24 12:23:39
8bb5c68a-86ce-406b-8596-95b953db9394,245ce9d5-5c7d-4c78-b023-43cf973a1e2d,2060e084-1515-49d4-964a-fbb7cfdef33e,CC_BY,PROTECTED,True,True,True,True,False,GLOBAL,ALL,2020-01-01,2099-12-31,Jamendo CC License,https://creativecommons.org/licenses/,2026-08-24 12:23:39
03cbf5f6-db48-4719-9a3e-27240be57c0c,0e7a43e9-a220-4cee-802f-0f62e86e83f8,de8a6e40-738f-438f-a642-349c51343499,CC_BY,PROTECTED,True,True,True,True,False,GLOBAL,ALL,2020-01-01,2099-12-31,Jamendo CC License,https://creativecommons.org/licenses/,2026-08-24 12:23:39
2c8d1efa-30d0-4d79-aec5-919a294a1234,7691471a-44aa-4d27-bc99-bd943785bb08,ca673c10-b9c7-4c51-84a3-9f37a39cd82a,CC_BY,PROTECTED,True,True,True,True,False,GLOBAL,ALL,2020-01-01,2099-12-31,Jamendo CC License,https://creativecommons.org/licenses/,2026-08-24 12:23:39
4961a90b-9045-4e70-b1b0-89ed10a2cecf,a3b1f790-5f64-4967-aaee-716337271bea,68ea7c56-594b-4394-9669-042c31561e9a,CC_BY,PROTECTED,True,True,True,True,False,GLOBAL,ALL,2020-01-01,2099-12-31,Jamendo CC License,https://creativecommons.org/licenses/,2026-08-24 12:23:39
40399b5e-fff2-43dd-b552-5684bff4c37c,be4a1512-dd13-4847-b676-f4ac9551140d,3ae5737a-fec9-47d8-9e72-8d7a1844dd5e,CC_BY,PROTECTED,True,True,True,True,False,GLOBAL,ALL,2020-01-01,2099-12-31,Jamendo CC License,https://creativecommons.org/licenses/,2026-08-24 12:23:39
0479c16e-6ecd-409a-80c6-9af1767f9043,53a074c8-a0f7-4124-a8dd-8cc6c0219715,461ea7e0-a8c6-4d8c-8d53-21d3eb7510d7,CC_BY,PROTECTED,True,True,True,True,False,GLOBAL,ALL,2020-01-01,2099-12-31,Jamendo CC License,https://creativecommons.org/licenses/,2026-08-24 12:23:39
32a00745-009b-438e-a275-5aac7df86759,6578534e-63e5-4592-8fce-83af53a56606,40999db8-1116-4cf6-bbc8-5dc0a4aa28b3,CC_BY,PROTECTED,True,True,True,True,False,GLOBAL,ALL,2020-01-01,2099-12-31,Jamendo CC License,https://creativecommons.org/licenses/,2026-08-24 12:23:39
653f45c2-d1a1-443f-add2-44408954ae5f,8bd12e7b-00ab-48cc-82e9-9039cbbf3da6,df098318-5a9b-425c-a0d5-172c7b25e565,CC_BY,PROTECTED,True,True,True,True,False,GLOBAL,ALL,2020-01-01,2099-12-31,Jamendo CC License,https://creativecommons.org/licenses/,2026-08-24 12:23:39
7455dbf1-751b-471b-8606-4386f6e2d356,36649a12-76cf-4079-82be-202177b660ec,0348611f-6b34-4886-9f54-0c28ded694ab,CC_BY,PROTECTED,True,True,True,True,False,GLOBAL,ALL,2020-01-01,2099-12-31,Jamendo CC License,https://creativecommons.org/licenses/,2026-08-24 12:23:39
fefdc2b6-514e-49d0-9a9f-606e0c0e9cd7,d9b9c2ad-7776-480c-b18f-55cfbcd30ce4,70eeb986-5b2f-47c6-8d9f-06fc603e0458,CC_BY,PROTECTED,True,True,True,True,False,GLOBAL,ALL,2020-01-01,2099-12-31,Jamendo CC License,https://creativecommons.org/licenses/,2026-08-24 12:23:39
ed81fe1b-5e92-4d60-acb3-e6cb01f2f50f,0a62522f-c432-416a-9bfb-4b25badd7d11,c50bd5b8-7390-4ae4-b840-9eee9ac6e7e3,CC_BY,PROTECTED,True,True,True,True,False,GLOBAL,ALL,2020-01-01,2099-12-31,Jamendo CC License,https://creativecommons.org/licenses/,2026-08-24 12:23:39
a61beb89-b5a4-418f-acde-9f3b30ee0345,0c886dcd-6bdb-4768-a12b-b6013fd8b0ad,771dac65-07be-48ad-9c28-a9562b3f3d22,CC_BY,PROTECTED,True,True,True,True,False,GLOBAL,ALL,2020-01-01,2099-12-31,Jamendo CC License,https://creativecommons.org/licenses/,2026-08-24 12:23:39
ab5bbe11-bb2a-4d14-8f14-7c0d03600c10,5d16d350-fcfa-4f51-9a4d-3556bb6a9c07,86ecab01-9581-47ed-8a37-35cc9868eeb7,CC_BY,PROTECTED,True,True,True,True,False,GLOBAL,ALL,2020-01-01,2099-12-31,Jamendo CC License,https://creativecommons.org/licenses/,2026-08-24 12:23:39
de049bf6-37f4-497c-9579-b97f9f53133a,0d3a28a4-359f-4bac-ac4e-999262a83455,319a2967-4504-496a-897e-f6fa26187bc2,CC_BY,PROTECTED,True,True,True,True,False,GLOBAL,ALL,2020-01-01,2099-12-31,Jamendo CC License,https://creativecommons.org/licenses/,2026-08-24 12:23:39
270190c6-a255-49ad-b917-44bcbe25c2c7,0d24827c-27d4-40ab-95a1-c6ac1eccd669,495c5f3f-c29d-456b-a371-bfe2fc667a7c,CC_BY,PROTECTED,True,True,True,True,False,GLOBAL,ALL,2020-01-01,2099-12-31,Jamendo CC License,https://creativecommons.org/licenses/,2026-08-24 12:23:39
44d67203-9b83-402f-8a2d-2935a41a9824,4375da1e-027e-457e-a0e7-936252d2aa02,fd352145-461e-4e14-9ea7-6974f779bff6,CC_BY,PROTECTED,True,True,True,True,False,GLOBAL,ALL,2020-01-01,2099-12-31,Jamendo CC License,https://creativecommons.org/licenses/,2026-08-24 12:23:39
55b83d96-9f2d-44cc-9649-5cfe64c00ca6,304e3e31-b84f-4383-8e6d-06e039f09b42,3c421c13-46e8-4a33-8b76-03b7d8f520d1,CC_BY,PROTECTED,True,True,True,True,False,GLOBAL,ALL,2020-01-01,2099-12-31,Jamendo CC License,https://creativecommons.org/licenses/,2026-08-24 12:23:39
8e632f70-286c-4d14-83b9-9f0c64796d05,4a9ed19e-dd5c-4410-a4c4-6ad7fac0857e,74617363-52d7-4735-837a-340cf75966e4,CC_BY,PROTECTED,True,True,True,True,False,GLOBAL,ALL,2020-01-01,2099-12-31,Jamendo CC License,https://creativecommons.org/licenses/,2026-08-24 12:23:39
4b604d7a-c925-4836-afe1-fc64da969b63,5abfc934-58dc-4aa4-8c67-65a27c7d1415,d9cf79e1-a43a-44b0-847e-a7aeba2bd64a,CC_BY,PROTECTED,True,True,True,True,False,GLOBAL,ALL,2020-01-01,2099-12-31,Jamendo CC License,https://creativecommons.org/licenses/,2026-08-24 12:23:39
9485b8ed-2710-4fd2-a6d9-6370c2bdec7b,d92fe469-6063-4409-b2b1-3f7d5e4a865c,030f3c93-cc00-450a-b76e-4044f4d9cc80,CC_BY,PROTECTED,True,True,True,True,False,GLOBAL,ALL,2020-01-01,2099-12-31,Jamendo CC License,https://creativecommons.org/licenses/,2026-08-24 12:23:39
026bfe99-c3e7-48ec-baa2-5acb7a94cde7,4fcfbaec-3676-4998-80a6-47979dbc6943,4da695db-95fd-4983-97e0-05211d691c6d,CC_BY,PROTECTED,True,True,True,True,False,GLOBAL,ALL,2020-01-01,2099-12-31,Jamendo CC License,https://creativecommons.org/licenses/,2026-08-24 12:23:39
de838999-5037-4447-b7e1-f3a5e6f0bf41,90977495-5581-47e2-a4b3-1a1f0470b58e,3bdd9c05-1f78-4321-969c-b29e71827c97,CC_BY,PROTECTED,True,True,True,True,False,GLOBAL,ALL,2020-01-01,2099-12-31,Jamendo CC License,https://creativecommons.org/licenses/,2026-08-24 12:23:39
4d3b1ae4-4c3e-463f-bb89-610b5d47304a,e1d1b73d-e388-4131-aac2-f97e2c68d48c,359ff52f-8a54-4ced-b68e-3ef6384b5d32,CC_BY,PROTECTED,True,True,True,True,False,GLOBAL,ALL,2020-01-01,2099-12-31,Jamendo CC License,https://creativecommons.org/licenses/,2026-08-24 12:23:39
0c3d6cde-0bde-4034-804c-c119fee0e47a,251e2448-6198-4da6-bfbc-810ce7a6171c,f6f78496-ca66-479f-b952-f90d20153f62,CC_BY,PROTECTED,True,True,True,True,False,GLOBAL,ALL,2020-01-01,2099-12-31,Jamendo CC License,https://creativecommons.org/licenses/,2026-08-24 12:23:39
f01fad0b-26d2-44a6-994e-b7fa3d78b6db,282bc94c-1960-4ded-825d-8a0923e85f45,0ad8181f-238d-4ff2-a7a2-fdf443583fcc,CC_BY,PROTECTED,True,True,True,True,False,GLOBAL,ALL,2020-01-01,2099-12-31,Jamendo CC License,https://creativecommons.org/licenses/,2026-08-24 12:23:39
32503087-81e3-4c10-af3f-d1fce8520179,5aa47a1a-69d3-4b35-80e6-28c182c17b01,58b84464-ff56-4d2e-8ac2-b64f41e24897,CC_BY,PROTECTED,True,True,True,True,False,GLOBAL,ALL,2020-01-01,2099-12-31,Jamendo CC License,https://creativecommons.org/licenses/,2026-08-24 12:23:39
e459387e-d047-4a9e-a25b-76824810541a,d3c0f07a-821e-4297-a594-177e67d0adf3,71f4dbbf-caa1-4377-a59b-7ef5a42e84a3,CC_BY,PROTECTED,True,True,True,True,False,GLOBAL,ALL,2020-01-01,2099-12-31,Jamendo CC License,https://creativecommons.org/licenses/,2026-08-24 12:23:39
ca3f6ce3-bf3e-4e9b-9432-712bf3088b82,588cf971-cdb0-49a6-9941-5f75759b3c20,46853553-17e2-4c9f-a863-506703c1110f,CC_BY,PROTECTED,True,True,True,True,False,GLOBAL,ALL,2020-01-01,2099-12-31,Jamendo CC License,https://creativecommons.org/licenses/,2026-08-24 12:23:39
3cea1c71-bc24-437d-a3ac-bf563a7fd927,cbe42fae-4e41-4176-af71-7f75cbe38671,5573eccf-fff7-4276-9471-86c20ccd502d,CC_BY,PROTECTED,True,True,True,True,False,GLOBAL,ALL,2020-01-01,2099-12-31,Jamendo CC License,https://creativecommons.org/licenses/,2026-08-24 12:23:39
fa10a1c3-6b7c-44b0-bbdb-a999f83fcba8,00276a52-c0f4-48a4-8612-96cff8301af0,9182f671-36bb-4781-9eda-9bdbe34809db,CC_BY,PROTECTED,True,True,True,True,False,GLOBAL,ALL,2020-01-01,2099-12-31,Jamendo CC License,https://creativecommons.org/licenses/,2026-08-24 12:23:39
201b393c-a383-4aeb-9428-cac57b343af3,5d9da4e6-8698-4ace-823e-e903668cdc9f,3bbe43cd-1695-4f7f-9000-0b5e1d3c5379,CC_BY,PROTECTED,True,True,True,True,False,GLOBAL,ALL,2020-01-01,2099-12-31,Jamendo CC License,https://creativecommons.org/licenses/,2026-08-24 12:23:39
9578fdc3-cfd8-4f08-81e4-437a9ad3cffe,b1f51487-21d2-42c5-a48c-80cfcf32f544,fbc001fb-4c68-48e2-a765-df6623c455f4,CC_BY,PROTECTED,True,True,True,True,False,GLOBAL,ALL,2020-01-01,2099-12-31,Jamendo CC License,https://creativecommons.org/licenses/,2026-08-24 12:23:39
be521598-4180-4b89-8c60-5b79fcf4fea0,44095218-338e-4633-8282-68c9ca4e487f,c8c0e104-ddc0-44e3-8b4e-feef254e9fdf,CC_BY,PROTECTED,True,True,True,True,False,GLOBAL,ALL,2020-01-01,2099-12-31,Jamendo CC License,https://creativecommons.org/licenses/,2026-08-24 12:23:39
032a5645-b39f-4a7c-970a-f6ae2dd4397d,44fe43a5-f0f1-4ba1-833f-30a1e087d183,c4ad55e6-b7ce-408c-a7d8-cadb1ec9dcbb,CC_BY,PROTECTED,True,True,True,True,False,GLOBAL,ALL,2020-01-01,2099-12-31,Jamendo CC License,https://creativecommons.org/licenses/,2026-08-24 12:23:39
6c7d556d-5d80-4db9-b5e3-edcba80d9970,d4cdccc8-dc2b-4d5a-bf88-b6779b8fde2b,b30e7541-2724-4fcb-bcad-1358da335462,CC_BY,PROTECTED,True,True,True,True,False,GLOBAL,ALL,2020-01-01,2099-12-31,Jamendo CC License,https://creativecommons.org/licenses/,2026-08-24 12:23:39
1f2a5bea-792b-4393-9c00-18057a3605e9,ad41f86f-f3ca-46e7-bffb-6fabe66093a9,1fa5dede-30eb-4ba5-b547-4275523ee7bd,CC_BY,PROTECTED,True,True,True,True,False,GLOBAL,ALL,2020-01-01,2099-12-31,Jamendo CC License,https://creativecommons.org/licenses/,2026-08-24 12:23:39
3714fe40-a031-4d2a-bb60-980bb5151c54,63dc6b2f-d0fa-447d-9850-2e8ef5b0b4a1,9415464d-96b4-4a9b-8714-e48130509530,CC_BY,PROTECTED,True,True,True,True,False,GLOBAL,ALL,2020-01-01,2099-12-31,Jamendo CC License,https://creativecommons.org/licenses/,2026-08-24 12:23:39
11a59607-c370-4ac8-879e-ad34f96ba2b3,24ee76da-3e29-4826-827b-8caa9721c6f5,0390f85d-0dc4-4d3e-b932-ff2925a5f12d,CC_BY,PROTECTED,True,True,True,True,False,GLOBAL,ALL,2020-01-01,2099-12-31,Jamendo CC License,https://creativecommons.org/licenses/,2026-08-24 12:23:39
3159aa8a-9ba3-41a9-98a0-2814a84a77d8,2f426602-2039-4ec3-ba00-9afbcba92f35,7456740a-1972-4704-8418-879942006126,CC_BY,PROTECTED,True,True,True,True,False,GLOBAL,ALL,2020-01-01,2099-12-31,Jamendo CC License,https://creativecommons.org/licenses/,2026-08-24 12:23:39
0ba8314b-0df2-4789-803c-9624b8efe7d2,edcc2db1-4835-4a26-b98f-ecc242d26853,57cc8ee0-ab86-4492-8656-73899d966ae9,CC_BY,PROTECTED,True,True,True,True,False,GLOBAL,ALL,2020-01-01,2099-12-31,Jamendo CC License,https://creativecommons.org/licenses/,2026-08-24 12:23:39
e4f54701-0864-4e93-a1f0-5f732afceb8f,3c72dad6-d4b5-4a11-a271-5fda2fb33b75,c9a28821-ee6f-4994-b3fa-32503bf6c806,CC_BY,PROTECTED,True,True,True,True,False,GLOBAL,ALL,2020-01-01,2099-12-31,Jamendo CC License,https://creativecommons.org/licenses/,2026-08-24 12:23:39
2e1b40ac-4753-4e58-82d9-f75cd9bd93d6,17ffe436-e5b8-416b-aa13-f0e6ea3cf438,22223197-4786-401a-861b-657743a4a953,CC_BY,PROTECTED,True,True,True,True,False,GLOBAL,ALL,2020-01-01,2099-12-31,Jamendo CC License,https://creativecommons.org/licenses/,2026-08-24 12:23:39
9513d3a5-9eab-4f70-a4e6-6d7643d323b6,4f40742b-bc39-4b58-af93-712546e6109f,7af210b2-c4ca-40d6-8a07-8f43d0461372,CC_BY,PROTECTED,True,True,True,True,False,GLOBAL,ALL,2020-01-01,2099-12-31,Jamendo CC License,https://creativecommons.org/licenses/,2026-08-24 12:23:39
7420ca69-6bf2-467c-832f-14d3536bad01,73a165e7-78e6-48f1-9626-95e48de27adc,70eeef6d-cdd1-42e5-915d-a3dfd812a104,CC_BY,PROTECTED,True,True,True,True,False,GLOBAL,ALL,2020-01-01,2099-12-31,Jamendo CC License,https://creativecommons.org/licenses/,2026-08-24 12:23:39
14a3dcda-2984-45a1-a83a-8749c0b3ce6f,6e591517-8d50-4234-88b9-c6b0c2f3087c,0444b670-808c-44e8-af81-517c2a9ae365,CC_BY,PROTECTED,True,True,True,True,False,GLOBAL,ALL,2020-01-01,2099-12-31,Jamendo CC License,https://creativecommons.org/licenses/,2026-08-24 12:23:39
db6f28f8-aa60-4df7-9720-5e56e760c2d7,55b66846-34a0-4de8-8a92-719c20dfeba8,11c7aa77-fc7d-4a55-9c45-8a49769fb7ec,CC_BY,PROTECTED,True,True,True,True,False,GLOBAL,ALL,2020-01-01,2099-12-31,Jamendo CC License,https://creativecommons.org/licenses/,2026-08-24 12:23:39
3a2f8a61-1cdf-4edc-a879-6f1841d1c6fe,5a87ceea-a9b5-4f6d-a9e2-d4fe3ee2f3e6,6aa9bec5-faaa-43a5-b1d5-3e3584ed288e,CC_BY,PROTECTED,True,True,True,True,False,GLOBAL,ALL,2020-01-01,2099-12-31,Jamendo CC License,https://creativecommons.org/licenses/,2026-08-24 12:23:39
ffc61a5b-a38c-48d1-b075-ac5e14a3de21,006c4782-1dc2-4ed2-bfeb-7d329632faf8,0731aba8-8b00-493a-af39-41278a2bebd3,CC_BY,PROTECTED,True,True,True,True,False,GLOBAL,ALL,2020-01-01,2099-12-31,Jamendo CC License,https://creativecommons.org/licenses/,2026-08-24 12:23:39
ac8677cd-5dfb-4102-b0f2-48dcdf0ae15a,25efb051-f609-48d6-bfef-eb5af9db9a6b,4bfbaae4-2f19-4991-82f4-19d7db787bd6,CC_BY,PROTECTED,True,True,True,True,False,GLOBAL,ALL,2020-01-01,2099-12-31,Jamendo CC License,https://creativecommons.org/licenses/,2026-08-24 12:23:39
f1ed6b59-a15c-406a-b2aa-c1adef034a99,af126211-c309-4f38-a281-b58537e1b45b,63bdd115-7a2b-452d-b89f-62655cf94e26,CC_BY,PROTECTED,True,True,True,True,False,GLOBAL,ALL,2020-01-01,2099-12-31,Jamendo CC License,https://creativecommons.org/licenses/,2026-08-24 12:23:39
c852b851-b4de-4ae3-92f6-ffb369c2c447,21ec5d1c-794c-4be9-b5db-78b6855e7814,85691fe0-3262-4091-af5f-ea80a3ad9ad5,CC_BY,PROTECTED,True,True,True,True,False,GLOBAL,ALL,2020-01-01,2099-12-31,Jamendo CC License,https://creativecommons.org/licenses/,2026-08-24 12:23:39
19fb0983-72b5-42b8-bb9b-b4bc3fb6d176,82fce009-7acd-46b7-a769-74258d6deb41,636dee48-9d08-4bf5-9515-7eab721b2cef,CC_BY,PROTECTED,True,True,True,True,False,GLOBAL,ALL,2020-01-01,2099-12-31,Jamendo CC License,https://creativecommons.org/licenses/,2026-08-24 12:23:39
000d0aeb-a872-4d08-80b3-23bd1e05c038,56e5c7a9-3b93-4aa4-bae2-e4cf8f6b8990,fea2ebd3-ea5d-4a00-b01a-2d13158cc933,CC_BY,PROTECTED,True,True,True,True,False,GLOBAL,ALL,2020-01-01,2099-12-31,Jamendo CC License,https://creativecommons.org/licenses/,2026-08-24 12:23:39
012ca1f3-c106-4acc-834c-1f8cd89bee77,033b2a98-bec1-4020-a835-3806149b0b25,4099061c-5f93-4628-a9ac-47b0ab1b4928,CC_BY,PROTECTED,True,True,True,True,False,GLOBAL,ALL,2020-01-01,2099-12-31,Jamendo CC License,https://creativecommons.org/licenses/,2026-08-24 12:23:39
0d85c7cc-cbe6-4112-bd6a-1a1b375cbcc7,7d5db33c-3eb8-48fb-a2f4-2e6e7264da57,579a9ff5-43ea-45ea-a716-6fcf4b176ff9,CC_BY,PROTECTED,True,True,True,True,False,GLOBAL,ALL,2020-01-01,2099-12-31,Jamendo CC License,https://creativecommons.org/licenses/,2026-08-24 12:23:39
4e1cd340-65a3-4697-8179-33245bfbc716,e5c16d37-817f-40fa-8ea9-4960d1016cd1,a664f29d-9784-445e-8ed7-20b459490aea,CC_BY,PROTECTED,True,True,True,True,False,GLOBAL,ALL,2020-01-01,2099-12-31,Jamendo CC License,https://creativecommons.org/licenses/,2026-08-24 12:23:39
53d2732b-cad0-4d8f-af21-002c51152b1e,1788edba-66c5-41aa-9524-9d951ef97111,727776b7-91cd-4cdf-bdca-957318c0ef67,CC_BY,PROTECTED,True,True,True,True,False,GLOBAL,ALL,2020-01-01,2099-12-31,Jamendo CC License,https://creativecommons.org/licenses/,2026-08-24 12:23:39
d32efd9a-d838-4051-877c-514ee3c7795c,f1081cdd-d1f4-45c8-abd6-24de59202c86,af8ae34c-fd71-4c1f-bd62-cf813263f027,CC_BY,PROTECTED,True,True,True,True,False,GLOBAL,ALL,2020-01-01,2099-12-31,Jamendo CC License,https://creativecommons.org/licenses/,2026-08-24 12:23:39
49275911-c266-430f-9394-bc25af6befbf,6b99985b-64f7-4e87-b1e5-9f8c00923bb7,49609b67-0c49-48bc-bc49-3dc90488669c,CC_BY,PROTECTED,True,True,True,True,False,GLOBAL,ALL,2020-01-01,2099-12-31,Jamendo CC License,https://creativecommons.org/licenses/,2026-08-24 12:23:39
e1dec237-a6ab-460b-98ee-20573a0f5ff2,7ba989e5-63d6-4776-934e-d5f0df43b618,6e35c921-519b-4f8e-acfc-5fdbc03335cf,CC_BY,PROTECTED,True,True,True,True,False,GLOBAL,ALL,2020-01-01,2099-12-31,Jamendo CC License,https://creativecommons.org/licenses/,2026-08-24 12:23:39
0e5cd0f2-7a77-4232-b61b-94c78543bdaa,0a85458f-04f0-43cf-8b92-ae10f27b94a1,ebc18520-ffdd-4a3a-a1ed-d551e9891680,CC_BY,PROTECTED,True,True,True,True,False,GLOBAL,ALL,2020-01-01,2099-12-31,Jamendo CC License,https://creativecommons.org/licenses/,2026-08-24 12:23:39
61c0552b-76ed-4dc0-89fe-bb5f3d9a2fd9,7cbd7b3c-2f1a-46f2-8ef2-3dec8d890971,ff0b5262-7553-45e9-bc4d-f82188e7698e,CC_BY,PROTECTED,True,True,True,True,False,GLOBAL,ALL,2020-01-01,2099-12-31,Jamendo CC License,https://creativecommons.org/licenses/,2026-08-24 12:23:39
c16e788b-38f3-46eb-a9fb-7d4eebfa73c7,a9459498-eed4-489f-b1e1-abdc27432e8f,d2aa0843-d09e-44c2-b91e-9a052cfcb4cf,CC_BY,PROTECTED,True,True,True,True,False,GLOBAL,ALL,2020-01-01,2099-12-31,Jamendo CC License,https://creativecommons.org/licenses/,2026-08-24 12:23:39
4fbc6d9f-7a6f-40a1-9d57-3aeecbdd6f48,459b4a1c-1f36-4959-bc16-026fb0b2ef9f,11e381f6-c0da-48b3-bfd4-e35db86a17b0,CC_BY,PROTECTED,True,True,True,True,False,GLOBAL,ALL,2020-01-01,2099-12-31,Jamendo CC License,https://creativecommons.org/licenses/,2026-08-24 12:23:39
41b5a27a-4661-49a1-adb9-c87ea95a0f4f,518b7a44-cdfd-4b7a-beca-81bddf31e342,7ac7d671-a533-48b1-a051-a651efb00117,CC_BY,PROTECTED,True,True,True,True,False,GLOBAL,ALL,2020-01-01,2099-12-31,Jamendo CC License,https://creativecommons.org/licenses/,2026-08-24 12:23:39
bd813db3-c260-44fe-a912-91edeb7ef47b,dc1130a1-74fa-42d0-8b5f-bfcba0cb183c,00426a2a-f86a-4976-af47-7376bf69e6e0,CC_BY,PROTECTED,True,True,True,True,False,GLOBAL,ALL,2020-01-01,2099-12-31,Jamendo CC License,https://creativecommons.org/licenses/,2026-08-24 12:23:39
a253a785-1049-4072-83a3-058e0c220da6,7fe758a0-3cac-4cb3-bad0-bb7755df2cfe,0475e28f-1ee4-44e3-acd6-bfc07b5d6be9,CC_BY,PROTECTED,True,True,True,True,False,GLOBAL,ALL,2020-01-01,2099-12-31,Jamendo CC License,https://creativecommons.org/licenses/,2026-08-24 12:23:39
8df393c1-fca6-4816-ba81-02fed1768180,68c9f231-4055-402d-8316-0ee9ecfef2ef,4e3ae930-2e80-49a0-9a90-bbc41853dc29,CC_BY,PROTECTED,True,True,True,True,False,GLOBAL,ALL,2020-01-01,2099-12-31,Jamendo CC License,https://creativecommons.org/licenses/,2026-08-24 12:23:39
406a89e5-8df1-4fe2-8a29-279c25cd2911,37d1f643-3660-457e-a243-37f0ee2c6d5c,d9d9a08a-3186-48ba-8783-2e9e4cd4ecd6,CC_BY,PROTECTED,True,True,True,True,False,GLOBAL,ALL,2020-01-01,2099-12-31,Jamendo CC License,https://creativecommons.org/licenses/,2026-08-24 12:23:39
19ca139e-d01a-4a49-b984-54aa7b65f55c,7052e4a9-3cd0-48e8-a8cb-8252d15161b3,13d93e6a-7c74-4890-8056-6c3f3b190f40,CC_BY,PROTECTED,True,True,True,True,False,GLOBAL,ALL,2020-01-01,2099-12-31,Jamendo CC License,https://creativecommons.org/licenses/,2026-08-24 12:23:39
bf868bb3-6bd5-46f5-bba9-abece515694e,f04ff116-fe56-40ef-81fb-d4eb33e6a69d,61426b24-8f16-4cee-b1ad-de7e4dadd90a,CC_BY,PROTECTED,True,True,True,True,False,GLOBAL,ALL,2020-01-01,2099-12-31,Jamendo CC License,https://creativecommons.org/licenses/,2026-08-24 12:23:39
d2612db8-11da-4089-aed5-a5076aa0267e,1ee4ce0f-1ebf-4940-a3b1-52d24e9f5e56,fd0018e9-7a8b-464e-a8c7-43fd82c22183,CC_BY,PROTECTED,True,True,True,True,False,GLOBAL,ALL,2020-01-01,2099-12-31,Jamendo CC License,https://creativecommons.org/licenses/,2026-08-24 12:23:39
5c182d14-52e5-4151-8f33-79b436ea7d09,c55d25f4-05ea-4b7d-8d0f-8de405f92091,24efdf48-bcf1-4ffc-966e-d1d515809332,CC_BY,PROTECTED,True,True,True,True,False,GLOBAL,ALL,2020-01-01,2099-12-31,Jamendo CC License,https://creativecommons.org/licenses/,2026-08-24 12:23:39
b44c8548-2e01-4ea0-9f70-b554897791c2,1ec84264-00b2-4c30-9412-272702ad42f4,b89d2f7f-c22c-4ff7-8571-e366674f18d1,CC_BY,PROTECTED,True,True,True,True,False,GLOBAL,ALL,2020-01-01,2099-12-31,Jamendo CC License,https://creativecommons.org/licenses/,2026-08-24 12:23:39
315a1fba-2478-4565-98cb-2465f2b5fbed,7ce863ca-e5fe-4d8f-90f9-1a63280c9cb3,a9ff5c3b-0ab3-4254-a3b3-dfdd1739fc03,CC_BY,PROTECTED,True,True,True,True,False,GLOBAL,ALL,2020-01-01,2099-12-31,Jamendo CC License,https://creativecommons.org/licenses/,2026-08-24 12:23:39
9006fc28-4198-4064-bb8d-75f778bc6279,bcd3f63c-adb3-4d04-ba37-ef1b7c0efabf,af2eb376-6b21-48b3-95bc-a9ad7ae6eb5e,CC_BY,PROTECTED,True,True,True,True,False,GLOBAL,ALL,2020-01-01,2099-12-31,Jamendo CC License,https://creativecommons.org/licenses/,2026-08-24 12:23:39
f6a5abe1-9c22-41f0-be53-092229b1bad2,5f2d3bcc-ea0c-48b4-a812-c742856db9be,1a56e1e0-dcd2-4c3f-a887-04633895e18e,CC_BY,PROTECTED,True,True,True,True,False,GLOBAL,ALL,2020-01-01,2099-12-31,Jamendo CC License,https://creativecommons.org/licenses/,2026-08-24 12:23:39
27ba5277-477b-4a56-ba3e-6c1b104e3c22,9abcf4b5-26c4-433f-a479-730ce975bea6,4f0d0e4b-a3f9-4c78-b9f9-0f1174291f38,CC_BY,PROTECTED,True,True,True,True,False,GLOBAL,ALL,2020-01-01,2099-12-31,Jamendo CC License,https://creativecommons.org/licenses/,2026-08-24 12:23:39
0e90eff9-4003-48d1-9ca8-a5d082a2aba9,f74e4b43-28d9-4e4c-95e2-146ba50956a6,9f153dc6-7009-4cec-a30e-1ef95a7f3b5d,CC_BY,PROTECTED,True,True,True,True,False,GLOBAL,ALL,2020-01-01,2099-12-31,Jamendo CC License,https://creativecommons.org/licenses/,2026-08-24 12:23:39
35c3efaa-9164-4ee1-ab60-80b66ed056ca,39962f22-05c8-4c75-8a1b-f95320ae860f,348b03d6-bb88-45bf-a631-2bb3a54bc8d5,CC_BY,PROTECTED,True,True,True,True,False,GLOBAL,ALL,2020-01-01,2099-12-31,Jamendo CC License,https://creativecommons.org/licenses/,2026-08-24 12:23:39
ebebf8ab-8536-4159-bfc5-046be9b394b7,f6e8c369-7fe2-4696-a368-45b4e92c0317,a6fff774-de02-4d6d-bbfa-6c18ef98997b,CC_BY,PROTECTED,True,True,True,True,False,GLOBAL,ALL,2020-01-01,2099-12-31,Jamendo CC License,https://creativecommons.org/licenses/,2026-08-24 12:23:39
1a83a43f-a882-4702-b451-1916a33effd5,b4cb96b2-6590-438d-a2cd-a44661d45aaf,3a082f26-3279-42e7-9d31-449e8a57efb6,CC_BY,PROTECTED,True,True,True,True,False,GLOBAL,ALL,2020-01-01,2099-12-31,Jamendo CC License,https://creativecommons.org/licenses/,2026-08-24 12:23:39
5cea452a-fb15-4a42-bb56-36541ab7d7eb,f0c4963a-da3b-4114-a8ac-58d8653e67a3,0a6a9c45-316f-4ac5-8508-fa370d90c29a,CC_BY,PROTECTED,True,True,True,True,False,GLOBAL,ALL,2020-01-01,2099-12-31,Jamendo CC License,https://creativecommons.org/licenses/,2026-08-24 12:23:39
bdc75d48-46e5-45db-a821-63778efbf3b3,0ddcca9c-758c-4177-83da-09752c366d4f,396436f9-3ba8-43ef-a242-c7a8e32dced1,CC_BY,PROTECTED,True,True,True,True,False,GLOBAL,ALL,2020-01-01,2099-12-31,Jamendo CC License,https://creativecommons.org/licenses/,2026-08-24 12:23:39
cde3acca-3e9b-4134-8055-15c7e9cc1d94,cd7c455b-8271-4834-b1ca-68127d0e3a2c,30d82770-0bb8-4bef-ab04-d9201afe9802,CC_BY,PROTECTED,True,True,True,True,False,GLOBAL,ALL,2020-01-01,2099-12-31,Jamendo CC License,https://creativecommons.org/licenses/,2026-08-24 12:23:39
e6c50079-6f40-4103-a385-10ae91072d57,8a2256fb-c3b8-43bb-8ac4-bd89ccad0840,676f95af-1994-4602-ae29-8085eb331086,CC_BY,PROTECTED,True,True,True,True,False,GLOBAL,ALL,2020-01-01,2099-12-31,Jamendo CC License,https://creativecommons.org/licenses/,2026-08-24 12:23:39
d7de6945-5aec-402f-b072-f455e12b4efd,a9760e6a-20d1-4795-8196-53c902611f51,54fe2fba-4913-450e-97e6-81accad15cb3,CC_BY,PROTECTED,True,True,True,True,False,GLOBAL,ALL,2020-01-01,2099-12-31,Jamendo CC License,https://creativecommons.org/licenses/,2026-08-24 12:23:39
c5a6da5b-8a8b-4c17-9659-d83b05ffe382,0df3653b-9202-42bc-8272-3639e4fa5de1,596d506a-78c5-47c5-8ed5-fa7ea16b88fd,CC_BY,PROTECTED,True,True,True,True,False,GLOBAL,ALL,2020-01-01,2099-12-31,Jamendo CC License,https://creativecommons.org/licenses/,2026-08-24 12:23:39
8052d45b-2444-4259-a958-4280f187d47a,1dcc02d9-42b9-4987-a916-8133a8e90934,3e573445-cfbd-4299-ab1b-34f7d049890d,CC_BY,PROTECTED,True,True,True,True,False,GLOBAL,ALL,2020-01-01,2099-12-31,Jamendo CC License,https://creativecommons.org/licenses/,2026-08-24 12:23:39
955daec5-a528-42a2-8be1-d0a5ae695623,6eec151c-4d18-49ab-a95d-60d0a3795be4,9cb061ca-0fee-43dd-8e6e-b1da96f5bd81,CC_BY,PROTECTED,True,True,True,True,False,GLOBAL,ALL,2020-01-01,2099-12-31,Jamendo CC License,https://creativecommons.org/licenses/,2026-08-24 12:23:39
6d3d96ac-3a5b-4676-b3ea-04ad2f4617a4,24c795c8-7f21-477c-b456-42c3493163b2,525fd8ec-ab1c-401b-a895-43808a9c879b,CC_BY,PROTECTED,True,True,True,True,False,GLOBAL,ALL,2020-01-01,2099-12-31,Jamendo CC License,https://creativecommons.org/licenses/,2026-08-24 12:23:39
f32488aa-be14-4cf6-928c-9111142ba49e,addc9c74-5ce4-4be9-931c-273c9936dbae,18038a5c-0df9-48f4-a8cb-a34c2b13228f,CC_BY,PROTECTED,True,True,True,True,False,GLOBAL,ALL,2020-01-01,2099-12-31,Jamendo CC License,https://creativecommons.org/licenses/,2026-08-24 12:23:39
dfe7d6ad-fe08-4f2c-9ef2-5ce285d448bd,f5fd5366-177e-42df-810e-76decf4cba7f,e7eb0414-efea-47db-b8f1-fdab6eb41973,CC_BY,PROTECTED,True,True,True,True,False,GLOBAL,ALL,2020-01-01,2099-12-31,Jamendo CC License,https://creativecommons.org/licenses/,2026-08-24 12:23:39
b6e77206-8e9b-43c6-9c88-8f6af9b87e38,3f48d8b3-df03-4979-8e9c-362a569b2910,97adebc5-7ae6-4cbf-a05e-9e002c6fc8ed,CC_BY,PROTECTED,True,True,True,True,False,GLOBAL,ALL,2020-01-01,2099-12-31,Jamendo CC License,https://creativecommons.org/licenses/,2026-08-24 12:23:39
c7988def-2e89-41b7-b810-40dacab50921,f524f940-e28b-470a-846c-3b19c29fc8f8,b5f62d58-d385-4656-a55a-c2f6ad88144e,CC_BY,PROTECTED,True,True,True,True,False,GLOBAL,ALL,2020-01-01,2099-12-31,Jamendo CC License,https://creativecommons.org/licenses/,2026-08-24 12:23:39
d69a4c6b-e964-454b-8d74-73259225692f,142f1717-26c5-467f-b028-ebace7fa1cb3,d1d0cc1e-4014-4aca-b5d2-ee7c11b98cf9,CC_BY,PROTECTED,True,True,True,True,False,GLOBAL,ALL,2020-01-01,2099-12-31,Jamendo CC License,https://creativecommons.org/licenses/,2026-08-24 12:23:39
7cef4974-742b-40cc-9db6-1c8b53824912,3bb16936-4b0f-4064-b81d-43b534537348,de53e127-3901-4aa8-9ea5-3cca52e8a0d4,CC_BY,PROTECTED,True,True,True,True,False,GLOBAL,ALL,2020-01-01,2099-12-31,Jamendo CC License,https://creativecommons.org/licenses/,2026-08-24 12:23:39
39c485d9-067d-4375-858c-ca2bf8ab4807,848b58d1-1f52-44c0-9859-835c8a429979,5dd8932a-0c8b-44bb-92ed-a35a0bbef076,CC_BY,PROTECTED,True,True,True,True,False,GLOBAL,ALL,2020-01-01,2099-12-31,Jamendo CC License,https://creativecommons.org/licenses/,2026-08-24 12:23:39
b3a7ef63-dc81-4dab-93db-183581a90b29,041bc449-5e38-4c92-81dc-12a5c6da2ccc,a3551ed5-5f35-422d-ac0b-1b4999e6199f,CC_BY,PROTECTED,True,True,True,True,False,GLOBAL,ALL,2020-01-01,2099-12-31,Jamendo CC License,https://creativecommons.org/licenses/,2026-08-24 12:23:39
7b5c8954-32bd-40ec-b3c0-46d6f1c421f4,e04478f3-9e8f-4831-925f-c61968109fb8,ece9617d-6fb1-429e-bb2a-d3989fb89ab1,CC_BY,PROTECTED,True,True,True,True,False,GLOBAL,ALL,2020-01-01,2099-12-31,Jamendo CC License,https://creativecommons.org/licenses/,2026-08-24 12:23:39
1ca59a44-2a9a-4002-80ff-74e1c505356d,4747e72b-2229-425d-baab-c6d84f074b2e,545f3a46-8616-4276-86a7-d0e97539de71,CC_BY,PROTECTED,True,True,True,True,False,GLOBAL,ALL,2020-01-01,2099-12-31,Jamendo CC License,https://creativecommons.org/licenses/,2026-08-24 12:23:39
c8f2e96e-f729-4780-b377-fa47bb34c287,07fed32e-bba6-4d81-b735-5f3a92edfa1f,e2699a3b-070b-417c-b797-79fa8bb818bb,CC_BY,PROTECTED,True,True,True,True,False,GLOBAL,ALL,2020-01-01,2099-12-31,Jamendo CC License,https://creativecommons.org/licenses/,2026-08-24 12:23:39
3a3ac92b-74f5-4123-b8b8-ba6a326dfb77,a5c8208b-fd26-4507-9c63-187d74d053b9,4828cae5-cce1-4c92-bfef-882ae61633c6,CC_BY,PROTECTED,True,True,True,True,False,GLOBAL,ALL,2020-01-01,2099-12-31,Jamendo CC License,https://creativecommons.org/licenses/,2026-08-24 12:23:39
dee5b60a-599e-4ace-86c9-3e91e966ec4d,aa88b769-7f1a-49c6-aff6-be671c6b4f9c,fe4b6f9b-284a-40ff-8ba0-bc1b67ecd2e6,CC_BY,PROTECTED,True,True,True,True,False,GLOBAL,ALL,2020-01-01,2099-12-31,Jamendo CC License,https://creativecommons.org/licenses/,2026-08-24 12:23:39
afedce29-18e6-40ae-a04d-987dff5d161e,be3aace7-e844-4850-a1c6-18159ce7e796,79ca8764-7422-424a-8376-1a4c5ffab8fe,CC_BY,PROTECTED,True,True,True,True,False,GLOBAL,ALL,2020-01-01,2099-12-31,Jamendo CC License,https://creativecommons.org/licenses/,2026-08-24 12:23:39
a3f12557-f0e5-44c7-80fa-d0a469a39e79,480b3faa-30b8-43b0-b0e0-60a316edc9c8,7e582616-8abc-4433-9920-3dc62bf05f6d,CC_BY,PROTECTED,True,True,True,True,False,GLOBAL,ALL,2020-01-01,2099-12-31,Jamendo CC License,https://creativecommons.org/licenses/,2026-08-24 12:23:39
7ae588dc-0a24-4d46-9269-5c43ccae793b,a446c49d-1e6f-412c-b71b-06093299d8fe,9a3aaa89-016f-4010-9ce7-ef89bc9203a7,CC_BY,PROTECTED,True,True,True,True,False,GLOBAL,ALL,2020-01-01,2099-12-31,Jamendo CC License,https://creativecommons.org/licenses/,2026-08-24 12:23:39
349a6229-25fd-4e84-a828-fa4c4a5c361a,7af4093b-fc44-4d35-8518-64fa688e5290,4c534a06-2446-4358-a5ae-21776bc15d43,CC_BY,PROTECTED,True,True,True,True,False,GLOBAL,ALL,2020-01-01,2099-12-31,Jamendo CC License,https://creativecommons.org/licenses/,2026-08-24 12:23:39
da0ce5f0-35b7-48c6-8801-d80ca52003b7,2eec28eb-7693-44c8-941a-35bd91e478d8,f71bbf3e-8697-4820-b5c4-e6303133c56a,CC_BY,PROTECTED,True,True,True,True,False,GLOBAL,ALL,2020-01-01,2099-12-31,Jamendo CC License,https://creativecommons.org/licenses/,2026-08-24 12:23:39
8819d42d-64a7-41ce-ab49-b8c666222583,065eb3a9-0609-47a1-b2bc-be0237db2d82,9a6737b9-b47c-4df8-a508-bfe377083cf0,CC_BY,PROTECTED,True,True,True,True,False,GLOBAL,ALL,2020-01-01,2099-12-31,Jamendo CC License,https://creativecommons.org/licenses/,2026-08-24 12:23:39
a97601f0-c96f-4370-831d-795237769fbc,8de7af23-5267-4972-bf7b-d9a604ee8673,cbc74b5d-38fc-4c91-8d37-0c3d2aefa2a7,CC_BY,PROTECTED,True,True,True,True,False,GLOBAL,ALL,2020-01-01,2099-12-31,Jamendo CC License,https://creativecommons.org/licenses/,2026-08-24 12:23:39
360275fd-c2d4-4f87-b8c2-0a87d1ba22fa,d52e80ef-3202-4a66-8ed5-a16c316b5875,8ab99123-ca41-4f5c-96e8-8051d852e9ab,CC_BY,PROTECTED,True,True,True,True,False,GLOBAL,ALL,2020-01-01,2099-12-31,Jamendo CC License,https://creativecommons.org/licenses/,2026-08-24 12:23:39
912a4e62-9eda-48ae-9618-3b12341961b9,fd5f78b2-c43c-4e89-9d02-107721db05ef,b72b686c-bf13-4b5e-9261-b7f4161864de,CC_BY,PROTECTED,True,True,True,True,False,GLOBAL,ALL,2020-01-01,2099-12-31,Jamendo CC License,https://creativecommons.org/licenses/,2026-08-24 12:23:39
00528d7c-a578-429f-be9d-0bf03aef5722,5c18ef9b-f7f7-411d-b6b8-bc7100ac3d8d,2d56133f-e1ea-486d-8933-8687cbfab6b3,CC_BY,PROTECTED,True,True,True,True,False,GLOBAL,ALL,2020-01-01,2099-12-31,Jamendo CC License,https://creativecommons.org/licenses/,2026-08-24 12:23:39
f8a2791b-8f7c-4a90-b3c8-bcf49d1749dc,9fdfe4e8-3db2-4f3f-8c6e-a5aadfb45cf5,81935a63-c868-489d-8676-a0bb67ad9611,CC_BY,PROTECTED,True,True,True,True,False,GLOBAL,ALL,2020-01-01,2099-12-31,Jamendo CC License,https://creativecommons.org/licenses/,2026-08-24 12:23:39
dc71e51a-e50a-40bb-afb0-25890abceda3,a29e8c58-960f-4d64-8b68-671e79a7f519,e69f1ab1-2821-4501-ad92-dce3aab4d655,CC_BY,PROTECTED,True,True,True,True,False,GLOBAL,ALL,2020-01-01,2099-12-31,Jamendo CC License,https://creativecommons.org/licenses/,2026-08-24 12:23:39
2f1b58f6-499a-4472-9f84-e022561c6e1c,10c419c9-5552-4e47-9d05-8b6970609752,dd61a2dc-12f8-4e76-afe9-51d75b2fff0c,CC_BY,PROTECTED,True,True,True,True,False,GLOBAL,ALL,2020-01-01,2099-12-31,Jamendo CC License,https://creativecommons.org/licenses/,2026-08-24 12:23:39
1ae1bc86-6d3f-4f5e-afe1-f19211387fb3,a43106e6-8cf1-42d4-a563-4593b2670a2d,67815e45-0d7d-4a8c-b5ca-194b50167198,CC_BY,PROTECTED,True,True,True,True,False,GLOBAL,ALL,2020-01-01,2099-12-31,Jamendo CC License,https://creativecommons.org/licenses/,2026-08-24 12:23:39
ee4c94fd-62a1-41fe-9b35-e31d132e2a6c,e3f89f91-3555-4f1c-8b0c-72d9116ef74c,dcd52ca3-b7ff-4d9c-a80a-8a6b5897a884,CC_BY,PROTECTED,True,True,True,True,False,GLOBAL,ALL,2020-01-01,2099-12-31,Jamendo CC License,https://creativecommons.org/licenses/,2026-08-24 12:23:39
0e27efca-a8d9-4b9b-a9d3-a9781c92d9cd,a10fca08-fcff-4cbe-a297-d0e1096691b4,c81facb5-699b-44a5-bfd2-e2ecd3a20391,CC_BY,PROTECTED,True,True,True,True,False,GLOBAL,ALL,2020-01-01,2099-12-31,Jamendo CC License,https://creativecommons.org/licenses/,2026-08-24 12:23:39
c9d24ff9-147a-433a-a488-ae579a37e46d,12e822c1-6388-4844-bc9e-d75b29840030,81671c9d-6143-4ac6-9026-ecd803f3a6bd,CC_BY,PROTECTED,True,True,True,True,False,GLOBAL,ALL,2020-01-01,2099-12-31,Jamendo CC License,https://creativecommons.org/licenses/,2026-08-24 12:23:39
41ba6969-9ca5-445f-ad74-584f13b5ae6f,e6e406bd-de72-4a0b-b412-77e906a4af35,fcbc6f7e-a107-445e-9a62-5396d941903d,CC_BY,PROTECTED,True,True,True,True,False,GLOBAL,ALL,2020-01-01,2099-12-31,Jamendo CC License,https://creativecommons.org/licenses/,2026-08-24 12:23:39
4280da9f-0703-4222-8d16-393bc4ffde48,07392218-cd3b-4fc9-be1e-9fc1154e6ae8,538b4e11-da66-4b11-a759-7fcd403464a5,CC_BY,PROTECTED,True,True,True,True,False,GLOBAL,ALL,2020-01-01,2099-12-31,Jamendo CC License,https://creativecommons.org/licenses/,2026-08-24 12:23:39
c18846c5-ae63-400e-a074-9c41d9171c29,df9acf39-cc62-46f3-8d65-4e9accd840ec,7d71835f-879e-4eed-b3ed-3207f6388dee,CC_BY,PROTECTED,True,True,True,True,False,GLOBAL,ALL,2020-01-01,2099-12-31,Jamendo CC License,https://creativecommons.org/licenses/,2026-08-24 12:23:39
ecf26c4d-6fd2-48c3-89f3-a0812d04340a,3d2505e0-ff7b-4285-9b5f-753132b1c98d,f1e973d8-b50c-431b-ae3c-b926a63ea0c5,CC_BY,PROTECTED,True,True,True,True,False,GLOBAL,ALL,2020-01-01,2099-12-31,Jamendo CC License,https://creativecommons.org/licenses/,2026-08-24 12:23:39
8556126b-bbf2-4934-a2f7-d229fb326e45,515308ff-c6d1-4c20-bde7-abe9e6366ca9,2d0ef73e-c2ab-4955-a255-e8b017fe0460,CC_BY,PROTECTED,True,True,True,True,False,GLOBAL,ALL,2020-01-01,2099-12-31,Jamendo CC License,https://creativecommons.org/licenses/,2026-08-24 12:23:39
7d51ebfe-ed84-48bb-9e94-86bdf7661595,9934dbb4-cad9-4bf6-a1e9-ecbd24cbd354,f444a945-a3af-4b8b-a5c5-1c6bc8c0a17d,CC_BY,PROTECTED,True,True,True,True,False,GLOBAL,ALL,2020-01-01,2099-12-31,Jamendo CC License,https://creativecommons.org/licenses/,2026-08-24 12:23:39
166731b5-7450-479b-b963-21b591e937bb,86f37925-8b0a-4fb5-a731-05b6a3041cd0,59c5d74e-93bd-447b-8d55-a1610614cc41,CC_BY,PROTECTED,True,True,True,True,False,GLOBAL,ALL,2020-01-01,2099-12-31,Jamendo CC License,https://creativecommons.org/licenses/,2026-08-24 12:23:39
f62fb336-99ff-4efd-9219-3873af59e79f,aaafcafa-8735-4a86-b1c3-c8956c615acd,de2ec557-f2ff-4b79-a7e8-497e922c42ab,CC_BY,PROTECTED,True,True,True,True,False,GLOBAL,ALL,2020-01-01,2099-12-31,Jamendo CC License,https://creativecommons.org/licenses/,2026-08-24 12:23:39
f7a8860f-6b9d-476b-9a4d-72cef80d211b,38a80d5f-1357-4ba3-b16a-df4c725a3c10,d054badd-e58f-41a3-8ead-768f04db3feb,CC_BY,PROTECTED,True,True,True,True,False,GLOBAL,ALL,2020-01-01,2099-12-31,Jamendo CC License,https://creativecommons.org/licenses/,2026-08-24 12:23:39
d46c4851-c870-4f51-a5df-238017d9944f,657ae181-c753-4513-97b4-da32e178ad6d,7c1cf12d-6197-4802-be20-1c63abf09f29,CC_BY,PROTECTED,True,True,True,True,False,GLOBAL,ALL,2020-01-01,2099-12-31,Jamendo CC License,https://creativecommons.org/licenses/,2026-08-24 12:23:39
43997ffb-8686-4fd6-a52c-88233e808347,c42e68b2-6624-47fb-bf55-acc828b357ab,bf84bebf-611b-48c0-8279-136daed5724c,CC_BY,PROTECTED,True,True,True,True,False,GLOBAL,ALL,2020-01-01,2099-12-31,Jamendo CC License,https://creativecommons.org/licenses/,2026-08-24 12:23:39
005f9599-e302-457e-a134-d53299377b3a,6ae5fd70-0fd5-4860-a370-2a0a890da763,2f4925e2-6e2b-4c4b-b217-cc0cef005419,CC_BY,PROTECTED,True,True,True,True,False,GLOBAL,ALL,2020-01-01,2099-12-31,Jamendo CC License,https://creativecommons.org/licenses/,2026-08-24 12:23:39
60acf97c-af65-454c-b340-4484d87baa89,c17b6ecc-b329-40cb-8f00-c18df83e710b,fda29e67-5041-4bc3-8aa7-8aeeefda2c3a,CC_BY,PROTECTED,True,True,True,True,False,GLOBAL,ALL,2020-01-01,2099-12-31,Jamendo CC License,https://creativecommons.org/licenses/,2026-08-24 12:23:39
77bc0075-10a3-4f9c-9d6d-839690410877,dd1aeccb-fb1c-4c8b-a416-3a76f944f532,c33bfb0f-ec80-4dbb-9243-bc4019b23562,CC_BY,PROTECTED,True,True,True,True,False,GLOBAL,ALL,2020-01-01,2099-12-31,Jamendo CC License,https://creativecommons.org/licenses/,2026-08-24 12:23:39
aeb893a0-8f7d-4264-aa76-dddd5e472a88,61191786-e271-44cb-be1f-d740f5284cb0,2945e6dc-fdff-4952-8175-bf90f4c9fa08,CC_BY,PROTECTED,True,True,True,True,False,GLOBAL,ALL,2020-01-01,2099-12-31,Jamendo CC License,https://creativecommons.org/licenses/,2026-08-24 12:23:39
6378bb82-3202-439d-ab5d-f75fe99b8ebc,129181f8-e1e1-4e37-8c04-26247cc0f9a5,acbda14f-0479-414c-9b68-62dfcd236daf,CC_BY,PROTECTED,True,True,True,True,False,GLOBAL,ALL,2020-01-01,2099-12-31,Jamendo CC License,https://creativecommons.org/licenses/,2026-08-24 12:23:39
e7857718-7868-48a9-9a71-48f0fe559216,758193ba-8f2e-4b09-8a04-816cf8309186,cee61c26-e339-491d-a54e-5986b6f61fcd,CC_BY,PROTECTED,True,True,True,True,False,GLOBAL,ALL,2020-01-01,2099-12-31,Jamendo CC License,https://creativecommons.org/licenses/,2026-08-24 12:23:39
4eb6aaa4-065d-4e84-9723-3e66b146b9ce,2d67e490-194a-4afb-90a7-53c27e45a1e5,82f5fcb8-d8dc-4648-be61-19a2d42d6ae8,CC_BY,PROTECTED,True,True,True,True,False,GLOBAL,ALL,2020-01-01,2099-12-31,Jamendo CC License,https://creativecommons.org/licenses/,2026-08-24 12:23:39
252f281e-44e2-44cc-bf9b-1753adc6bd89,0a2605f7-a256-4288-a6d2-bb38adc6d5d3,553f655b-e542-4093-8d01-58d57c05bacf,CC_BY,PROTECTED,True,True,True,True,False,GLOBAL,ALL,2020-01-01,2099-12-31,Jamendo CC License,https://creativecommons.org/licenses/,2026-08-24 12:23:39
daa6088f-d36f-4ece-a5b2-ea55eb1dbcef,5b095d3d-a89f-4194-95ec-0a5be8e38e1c,8772d7c1-28c8-4057-9c0f-0acccaa087a9,CC_BY,PROTECTED,True,True,True,True,False,GLOBAL,ALL,2020-01-01,2099-12-31,Jamendo CC License,https://creativecommons.org/licenses/,2026-08-24 12:23:39
c4ea4a65-74a8-4e17-a57d-2928593b4559,edcb5878-4a42-44a5-aba1-eefb02638522,72a62f6f-4af6-4d47-9249-0a3e1c51b778,CC_BY,PROTECTED,True,True,True,True,False,GLOBAL,ALL,2020-01-01,2099-12-31,Jamendo CC License,https://creativecommons.org/licenses/,2026-08-24 12:23:39
986515b7-cba6-430e-a5f2-cb90841da9b8,b7e3f616-9775-422e-acab-128097a7d41e,712f949c-0d1e-4a19-b35c-d15f3c39070a,CC_BY,PROTECTED,True,True,True,True,False,GLOBAL,ALL,2020-01-01,2099-12-31,Jamendo CC License,https://creativecommons.org/licenses/,2026-08-24 12:23:39
82e321b9-165f-4d2d-9215-ff14c9708fe7,28451b91-5e21-41b3-949c-2bbf81454daf,169e0e4e-5082-45c2-a30c-95f4a7bcee78,CC_BY,PROTECTED,True,True,True,True,False,GLOBAL,ALL,2020-01-01,2099-12-31,Jamendo CC License,https://creativecommons.org/licenses/,2026-08-24 12:23:39
0304ae0a-b528-4adb-b6b8-f8e020dfb15f,ad1020f6-816e-4cf9-9367-e6483d804d25,49595f37-723b-484f-a5f5-14edab7c75b0,CC_BY,PROTECTED,True,True,True,True,False,GLOBAL,ALL,2020-01-01,2099-12-31,Jamendo CC License,https://creativecommons.org/licenses/,2026-08-24 12:23:39
f96737d7-e674-4dfd-8e0f-2aea9b7b49b4,96a05492-1696-426a-b140-e1e26bad1efb,f24b6572-b23d-4015-98eb-c499c19d105a,CC_BY,PROTECTED,True,True,True,True,False,GLOBAL,ALL,2020-01-01,2099-12-31,Jamendo CC License,https://creativecommons.org/licenses/,2026-08-24 12:23:39
2bbddfcc-f2f0-4340-9a54-de05b2b89664,1eaa344c-0614-4347-bd65-49d6e488344c,8d2bf5a9-1088-4b5e-b9bc-422c8b501b49,CC_BY,PROTECTED,True,True,True,True,False,GLOBAL,ALL,2020-01-01,2099-12-31,Jamendo CC License,https://creativecommons.org/licenses/,2026-08-24 12:23:39
255ee9b8-e752-40c9-91a2-44a209c6980f,5709f89c-279e-48b7-9d88-7aba5d4235df,7c5ec53b-acd1-4d87-8283-c1be14392059,CC_BY,PROTECTED,True,True,True,True,False,GLOBAL,ALL,2020-01-01,2099-12-31,Jamendo CC License,https://creativecommons.org/licenses/,2026-08-24 12:23:39
6d753b61-d7b9-472a-a814-8657250fe9de,a85a6c3b-bd4c-4ce0-964b-5655ea78812b,99860fd9-1fc3-476c-ba6e-78e09bb736f3,CC_BY,PROTECTED,True,True,True,True,False,GLOBAL,ALL,2020-01-01,2099-12-31,Jamendo CC License,https://creativecommons.org/licenses/,2026-08-24 12:23:39
ae323fa1-aaba-43d9-aaf3-b45a36b06f5f,b4b532db-c117-4a5d-a524-d58ac063738c,f25c81d1-53f0-443e-8ec3-3fe7b2ec378d,CC_BY,PROTECTED,True,True,True,True,False,GLOBAL,ALL,2020-01-01,2099-12-31,Jamendo CC License,https://creativecommons.org/licenses/,2026-08-24 12:23:39
fd3b5873-2f9b-493b-bd04-668bcac52b05,193a79b2-5bd9-4a87-a074-30635e7afa52,f5b05279-b105-4dd7-9a13-f0e202123a51,CC_BY,PROTECTED,True,True,True,True,False,GLOBAL,ALL,2020-01-01,2099-12-31,Jamendo CC License,https://creativecommons.org/licenses/,2026-08-24 12:23:39
cf36b041-9235-4727-994c-1b72681bb1b4,fd5f0a92-bbc6-402b-a913-8797dc384c20,6f23e20c-82b3-45bc-8001-fe3e41e695d3,CC_BY,PROTECTED,True,True,True,True,False,GLOBAL,ALL,2020-01-01,2099-12-31,Jamendo CC License,https://creativecommons.org/licenses/,2026-08-24 12:23:39
5e2c4ed0-ef97-4b70-a987-77c0fedf2b56,7728b1da-9ade-4df3-920f-346b6acfeee1,2ff20ab7-171c-43ea-b718-af74a7f68bee,CC_BY,PROTECTED,True,True,True,True,False,GLOBAL,ALL,2020-01-01,2099-12-31,Jamendo CC License,https://creativecommons.org/licenses/,2026-08-24 12:23:39
b795bda8-efc9-4d45-b604-90c67602b41a,f4a94e03-7fa5-44ee-adae-992dacb8cf11,a274235e-5671-4685-ab32-877031392126,CC_BY,PROTECTED,True,True,True,True,False,GLOBAL,ALL,2020-01-01,2099-12-31,Jamendo CC License,https://creativecommons.org/licenses/,2026-08-24 12:23:39
03823418-0d32-48a9-81f9-2c3c3d31830f,74ddfc21-f9ac-4e91-b1ad-562e7a80c1f4,b146d3a9-15bf-46f1-8c75-c67b15b97036,CC_BY,PROTECTED,True,True,True,True,False,GLOBAL,ALL,2020-01-01,2099-12-31,Jamendo CC License,https://creativecommons.org/licenses/,2026-08-24 12:23:39
b954765a-a233-40fb-9eeb-639db7749fc6,494494fd-03bd-4e38-8521-4a101d32f055,3556ac98-dd59-42cb-8180-e7f17cfcc26b,CC_BY,PROTECTED,True,True,True,True,False,GLOBAL,ALL,2020-01-01,2099-12-31,Jamendo CC License,https://creativecommons.org/licenses/,2026-08-24 12:23:39
957d687d-b477-423c-951d-b3202a48e7fd,e9f46250-4d8e-4fed-8777-739169fc95f5,a454f90c-7466-4681-b51c-73876fc6ad80,CC_BY,PROTECTED,True,True,True,True,False,GLOBAL,ALL,2020-01-01,2099-12-31,Jamendo CC License,https://creativecommons.org/licenses/,2026-08-24 12:23:39
b034cebb-6e89-4296-a189-59900f09c5ef,d7b63a58-dbd4-4678-abea-2e4adb9fd67c,b4f6f838-3cbc-4c66-aea4-a85939706060,CC_BY,PROTECTED,True,True,True,True,False,GLOBAL,ALL,2020-01-01,2099-12-31,Jamendo CC License,https://creativecommons.org/licenses/,2026-08-24 12:23:39
af939f9f-11c6-4dde-b220-a2aef4528b3e,b70c87e1-6dd0-440b-a45d-8f03fcce6409,fc8bc062-8c9c-44c6-94b0-317e89b007fd,CC_BY,PROTECTED,True,True,True,True,False,GLOBAL,ALL,2020-01-01,2099-12-31,Jamendo CC License,https://creativecommons.org/licenses/,2026-08-24 12:23:39
f09057d5-c025-4889-94d1-22094ed640d8,c0538c0d-54d7-492d-8aaa-23bd8795b94d,49298c59-3e12-423a-b921-7c6299f9b0c5,CC_BY,PROTECTED,True,True,True,True,False,GLOBAL,ALL,2020-01-01,2099-12-31,Jamendo CC License,https://creativecommons.org/licenses/,2026-08-24 12:23:39
01e2ebde-0273-48f7-9b78-0248cdf5f7f8,a077430b-981f-4455-aa11-4379bff0564c,9b05738a-c233-4521-9b6b-3bdc2f69c2fa,CC_BY,PROTECTED,True,True,True,True,False,GLOBAL,ALL,2020-01-01,2099-12-31,Jamendo CC License,https://creativecommons.org/licenses/,2026-08-24 12:23:39
bdcfe071-dbbb-4368-afcc-e1eee3f6b925,b6792e70-40cc-42cc-972e-b1d6e2cf7be1,1a8f34ff-a572-4603-bf15-be493753034b,CC_BY,PROTECTED,True,True,True,True,False,GLOBAL,ALL,2020-01-01,2099-12-31,Jamendo CC License,https://creativecommons.org/licenses/,2026-08-24 12:23:39
2195f523-8e5b-4a25-8323-1c3db47250c3,dcb4c044-5732-4795-a4e8-6632ac0ff839,e9a215f4-4442-4c2b-b164-9a57fbab5e50,CC_BY,PROTECTED,True,True,True,True,False,GLOBAL,ALL,2020-01-01,2099-12-31,Jamendo CC License,https://creativecommons.org/licenses/,2026-08-24 12:23:39
8be85bab-f38e-4d86-9a0e-cd8d0af2983b,b80309f0-b1bc-476d-9c6f-aab29530f388,44302c3a-163f-4c5f-aab1-09b1848a3370,CC_BY,PROTECTED,True,True,True,True,False,GLOBAL,ALL,2020-01-01,2099-12-31,Jamendo CC License,https://creativecommons.org/licenses/,2026-08-24 12:23:39
c08b78e3-acbe-4c87-af02-51b6153836d8,f16568ab-3ab3-4803-b4f0-b29c61e25f26,0a545cb5-2017-4347-8991-9240825836ff,CC_BY,PROTECTED,True,True,True,True,False,GLOBAL,ALL,2020-01-01,2099-12-31,Jamendo CC License,https://creativecommons.org/licenses/,2026-08-24 12:23:39
486b2d9d-e99b-457f-befd-4515a2a7d0ae,5c30227b-42be-47bf-913e-238ac8606927,404bb33b-76b3-4bb4-8cbf-fdcf1e99c441,CC_BY,PROTECTED,True,True,True,True,False,GLOBAL,ALL,2020-01-01,2099-12-31,Jamendo CC License,https://creativecommons.org/licenses/,2026-08-24 12:23:39
5ee8eabe-7df3-4f5f-b98b-8338e79aedb2,1f24eef6-1207-47c6-be5c-8473fe2d5203,4755d8b1-1593-49ce-bbd9-7f975e5a0a9d,CC_BY,PROTECTED,True,True,True,True,False,GLOBAL,ALL,2020-01-01,2099-12-31,Jamendo CC License,https://creativecommons.org/licenses/,2026-08-24 12:23:39
f10c4c27-527d-471f-a91c-3c280b1f8a98,e7983b0a-c617-4e26-8e0d-c03cb9e7e4f2,9d1b0901-f2fd-4b94-98e4-1b2387bd08b5,CC_BY,PROTECTED,True,True,True,True,False,GLOBAL,ALL,2020-01-01,2099-12-31,Jamendo CC License,https://creativecommons.org/licenses/,2026-08-24 12:23:39
8333e193-0b85-48a6-b353-10886bb3ba10,1ae712d5-6672-4d4a-bf77-053960beb566,cd1a344f-9ce2-4f6c-9837-d10a3c20a48d,CC_BY,PROTECTED,True,True,True,True,False,GLOBAL,ALL,2020-01-01,2099-12-31,Jamendo CC License,https://creativecommons.org/licenses/,2026-08-24 12:23:39
8a2068c6-cec1-4832-b820-6ae08c9cfe34,7b8a1047-7510-4199-baf9-d793cfd5c72f,f8736389-e157-45d0-9a31-11a8b0208872,CC_BY,PROTECTED,True,True,True,True,False,GLOBAL,ALL,2020-01-01,2099-12-31,Jamendo CC License,https://creativecommons.org/licenses/,2026-08-24 12:23:39
4f0e21db-d511-4cb5-a535-c6fed7c80827,9ea1c82c-3569-4f31-bd02-f15ad3806db5,c8874962-68a2-4805-969f-c1f6e5a8b092,CC_BY,PROTECTED,True,True,True,True,False,GLOBAL,ALL,2020-01-01,2099-12-31,Jamendo CC License,https://creativecommons.org/licenses/,2026-08-24 12:23:39
6802700e-04e0-45b9-8179-5441c5c0c609,606c2ce0-4faa-41ad-9a26-463a2f85a7f2,c3995b3a-c2cf-4af1-84fc-3ce99fa3c454,CC_BY,PROTECTED,True,True,True,True,False,GLOBAL,ALL,2020-01-01,2099-12-31,Jamendo CC License,https://creativecommons.org/licenses/,2026-08-24 12:23:39
92dc02be-8ec2-4349-9c44-95f413ca2b8e,e96941df-c0b7-4b5b-b700-98a1bdb5ed11,ba430b33-e2d8-4449-a4a5-294dfdf0ba6b,CC_BY,PROTECTED,True,True,True,True,False,GLOBAL,ALL,2020-01-01,2099-12-31,Jamendo CC License,https://creativecommons.org/licenses/,2026-08-24 12:23:39
9876230e-be08-4afc-995e-b43fed210062,d1f22a11-765e-47b7-a65c-44101b665d83,90931971-2d54-49f6-996c-6a52e77c33ff,CC_BY,PROTECTED,True,True,True,True,False,GLOBAL,ALL,2020-01-01,2099-12-31,Jamendo CC License,https://creativecommons.org/licenses/,2026-08-24 12:23:39
60466002-035f-4bd7-83b3-026e0be63915,d64bd03b-6e57-4b26-841d-5331d052a3bc,5461b51c-2670-43cd-9664-7d17caf6c0d0,CC_BY,PROTECTED,True,True,True,True,False,GLOBAL,ALL,2020-01-01,2099-12-31,Jamendo CC License,https://creativecommons.org/licenses/,2026-08-24 12:23:39
11936852-feb9-4b89-afc1-8721a540d271,58ff0b2f-ee9c-45cf-a8ff-6de150d27728,d22d1c88-c422-428e-8e3e-f1f130044c4e,CC_BY,PROTECTED,True,True,True,True,False,GLOBAL,ALL,2020-01-01,2099-12-31,Jamendo CC License,https://creativecommons.org/licenses/,2026-08-24 12:23:39
7cfd4d89-4aa6-49bd-853f-c4ffd5e0a29c,2170c80d-c49c-447b-b57f-8fe1d378e9a9,21b212a4-4abe-4530-9e5c-0c7490e227fa,CC_BY,PROTECTED,True,True,True,True,False,GLOBAL,ALL,2020-01-01,2099-12-31,Jamendo CC License,https://creativecommons.org/licenses/,2026-08-24 12:23:39
877534c3-b66e-4f63-88ad-f5fbaded6818,15123393-f216-41b2-b1da-9ef76c7283bc,69dd8402-5ff7-49f1-a73a-bc3fd327db94,CC_BY,PROTECTED,True,True,True,True,False,GLOBAL,ALL,2020-01-01,2099-12-31,Jamendo CC License,https://creativecommons.org/licenses/,2026-08-24 12:23:39
4eae7c8e-0481-4677-b8f9-4b3391d70e46,d6991d38-e48d-4051-87f1-f08f3bae7c03,9d60cffb-c472-4a3a-b52a-af6ca3f8d2ad,CC_BY,PROTECTED,True,True,True,True,False,GLOBAL,ALL,2020-01-01,2099-12-31,Jamendo CC License,https://creativecommons.org/licenses/,2026-08-24 12:23:39
ab8fa006-e3a0-4cba-a01b-414379e507fe,9a5b23c3-9ccb-464c-b1a6-94eb7116f632,3de3d0b5-7ad0-4690-aca8-1643cee0a2e1,CC_BY,PROTECTED,True,True,True,True,False,GLOBAL,ALL,2020-01-01,2099-12-31,Jamendo CC License,https://creativecommons.org/licenses/,2026-08-24 12:23:39
dac4c876-1404-47ea-a502-4e07c2725f77,8e2ef508-db9c-47d5-af27-2302d960317f,ae7ea816-7461-48d8-8fe6-cefe915cb908,CC_BY,PROTECTED,True,True,True,True,False,GLOBAL,ALL,2020-01-01,2099-12-31,Jamendo CC License,https://creativecommons.org/licenses/,2026-08-24 12:23:39
3a55ea2a-883b-4a47-9a63-360c0d62e5d6,88856442-715b-4999-804e-713d308b720c,3f7f0151-55d7-45e4-97cb-347363b6fb22,CC_BY,PROTECTED,True,True,True,True,False,GLOBAL,ALL,2020-01-01,2099-12-31,Jamendo CC License,https://creativecommons.org/licenses/,2026-08-24 12:23:39
257ee0a5-a5e7-45a9-a448-cb1ebbd87aa6,77e98ed1-389d-4f49-8efc-5cba6240d5c2,1711f226-8c09-4d49-a7a7-55138151eb27,CC_BY,PROTECTED,True,True,True,True,False,GLOBAL,ALL,2020-01-01,2099-12-31,Jamendo CC License,https://creativecommons.org/licenses/,2026-08-24 12:23:39
11223a72-0a38-45a2-8aac-d85d4dc84169,5ef30ec5-a94f-4925-aa8a-d180fbd0a608,64ecca77-c179-4819-85ba-83922c84e5d2,CC_BY,PROTECTED,True,True,True,True,False,GLOBAL,ALL,2020-01-01,2099-12-31,Jamendo CC License,https://creativecommons.org/licenses/,2026-08-24 12:23:39
e8156cd8-b330-4750-bbf7-6ed0ce2f10d0,d6751d5d-ad39-4762-89ed-820229f94940,040b7064-cc21-4493-be00-20ce2399ec13,CC_BY,PROTECTED,True,True,True,True,False,GLOBAL,ALL,2020-01-01,2099-12-31,Jamendo CC License,https://creativecommons.org/licenses/,2026-08-24 12:23:39
04414789-c590-4240-8aac-3d536cb00815,81cbe9d8-5888-43bc-9c50-a1593f018832,cb03f661-b769-420c-978a-fe002f14318a,CC_BY,PROTECTED,True,True,True,True,False,GLOBAL,ALL,2020-01-01,2099-12-31,Jamendo CC License,https://creativecommons.org/licenses/,2026-08-24 12:23:39
87b675b5-3246-4228-8aef-1d32aff9bf25,ade96174-093c-4ab1-a3a6-cfd4570457c7,4b872208-b6f1-4f54-b8cc-093f5fe5e7de,CC_BY,PROTECTED,True,True,True,True,False,GLOBAL,ALL,2020-01-01,2099-12-31,Jamendo CC License,https://creativecommons.org/licenses/,2026-08-24 12:23:39
548130ac-7206-4a67-aae9-ed99e1592842,45034bc7-7348-49fa-97de-13700c746398,94a74003-4cb0-4762-93ea-9805086bd806,CC_BY,PROTECTED,True,True,True,True,False,GLOBAL,ALL,2020-01-01,2099-12-31,Jamendo CC License,https://creativecommons.org/licenses/,2026-08-24 12:23:39
67858139-7b94-4602-8ad3-ddd4660587fd,eee9eb28-25db-4828-a363-adf4769d3d44,de46bbe4-7cd5-49cc-8e49-dda60af56e2c,CC_BY,PROTECTED,True,True,True,True,False,GLOBAL,ALL,2020-01-01,2099-12-31,Jamendo CC License,https://creativecommons.org/licenses/,2026-08-24 12:23:39
3bbc85f0-7266-470c-8ab2-f40bc6dc6845,5e519ad3-4c0b-4a3a-99c2-f5819b7d8e6d,9c56ad21-cc9f-48ae-9e4b-09c4a4457390,CC_BY,PROTECTED,True,True,True,True,False,GLOBAL,ALL,2020-01-01,2099-12-31,Jamendo CC License,https://creativecommons.org/licenses/,2026-08-24 12:23:39
bdfedacc-1546-43da-9fc9-92da7b8d50bb,e595cf65-01aa-4b75-bda7-c80e00fe30ad,23b88ea9-e1a2-4387-a51b-53e5b3ac6963,CC_BY,PROTECTED,True,True,True,True,False,GLOBAL,ALL,2020-01-01,2099-12-31,Jamendo CC License,https://creativecommons.org/licenses/,2026-08-24 12:23:39
0e6f4d77-7a72-41b7-ae17-5d147cd3017f,dc95b650-8ac3-4b21-a0a1-456592cfefdd,62520e0b-8336-4496-8f7f-a3ffe03bd709,CC_BY,PROTECTED,True,True,True,True,False,GLOBAL,ALL,2020-01-01,2099-12-31,Jamendo CC License,https://creativecommons.org/licenses/,2026-08-24 12:23:39
5a4cdd05-9301-4abd-9e7c-09415b47ed4d,b61b9f37-492d-42a9-a10b-8d70f74948e7,b5fc6d34-8ca2-401b-9aa9-65aa9f645b63,CC_BY,PROTECTED,True,True,True,True,False,GLOBAL,ALL,2020-01-01,2099-12-31,Jamendo CC License,https://creativecommons.org/licenses/,2026-08-24 12:23:39
b0575f75-23f3-43a4-93d1-b84980b9e058,324b38b9-17c3-4487-8a12-bdf56f7768b5,ee4e307e-0c33-4ff6-b56a-0c084d0843c2,CC_BY,PROTECTED,True,True,True,True,False,GLOBAL,ALL,2020-01-01,2099-12-31,Jamendo CC License,https://creativecommons.org/licenses/,2026-08-24 12:23:39
533ad83b-d584-471b-8801-e06c7dd868c3,9b6f0a0d-1931-488e-93e0-07ce3fde1a91,7c72f4be-efa1-46aa-b289-7a276251eea7,CC_BY,PROTECTED,True,True,True,True,False,GLOBAL,ALL,2020-01-01,2099-12-31,Jamendo CC License,https://creativecommons.org/licenses/,2026-08-24 12:23:39
2c483d01-8b3d-446c-9f39-20dc8fac6073,866cbf30-2720-4e9b-a70b-752a66c98abf,5794bc9c-89e3-445b-87b4-a2dc425981ee,CC_BY,PROTECTED,True,True,True,True,False,GLOBAL,ALL,2020-01-01,2099-12-31,Jamendo CC License,https://creativecommons.org/licenses/,2026-08-24 12:23:39
2270e6d0-f1e8-4b77-a9cb-b59635f7f258,ac72d92f-ab98-462f-b838-9f5a59bd528b,13018d19-d29d-40b7-951e-6896b7bfc86e,CC_BY,PROTECTED,True,True,True,True,False,GLOBAL,ALL,2020-01-01,2099-12-31,Jamendo CC License,https://creativecommons.org/licenses/,2026-08-24 12:23:39
386fb635-6974-40a4-8716-aa2155c42f0b,2943a8ad-cd8a-44c6-8f16-17949173fd41,8ed51124-4027-448d-b548-50ce6fc8bae5,CC_BY,PROTECTED,True,True,True,True,False,GLOBAL,ALL,2020-01-01,2099-12-31,Jamendo CC License,https://creativecommons.org/licenses/,2026-08-24 12:23:39
06a10af0-e4d4-4417-9101-d98f59443eca,445d4047-582b-43f0-a00c-6ab0f0c6153d,97764fb2-6d70-45d8-9898-5e696917fcd3,CC_BY,PROTECTED,True,True,True,True,False,GLOBAL,ALL,2020-01-01,2099-12-31,Jamendo CC License,https://creativecommons.org/licenses/,2026-08-24 12:23:39
982c45a0-ef9d-407b-94ab-0a1d40ed2281,c1f4b44a-553e-466d-81c1-f1081603e92f,6a1728e1-4b99-4a8e-b6fb-626edff9f710,CC_BY,PROTECTED,True,True,True,True,False,GLOBAL,ALL,2020-01-01,2099-12-31,Jamendo CC License,https://creativecommons.org/licenses/,2026-08-24 12:23:39
bd121882-9a9b-4aa9-a97f-72eea98f01dc,725dfba5-ba3d-425e-9a0c-b7b23c3c83aa,1c40231c-756c-467f-96af-c7c92e1f0efe,CC_BY,PROTECTED,True,True,True,True,False,GLOBAL,ALL,2020-01-01,2099-12-31,Jamendo CC License,https://creativecommons.org/licenses/,2026-08-24 12:23:39
59aa39c2-d6e5-4d39-b485-c467eac5b7fe,9b58d7c7-6342-4654-8b30-cf697603626c,819469d9-40fd-4b27-ac56-efadd7888a40,CC_BY,PROTECTED,True,True,True,True,False,GLOBAL,ALL,2020-01-01,2099-12-31,Jamendo CC License,https://creativecommons.org/licenses/,2026-08-24 12:23:39
20bc51b7-1014-4d69-a787-b98e386ff78a,e690b757-694b-42b5-9bde-4c07b6d0f6e8,1292dce1-0813-4f80-a0ea-31170c555f05,CC_BY,PROTECTED,True,True,True,True,False,GLOBAL,ALL,2020-01-01,2099-12-31,Jamendo CC License,https://creativecommons.org/licenses/,2026-08-24 12:23:39
7936eaff-0ac8-47b0-9ca3-e8f87cead49b,123ede29-2dd1-4d11-b1ba-799e1ea1989a,17e0ebb6-ec61-4f36-b271-a465f4b53afd,CC_BY,PROTECTED,True,True,True,True,False,GLOBAL,ALL,2020-01-01,2099-12-31,Jamendo CC License,https://creativecommons.org/licenses/,2026-08-24 12:23:39
d87e33f7-5b3d-4702-9edc-93250d17bb05,85cb6ba5-34aa-4316-a8cc-857928cc31f8,800f074a-c281-45eb-82f4-a4315070729c,CC_BY,PROTECTED,True,True,True,True,False,GLOBAL,ALL,2020-01-01,2099-12-31,Jamendo CC License,https://creativecommons.org/licenses/,2026-08-24 12:23:39
aedb541d-3359-4e1a-8a08-bd703e492639,15dfb099-8643-49f7-880e-0258efdd74ad,891467f0-4827-4c1e-929a-15305dea244e,CC_BY,PROTECTED,True,True,True,True,False,GLOBAL,ALL,2020-01-01,2099-12-31,Jamendo CC License,https://creativecommons.org/licenses/,2026-08-24 12:23:39
d7a92c45-10f6-4329-ba91-6d584bc30827,f3b72ce5-2f77-481a-8524-d9cf8ad84fc3,e40294fd-e04d-47a0-97dc-e28cc79e53a2,CC_BY,PROTECTED,True,True,True,True,False,GLOBAL,ALL,2020-01-01,2099-12-31,Jamendo CC License,https://creativecommons.org/licenses/,2026-08-24 12:23:39
88592be0-f65e-4514-b5c1-5fe88508e176,d3a42cdd-f043-415b-a06d-a6bf04b17b6a,a3892e86-8cb7-4cfa-9b89-a2d0116e151b,CC_BY,PROTECTED,True,True,True,True,False,GLOBAL,ALL,2020-01-01,2099-12-31,Jamendo CC License,https://creativecommons.org/licenses/,2026-08-24 12:23:39
99bf753b-59c6-4f51-ac34-bc7201de6e21,8f85b302-fd7a-45d3-a6cf-397850192234,ce447700-e44d-43e2-9f68-294970648220,CC_BY,PROTECTED,True,True,True,True,False,GLOBAL,ALL,2020-01-01,2099-12-31,Jamendo CC License,https://creativecommons.org/licenses/,2026-08-24 12:23:39
0c96e5e5-b0f0-4baa-a38c-08f51b22aa66,3c1c4ba7-5a69-43db-a3b9-3f655fdab7d9,dd178dfd-cbec-449e-ac3e-f89fe6c13f17,CC_BY,PROTECTED,True,True,True,True,False,GLOBAL,ALL,2020-01-01,2099-12-31,Jamendo CC License,https://creativecommons.org/licenses/,2026-08-24 12:23:39
8608b5d2-8af7-4d48-adaa-5c7103f6b3eb,109cc496-03c4-48f1-8c28-6b68ff458467,9fa034af-6308-43e7-9f33-e1c1c50a7205,CC_BY,PROTECTED,True,True,True,True,False,GLOBAL,ALL,2020-01-01,2099-12-31,Jamendo CC License,https://creativecommons.org/licenses/,2026-08-24 12:23:39
94b7a809-4ab1-4d14-99ac-66002bda2175,7f918274-5388-4640-894d-7a0cc3b7e3e5,58ae6965-2dc7-4674-8a26-6a49178af4bd,CC_BY,PROTECTED,True,True,True,True,False,GLOBAL,ALL,2020-01-01,2099-12-31,Jamendo CC License,https://creativecommons.org/licenses/,2026-08-24 12:23:39
fdb78026-b629-4a3b-80b4-64ab943b3abf,51debcb5-c1e2-45c2-9225-04b24784c84d,67a64ca1-170f-4c6f-a799-920114a09b46,CC_BY,PROTECTED,True,True,True,True,False,GLOBAL,ALL,2020-01-01,2099-12-31,Jamendo CC License,https://creativecommons.org/licenses/,2026-08-24 12:23:39
549d837a-f761-4499-a2c4-f42927a8bcc4,cf0c9241-0f2b-4b30-8751-c73bf4c8167a,6dabe74a-20e8-4cad-9ef0-bbb294ba47c2,CC_BY,PROTECTED,True,True,True,True,False,GLOBAL,ALL,2020-01-01,2099-12-31,Jamendo CC License,https://creativecommons.org/licenses/,2026-08-24 12:23:39
65de5e05-cc74-45cf-9d15-78cdb9123c88,5daf4208-e648-4442-bc87-62b14a2686a1,fca3e02e-5eb0-44f0-9355-17576b4e9aac,CC_BY,PROTECTED,True,True,True,True,False,GLOBAL,ALL,2020-01-01,2099-12-31,Jamendo CC License,https://creativecommons.org/licenses/,2026-08-24 12:23:39
c1b983ca-3437-49c2-9bca-d5efb40c8bab,166d966d-3dc7-4107-8a34-6feb8da45121,c75e9c70-2474-4d13-bfce-7ff87e6e6085,CC_BY,PROTECTED,True,True,True,True,False,GLOBAL,ALL,2020-01-01,2099-12-31,Jamendo CC License,https://creativecommons.org/licenses/,2026-08-24 12:23:39
9a439d5f-2e3b-4fc1-abb8-18b1ddd8a272,10239df8-7139-4103-8f82-9dc6431e04f6,a2f9e43e-cb04-4408-87c1-c9411682b892,CC_BY,PROTECTED,True,True,True,True,False,GLOBAL,ALL,2020-01-01,2099-12-31,Jamendo CC License,https://creativecommons.org/licenses/,2026-08-24 12:23:39
c8bd4829-a04c-4dbe-9c7f-e4dca0d7bd61,dc36992b-4b1c-4d39-be27-a1e3b00c44e2,ac44ef04-bca4-403a-b74d-55ff108e89c0,CC_BY,PROTECTED,True,True,True,True,False,GLOBAL,ALL,2020-01-01,2099-12-31,Jamendo CC License,https://creativecommons.org/licenses/,2026-08-24 12:23:39
b1b5ab81-9296-4fc3-a9a1-e50b3c8861bc,357c772a-e032-465f-a3a4-7eb405097f5e,14364e86-9d80-4338-9dfc-36d402f20ed5,CC_BY,PROTECTED,True,True,True,True,False,GLOBAL,ALL,2020-01-01,2099-12-31,Jamendo CC License,https://creativecommons.org/licenses/,2026-08-24 12:23:39
59b529ea-d9a1-4cf8-bf44-02d3b0d7a87a,7b4d4014-2b69-42c2-92a1-d08233b25dbb,1c388cae-cdc1-491e-ae3a-ffc1344e054e,CC_BY,PROTECTED,True,True,True,True,False,GLOBAL,ALL,2020-01-01,2099-12-31,Jamendo CC License,https://creativecommons.org/licenses/,2026-08-24 12:23:39
6f7140e6-84ab-4790-ac87-dab1f5e363e6,0357b98e-f2fc-4520-a6c7-12c7c58df8c4,8a662d5e-d22b-4c0f-9757-0f4a1fc5ee41,CC_BY,PROTECTED,True,True,True,True,False,GLOBAL,ALL,2020-01-01,2099-12-31,Jamendo CC License,https://creativecommons.org/licenses/,2026-08-24 12:23:39
d7ff9442-b807-48f2-9305-6dad3dea61af,cafae731-3632-4c64-895c-8caf2db9efcf,1a2d170d-b5a8-453f-b6d3-6e138848d393,CC_BY,PROTECTED,True,True,True,True,False,GLOBAL,ALL,2020-01-01,2099-12-31,Jamendo CC License,https://creativecommons.org/licenses/,2026-08-24 12:23:39
d333fdd9-cfd5-44b6-81bd-c99c67e90207,a26bfb4c-cf67-4a8c-b840-df6d5593fb69,59f65f9e-32a7-4247-83a5-50ded6cfd0f5,CC_BY,PROTECTED,True,True,True,True,False,GLOBAL,ALL,2020-01-01,2099-12-31,Jamendo CC License,https://creativecommons.org/licenses/,2026-08-24 12:23:39
6e24cee8-43e5-49f3-889b-de964a312c1f,35e5eecb-8ce4-4903-a492-5875383d2df7,5b408366-9cd4-49a7-a896-d95f93e475ea,CC_BY,PROTECTED,True,True,True,True,False,GLOBAL,ALL,2020-01-01,2099-12-31,Jamendo CC License,https://creativecommons.org/licenses/,2026-08-24 12:23:39
bb45b080-2027-4e50-8746-c31ff886b187,16cb30dd-ba08-44b0-a5bd-f4206ba3693b,22c9bd4f-fb9f-446d-876c-6424aec7e0cc,CC_BY,PROTECTED,True,True,True,True,False,GLOBAL,ALL,2020-01-01,2099-12-31,Jamendo CC License,https://creativecommons.org/licenses/,2026-08-24 12:23:39
abe1610f-cdd9-425d-8b3e-49c4e9522925,1290c630-c5ed-404f-a06c-f462dc224a70,db5bf63b-c9d6-46a0-be98-d08cb2776593,CC_BY,PROTECTED,True,True,True,True,False,GLOBAL,ALL,2020-01-01,2099-12-31,Jamendo CC License,https://creativecommons.org/licenses/,2026-08-24 12:23:39
7e03d70e-955e-4602-a9ce-d02e2c081f7e,45972552-5152-4d84-aaad-3b074c9c3b10,ed4a440f-9ae0-4b41-9670-34590de63138,CC_BY,PROTECTED,True,True,True,True,False,GLOBAL,ALL,2020-01-01,2099-12-31,Jamendo CC License,https://creativecommons.org/licenses/,2026-08-24 12:23:39
e26e4be2-4ad4-4a68-a97e-58441e47b6c2,90624066-d1e5-4411-8b08-63cd561c88f5,2395c81a-164b-42a4-b240-21d88d24aa49,CC_BY,PROTECTED,True,True,True,True,False,GLOBAL,ALL,2020-01-01,2099-12-31,Jamendo CC License,https://creativecommons.org/licenses/,2026-08-24 12:23:39
28506753-364e-452f-b19e-346e6545694b,d47c0538-3a33-4c37-a3fe-9533e3dfa6c8,8b7d5493-82a8-47f6-8eeb-1839f6fa9d10,CC_BY,PROTECTED,True,True,True,True,False,GLOBAL,ALL,2020-01-01,2099-12-31,Jamendo CC License,https://creativecommons.org/licenses/,2026-08-24 12:23:39
04633df1-a9e2-43fb-9cf7-f16f7f49a68a,abff8cfc-1b20-4f78-b7e0-99a80eee803d,6b015430-9e93-4fd0-acee-cf456888f87b,CC_BY,PROTECTED,True,True,True,True,False,GLOBAL,ALL,2020-01-01,2099-12-31,Jamendo CC License,https://creativecommons.org/licenses/,2026-08-24 12:23:39
2d95706b-cf14-4449-a663-d140b5d97adf,b7fff005-0da8-40cd-89f1-4ae891437e23,8f77b83d-e810-48d0-aca9-7914b4a6e06a,CC_BY,PROTECTED,True,True,True,True,False,GLOBAL,ALL,2020-01-01,2099-12-31,Jamendo CC License,https://creativecommons.org/licenses/,2026-08-24 12:23:39
08f9e98c-b479-420b-b342-2d924b0961e4,5362402f-ff1a-4b45-aac4-46802ed5f080,ee98cb65-1fe0-46dd-a0f5-92315a1f59b0,CC_BY,PROTECTED,True,True,True,True,False,GLOBAL,ALL,2020-01-01,2099-12-31,Jamendo CC License,https://creativecommons.org/licenses/,2026-08-24 12:23:39
b74220b1-5189-4bf4-8a55-e5672483d4fa,55ec1c07-76b2-4cb3-a9d2-649f48bc417a,6a33a0de-1bcf-4b4c-8c52-9f62c809e579,CC_BY,PROTECTED,True,True,True,True,False,GLOBAL,ALL,2020-01-01,2099-12-31,Jamendo CC License,https://creativecommons.org/licenses/,2026-08-24 12:23:39
b987443b-80ed-4f6e-a2a1-d3b02c68543c,1fcd93f9-a619-4555-b9eb-7070188947fb,36840281-04ed-45a3-84b7-193f1e9cb999,CC_BY,PROTECTED,True,True,True,True,False,GLOBAL,ALL,2020-01-01,2099-12-31,Jamendo CC License,https://creativecommons.org/licenses/,2026-08-24 12:23:39
04ded7ed-5c92-4915-827c-24b716843f14,ac85d895-10a9-4819-8e87-a95d371f6336,0e104f31-c9cb-40a7-81e4-28a9e3e980cc,CC_BY,PROTECTED,True,True,True,True,False,GLOBAL,ALL,2020-01-01,2099-12-31,Jamendo CC License,https://creativecommons.org/licenses/,2026-08-24 12:23:39
6044a6f1-e386-49b0-bf4b-a17e3404ebf8,8016877b-c051-4349-9e70-2df53073e211,466d9cf3-eca8-4d5b-b7f1-ecfed6bd0354,CC_BY,PROTECTED,True,True,True,True,False,GLOBAL,ALL,2020-01-01,2099-12-31,Jamendo CC License,https://creativecommons.org/licenses/,2026-08-24 12:23:39
61cb87f2-20b5-48bc-9857-2961689ea937,060b80d6-f4f6-4928-922f-7e14d5504a3a,97bd3932-6bc6-416a-a458-95bea9b0080c,CC_BY,PROTECTED,True,True,True,True,False,GLOBAL,ALL,2020-01-01,2099-12-31,Jamendo CC License,https://creativecommons.org/licenses/,2026-08-24 12:23:39
1620ce80-7842-40fe-be62-c0e4a19b7475,a01da11f-d2cf-43e4-9aa2-5d4220e65c9b,ef337191-99a5-490d-9eb0-240310dff740,CC_BY,PROTECTED,True,True,True,True,False,GLOBAL,ALL,2020-01-01,2099-12-31,Jamendo CC License,https://creativecommons.org/licenses/,2026-08-24 12:23:39
550b21d4-ae01-4865-a5d2-e1ffcb9599eb,ad0a60bb-924b-43f7-b3b8-3496cb768102,c33551f7-d986-44f0-a7c1-29e75c17438c,CC_BY,PROTECTED,True,True,True,True,False,GLOBAL,ALL,2020-01-01,2099-12-31,Jamendo CC License,https://creativecommons.org/licenses/,2026-08-24 12:23:39
0785ddc8-9c16-40b9-ac80-f815b9ee6f14,d1dadc8e-d8a8-4eaf-a251-b4646d1762ec,381f7a6a-714f-4c27-a2d6-350d1b35c47d,CC_BY,PROTECTED,True,True,True,True,False,GLOBAL,ALL,2020-01-01,2099-12-31,Jamendo CC License,https://creativecommons.org/licenses/,2026-08-24 12:23:39
f6304659-2bb6-464b-9ba2-938e02445407,006ff48e-4009-40a5-a914-9759aafa5b34,07afb98f-1aa4-42a9-b3c7-024ce8aa09b6,CC_BY,PROTECTED,True,True,True,True,False,GLOBAL,ALL,2020-01-01,2099-12-31,Jamendo CC License,https://creativecommons.org/licenses/,2026-08-24 12:23:39
4be39bbc-0593-437e-b5c4-e5f7ca07db9a,4face15a-537c-46ce-9838-c89d080796d1,55235f81-919b-439c-bba0-557eedb564b5,CC_BY,PROTECTED,True,True,True,True,False,GLOBAL,ALL,2020-01-01,2099-12-31,Jamendo CC License,https://creativecommons.org/licenses/,2026-08-24 12:23:39
0f9f449e-233c-495e-b457-c637712de3a8,70a47e14-00fe-4ce8-8e6f-a8e4e393b98e,3f8981ae-59bb-4717-9a0e-2dc8523c05bf,CC_BY,PROTECTED,True,True,True,True,False,GLOBAL,ALL,2020-01-01,2099-12-31,Jamendo CC License,https://creativecommons.org/licenses/,2026-08-24 12:23:39
f5d873ad-4dab-4c66-be5a-a5d160324300,9603187b-3344-46de-9209-e0b074162768,bdb81414-42aa-4ba1-b9d1-4ad9ed84dabb,CC_BY,PROTECTED,True,True,True,True,False,GLOBAL,ALL,2020-01-01,2099-12-31,Jamendo CC License,https://creativecommons.org/licenses/,2026-08-24 12:23:39
e69cb33f-308f-4035-b80f-ac3bf2230642,6bb1ec3a-f226-45d0-b3ff-98b279e6c8c9,cd2583e3-7597-4e7f-beb5-fef2033225b1,CC_BY,PROTECTED,True,True,True,True,False,GLOBAL,ALL,2020-01-01,2099-12-31,Jamendo CC License,https://creativecommons.org/licenses/,2026-08-24 12:23:39
d616a998-f75e-4edd-8c80-d37f5bf782a5,58cd449c-a01a-4602-b44e-8de8be06fdc9,61285afd-f26e-485d-9834-bda9772c4415,CC_BY,PROTECTED,True,True,True,True,False,GLOBAL,ALL,2020-01-01,2099-12-31,Jamendo CC License,https://creativecommons.org/licenses/,2026-08-24 12:23:39
e663862a-28ba-47ed-954e-fcb7f2279077,e06120bb-8869-45b9-9402-cfcf9cfc0cee,13989b8c-2a64-4542-a975-fdd59796bc24,CC_BY,PROTECTED,True,True,True,True,False,GLOBAL,ALL,2020-01-01,2099-12-31,Jamendo CC License,https://creativecommons.org/licenses/,2026-08-24 12:23:39
f61b60c1-2dc3-4b87-a9d3-fbd3c36f8c0d,2ea29e95-8a91-4055-98cf-a10687e8a27e,ed337ba8-b33c-4d6f-b631-71a6aaafa177,CC_BY,PROTECTED,True,True,True,True,False,GLOBAL,ALL,2020-01-01,2099-12-31,Jamendo CC License,https://creativecommons.org/licenses/,2026-08-24 12:23:39
5b51cbc5-b027-474f-a3a0-a8e540c811b0,e8bea95f-dc15-48ea-942f-b9228dd6e625,9fb74f65-03c0-4ac1-867c-eb68ec1dfffc,CC_BY,PROTECTED,True,True,True,True,False,GLOBAL,ALL,2020-01-01,2099-12-31,Jamendo CC License,https://creativecommons.org/licenses/,2026-08-24 12:23:39
17803def-d6ea-4e51-a4be-12c0e4cad273,7bb5818a-38c1-4ff0-ab06-0170d0547f60,835fcc57-858b-4aa5-95d7-579f57f4e43e,CC_BY,PROTECTED,True,True,True,True,False,GLOBAL,ALL,2020-01-01,2099-12-31,Jamendo CC License,https://creativecommons.org/licenses/,2026-08-24 12:23:39
a052a7c0-70c5-4a41-8645-83a2654d9df2,c4dab947-c03e-4e0f-884d-dedfc035c87c,c084b03c-3081-418f-95f5-3ae5139589e6,CC_BY,PROTECTED,True,True,True,True,False,GLOBAL,ALL,2020-01-01,2099-12-31,Jamendo CC License,https://creativecommons.org/licenses/,2026-08-24 12:23:39
ccb5802c-cd86-45f1-9492-1f2e44b14fd4,05a1976a-050d-41da-aa5f-692232591402,3fdc9383-dc95-48dd-95fa-2c5741bb6913,CC_BY,PROTECTED,True,True,True,True,False,GLOBAL,ALL,2020-01-01,2099-12-31,Jamendo CC License,https://creativecommons.org/licenses/,2026-08-24 12:23:39
dfd63845-fed9-4a59-aaa1-97f19d0525a5,5bc76069-abe1-4962-b4d2-4e76e6468024,a2b0526e-ff33-46c0-a1d6-f6b8117c4342,CC_BY,PROTECTED,True,True,True,True,False,GLOBAL,ALL,2020-01-01,2099-12-31,Jamendo CC License,https://creativecommons.org/licenses/,2026-08-24 12:23:39
4b713357-60d3-4117-a620-cf79b0531cd1,5658b18b-c1b0-4137-88a4-f2b147a3ead6,81fd24a9-2634-454b-b463-7e9e15ab3846,CC_BY,PROTECTED,True,True,True,True,False,GLOBAL,ALL,2020-01-01,2099-12-31,Jamendo CC License,https://creativecommons.org/licenses/,2026-08-24 12:23:39
ec05553b-9f97-419a-bd98-463ea4ea8ac1,baa7ccc3-9de9-481a-bf4f-7bdbc3e9bb0f,8c0d036f-4006-4fd4-b659-855ac0711a06,CC_BY,PROTECTED,True,True,True,True,False,GLOBAL,ALL,2020-01-01,2099-12-31,Jamendo CC License,https://creativecommons.org/licenses/,2026-08-24 12:23:39
0839cf03-80d2-4f6f-86aa-8be3e2590355,e0d967b2-e3a3-43df-a216-053e7f74daed,5fa6a0e4-e75e-48c6-a2e5-d623c6f9e702,CC_BY,PROTECTED,True,True,True,True,False,GLOBAL,ALL,2020-01-01,2099-12-31,Jamendo CC License,https://creativecommons.org/licenses/,2026-08-24 12:23:39
571b8b78-637d-4689-9144-4b900e0a4f25,020d00cc-107b-46af-8311-471e170d0650,da6e44b4-364f-4a3d-b717-9c8929203e8f,CC_BY,PROTECTED,True,True,True,True,False,GLOBAL,ALL,2020-01-01,2099-12-31,Jamendo CC License,https://creativecommons.org/licenses/,2026-08-24 12:23:39
ba6d411b-df09-4539-8a32-39d728eda274,db86b95f-a923-4ae1-8209-70606af98e68,bfd260c6-49a2-4a76-a770-f1ad73ef85cc,CC_BY,PROTECTED,True,True,True,True,False,GLOBAL,ALL,2020-01-01,2099-12-31,Jamendo CC License,https://creativecommons.org/licenses/,2026-08-24 12:23:39
f330b137-cad0-48ea-bf80-46e49027a176,ab37fb71-99ce-41e9-b03a-86cc77803365,113d389d-f3e4-4385-8a24-12bcafd2ebf9,CC_BY,PROTECTED,True,True,True,True,False,GLOBAL,ALL,2020-01-01,2099-12-31,Jamendo CC License,https://creativecommons.org/licenses/,2026-08-24 12:23:39
1cb97be4-3e3f-4a3a-828a-501754c70066,4f86aa55-dc0c-45e1-b098-ba5be4a64826,47cdb90c-d91c-48f7-ac36-553404a98bb7,CC_BY,PROTECTED,True,True,True,True,False,GLOBAL,ALL,2020-01-01,2099-12-31,Jamendo CC License,https://creativecommons.org/licenses/,2026-08-24 12:23:39
79e4afb4-5016-4970-a249-cd47210f07ee,a877b84d-fdf8-46e9-b5cf-604fc40155d6,04d6446f-5b25-415c-ac28-45f6d876659d,CC_BY,PROTECTED,True,True,True,True,False,GLOBAL,ALL,2020-01-01,2099-12-31,Jamendo CC License,https://creativecommons.org/licenses/,2026-08-24 12:23:39
196758c3-e8eb-4b5b-811f-0ae975fd3729,afce6498-8bc9-4d07-a361-0e1b48c0d051,58b0cffb-cddb-4a8b-ba2b-87362effaa33,CC_BY,PROTECTED,True,True,True,True,False,GLOBAL,ALL,2020-01-01,2099-12-31,Jamendo CC License,https://creativecommons.org/licenses/,2026-08-24 12:23:39
070fc490-7c3a-492e-a506-c17c67376c28,1f423225-aa34-4e30-8134-98763f66383a,03f810f6-4435-44a2-b8b7-18ca8f7e2e96,CC_BY,PROTECTED,True,True,True,True,False,GLOBAL,ALL,2020-01-01,2099-12-31,Jamendo CC License,https://creativecommons.org/licenses/,2026-08-24 12:23:39
a61d60c0-5212-4238-84ed-154e9ae6cb1a,1ac829fe-c3dd-4988-aa98-a3c39962c706,5848e90c-c69a-4007-9bdb-3fc74cec1105,CC_BY,PROTECTED,True,True,True,True,False,GLOBAL,ALL,2020-01-01,2099-12-31,Jamendo CC License,https://creativecommons.org/licenses/,2026-08-24 12:23:39
25594df3-f531-4c22-9b6d-05e4a2d53cef,131f837b-21c0-43f5-a98e-9754a46fd8dc,2a9e2706-d054-4ea5-9fc7-025533f198cb,CC_BY,PROTECTED,True,True,True,True,False,GLOBAL,ALL,2020-01-01,2099-12-31,Jamendo CC License,https://creativecommons.org/licenses/,2026-08-24 12:23:39
931d0d59-ca36-41ee-960f-84451154df43,86483268-e2f7-435c-9a88-6f2ac7c09750,d712d958-4f36-4dcf-9e48-047e8ae124e2,CC_BY,PROTECTED,True,True,True,True,False,GLOBAL,ALL,2020-01-01,2099-12-31,Jamendo CC License,https://creativecommons.org/licenses/,2026-08-24 12:23:39
e1a03525-cea6-4127-8f2a-72b3d049db90,e4932743-ae5d-4e47-b016-a5e70809257b,4603d776-1a09-4c72-a572-c4a77dbce4e9,CC_BY,PROTECTED,True,True,True,True,False,GLOBAL,ALL,2020-01-01,2099-12-31,Jamendo CC License,https://creativecommons.org/licenses/,2026-08-24 12:23:39
0916e4cf-27af-4386-91d3-772dc872bf8b,f7bc905c-f436-46c0-a095-e176c68da231,6ddccf94-2997-4bb7-8c77-b6e278b84bae,CC_BY,PROTECTED,True,True,True,True,False,GLOBAL,ALL,2020-01-01,2099-12-31,Jamendo CC License,https://creativecommons.org/licenses/,2026-08-24 12:23:39
b390109a-f721-4fdc-bcf3-7982b11f34b1,5085f2f5-3e00-41c4-8866-90cf6410c69a,9f01a6a2-a93e-45c5-b999-3a094a3c1435,CC_BY,PROTECTED,True,True,True,True,False,GLOBAL,ALL,2020-01-01,2099-12-31,Jamendo CC License,https://creativecommons.org/licenses/,2026-08-24 12:23:39
4775fb78-8954-47fe-9bb8-65223ea30807,34b1e0c0-3a0b-4393-9fc2-ebce563741e3,b7274cdc-7856-4745-95ef-8c217f70b1bf,CC_BY,PROTECTED,True,True,True,True,False,GLOBAL,ALL,2020-01-01,2099-12-31,Jamendo CC License,https://creativecommons.org/licenses/,2026-08-24 12:23:39
c2d1e9d3-658a-4f1c-957b-35614e515a46,abc9652f-6892-4d1a-9870-510b8b9547b4,e74721ae-cce3-4ef0-b55e-7cc1b4798ad5,CC_BY,PROTECTED,True,True,True,True,False,GLOBAL,ALL,2020-01-01,2099-12-31,Jamendo CC License,https://creativecommons.org/licenses/,2026-08-24 12:23:39
cb692168-4fac-48c8-9c35-8cce672c5331,ff897802-b532-4cc7-8bbd-ca27ed001827,2d1ae854-c60b-4c1e-8086-4de860f68ec5,CC_BY,PROTECTED,True,True,True,True,False,GLOBAL,ALL,2020-01-01,2099-12-31,Jamendo CC License,https://creativecommons.org/licenses/,2026-08-24 12:23:39
024156eb-c097-4471-8560-487398816e3a,8f385c5b-e7f2-44d5-9493-58c820ac1755,55ef11b1-2218-4ef8-b10a-de06a80ed370,CC_BY,PROTECTED,True,True,True,True,False,GLOBAL,ALL,2020-01-01,2099-12-31,Jamendo CC License,https://creativecommons.org/licenses/,2026-08-24 12:23:39
ed51c326-0a3f-4380-97c6-9d10676adc74,f635247a-9881-4b1c-a8f7-fde2ba761976,fa233c2e-9f89-4123-9d09-3d7c92391ab7,CC_BY,PROTECTED,True,True,True,True,False,GLOBAL,ALL,2020-01-01,2099-12-31,Jamendo CC License,https://creativecommons.org/licenses/,2026-08-24 12:23:39
d22c670a-8adc-4b10-a6ef-cf98e11fca1d,4e9ddce8-dd27-4cef-93dc-bfc3aa45ff0c,f9202874-a4d5-4151-b3b5-0b53a9636090,CC_BY,PROTECTED,True,True,True,True,False,GLOBAL,ALL,2020-01-01,2099-12-31,Jamendo CC License,https://creativecommons.org/licenses/,2026-08-24 12:23:39
ee6f92ee-d245-49c7-9380-f414c87d93b9,da5999ee-1566-45d0-9e3f-2f9b8971e3ef,d99221f2-ac66-4be7-8165-e2f6abb59f09,CC_BY,PROTECTED,True,True,True,True,False,GLOBAL,ALL,2020-01-01,2099-12-31,Jamendo CC License,https://creativecommons.org/licenses/,2026-08-24 12:23:39
d7f39333-4fca-4233-9d0d-3937b029d18c,170f8572-d52e-4b9e-833f-82cfbb5b7034,21578558-ab9c-464b-bb39-580581f3d516,CC_BY,PROTECTED,True,True,True,True,False,GLOBAL,ALL,2020-01-01,2099-12-31,Jamendo CC License,https://creativecommons.org/licenses/,2026-08-24 12:23:39
fea2e8cd-e75b-4ad0-84f0-64938146932c,5c5a5899-3cc5-47a1-a582-0167d7e9f7d0,91586dca-c36f-4909-b64f-c7f0733de7b9,CC_BY,PROTECTED,True,True,True,True,False,GLOBAL,ALL,2020-01-01,2099-12-31,Jamendo CC License,https://creativecommons.org/licenses/,2026-08-24 12:23:39
c866e19e-c96f-482e-8a62-8bbda2854513,3bf5f995-60bc-42a4-a079-aee238d421f0,d2e206d4-2ad2-438f-9244-ec26932de7ba,CC_BY,PROTECTED,True,True,True,True,False,GLOBAL,ALL,2020-01-01,2099-12-31,Jamendo CC License,https://creativecommons.org/licenses/,2026-08-24 12:23:39
c79b5af2-0e72-479a-8d28-eb1d8b29bc59,23906c5e-0412-47aa-8512-c534f8edc435,d4f418f9-2af7-457b-9353-38d51a9d08d7,CC_BY,PROTECTED,True,True,True,True,False,GLOBAL,ALL,2020-01-01,2099-12-31,Jamendo CC License,https://creativecommons.org/licenses/,2026-08-24 12:23:39
09b94582-c6fb-4698-a545-ee20efded738,e2efe246-16a5-4662-a8fd-ff57a771e382,1521af8a-7cfd-451e-8288-262003c9e0f4,CC_BY,PROTECTED,True,True,True,True,False,GLOBAL,ALL,2020-01-01,2099-12-31,Jamendo CC License,https://creativecommons.org/licenses/,2026-08-24 12:23:39
a583bb92-8167-4b3e-bc13-0dfca363086a,d23310ff-d336-456e-a4a7-51e4455c0621,e383b456-a60d-4e84-9c55-550349cc9e1d,CC_BY,PROTECTED,True,True,True,True,False,GLOBAL,ALL,2020-01-01,2099-12-31,Jamendo CC License,https://creativecommons.org/licenses/,2026-08-24 12:23:39
845cba6d-f533-4878-9cc1-1f99fef5e1a5,fe1b45e6-d8d5-4bd7-aae8-7bf6a848e3a9,b0a097c4-f832-44d2-b3c9-755d71408ecd,CC_BY,PROTECTED,True,True,True,True,False,GLOBAL,ALL,2020-01-01,2099-12-31,Jamendo CC License,https://creativecommons.org/licenses/,2026-08-24 12:23:39
2f4891fa-88a2-4429-9d26-310f9f8f420e,b3a93a06-7f5e-4d03-8449-3620a72c5a5e,64a57176-9d9f-4014-ad18-d10fa69ecc33,CC_BY,PROTECTED,True,True,True,True,False,GLOBAL,ALL,2020-01-01,2099-12-31,Jamendo CC License,https://creativecommons.org/licenses/,2026-08-24 12:23:39
79e41d90-ce05-47b1-a034-2e01646ad313,e110ee7b-4ffb-4c43-adbb-3832a694a041,b0b781e8-db95-432f-9b68-7e0785b0e30b,CC_BY,PROTECTED,True,True,True,True,False,GLOBAL,ALL,2020-01-01,2099-12-31,Jamendo CC License,https://creativecommons.org/licenses/,2026-08-24 12:23:39
41f459f4-97ca-4237-a907-68ebc0ec9ab7,50c43b64-0070-4fe2-8628-a0e539700ca4,860d14c0-58c3-4496-a4a9-d873aa263d24,CC_BY,PROTECTED,True,True,True,True,False,GLOBAL,ALL,2020-01-01,2099-12-31,Jamendo CC License,https://creativecommons.org/licenses/,2026-08-24 12:23:39
2a876d84-9709-450b-a750-ffe2b42523ab,633ac7c5-5104-4662-a385-504c2d1d7480,c7c7fcf1-7b19-4172-a6cd-1cdfe19ae916,CC_BY,PROTECTED,True,True,True,True,False,GLOBAL,ALL,2020-01-01,2099-12-31,Jamendo CC License,https://creativecommons.org/licenses/,2026-08-24 12:23:39
3de9de4e-98c6-43fb-83b1-cb9102a371d9,e046355c-b740-446f-abeb-ea653010ac5c,6c020c8b-84d5-42de-b469-f284cd6e057e,CC_BY,PROTECTED,True,True,True,True,False,GLOBAL,ALL,2020-01-01,2099-12-31,Jamendo CC License,https://creativecommons.org/licenses/,2026-08-24 12:23:39
12dfdf02-0467-4f24-9726-3a7f9841d604,3ff91379-9cd1-46e4-8ed1-e1ea804d0f44,dcb049ca-79dc-4712-bb83-be5466c78d59,CC_BY,PROTECTED,True,True,True,True,False,GLOBAL,ALL,2020-01-01,2099-12-31,Jamendo CC License,https://creativecommons.org/licenses/,2026-08-24 12:23:39
2e4e144a-46fb-45f9-972f-4a5b16c30d6e,d872b250-b42c-4c88-9b4b-da8f25fe4749,c6808cb7-6903-4c1e-b44a-aa7ece19595b,CC_BY,PROTECTED,True,True,True,True,False,GLOBAL,ALL,2020-01-01,2099-12-31,Jamendo CC License,https://creativecommons.org/licenses/,2026-08-24 12:23:39
26ab5813-ea2b-4a22-9733-c7840609bb01,efbc7610-99cb-4aa9-9f32-80ed74360865,1934bf8c-0761-4de5-ac40-7178ba7ba288,CC_BY,PROTECTED,True,True,True,True,False,GLOBAL,ALL,2020-01-01,2099-12-31,Jamendo CC License,https://creativecommons.org/licenses/,2026-08-24 12:23:39
3a4cac6f-23c8-4ea9-becd-8a9abda98528,12aa0331-f64c-46ef-9353-d132a7e4353d,f946a26e-8f13-481d-93fa-9a5bce432eb9,CC_BY,PROTECTED,True,True,True,True,False,GLOBAL,ALL,2020-01-01,2099-12-31,Jamendo CC License,https://creativecommons.org/licenses/,2026-08-24 12:23:39
a481fde9-ae16-4c11-9ffd-c0f2b369eae9,7379e6bd-a1b7-4f79-86b1-b58e5facf1d0,9bd0a0de-cde3-4e2c-8efc-0a58be60648a,CC_BY,PROTECTED,True,True,True,True,False,GLOBAL,ALL,2020-01-01,2099-12-31,Jamendo CC License,https://creativecommons.org/licenses/,2026-08-24 12:23:39
fe741dab-6557-49dd-a5db-42ed3f84b880,d5633934-d464-47ca-87d2-c83d5180ff94,d701ea2b-8d78-4ab1-9342-c8a0ca9b552a,CC_BY,PROTECTED,True,True,True,True,False,GLOBAL,ALL,2020-01-01,2099-12-31,Jamendo CC License,https://creativecommons.org/licenses/,2026-08-24 12:23:39
ff6f4a89-df92-432b-b845-7eb5391b1cc8,42679710-7bde-48ed-b933-0ab59b34646c,a13cdc24-3ade-4213-8b30-5c9d9a39e82a,CC_BY,PROTECTED,True,True,True,True,False,GLOBAL,ALL,2020-01-01,2099-12-31,Jamendo CC License,https://creativecommons.org/licenses/,2026-08-24 12:23:39
f61784e1-8735-4d6f-89c6-08721200fa3e,2d2af069-966e-4120-8624-70cd21c4e83a,90044098-8a9c-4980-a5a3-492fb878f13b,CC_BY,PROTECTED,True,True,True,True,False,GLOBAL,ALL,2020-01-01,2099-12-31,Jamendo CC License,https://creativecommons.org/licenses/,2026-08-24 12:23:39
5afb6b97-c2fd-41d8-a8ba-160095f0eafa,951eab24-0995-4585-a231-a957daf5ec03,3184ee24-aa18-4a9b-ace5-a9a82a7417a2,CC_BY,PROTECTED,True,True,True,True,False,GLOBAL,ALL,2020-01-01,2099-12-31,Jamendo CC License,https://creativecommons.org/licenses/,2026-08-24 12:23:39
ba09761d-c16a-4886-aa5a-821a97688c14,b8dee476-0ab5-4493-8522-8540e9f63285,c4e86813-8264-4016-9ccb-09b0f73cef3c,CC_BY,PROTECTED,True,True,True,True,False,GLOBAL,ALL,2020-01-01,2099-12-31,Jamendo CC License,https://creativecommons.org/licenses/,2026-08-24 12:23:39
dbe4dae7-2517-49cd-b3a0-8c8dd5f190c8,62f8d077-be5c-43e1-b1ca-a8b072f29d62,ad4bf96c-41bd-42e2-976a-8dcf35158b66,CC_BY,PROTECTED,True,True,True,True,False,GLOBAL,ALL,2020-01-01,2099-12-31,Jamendo CC License,https://creativecommons.org/licenses/,2026-08-24 12:23:39
51439bac-559a-445c-8b5f-8a6881e9bda0,dd5282ba-1ccc-42c1-97a5-a9e866a59560,b9620a14-557a-46e2-8b2d-17dd2bec79b3,CC_BY,PROTECTED,True,True,True,True,False,GLOBAL,ALL,2020-01-01,2099-12-31,Jamendo CC License,https://creativecommons.org/licenses/,2026-08-24 12:23:39
31f061c2-f10c-429e-aeb1-aa674c2d7952,bd1eae8b-9c30-4f0e-a8f6-33b73e2b397e,f64c9af9-3cf6-40a4-9d30-b60810bb7a00,CC_BY,PROTECTED,True,True,True,True,False,GLOBAL,ALL,2020-01-01,2099-12-31,Jamendo CC License,https://creativecommons.org/licenses/,2026-08-24 12:23:39
f7ca8965-d5a5-4445-a93d-776a1df9f911,c9bbee28-7e8b-416e-ab0b-acdf8b94c39d,f1181508-f794-4ec4-ad99-7b40db1bc0e2,CC_BY,PROTECTED,True,True,True,True,False,GLOBAL,ALL,2020-01-01,2099-12-31,Jamendo CC License,https://creativecommons.org/licenses/,2026-08-24 12:23:39
c3a81574-f198-4bd3-84fd-90c159be840f,b19a8d01-4c6d-42fe-a0ef-ad4345996612,599dad89-6a26-4177-9335-ace7cdb638ea,CC_BY,PROTECTED,True,True,True,True,False,GLOBAL,ALL,2020-01-01,2099-12-31,Jamendo CC License,https://creativecommons.org/licenses/,2026-08-24 12:23:39
34aabd24-209e-4990-a325-6d690a482e43,c44f2e26-4741-4448-bfb7-4304d754f2d8,a1e39f84-567e-4b8b-b743-6a266d7433dd,CC_BY,PROTECTED,True,True,True,True,False,GLOBAL,ALL,2020-01-01,2099-12-31,Jamendo CC License,https://creativecommons.org/licenses/,2026-08-24 12:23:39
63edcc9b-3086-40e4-b105-4f57b6a26055,32fdcd57-24fc-4df8-90e6-b92180a530d2,4de6c2bb-6f98-4310-9bcb-f47d7db29bc3,CC_BY,PROTECTED,True,True,True,True,False,GLOBAL,ALL,2020-01-01,2099-12-31,Jamendo CC License,https://creativecommons.org/licenses/,2026-08-24 12:23:39
4b9bf107-7e15-4409-88e1-5213a614093e,bffa9581-2593-42c4-8234-30f50f18e467,19b0b072-44c4-4fb3-b97f-7e3530dac6a6,CC_BY,PROTECTED,True,True,True,True,False,GLOBAL,ALL,2020-01-01,2099-12-31,Jamendo CC License,https://creativecommons.org/licenses/,2026-08-24 12:23:39
cf811d45-b863-44c7-97db-637a5022cebf,7c5af873-21db-4657-9545-e8d70faae133,90121614-e5be-47e2-b383-f326d778887c,CC_BY,PROTECTED,True,True,True,True,False,GLOBAL,ALL,2020-01-01,2099-12-31,Jamendo CC License,https://creativecommons.org/licenses/,2026-08-24 12:23:39
762eedaf-d884-4c47-b08c-fa5173771b2c,c9b566a8-c3b3-4793-8355-805cb6cfe8b7,70bb6742-5b92-461f-af50-1862820404ed,CC_BY,PROTECTED,True,True,True,True,False,GLOBAL,ALL,2020-01-01,2099-12-31,Jamendo CC License,https://creativecommons.org/licenses/,2026-08-24 12:23:39
da332b9e-b5fa-4ed8-910c-c8947c183c38,418ffd82-a681-4dbe-9b5a-845740c26ac4,6894d0e9-b6d3-4405-b96e-da73491ba4c8,CC_BY,PROTECTED,True,True,True,True,False,GLOBAL,ALL,2020-01-01,2099-12-31,Jamendo CC License,https://creativecommons.org/licenses/,2026-08-24 12:23:39
f61c92d5-9910-488d-b0e8-933cf09f6b35,95662bd2-27f9-4ea7-babc-d6e67e8d4fab,b7ae2a27-e22f-4d62-8356-7a5b16880af6,CC_BY,PROTECTED,True,True,True,True,False,GLOBAL,ALL,2020-01-01,2099-12-31,Jamendo CC License,https://creativecommons.org/licenses/,2026-08-24 12:23:39
2ba0bd4f-79ec-473a-ae48-1450f7ac571d,2497a8e0-62c0-4d13-8cce-c6cd1828f512,5e291a4e-6762-4ff1-a02c-ca23e748ee0a,CC_BY,PROTECTED,True,True,True,True,False,GLOBAL,ALL,2020-01-01,2099-12-31,Jamendo CC License,https://creativecommons.org/licenses/,2026-08-24 12:23:39
0b3846a3-6c95-45fc-817d-976acd4a9bd1,fe24351b-14d7-473b-9445-e2bc562db62a,c18ba98f-08f4-40f4-9b28-6e8405b30098,CC_BY,PROTECTED,True,True,True,True,False,GLOBAL,ALL,2020-01-01,2099-12-31,Jamendo CC License,https://creativecommons.org/licenses/,2026-08-24 12:23:39
7ef020c6-7ac0-4b63-9c6b-c38e9d9ce541,32f9b42c-2aa7-4ed6-b22e-8d3ece25a791,403005cf-76cd-42a2-8b44-785539745473,CC_BY,PROTECTED,True,True,True,True,False,GLOBAL,ALL,2020-01-01,2099-12-31,Jamendo CC License,https://creativecommons.org/licenses/,2026-08-24 12:23:39
a27315a6-52ff-4332-bb77-3f7424c1f16b,14ac805b-d60d-4999-8e58-aab232184901,fb88c682-dc5c-4da3-a65b-dfd7bdaf534f,CC_BY,PROTECTED,True,True,True,True,False,GLOBAL,ALL,2020-01-01,2099-12-31,Jamendo CC License,https://creativecommons.org/licenses/,2026-08-24 12:23:39
05f4d05e-e2ba-443f-854c-2c3e887c8f8f,43fb4812-dca5-4ccb-85d8-6b09a666b6de,906d3329-8f0c-459f-b6b9-2acb95aea39d,CC_BY,PROTECTED,True,True,True,True,False,GLOBAL,ALL,2020-01-01,2099-12-31,Jamendo CC License,https://creativecommons.org/licenses/,2026-08-24 12:23:39
8070ea9a-ffbd-40e5-91a1-a062fe4270b0,2beb39e3-561a-4148-a9a5-69363a4e1b08,bd484d58-a3fa-48b2-8c7b-1c2b7ac132b7,CC_BY,PROTECTED,True,True,True,True,False,GLOBAL,ALL,2020-01-01,2099-12-31,Jamendo CC License,https://creativecommons.org/licenses/,2026-08-24 12:23:39
dc262aa8-6ef2-4fa6-8a6d-64dc2c70f011,f4a31daf-7511-4d05-930b-f83e8f06dc06,7e9192f0-7e59-46ab-b717-c0b533ddb12d,CC_BY,PROTECTED,True,True,True,True,False,GLOBAL,ALL,2020-01-01,2099-12-31,Jamendo CC License,https://creativecommons.org/licenses/,2026-08-24 12:23:39
ac249509-f13f-4a3b-bfd9-51895f03b5a1,64b94786-7fa9-4436-b45d-61e53d1997e5,7047c2d4-e1c3-4e72-9a7d-08634cec815d,CC_BY,PROTECTED,True,True,True,True,False,GLOBAL,ALL,2020-01-01,2099-12-31,Jamendo CC License,https://creativecommons.org/licenses/,2026-08-24 12:23:39
e3996298-6d0a-43a3-b6ed-ddead2aa7067,76e137df-1fb0-483f-8cd7-4801c8e0d9d2,822f5db9-98a2-4de1-b49c-32b727d3550b,CC_BY,PROTECTED,True,True,True,True,False,GLOBAL,ALL,2020-01-01,2099-12-31,Jamendo CC License,https://creativecommons.org/licenses/,2026-08-24 12:23:39
110d9c51-7e19-425c-9028-6c043134c9fd,49cd35f1-7f19-4fd2-b9ee-7cb56a1af51f,8bedb0e2-98ed-49e9-9088-e497217d0a97,CC_BY,PROTECTED,True,True,True,True,False,GLOBAL,ALL,2020-01-01,2099-12-31,Jamendo CC License,https://creativecommons.org/licenses/,2026-08-24 12:23:39
2e7957af-4c6f-4047-a6e4-41c41b12220e,6920faeb-2c82-4d7b-bf8a-2f61220b19f0,4b8fad5e-96fd-4477-85b7-91945decbf86,CC_BY,PROTECTED,True,True,True,True,False,GLOBAL,ALL,2020-01-01,2099-12-31,Jamendo CC License,https://creativecommons.org/licenses/,2026-08-24 12:23:39
c92eec49-bf26-477c-984f-9de286fd80cf,1d9e58c0-37f3-4162-b30d-956121e590d9,9d8fa450-c7a9-4974-9fef-79d30a14e34e,CC_BY,PROTECTED,True,True,True,True,False,GLOBAL,ALL,2020-01-01,2099-12-31,Jamendo CC License,https://creativecommons.org/licenses/,2026-08-24 12:23:39
b2b2ad16-bbee-42a3-af0d-5e7b8691c69e,2b0ff9d3-a9b5-4b6a-a5ea-254093f35550,62d5acd3-0bf8-43d8-837c-a1210b4c0dea,CC_BY,PROTECTED,True,True,True,True,False,GLOBAL,ALL,2020-01-01,2099-12-31,Jamendo CC License,https://creativecommons.org/licenses/,2026-08-24 12:23:39
807588f9-8354-4ce0-8e67-ff6247ebd8ed,8552c435-2412-479b-94dc-52a70ec6b22f,271d85d9-a903-41ca-86c3-e65ae652f850,CC_BY,PROTECTED,True,True,True,True,False,GLOBAL,ALL,2020-01-01,2099-12-31,Jamendo CC License,https://creativecommons.org/licenses/,2026-08-24 12:23:39
62659795-d4ce-4f76-ba4d-e2c5613df5a1,c17e23ab-c1b4-449b-8842-2d0b9889d230,f3c5eae7-7711-4f57-b793-7b73e10ab726,CC_BY,PROTECTED,True,True,True,True,False,GLOBAL,ALL,2020-01-01,2099-12-31,Jamendo CC License,https://creativecommons.org/licenses/,2026-08-24 12:23:39
2e1dba10-1af3-4178-af59-07355026d7fe,fbc04fda-965a-4013-aa9b-52e9c0387b24,405660cb-771a-4be9-84b1-de7214f66603,CC_BY,PROTECTED,True,True,True,True,False,GLOBAL,ALL,2020-01-01,2099-12-31,Jamendo CC License,https://creativecommons.org/licenses/,2026-08-24 12:23:39
aedb79d4-131a-4820-8c2b-95152748c73f,eacbec56-d7eb-4fd2-aaf6-6048473ac1f0,8c061c3b-653b-4e9f-9af9-961f5eea375b,CC_BY,PROTECTED,True,True,True,True,False,GLOBAL,ALL,2020-01-01,2099-12-31,Jamendo CC License,https://creativecommons.org/licenses/,2026-08-24 12:23:39
01665de8-c057-42df-93c3-6ae6bb3c582c,318a7573-f452-4657-8690-e16a3efb3dda,7594189d-d60a-42af-9dce-b9f8e2a57d13,CC_BY,PROTECTED,True,True,True,True,False,GLOBAL,ALL,2020-01-01,2099-12-31,Jamendo CC License,https://creativecommons.org/licenses/,2026-08-24 12:23:39
74399be9-8fd0-438c-a7a1-bf325336fe81,5198c658-a9a4-48e3-9761-9568e0871273,8234c72d-1bc7-48c7-801d-c19a584a168b,CC_BY,PROTECTED,True,True,True,True,False,GLOBAL,ALL,2020-01-01,2099-12-31,Jamendo CC License,https://creativecommons.org/licenses/,2026-08-24 12:23:39
c76affea-9ff1-4557-ae96-d89406a55d31,74cbe63c-e07c-4782-9532-5ae1e9420ed3,dbafe9fa-7195-4ae7-aeb8-ebf41de29496,CC_BY,PROTECTED,True,True,True,True,False,GLOBAL,ALL,2020-01-01,2099-12-31,Jamendo CC License,https://creativecommons.org/licenses/,2026-08-24 12:23:39
da6f8cd8-5d84-46df-abb3-279d7539bdf9,199a2ab6-fac8-41de-b57b-dd1504beb4bf,a6afb9f7-7e9d-4982-9526-af3bef45e9a8,CC_BY,PROTECTED,True,True,True,True,False,GLOBAL,ALL,2020-01-01,2099-12-31,Jamendo CC License,https://creativecommons.org/licenses/,2026-08-24 12:23:39
01d3fa3a-3824-4de3-98ca-535403145cd1,7e52164f-1f04-4843-8b14-59358f3f2672,6d2787fc-93ce-49b3-8aeb-72e33d1bbef6,CC_BY,PROTECTED,True,True,True,True,False,GLOBAL,ALL,2020-01-01,2099-12-31,Jamendo CC License,https://creativecommons.org/licenses/,2026-08-24 12:23:39
ddb69214-6f52-419e-8ec1-ae6cb3554921,8d7c7765-9a96-404f-9d03-9134e391c469,66499d51-7a0f-4439-beb9-b9e9935cb3bf,CC_BY,PROTECTED,True,True,True,True,False,GLOBAL,ALL,2020-01-01,2099-12-31,Jamendo CC License,https://creativecommons.org/licenses/,2026-08-24 12:23:39
eb1ccdad-42af-4592-9244-34c73b243e69,8e38b7d1-62d1-43e9-b9ef-7c201fb25e6f,0991d244-4913-4f8f-beba-2844904f70b1,CC_BY,PROTECTED,True,True,True,True,False,GLOBAL,ALL,2020-01-01,2099-12-31,Jamendo CC License,https://creativecommons.org/licenses/,2026-08-24 12:23:39
99a1f30a-8b8c-41c0-8032-9d1c8539382b,e90f7522-8824-423c-86bf-ef83eb29db53,ea6127a3-bc08-455d-b4c4-1c7d96c66e4a,CC_BY,PROTECTED,True,True,True,True,False,GLOBAL,ALL,2020-01-01,2099-12-31,Jamendo CC License,https://creativecommons.org/licenses/,2026-08-24 12:23:39
4195ed31-94dc-4b50-9482-f6093142556e,cb1edde1-1bf4-40b9-a4bb-29fdf1fa1261,715f8e23-2301-48e4-8e67-e876f2f613a7,CC_BY,PROTECTED,True,True,True,True,False,GLOBAL,ALL,2020-01-01,2099-12-31,Jamendo CC License,https://creativecommons.org/licenses/,2026-08-24 12:23:39
112508c6-3f73-4c49-84ce-0e891009ad0c,cf41ad6d-2c06-4cc7-9b86-cb8e9f4a5b4b,fd2ded48-9bdf-47a4-9894-d6b3fffd67bd,CC_BY,PROTECTED,True,True,True,True,False,GLOBAL,ALL,2020-01-01,2099-12-31,Jamendo CC License,https://creativecommons.org/licenses/,2026-08-24 12:23:39
42024367-98b3-4442-a8d7-50121b4b7318,093754c7-db70-40ef-92d5-d285a5a22a62,cbdd71d2-61f0-4268-ac32-eaca75325ccb,CC_BY,PROTECTED,True,True,True,True,False,GLOBAL,ALL,2020-01-01,2099-12-31,Jamendo CC License,https://creativecommons.org/licenses/,2026-08-24 12:23:39
15640e36-bb1c-4159-9fcd-8f70c7405169,60011614-6e2b-4811-aada-c1e5a10be970,2429ffb8-6921-48ef-8f33-05f78e8f90da,CC_BY,PROTECTED,True,True,True,True,False,GLOBAL,ALL,2020-01-01,2099-12-31,Jamendo CC License,https://creativecommons.org/licenses/,2026-08-24 12:23:39
8d857e0a-41c4-4116-b52b-2ce0b72005ef,a5a6eeb3-7beb-45d9-8b3f-a5d6d6bceee8,1318940b-504b-46d9-83f8-1a7e461ab10c,CC_BY,PROTECTED,True,True,True,True,False,GLOBAL,ALL,2020-01-01,2099-12-31,Jamendo CC License,https://creativecommons.org/licenses/,2026-08-24 12:23:39
ec7dabd2-cb94-4432-ad3a-13b3349633cb,9c17ddd1-6dac-41fe-b7a6-e92db3d4896a,2c223ba1-b5c5-4a4b-9a6f-7e4d0242ada4,CC_BY,PROTECTED,True,True,True,True,False,GLOBAL,ALL,2020-01-01,2099-12-31,Jamendo CC License,https://creativecommons.org/licenses/,2026-08-24 12:23:39
c9f5379e-b639-4099-8d4b-eb338447932e,a571f3a6-66fe-4f29-b087-d1eb1a43f7c7,accdf920-2a6b-4128-a10c-df3fec6aad7d,CC_BY,PROTECTED,True,True,True,True,False,GLOBAL,ALL,2020-01-01,2099-12-31,Jamendo CC License,https://creativecommons.org/licenses/,2026-08-24 12:23:39
7503f88a-d65b-4534-a4ac-4f3b44acd57f,df38d707-642d-4b87-a460-3d710b56117e,651b6952-7188-4ca3-bb0b-347ef944fe3f,CC_BY,PROTECTED,True,True,True,True,False,GLOBAL,ALL,2020-01-01,2099-12-31,Jamendo CC License,https://creativecommons.org/licenses/,2026-08-24 12:23:39
eef7b23d-9b1f-4742-8e82-3d6991a89a9a,32baea64-aef8-4257-9676-4cd3853ee8e6,10906dd8-d887-4660-85c7-160c95c82a43,CC_BY,PROTECTED,True,True,True,True,False,GLOBAL,ALL,2020-01-01,2099-12-31,Jamendo CC License,https://creativecommons.org/licenses/,2026-08-24 12:23:39
5c0a2627-79e3-40c1-b0b2-1b702943b90e,82b0fe79-e9f4-4300-9b5b-ea1a995f9163,f6de8faa-f5ad-45f7-8a49-0e32439f3182,CC_BY,PROTECTED,True,True,True,True,False,GLOBAL,ALL,2020-01-01,2099-12-31,Jamendo CC License,https://creativecommons.org/licenses/,2026-08-24 12:23:39
0563eba2-dde0-4831-bb3f-be2651f6e950,9cf6a885-ecc4-46c8-a252-0ac3e87fd19e,fd161325-ea80-4f85-9ae2-7e5d0bfb0a1b,CC_BY,PROTECTED,True,True,True,True,False,GLOBAL,ALL,2020-01-01,2099-12-31,Jamendo CC License,https://creativecommons.org/licenses/,2026-08-24 12:23:39
33fc7502-45cc-43ac-8fd4-b18e8916bc49,40f2aec9-6706-4eea-83c8-6cca57830d4a,1b08d3e9-684a-4778-b10d-55a9197d708b,CC_BY,PROTECTED,True,True,True,True,False,GLOBAL,ALL,2020-01-01,2099-12-31,Jamendo CC License,https://creativecommons.org/licenses/,2026-08-24 12:23:39
864d1c50-6a2d-4909-a17d-6c81ae0f615d,1409fb89-21b2-43d3-be84-79ece592b73e,76b14435-87e3-4abf-9439-5f3ef15c8846,CC_BY,PROTECTED,True,True,True,True,False,GLOBAL,ALL,2020-01-01,2099-12-31,Jamendo CC License,https://creativecommons.org/licenses/,2026-08-24 12:23:39
9a4aa66e-9a7e-4dd4-be2b-7d6fd3edca08,1487e583-2eeb-4b32-bf90-ca45144610cb,9fd45e80-b418-4994-8c5e-86b27cfdca6b,CC_BY,PROTECTED,True,True,True,True,False,GLOBAL,ALL,2020-01-01,2099-12-31,Jamendo CC License,https://creativecommons.org/licenses/,2026-08-24 12:23:39
a5f77e48-a7f0-4d60-a53c-f9a91f6400f2,6e160f5a-cbdc-46ee-8b12-3d5097d6c911,808eb41d-c9cf-40af-ac72-d2dc1087144b,CC_BY,PROTECTED,True,True,True,True,False,GLOBAL,ALL,2020-01-01,2099-12-31,Jamendo CC License,https://creativecommons.org/licenses/,2026-08-24 12:23:39
358b6f6b-39ec-4470-a4c3-dc527ef5e3c5,db8d28f2-1a36-4769-95a2-c5c5aef31cd4,942c7f7e-3711-4cb6-9b67-a6cbfe21c380,CC_BY,PROTECTED,True,True,True,True,False,GLOBAL,ALL,2020-01-01,2099-12-31,Jamendo CC License,https://creativecommons.org/licenses/,2026-08-24 12:23:39
aa7ceca5-eda3-4e5e-bdfd-52b671efeb06,a3f96e02-693b-4fb2-b95d-72f213ac9262,4e2d0783-821a-496f-8c80-09c5958d0147,CC_BY,PROTECTED,True,True,True,True,False,GLOBAL,ALL,2020-01-01,2099-12-31,Jamendo CC License,https://creativecommons.org/licenses/,2026-08-24 12:23:39
fa87deb4-ea70-476e-ae12-d40b79435290,eeeb5c15-4a87-4064-836d-5ceefe529912,65cc1419-417a-4176-85f6-590a4cddd805,CC_BY,PROTECTED,True,True,True,True,False,GLOBAL,ALL,2020-01-01,2099-12-31,Jamendo CC License,https://creativecommons.org/licenses/,2026-08-24 12:23:39
8487aa91-0a6f-4ed9-97cb-29de7482a5cd,6ca32e38-217e-4353-b356-39ddfb3d0e27,b24cc30a-9240-4993-a959-6f7e842cea9c,CC_BY,PROTECTED,True,True,True,True,False,GLOBAL,ALL,2020-01-01,2099-12-31,Jamendo CC License,https://creativecommons.org/licenses/,2026-08-24 12:23:39
bbdbeb65-4093-4fdf-b9d3-b95974aa0952,f57ced81-d4ff-46c6-8754-8135e1722412,cebccbba-307e-4d09-b5fc-78e654e36082,CC_BY,PROTECTED,True,True,True,True,False,GLOBAL,ALL,2020-01-01,2099-12-31,Jamendo CC License,https://creativecommons.org/licenses/,2026-08-24 12:23:39
3ee6522b-abf7-4b0b-9d79-086121ccab05,7db8d574-8d8f-4701-a86a-091b52c6c771,8fe4266b-abe4-41e7-b247-840c4058e744,CC_BY,PROTECTED,True,True,True,True,False,GLOBAL,ALL,2020-01-01,2099-12-31,Jamendo CC License,https://creativecommons.org/licenses/,2026-08-24 12:23:39
4093b7ee-2ebc-4050-bf1f-5545f5a147ff,87ad3d2f-96e1-4a72-b00e-e94053912acf,6195ef51-2912-43e3-8579-e5d23e06fcc4,CC_BY,PROTECTED,True,True,True,True,False,GLOBAL,ALL,2020-01-01,2099-12-31,Jamendo CC License,https://creativecommons.org/licenses/,2026-08-24 12:23:39
ae6eb159-4b3c-4f38-9312-42494bcb420e,8ead82c0-392f-4f99-ae58-63fad887f0a3,0f8c48b8-7de5-49b7-a17a-585749da834e,CC_BY,PROTECTED,True,True,True,True,False,GLOBAL,ALL,2020-01-01,2099-12-31,Jamendo CC License,https://creativecommons.org/licenses/,2026-08-24 12:23:39
46d9222e-3783-4cd3-966a-690cc4e0fa61,1c1c3a17-4a00-4fc4-9ae0-ccc893b20361,cb9a4261-3a1e-4a31-a1af-5a432139a5f8,CC_BY,PROTECTED,True,True,True,True,False,GLOBAL,ALL,2020-01-01,2099-12-31,Jamendo CC License,https://creativecommons.org/licenses/,2026-08-24 12:23:39
b2767479-fb2a-4d3a-8f00-bbc663f9e03a,55b29fe2-4f50-471c-ae74-580f4438cf1c,29eb6c40-2222-4409-9eae-030ec16ca0ad,CC_BY,PROTECTED,True,True,True,True,False,GLOBAL,ALL,2020-01-01,2099-12-31,Jamendo CC License,https://creativecommons.org/licenses/,2026-08-24 12:23:39
5d1568b6-c74f-418c-bc47-f5817437be27,635de95b-77bd-4511-bfed-7dba89d1a30f,ce17b487-a7d2-4c51-81dc-9ab45c4a7ff1,CC_BY,PROTECTED,True,True,True,True,False,GLOBAL,ALL,2020-01-01,2099-12-31,Jamendo CC License,https://creativecommons.org/licenses/,2026-08-24 12:23:39
b08cc185-fd15-4ef9-9f9c-8e0efed79ace,319a6147-5cd3-46b6-ba68-82c74d8a1d52,6e95f4cf-965a-4bbd-8215-880198ca71ef,CC_BY,PROTECTED,True,True,True,True,False,GLOBAL,ALL,2020-01-01,2099-12-31,Jamendo CC License,https://creativecommons.org/licenses/,2026-08-24 12:23:39
ac163c3f-d883-42c2-aee1-a75e1aef20ed,5bb29a06-2a89-47d6-86b5-642cb4f92ff3,29f51647-c410-4428-bccd-a9485cbd30be,CC_BY,PROTECTED,True,True,True,True,False,GLOBAL,ALL,2020-01-01,2099-12-31,Jamendo CC License,https://creativecommons.org/licenses/,2026-08-24 12:23:39
1cf859fd-1a33-40de-bbce-9a349211ebe8,da16a4d9-694d-4ef8-ab80-2490c934e767,06f0ac3f-5970-46e8-9c56-16037e361880,CC_BY,PROTECTED,True,True,True,True,False,GLOBAL,ALL,2020-01-01,2099-12-31,Jamendo CC License,https://creativecommons.org/licenses/,2026-08-24 12:23:39
c86e9a31-f0f0-4ea8-9a08-46b3daf62a9a,a66df916-03a8-4c7f-b844-99f9920edc8b,bb164ceb-75c3-445a-aacd-0421ba3c89aa,CC_BY,PROTECTED,True,True,True,True,False,GLOBAL,ALL,2020-01-01,2099-12-31,Jamendo CC License,https://creativecommons.org/licenses/,2026-08-24 12:23:39
fdaffae0-4126-4bbe-8a2e-8db1846f258c,b0228cc3-0b70-470d-974d-e8d98f2a6a5d,1368bd47-8f92-4147-936e-c3e1b4814f5d,CC_BY,PROTECTED,True,True,True,True,False,GLOBAL,ALL,2020-01-01,2099-12-31,Jamendo CC License,https://creativecommons.org/licenses/,2026-08-24 12:23:39
45bc725d-23ef-4da8-97c6-1bfc8ad223b4,aab5502a-b978-4996-8d2a-fd958a78bb0a,29bf0a35-2583-4822-9e34-791883359d9a,CC_BY,PROTECTED,True,True,True,True,False,GLOBAL,ALL,2020-01-01,2099-12-31,Jamendo CC License,https://creativecommons.org/licenses/,2026-08-24 12:23:39
5eeee57d-b439-44f7-a13b-ff1ecb095c21,189a7bcd-44d9-4278-b625-8938e92ca3e3,58af8862-00ad-4b07-b8f7-4d383604b8dd,CC_BY,PROTECTED,True,True,True,True,False,GLOBAL,ALL,2020-01-01,2099-12-31,Jamendo CC License,https://creativecommons.org/licenses/,2026-08-24 12:23:39
596c0bf1-2b53-4119-90d3-e0da5dc931ed,04130638-4156-473a-8c66-5d0dc046eca4,2b643767-a3cc-4a1c-bf48-4c397c306207,CC_BY,PROTECTED,True,True,True,True,False,GLOBAL,ALL,2020-01-01,2099-12-31,Jamendo CC License,https://creativecommons.org/licenses/,2026-08-24 12:23:39
1bfc0a7a-9f30-4077-b8fd-bf244a6f92d2,53bf3b5f-adcb-44c3-9ec3-e4918da35b4f,5ff2b9a3-515a-4be6-8994-8327ea849abb,CC_BY,PROTECTED,True,True,True,True,False,GLOBAL,ALL,2020-01-01,2099-12-31,Jamendo CC License,https://creativecommons.org/licenses/,2026-08-24 12:23:39
9ed3bf2b-7545-477c-a1d9-85071826ae8e,b7064d5b-ca12-4c42-99f7-7d54e3c6e3ca,472d1ec0-cf99-4313-80af-26cb70ddb36f,CC_BY,PROTECTED,True,True,True,True,False,GLOBAL,ALL,2020-01-01,2099-12-31,Jamendo CC License,https://creativecommons.org/licenses/,2026-08-24 12:23:39
2776bffa-0c71-4523-9321-2ab63ef25fff,305a0037-0331-40f7-8e72-16a9011a5547,6ebee021-e718-404b-ab1d-4c1015960ce5,CC_BY,PROTECTED,True,True,True,True,False,GLOBAL,ALL,2020-01-01,2099-12-31,Jamendo CC License,https://creativecommons.org/licenses/,2026-08-24 12:23:39
d7afecc6-3491-45da-99ba-2b2a83e5ce59,21698e30-e269-4294-ae00-41e9be6d2266,7a0fcb88-5339-43cb-9808-f6af7a91cb1e,CC_BY,PROTECTED,True,True,True,True,False,GLOBAL,ALL,2020-01-01,2099-12-31,Jamendo CC License,https://creativecommons.org/licenses/,2026-08-24 12:23:39
14c8bcff-f285-4379-a414-d5a0e2f8e584,2d35bc37-26a2-4041-9a36-67b3433c8acd,9792fed5-a53b-4b8d-b174-115e4d4cb499,CC_BY,PROTECTED,True,True,True,True,False,GLOBAL,ALL,2020-01-01,2099-12-31,Jamendo CC License,https://creativecommons.org/licenses/,2026-08-24 12:23:39
0f153cdb-052d-4f58-bd5f-983d2bddb64a,5f850ba4-9bcd-4144-ac00-527d536b2cf7,ee09f68b-c7cb-42eb-95be-5c2ca79fd24e,CC_BY,PROTECTED,True,True,True,True,False,GLOBAL,ALL,2020-01-01,2099-12-31,Jamendo CC License,https://creativecommons.org/licenses/,2026-08-24 12:23:39
d5ca497d-68c3-4a37-9e6a-5debec5a9e87,d54f8dfa-8757-41b6-a54d-eb23b9a7485d,8e42b525-7f86-4bcb-8b63-2a09f888d6cb,CC_BY,PROTECTED,True,True,True,True,False,GLOBAL,ALL,2020-01-01,2099-12-31,Jamendo CC License,https://creativecommons.org/licenses/,2026-08-24 12:23:39
831406de-73f0-4347-b60a-322d67f8ce85,9a5a0299-a566-4ebe-b064-56e187f1c326,e31d3966-082f-4a04-a9ab-32075a91b028,CC_BY,PROTECTED,True,True,True,True,False,GLOBAL,ALL,2020-01-01,2099-12-31,Jamendo CC License,https://creativecommons.org/licenses/,2026-08-24 12:23:39
e67ea9a4-f62f-4340-b950-924e363bc00a,594ccd69-ccbd-4858-a5e2-0192d9f9a26e,43aa5b73-d77f-46c6-aedb-ec8cbc89a1b6,CC_BY,PROTECTED,True,True,True,True,False,GLOBAL,ALL,2020-01-01,2099-12-31,Jamendo CC License,https://creativecommons.org/licenses/,2026-08-24 12:23:39
7868cb10-baf7-48f0-a182-613aa3182007,1c80cb32-f52c-40e3-9985-e16424cc2b2a,83aaba1a-2474-4f32-a476-de949257ec43,CC_BY,PROTECTED,True,True,True,True,False,GLOBAL,ALL,2020-01-01,2099-12-31,Jamendo CC License,https://creativecommons.org/licenses/,2026-08-24 12:23:39
84e8b592-1f9f-4831-82c3-e1a079aa5512,171ae1a1-94ce-48cb-a4fc-bb48bba9f2d3,932f31b7-b4ac-4bff-b343-4c290d02f896,CC_BY,PROTECTED,True,True,True,True,False,GLOBAL,ALL,2020-01-01,2099-12-31,Jamendo CC License,https://creativecommons.org/licenses/,2026-08-24 12:23:39
b5bd9dfc-4ad3-4afe-ae2a-3237436be1f5,589f7642-0041-44da-bf9d-8acf2f704d9a,1e3168cd-4ca6-42cb-91c4-be499d7b4a15,CC_BY,PROTECTED,True,True,True,True,False,GLOBAL,ALL,2020-01-01,2099-12-31,Jamendo CC License,https://creativecommons.org/licenses/,2026-08-24 12:23:39
bc346d97-68cd-42d1-8f9f-4ee722caadc4,23306568-68ac-42f7-b38a-e0a6e2060e35,4429c4e0-769a-4001-aaa3-76baa8d32753,CC_BY,PROTECTED,True,True,True,True,False,GLOBAL,ALL,2020-01-01,2099-12-31,Jamendo CC License,https://creativecommons.org/licenses/,2026-08-24 12:23:39
16f8ad52-c3bd-4e6e-954b-30872988cb1a,a8ce6228-84cc-494b-934a-e11e01df0ef7,828e5deb-7912-40b9-9078-c22fa03336b0,CC_BY,PROTECTED,True,True,True,True,False,GLOBAL,ALL,2020-01-01,2099-12-31,Jamendo CC License,https://creativecommons.org/licenses/,2026-08-24 12:23:39
595064b9-8037-43a5-b3d0-c8fa88d344fb,3a13b199-e3fa-48a7-bae4-8c38f6601cfd,2cd616e8-e875-4bfe-8076-bd281eb895c3,CC_BY,PROTECTED,True,True,True,True,False,GLOBAL,ALL,2020-01-01,2099-12-31,Jamendo CC License,https://creativecommons.org/licenses/,2026-08-24 12:23:39
88d911d7-5d23-45e7-a040-8f230d5df5f3,15fabcf9-f404-4ac1-a5df-1a1a08f5ae57,92bb382d-4938-4f63-a76a-6a390a25d529,CC_BY,PROTECTED,True,True,True,True,False,GLOBAL,ALL,2020-01-01,2099-12-31,Jamendo CC License,https://creativecommons.org/licenses/,2026-08-24 12:23:39
fb72c7c2-4e5f-4e33-9082-94d36d32a8ee,31fac20d-a9bf-4b79-952f-b3444af5f5bd,8efce7fc-7c2c-4a5b-b295-f136bf07f10b,CC_BY,PROTECTED,True,True,True,True,False,GLOBAL,ALL,2020-01-01,2099-12-31,Jamendo CC License,https://creativecommons.org/licenses/,2026-08-24 12:23:39
b75f7e0d-6973-4abd-80ef-fc604d7f08d4,22bae42b-c7ee-40f5-9792-74ac739404c8,e65d9172-686f-4b75-bec1-964b505d23d4,CC_BY,PROTECTED,True,True,True,True,False,GLOBAL,ALL,2020-01-01,2099-12-31,Jamendo CC License,https://creativecommons.org/licenses/,2026-08-24 12:23:39
f1df8999-cf05-42bf-8b08-1f86fe3d1fbd,0de3809c-ddd5-4a9a-9ca8-66722eeb8531,4292ff26-d4fe-4b73-bfa1-eabe29ffe612,CC_BY,PROTECTED,True,True,True,True,False,GLOBAL,ALL,2020-01-01,2099-12-31,Jamendo CC License,https://creativecommons.org/licenses/,2026-08-24 12:23:39
302a1a8c-30dc-49a0-85e8-1a9829584928,26e19461-e4fe-4fba-9d13-e234192f84b1,5515c9e3-d0f6-493b-8590-6c6cbc94eec1,CREATOR_MUSIC_LICENSE,PROTECTED,False,True,True,True,False,US_GLOBAL,YOUTUBE,2024-01-01,2029-12-31,YouTube Creator Music Index,https://creator-music.youtube.com,2026-08-24T13:38:53.799781
3aa7e3d3-ad12-4102-87ba-f37ed8bf8a25,85b3e36a-d40d-4cc1-8aea-8d2266ce85e6,daaceadb-48f4-41b9-bbbc-70462daa656c,CREATOR_MUSIC_REVENUE_SHARE,PROTECTED,False,True,True,True,True,US_GLOBAL,YOUTUBE,2024-01-01,2029-12-31,YouTube Creator Music Index,https://creator-music.youtube.com,2026-08-24T13:38:53.799781
44bdd1fa-c469-4de3-9ea1-a01b2459e068,7de37fab-cb82-456b-83c8-9d989ed71663,663cd92a-9516-4102-b816-97e01e139d94,CREATOR_MUSIC_LICENSE,PROTECTED,False,True,True,True,False,US_GLOBAL,YOUTUBE,2024-01-01,2029-12-31,YouTube Creator Music Index,https://creator-music.youtube.com,2026-08-24T13:38:53.799781
83b45e04-416b-454c-8626-0294991f95d0,5697e89b-b677-4d62-b4d8-7cdd67dd99a7,8696572c-c7ea-4249-82b9-008237629c50,CREATOR_MUSIC_REVENUE_SHARE,PROTECTED,False,True,True,True,True,US_GLOBAL,YOUTUBE,2024-01-01,2029-12-31,YouTube Creator Music Index,https://creator-music.youtube.com,2026-08-24T13:38:53.799781
958d933c-d833-49be-ba0a-43d70051938f,5e508cad-5d85-4a02-946b-0d50b52fc45c,ba0a8fc2-6c71-443a-8bd8-68b56d7258f9,CREATOR_MUSIC_LICENSE,PROTECTED,False,True,True,True,False,US_GLOBAL,YOUTUBE,2024-01-01,2029-12-31,YouTube Creator Music Index,https://creator-music.youtube.com,2026-08-24T13:38:53.799781
0d068382-f956-4398-9d0b-4fd96b2a9e5f,7d151dce-1c07-4e24-a06c-ce8daa6d227d,026d8d79-76e8-42d7-87c9-86b8440b259a,CREATOR_MUSIC_REVENUE_SHARE,PROTECTED,False,True,True,True,True,US_GLOBAL,YOUTUBE,2024-01-01,2029-12-31,YouTube Creator Music Index,https://creator-music.youtube.com,2026-08-24T13:38:53.799781
fde804fe-e479-4b48-8f2d-30bcd0ccb34d,c05f7d9f-3dee-489b-9300-bfc040e3715f,73fb052f-7f8e-4941-b107-d593cc006b7f,CREATOR_MUSIC_LICENSE,PROTECTED,False,True,True,True,False,US_GLOBAL,YOUTUBE,2024-01-01,2029-12-31,YouTube Creator Music Index,https://creator-music.youtube.com,2026-08-24T13:38:53.799781
d62a848a-eb4a-4c49-99ee-61598507331e,a62d763d-2d27-46b5-a85a-5b92ab9a444d,b7c82154-b3d7-41d3-971e-710beee7fd8e,CREATOR_MUSIC_REVENUE_SHARE,PROTECTED,False,True,True,True,True,US_GLOBAL,YOUTUBE,2024-01-01,2029-12-31,YouTube Creator Music Index,https://creator-music.youtube.com,2026-08-24T13:38:53.799781
d918efb3-8572-49c9-886f-452e86c6e991,ccfa5c7e-30e2-4cab-8223-4cbb3ccc0155,ec63cd9e-6ef5-456b-b3c6-1f9e1ccd2298,CREATOR_MUSIC_LICENSE,PROTECTED,False,True,True,True,False,US_GLOBAL,YOUTUBE,2024-01-01,2029-12-31,YouTube Creator Music Index,https://creator-music.youtube.com,2026-08-24T13:38:53.799781
df910c05-3916-4b4a-a87b-05625e575e2e,80df5cfb-9088-4775-9971-b640b0897aa0,916d0212-b180-4acc-8eb2-c7252d1cf245,CREATOR_MUSIC_REVENUE_SHARE,PROTECTED,False,True,True,True,True,US_GLOBAL,YOUTUBE,2024-01-01,2029-12-31,YouTube Creator Music Index,https://creator-music.youtube.com,2026-08-24T13:38:53.799781
25a5a19f-381d-4fca-b222-71174864c0ac,58cec6ed-d021-4403-a3c9-75c9eb4dc8c5,46047d65-9215-4fc7-80f7-ffa80b2151f5,CREATOR_MUSIC_LICENSE,PROTECTED,False,True,True,True,False,US_GLOBAL,YOUTUBE,2024-01-01,2029-12-31,YouTube Creator Music Index,https://creator-music.youtube.com,2026-08-24T13:38:53.799781
1aa6b990-8a10-4f42-8edc-20002becb328,f27002cd-6359-477a-bf74-cacd84f4de8f,42c4652e-e5e6-419c-9b83-62fc6e69c9cb,CREATOR_MUSIC_REVENUE_SHARE,PROTECTED,False,True,True,True,True,US_GLOBAL,YOUTUBE,2024-01-01,2029-12-31,YouTube Creator Music Index,https://creator-music.youtube.com,2026-08-24T13:38:53.799781
6d1889c0-3db5-4053-9fa6-53a3573cf785,a92529cf-beed-4850-9947-f4138549346e,40c2089f-bfab-49fd-ac3d-7fd28220f7b6,CREATOR_MUSIC_LICENSE,PROTECTED,False,True,True,True,False,US_GLOBAL,YOUTUBE,2024-01-01,2029-12-31,YouTube Creator Music Index,https://creator-music.youtube.com,2026-08-24T13:38:53.799781
d23aedbf-2db1-462d-9bbe-257b7fd900a5,60204d27-fac3-4a3a-bd8b-284be3c0754a,903684d3-5f11-46a2-9ac1-8cd78d45066b,CREATOR_MUSIC_REVENUE_SHARE,PROTECTED,False,True,True,True,True,US_GLOBAL,YOUTUBE,2024-01-01,2029-12-31,YouTube Creator Music Index,https://creator-music.youtube.com,2026-08-24T13:38:53.799781
b5ff7055-ea44-4ad5-89cd-ee30efda43db,099c5cbc-5aa2-4a49-852d-3e613e19fa8c,d3a20d33-2cf3-4751-914d-83d60dd8fba5,CREATOR_MUSIC_LICENSE,PROTECTED,False,True,True,True,False,US_GLOBAL,YOUTUBE,2024-01-01,2029-12-31,YouTube Creator Music Index,https://creator-music.youtube.com,2026-08-24T13:38:53.799781
1929b113-22c4-416c-b964-6beea8a82045,973088a9-e147-4c56-87af-8bc46456ad03,bb4125f3-9631-4209-a117-85657b1c8d1e,CREATOR_MUSIC_REVENUE_SHARE,PROTECTED,False,True,True,True,True,US_GLOBAL,YOUTUBE,2024-01-01,2029-12-31,YouTube Creator Music Index,https://creator-music.youtube.com,2026-08-24T13:38:53.799781
d5e87180-7b8a-49da-a920-0a4dadb9395a,55ed0516-3e9e-4bb9-aafe-4008f5138c5a,c7142b9a-d38e-4b33-b553-11734d58ec4c,CREATOR_MUSIC_LICENSE,PROTECTED,False,True,True,True,False,US_GLOBAL,YOUTUBE,2024-01-01,2029-12-31,YouTube Creator Music Index,https://creator-music.youtube.com,2026-08-24T13:38:53.799781
f95b4251-dbde-49c1-8ccc-aa899619b781,350d80b1-3ed7-4dd1-ad64-e5831ce85ce5,8ceae917-e677-4961-8492-e0b28a68c645,CREATOR_MUSIC_REVENUE_SHARE,PROTECTED,False,True,True,True,True,US_GLOBAL,YOUTUBE,2024-01-01,2029-12-31,YouTube Creator Music Index,https://creator-music.youtube.com,2026-08-24T13:38:53.799781
26223af5-70b7-4a21-bde4-c38bb63394c4,62c3f13c-b9c7-421c-8a16-9a846ae169d0,b767c9b6-1b85-4853-9803-68a396cb2c07,CREATOR_MUSIC_LICENSE,PROTECTED,False,True,True,True,False,US_GLOBAL,YOUTUBE,2024-01-01,2029-12-31,YouTube Creator Music Index,https://creator-music.youtube.com,2026-08-24T13:38:53.799781
0503e187-eb0e-400f-9e8a-d023ee1f636f,b73c3fe0-2ebb-4864-bded-a94dde9f713c,d5cdc77d-343d-40fc-aee0-d8d3661fa3cf,CREATOR_MUSIC_REVENUE_SHARE,PROTECTED,False,True,True,True,True,US_GLOBAL,YOUTUBE,2024-01-01,2029-12-31,YouTube Creator Music Index,https://creator-music.youtube.com,2026-08-24T13:38:53.799781
60386d7e-4e9f-492c-972f-a385efae4c81,b6a0f155-3b01-435c-b946-969778efd77e,78127d5d-2356-42b5-bedb-4865d619fb9d,CREATOR_MUSIC_LICENSE,PROTECTED,False,True,True,True,False,US_GLOBAL,YOUTUBE,2024-01-01,2029-12-31,YouTube Creator Music Index,https://creator-music.youtube.com,2026-08-24T13:38:53.799781
81baab08-88c4-4c1c-8c2f-18420d7a098e,ae61d247-f6e7-4c5c-afea-6a7d8c61ce91,5fb1c451-997f-4282-a571-d18a54ec8204,CREATOR_MUSIC_REVENUE_SHARE,PROTECTED,False,True,True,True,True,US_GLOBAL,YOUTUBE,2024-01-01,2029-12-31,YouTube Creator Music Index,https://creator-music.youtube.com,2026-08-24T13:38:53.799781
3bf0b352-a211-4e6e-8789-4974d5019507,71c06297-498e-4f84-b1c9-9d13a4cf41cd,4f7a8897-c4a4-4d5b-a317-80e6039afd0b,CREATOR_MUSIC_LICENSE,PROTECTED,False,True,True,True,False,US_GLOBAL,YOUTUBE,2024-01-01,2029-12-31,YouTube Creator Music Index,https://creator-music.youtube.com,2026-08-24T13:38:53.799781
7443570d-f9f5-4eef-a893-edd3e93c2e13,cc717c96-8c90-4823-96ba-32045a9ea8ed,7024a144-2234-413e-ae4d-673a1b4b70c9,CREATOR_MUSIC_REVENUE_SHARE,PROTECTED,False,True,True,True,True,US_GLOBAL,YOUTUBE,2024-01-01,2029-12-31,YouTube Creator Music Index,https://creator-music.youtube.com,2026-08-24T13:38:53.799781
a95ebbd1-5168-4767-8d77-996718cb1dbe,d020997d-d69d-497b-8bfb-292dadf30021,127d9ceb-1176-4f60-83aa-66ae449ac1d5,CREATOR_MUSIC_LICENSE,PROTECTED,False,True,True,True,False,US_GLOBAL,YOUTUBE,2024-01-01,2029-12-31,YouTube Creator Music Index,https://creator-music.youtube.com,2026-08-24T13:38:53.799781
81b6c0bb-5dd7-4a49-85b7-93532c1b7523,e6ab20fb-c633-497c-958c-aabc049d93af,3e611721-9341-4c0d-aa46-e41a1b226b22,CREATOR_MUSIC_REVENUE_SHARE,PROTECTED,False,True,True,True,True,US_GLOBAL,YOUTUBE,2024-01-01,2029-12-31,YouTube Creator Music Index,https://creator-music.youtube.com,2026-08-24T13:38:53.799781
8d9072af-8f4d-40ba-8b97-80028a33cdd8,b7113c4a-8feb-4a6f-a1e1-0de81ff03411,17295740-e24e-458e-967a-43f59945dd77,CREATOR_MUSIC_LICENSE,PROTECTED,False,True,True,True,False,US_GLOBAL,YOUTUBE,2024-01-01,2029-12-31,YouTube Creator Music Index,https://creator-music.youtube.com,2026-08-24T13:38:53.799781
6ce8897a-b892-403d-82b5-d1df83c8157b,ae98248a-15f9-4711-a2d6-2f08cd7b711a,65ad8ec6-04da-4966-b35a-6df13526c602,CREATOR_MUSIC_REVENUE_SHARE,PROTECTED,False,True,True,True,True,US_GLOBAL,YOUTUBE,2024-01-01,2029-12-31,YouTube Creator Music Index,https://creator-music.youtube.com,2026-08-24T13:38:53.799781
9fac40cc-3eff-4eee-aad9-2cbde80e3d82,9add4204-14ae-4514-84e5-5bc71cfb8a6e,5c526509-8920-4aef-bc3e-4960405654ed,CREATOR_MUSIC_LICENSE,PROTECTED,False,True,True,True,False,US_GLOBAL,YOUTUBE,2024-01-01,2029-12-31,YouTube Creator Music Index,https://creator-music.youtube.com,2026-08-24T13:38:53.799781
eb4fdd67-fe16-47ae-b4f4-d8102742813a,a3a62cfd-1f07-4021-95b3-599f753a17a7,31a1efae-9072-4d63-a162-9030dacc5f0f,CREATOR_MUSIC_REVENUE_SHARE,PROTECTED,False,True,True,True,True,US_GLOBAL,YOUTUBE,2024-01-01,2029-12-31,YouTube Creator Music Index,https://creator-music.youtube.com,2026-08-24T13:38:53.799781
2c98c9c8-634e-4c77-ac79-d76bb5b7befb,488aaeda-83aa-435c-899b-941341e28bd6,ac750b69-3a0a-4a00-bc40-b3d7c65df95a,CREATOR_MUSIC_LICENSE,PROTECTED,False,True,True,True,False,US_GLOBAL,YOUTUBE,2024-01-01,2029-12-31,YouTube Creator Music Index,https://creator-music.youtube.com,2026-08-24T13:38:53.799781
75874a35-c03d-42ad-a804-16ad849437cc,bcdea05a-0764-435f-b972-e989af01fe99,595afcaa-9d38-4e10-976b-93213f661c4d,CREATOR_MUSIC_REVENUE_SHARE,PROTECTED,False,True,True,True,True,US_GLOBAL,YOUTUBE,2024-01-01,2029-12-31,YouTube Creator Music Index,https://creator-music.youtube.com,2026-08-24T13:38:53.799781
bfc3abe3-da4a-4b9f-b593-ef92a47901f1,58219510-ba9b-41c1-9ae8-7485822acd5e,1357076e-0e7d-49ff-aebe-1e4dedc4210c,CREATOR_MUSIC_LICENSE,PROTECTED,False,True,True,True,False,US_GLOBAL,YOUTUBE,2024-01-01,2029-12-31,YouTube Creator Music Index,https://creator-music.youtube.com,2026-08-24T13:38:53.799781
100195ef-8b6e-4a8c-859f-d9deffe365c2,00ec4a18-c028-43bd-835b-b28068a8cbff,68666d67-f4c7-4f49-b0a7-1a9b4008765e,CREATOR_MUSIC_REVENUE_SHARE,PROTECTED,False,True,True,True,True,US_GLOBAL,YOUTUBE,2024-01-01,2029-12-31,YouTube Creator Music Index,https://creator-music.youtube.com,2026-08-24T13:38:53.799781
4419dec6-29ad-41db-8587-f15fe81094e7,b063aaa4-219b-4264-b925-f07c7048460e,207bc02a-42ee-4a0e-a655-00f1d1d08e28,CREATOR_MUSIC_LICENSE,PROTECTED,False,True,True,True,False,US_GLOBAL,YOUTUBE,2024-01-01,2029-12-31,YouTube Creator Music Index,https://creator-music.youtube.com,2026-08-24T13:38:53.799781
56444916-66bc-4bbe-8c5e-eb47d80cbeb5,a7536c08-4de3-45f8-bdd4-2cae877f75cd,e9895438-92c7-4a64-b9fe-81395de592fd,CREATOR_MUSIC_REVENUE_SHARE,PROTECTED,False,True,True,True,True,US_GLOBAL,YOUTUBE,2024-01-01,2029-12-31,YouTube Creator Music Index,https://creator-music.youtube.com,2026-08-24T13:38:53.799781
83ab56ee-83b5-48d8-ae48-d7276cacbf34,b7fe0fe7-f431-4bed-885c-169015851a9a,fbe76909-b9e8-4ec7-b5c6-03aba203678e,CREATOR_MUSIC_LICENSE,PROTECTED,False,True,True,True,False,US_GLOBAL,YOUTUBE,2024-01-01,2029-12-31,YouTube Creator Music Index,https://creator-music.youtube.com,2026-08-24T13:38:53.799781
7e9cf9e8-0c47-4599-86af-0fb66b298b48,30e91a33-1adb-4e55-af53-28356f8bb517,4bcb27f2-9189-4f37-82ec-5d94183dc7ac,CREATOR_MUSIC_REVENUE_SHARE,PROTECTED,False,True,True,True,True,US_GLOBAL,YOUTUBE,2024-01-01,2029-12-31,YouTube Creator Music Index,https://creator-music.youtube.com,2026-08-24T13:38:53.799781
cb030522-11d2-404e-aa03-55456250c5db,b7ced8c0-798f-4b52-aff8-16d7986e335b,9493ffcd-d827-4922-94e1-c8bc33d6ed07,CREATOR_MUSIC_LICENSE,PROTECTED,False,True,True,True,False,US_GLOBAL,YOUTUBE,2024-01-01,2029-12-31,YouTube Creator Music Index,https://creator-music.youtube.com,2026-08-24T13:38:53.799781
4c06f51f-8317-46e9-a377-501114454333,4ef6ad03-811b-4f79-9fba-2f21d959a87d,c091ef0e-bc5b-4864-ae56-c5c81bbe285b,CREATOR_MUSIC_REVENUE_SHARE,PROTECTED,False,True,True,True,True,US_GLOBAL,YOUTUBE,2024-01-01,2029-12-31,YouTube Creator Music Index,https://creator-music.youtube.com,2026-08-24T13:38:53.799781
1afba7a4-6131-42b9-89e0-90a20f907c21,5956e6c0-062f-4a2e-9cf1-f8009e541661,0c992d12-ba00-4a5c-b547-5d2b2125f6a6,CREATOR_MUSIC_LICENSE,PROTECTED,False,True,True,True,False,US_GLOBAL,YOUTUBE,2024-01-01,2029-12-31,YouTube Creator Music Index,https://creator-music.youtube.com,2026-08-24T13:38:53.799781
da1de0f7-5d60-473a-9214-57be1360f378,4790cbc1-39e5-4595-9d4b-4908922963c9,cea4781c-6b7e-42c8-baa6-04d75d09c45b,CREATOR_MUSIC_REVENUE_SHARE,PROTECTED,False,True,True,True,True,US_GLOBAL,YOUTUBE,2024-01-01,2029-12-31,YouTube Creator Music Index,https://creator-music.youtube.com,2026-08-24T13:38:53.799781
f4dde801-b5b9-453f-970d-bfaadf5def2c,47817624-6330-4f42-b796-4e0071f04ac2,96ec160e-911e-453e-8b15-ba2aa4ff3bed,CREATOR_MUSIC_LICENSE,PROTECTED,False,True,True,True,False,US_GLOBAL,YOUTUBE,2024-01-01,2029-12-31,YouTube Creator Music Index,https://creator-music.youtube.com,2026-08-24T13:38:53.799781
1a5db51d-66df-49f3-9b77-fecdcece2a58,a1567084-5a79-425d-a4c3-031be0364118,da463a62-1636-46a1-807b-234e38411b54,CREATOR_MUSIC_REVENUE_SHARE,PROTECTED,False,True,True,True,True,US_GLOBAL,YOUTUBE,2024-01-01,2029-12-31,YouTube Creator Music Index,https://creator-music.youtube.com,2026-08-24T13:38:53.799781
3c901b2d-12e7-4440-b920-519c10b73fdc,c36a1241-e922-4750-82c1-9ce2698eeb5d,0e8b82ab-40a0-4eb1-8233-64f6e4aa58da,CREATOR_MUSIC_LICENSE,PROTECTED,False,True,True,True,False,US_GLOBAL,YOUTUBE,2024-01-01,2029-12-31,YouTube Creator Music Index,https://creator-music.youtube.com,2026-08-24T13:38:53.799781
556e9500-01ca-4140-b8de-b73667445bf3,92d69ed7-900a-433c-9d28-2cee391cacaa,7baf02ba-52f7-4982-aa9c-3812038c60b7,CREATOR_MUSIC_REVENUE_SHARE,PROTECTED,False,True,True,True,True,US_GLOBAL,YOUTUBE,2024-01-01,2029-12-31,YouTube Creator Music Index,https://creator-music.youtube.com,2026-08-24T13:38:53.799781
f557d654-b615-4c45-a446-69405ce6fc04,e12bb6d2-34d4-4487-bf77-6ba7ae98c9a3,d2de25e9-79ff-42c4-b9a9-5df66fc910d4,CREATOR_MUSIC_LICENSE,PROTECTED,False,True,True,True,False,US_GLOBAL,YOUTUBE,2024-01-01,2029-12-31,YouTube Creator Music Index,https://creator-music.youtube.com,2026-08-24T13:38:53.799781
a11c2eeb-ff86-4b2f-a201-dd1ab264fdfd,d47cb396-bc41-4f92-8d88-4e2b15157b88,87c12281-4f49-4845-941b-5ba2b0bffd14,CREATOR_MUSIC_REVENUE_SHARE,PROTECTED,False,True,True,True,True,US_GLOBAL,YOUTUBE,2024-01-01,2029-12-31,YouTube Creator Music Index,https://creator-music.youtube.com,2026-08-24T13:38:53.799781
70ecb3e4-17d7-45e6-b5b9-63a1e1a7437e,8ef190bc-b732-4876-bd7f-8c11617b2fd0,7865c318-add6-45ed-8d96-50a60ceb640b,CREATOR_MUSIC_LICENSE,PROTECTED,False,True,True,True,False,US_GLOBAL,YOUTUBE,2024-01-01,2029-12-31,YouTube Creator Music Index,https://creator-music.youtube.com,2026-08-24T13:38:53.799781
bd742254-c972-416a-8d90-98939563e7fa,dd91c601-060f-4a90-8380-7bfaa031e00d,7edcc64a-b8b8-45e8-bb69-8d07abfff73b,CREATOR_MUSIC_REVENUE_SHARE,PROTECTED,False,True,True,True,True,US_GLOBAL,YOUTUBE,2024-01-01,2029-12-31,YouTube Creator Music Index,https://creator-music.youtube.com,2026-08-24T13:38:53.799781
0032d67b-f6d1-416f-acc1-92269625d530,7d4cbfec-9e57-424e-a392-812fd5c3c226,08a1e451-a1d5-44a7-9751-cdfd850fabb2,CREATOR_MUSIC_LICENSE,PROTECTED,False,True,True,True,False,US_GLOBAL,YOUTUBE,2024-01-01,2029-12-31,YouTube Creator Music Index,https://creator-music.youtube.com,2026-08-24T13:38:53.799781
fb97a9e3-9f04-403d-8f94-4c0c54b36359,011dcb6d-4ba8-4322-9a84-78e60db906e6,2015770d-0f68-4f22-b572-ffe465ed5f65,CREATOR_MUSIC_REVENUE_SHARE,PROTECTED,False,True,True,True,True,US_GLOBAL,YOUTUBE,2024-01-01,2029-12-31,YouTube Creator Music Index,https://creator-music.youtube.com,2026-08-24T13:38:53.799781
8d1d76fd-aa2e-41c7-9cb0-fc2487d7fbca,e944be04-2ecf-49ac-9732-f766f8600c13,d54b071a-5de2-45e4-baac-faaeced3a91d,CREATOR_MUSIC_LICENSE,PROTECTED,False,True,True,True,False,US_GLOBAL,YOUTUBE,2024-01-01,2029-12-31,YouTube Creator Music Index,https://creator-music.youtube.com,2026-08-24T13:38:53.799781
6486c32c-689f-4a4b-a3b4-526ae59bdeef,d35c2f05-7e3d-4099-a8ba-1d58bfdd3eed,96e8d752-26f9-4468-9d4b-80fd9a8b7ff7,CREATOR_MUSIC_REVENUE_SHARE,PROTECTED,False,True,True,True,True,US_GLOBAL,YOUTUBE,2024-01-01,2029-12-31,YouTube Creator Music Index,https://creator-music.youtube.com,2026-08-24T13:38:53.799781
c59af625-94ae-4b77-b52d-5183f17157f6,2d215c9c-3b48-424a-901b-7ac91ce867ca,0b680efe-4cb9-4404-bf74-adb25e66a840,CREATOR_MUSIC_LICENSE,PROTECTED,False,True,True,True,False,US_GLOBAL,YOUTUBE,2024-01-01,2029-12-31,YouTube Creator Music Index,https://creator-music.youtube.com,2026-08-24T13:38:53.799781
3345bb6f-567e-4309-a75e-154f42f51be6,c43ceee6-b269-41d3-b67b-59a774fce948,c6e5250b-da5c-4ad2-a41b-3bfe983ddf06,CREATOR_MUSIC_REVENUE_SHARE,PROTECTED,False,True,True,True,True,US_GLOBAL,YOUTUBE,2024-01-01,2029-12-31,YouTube Creator Music Index,https://creator-music.youtube.com,2026-08-24T13:38:53.799781
759a75a9-3b5e-4868-9ab2-d9de48737050,ff89baf8-ddbb-4eef-8358-bd5e44e96762,400ab690-5056-41ec-b610-be1233187a48,CREATOR_MUSIC_LICENSE,PROTECTED,False,True,True,True,False,US_GLOBAL,YOUTUBE,2024-01-01,2029-12-31,YouTube Creator Music Index,https://creator-music.youtube.com,2026-08-24T13:38:53.799781
59cddb9a-c947-4d38-ae4f-7d2ade91e200,115e4282-8892-4faf-b8d0-6ee34efdde86,d7d63639-56e6-4846-833b-22b599b4848a,CREATOR_MUSIC_REVENUE_SHARE,PROTECTED,False,True,True,True,True,US_GLOBAL,YOUTUBE,2024-01-01,2029-12-31,YouTube Creator Music Index,https://creator-music.youtube.com,2026-08-24T13:38:53.799781
441ccb5f-d7c2-461a-8fb8-1bb24430cde7,acf8daef-1446-44e1-803a-949f099b5d9f,1ea4d9dc-fbee-485e-ba2d-f8a4e0f2502c,CREATOR_MUSIC_LICENSE,PROTECTED,False,True,True,True,False,US_GLOBAL,YOUTUBE,2024-01-01,2029-12-31,YouTube Creator Music Index,https://creator-music.youtube.com,2026-08-24T13:38:53.799781
02a46b69-1b95-49e6-adb1-4254b6efbf6d,94280049-7733-4850-84b0-4d1fdf2ae062,84df424d-1a18-4c40-95e0-ea35b4a1c691,CREATOR_MUSIC_REVENUE_SHARE,PROTECTED,False,True,True,True,True,US_GLOBAL,YOUTUBE,2024-01-01,2029-12-31,YouTube Creator Music Index,https://creator-music.youtube.com,2026-08-24T13:38:53.799781
f3f1b44b-6d16-46b6-9b0c-fc820e31fcfe,517d421d-c03f-4d39-98eb-a50b7f8b5cda,7b468a1d-9ade-498d-89c3-d2021d5efd1f,CREATOR_MUSIC_LICENSE,PROTECTED,False,True,True,True,False,US_GLOBAL,YOUTUBE,2024-01-01,2029-12-31,YouTube Creator Music Index,https://creator-music.youtube.com,2026-08-24T13:38:53.799781
410a1127-2f6e-437b-a43b-1229438d39bf,7f43f0fa-6f2e-450b-89b2-a1663ebc4e47,88ca05c4-5d5c-4934-aa7f-2b505f113f88,CREATOR_MUSIC_REVENUE_SHARE,PROTECTED,False,True,True,True,True,US_GLOBAL,YOUTUBE,2024-01-01,2029-12-31,YouTube Creator Music Index,https://creator-music.youtube.com,2026-08-24T13:38:53.799781
60528a88-3681-4ee0-afd0-d999da462e78,5f2d28ef-44b3-4b4e-94ed-dc40c436e951,1a76dd7f-ae90-4ab7-910e-c443dabbf64b,CREATOR_MUSIC_LICENSE,PROTECTED,False,True,True,True,False,US_GLOBAL,YOUTUBE,2024-01-01,2029-12-31,YouTube Creator Music Index,https://creator-music.youtube.com,2026-08-24T13:38:53.799781
0000f18e-21be-4c2c-8cf5-cc517202aff0,a1ceb0e4-7611-4ba6-ad47-2574b1f6ffe0,cdd3d2cd-bfaa-44be-8e0e-f0314ffb1b56,CREATOR_MUSIC_REVENUE_SHARE,PROTECTED,False,True,True,True,True,US_GLOBAL,YOUTUBE,2024-01-01,2029-12-31,YouTube Creator Music Index,https://creator-music.youtube.com,2026-08-24T13:38:53.799781
5946b4bd-fe4a-4ae4-9012-920d92613939,a33594c5-27a5-4c1a-ac1c-8120a31aaa1e,5a391c2e-f292-4e9d-9ff3-b7b0137a6ee4,CREATOR_MUSIC_LICENSE,PROTECTED,False,True,True,True,False,US_GLOBAL,YOUTUBE,2024-01-01,2029-12-31,YouTube Creator Music Index,https://creator-music.youtube.com,2026-08-24T13:38:53.799781
9eded0b2-5436-4941-a118-9ca594f16381,62693a43-30fb-49ca-9952-6bb60f39361f,016ffa6f-0e5c-45f6-9a6c-0825679536ad,CREATOR_MUSIC_REVENUE_SHARE,PROTECTED,False,True,True,True,True,US_GLOBAL,YOUTUBE,2024-01-01,2029-12-31,YouTube Creator Music Index,https://creator-music.youtube.com,2026-08-24T13:38:53.799781
aa281011-7f1f-4444-986b-a07d3efe8e47,686cd78e-f978-4d2f-a171-350b840d9585,fa143d55-dca8-47d2-8671-86e9a9f1db25,CREATOR_MUSIC_LICENSE,PROTECTED,False,True,True,True,False,US_GLOBAL,YOUTUBE,2024-01-01,2029-12-31,YouTube Creator Music Index,https://creator-music.youtube.com,2026-08-24T13:38:53.799781
07fd0f99-814e-4610-9b0c-4e55a6703f5b,5b293e73-e87b-41b8-b251-106f5d15183e,585d2d3d-fa9d-4d3f-8f78-80d9a5283f2f,CREATOR_MUSIC_REVENUE_SHARE,PROTECTED,False,True,True,True,True,US_GLOBAL,YOUTUBE,2024-01-01,2029-12-31,YouTube Creator Music Index,https://creator-music.youtube.com,2026-08-24T13:38:53.799781
380070c0-7d84-45cf-bae0-6426f9217b71,9308eb91-c424-4abd-b882-94d59313c4df,b755df71-6d74-494d-94b2-a035db970fce,CREATOR_MUSIC_LICENSE,PROTECTED,False,True,True,True,False,US_GLOBAL,YOUTUBE,2024-01-01,2029-12-31,YouTube Creator Music Index,https://creator-music.youtube.com,2026-08-24T13:38:53.799781
d78494e4-546c-451e-a865-655c9123c753,53668df4-03db-4e2b-83b2-231b24763d1b,4fc9f11b-f86e-434d-9763-00fb0274ae65,CREATOR_MUSIC_REVENUE_SHARE,PROTECTED,False,True,True,True,True,US_GLOBAL,YOUTUBE,2024-01-01,2029-12-31,YouTube Creator Music Index,https://creator-music.youtube.com,2026-08-24T13:38:53.799781
37d4d470-c609-4e4e-b9a9-178486362ca9,91e37a46-59fe-49bc-bed0-675197cf3801,2edb0781-0b37-43e5-a916-c68f8aad6807,CREATOR_MUSIC_LICENSE,PROTECTED,False,True,True,True,False,US_GLOBAL,YOUTUBE,2024-01-01,2029-12-31,YouTube Creator Music Index,https://creator-music.youtube.com,2026-08-24T13:38:53.799781
bc7f9110-ed00-4ded-84a2-4fef9fbb4ec7,5ab6618a-2075-403e-9b3d-ad97ed6f0a4f,8a332a2f-51f1-4591-a888-8c2ab825396c,CREATOR_MUSIC_REVENUE_SHARE,PROTECTED,False,True,True,True,True,US_GLOBAL,YOUTUBE,2024-01-01,2029-12-31,YouTube Creator Music Index,https://creator-music.youtube.com,2026-08-24T13:38:53.799781
fe6c36bf-ed1c-4c80-b74a-2b8a324ce218,e2e1f5ce-e04a-471b-8d09-55d6c1d59e2e,6398ee40-9706-4a0b-97d9-9f50b11e1c84,CREATOR_MUSIC_LICENSE,PROTECTED,False,True,True,True,False,US_GLOBAL,YOUTUBE,2024-01-01,2029-12-31,YouTube Creator Music Index,https://creator-music.youtube.com,2026-08-24T13:38:53.799781
2ff64a8c-8cca-4123-9681-35175b8e2624,1b920bfc-c922-4c6e-af0c-53b879e026ff,694843b0-a2c3-4ef3-b4b7-f34bdb0320e2,CREATOR_MUSIC_REVENUE_SHARE,PROTECTED,False,True,True,True,True,US_GLOBAL,YOUTUBE,2024-01-01,2029-12-31,YouTube Creator Music Index,https://creator-music.youtube.com,2026-08-24T13:38:53.799781
0f215bf6-1dea-4f77-a912-4e3638ac16e7,4ff35f0b-8e3e-4215-8698-f2ede6e587cb,e0a33237-bca7-45ee-9895-596e045a65e6,CREATOR_MUSIC_LICENSE,PROTECTED,False,True,True,True,False,US_GLOBAL,YOUTUBE,2024-01-01,2029-12-31,YouTube Creator Music Index,https://creator-music.youtube.com,2026-08-24T13:38:53.799781
e1b3d0b8-6333-46f3-895f-969d557af3b0,0372165e-9801-4862-a1a4-927e27c563c8,acfdddd2-6f37-4181-a03e-7a4d8f1f18fb,CREATOR_MUSIC_REVENUE_SHARE,PROTECTED,False,True,True,True,True,US_GLOBAL,YOUTUBE,2024-01-01,2029-12-31,YouTube Creator Music Index,https://creator-music.youtube.com,2026-08-24T13:38:53.799781
3e76a123-a7bb-491a-a6fa-40fa38db2cf3,e64a8a89-c628-4164-85ca-74c4f927cd60,a9557a5a-176a-4b49-98e4-4d6237d20abc,CREATOR_MUSIC_LICENSE,PROTECTED,False,True,True,True,False,US_GLOBAL,YOUTUBE,2024-01-01,2029-12-31,YouTube Creator Music Index,https://creator-music.youtube.com,2026-08-24T13:38:53.799781
343344bf-6331-464a-83e3-1133fb02eef4,492e4502-bd2e-4e78-a048-1cebd029ce99,193b7bc7-09be-40c5-a34f-5f7f058cba51,CREATOR_MUSIC_REVENUE_SHARE,PROTECTED,False,True,True,True,True,US_GLOBAL,YOUTUBE,2024-01-01,2029-12-31,YouTube Creator Music Index,https://creator-music.youtube.com,2026-08-24T13:38:53.799781
7e117866-d80c-4efc-a712-f84d60ae17c0,fb219e1d-169d-4026-9794-d5deabde09bb,55f87f8c-3204-468e-a8fc-8e297c053760,CREATOR_MUSIC_LICENSE,PROTECTED,False,True,True,True,False,US_GLOBAL,YOUTUBE,2024-01-01,2029-12-31,YouTube Creator Music Index,https://creator-music.youtube.com,2026-08-24T13:38:53.799781
f294d2f2-8d1d-44e1-8fb1-e082a2d99e4d,c006ea9a-2fa7-4e65-b539-d3db86a1e4e1,e0778b91-e84d-4196-acb4-c8fdee657fc3,CREATOR_MUSIC_REVENUE_SHARE,PROTECTED,False,True,True,True,True,US_GLOBAL,YOUTUBE,2024-01-01,2029-12-31,YouTube Creator Music Index,https://creator-music.youtube.com,2026-08-24T13:38:53.799781
c185bd44-9534-459a-9e55-629d35c678df,d648095f-0eb4-4dff-b6ea-040e56ed5937,3172cdaf-04e4-4a4c-be70-9c88cec4a1b1,CREATOR_MUSIC_LICENSE,PROTECTED,False,True,True,True,False,US_GLOBAL,YOUTUBE,2024-01-01,2029-12-31,YouTube Creator Music Index,https://creator-music.youtube.com,2026-08-24T13:38:53.799781
467725bb-10fd-45e1-8293-e3323f703d2f,b1b6f205-285e-4221-93b8-cb8dbf6c909e,d023019a-a905-45b2-875a-02dcc794767b,CREATOR_MUSIC_REVENUE_SHARE,PROTECTED,False,True,True,True,True,US_GLOBAL,YOUTUBE,2024-01-01,2029-12-31,YouTube Creator Music Index,https://creator-music.youtube.com,2026-08-24T13:38:53.799781
d1a027dc-0acb-405d-a126-aca09ad3389f,96dd898b-62d3-474e-821a-337d196d76d3,e51c7d0f-350c-4665-ae24-72fbf4cb2104,CREATOR_MUSIC_LICENSE,PROTECTED,False,True,True,True,False,US_GLOBAL,YOUTUBE,2024-01-01,2029-12-31,YouTube Creator Music Index,https://creator-music.youtube.com,2026-08-24T13:38:53.799781
f9fc9163-9586-4c26-bf7f-96cf7c2d5cd5,1e62cbcd-6421-4b6f-90a0-10d3fd193e01,dadfc3cd-0d70-46e1-98fa-dde780e3efab,CREATOR_MUSIC_REVENUE_SHARE,PROTECTED,False,True,True,True,True,US_GLOBAL,YOUTUBE,2024-01-01,2029-12-31,YouTube Creator Music Index,https://creator-music.youtube.com,2026-08-24T13:38:53.799781
e815aef5-c03d-4e5d-b76d-6f070ffe7a46,a069dedd-92ca-42c4-b236-9a76b978a7bc,541110b0-d114-40b6-aad1-5ad0fb7d6cc6,CREATOR_MUSIC_LICENSE,PROTECTED,False,True,True,True,False,US_GLOBAL,YOUTUBE,2024-01-01,2029-12-31,YouTube Creator Music Index,https://creator-music.youtube.com,2026-08-24T13:38:53.799781
938c8008-657f-4680-b9be-32b68131145f,15cf19b5-5393-4095-bad5-ebef53acc3a3,9c42c01d-2297-4e6a-90e0-30075ca78cd2,CREATOR_MUSIC_REVENUE_SHARE,PROTECTED,False,True,True,True,True,US_GLOBAL,YOUTUBE,2024-01-01,2029-12-31,YouTube Creator Music Index,https://creator-music.youtube.com,2026-08-24T13:38:53.799781
63da22af-ead4-413c-a71a-bd9583424e29,011d6f04-d91c-4e27-a679-cedd2d87dc09,496717d0-bb5f-4727-9e04-2bdc9771f970,CREATOR_MUSIC_LICENSE,PROTECTED,False,True,True,True,False,US_GLOBAL,YOUTUBE,2024-01-01,2029-12-31,YouTube Creator Music Index,https://creator-music.youtube.com,2026-08-24T13:38:53.799781
e7742376-6ee6-44a3-a5e6-6b0680a15743,b1545895-0778-4df3-a06a-3a106d313f36,603ebce4-80da-403b-8ced-fd94eb89d606,CREATOR_MUSIC_REVENUE_SHARE,PROTECTED,False,True,True,True,True,US_GLOBAL,YOUTUBE,2024-01-01,2029-12-31,YouTube Creator Music Index,https://creator-music.youtube.com,2026-08-24T13:38:53.799781
c36c4ba9-a662-453a-bfaa-cc692a0e428c,b2a3c088-ec69-487b-b261-aeb51ab993d6,fcfdcb97-76b6-4952-9d27-537ef2c281e6,CREATOR_MUSIC_LICENSE,PROTECTED,False,True,True,True,False,US_GLOBAL,YOUTUBE,2024-01-01,2029-12-31,YouTube Creator Music Index,https://creator-music.youtube.com,2026-08-24T13:38:53.799781
eb012753-e557-41ef-b9f0-0c6b902fab99,1c740931-3163-4383-b166-96b685f517d4,7a004aba-b0d9-4c74-9353-82afafba2750,CREATOR_MUSIC_REVENUE_SHARE,PROTECTED,False,True,True,True,True,US_GLOBAL,YOUTUBE,2024-01-01,2029-12-31,YouTube Creator Music Index,https://creator-music.youtube.com,2026-08-24T13:38:53.799781
4af7826e-c43c-4c91-b4ed-6d8e847ccc9c,15a74e35-4dfd-4439-9406-8ef1dc76df1b,a7754e27-1c90-415f-a4b0-1c957d585109,CREATOR_MUSIC_LICENSE,PROTECTED,False,True,True,True,False,US_GLOBAL,YOUTUBE,2024-01-01,2029-12-31,YouTube Creator Music Index,https://creator-music.youtube.com,2026-08-24T13:38:53.799781
70b567b7-e665-4738-8662-35e0ace0b783,9e59fc29-2cb4-4864-997e-d3cdb883f0d4,a3f42d8f-0924-4b1a-b656-eb820e4b01c7,CREATOR_MUSIC_REVENUE_SHARE,PROTECTED,False,True,True,True,True,US_GLOBAL,YOUTUBE,2024-01-01,2029-12-31,YouTube Creator Music Index,https://creator-music.youtube.com,2026-08-24T13:38:53.799781
d65036db-8d64-44d6-b94f-884a13e1d9c5,7fc7e970-0dff-434b-a779-0b18facb0650,50ad8b7d-253a-434d-ace5-46e0116d15a6,CREATOR_MUSIC_LICENSE,PROTECTED,False,True,True,True,False,US_GLOBAL,YOUTUBE,2024-01-01,2029-12-31,YouTube Creator Music Index,https://creator-music.youtube.com,2026-08-24T13:38:53.799781
1802f933-76b5-41d8-95ec-ad50cf5339cf,8687f06c-df78-4623-a04a-f5bd4224fdd0,868782ce-602d-4f6d-b0be-0defb3ad6186,CREATOR_MUSIC_REVENUE_SHARE,PROTECTED,False,True,True,True,True,US_GLOBAL,YOUTUBE,2024-01-01,2029-12-31,YouTube Creator Music Index,https://creator-music.youtube.com,2026-08-24T13:38:53.799781
fa94cc51-054d-4606-a3d4-21e6ad2fdd63,18023b60-2330-4c46-94f4-eac52c542102,c84b26dd-3680-4ea2-b0fc-d87fad4a5e24,CREATOR_MUSIC_LICENSE,PROTECTED,False,True,True,True,False,US_GLOBAL,YOUTUBE,2024-01-01,2029-12-31,YouTube Creator Music Index,https://creator-music.youtube.com,2026-08-24T13:38:53.799781
29b1d074-515d-4815-96a0-5a9997c857cc,240cab40-336f-4790-861c-8668053db547,d7927936-9cf9-4271-9817-a3b90edaac61,CREATOR_MUSIC_REVENUE_SHARE,PROTECTED,False,True,True,True,True,US_GLOBAL,YOUTUBE,2024-01-01,2029-12-31,YouTube Creator Music Index,https://creator-music.youtube.com,2026-08-24T13:38:53.799781
d4f4c21b-5268-4969-b669-80c4e2844017,9958cd88-3dae-478c-b188-8c5c5fa81dbc,47c98e3c-55f2-436a-92b9-8e89fe3ef0df,CREATOR_MUSIC_LICENSE,PROTECTED,False,True,True,True,False,US_GLOBAL,YOUTUBE,2024-01-01,2029-12-31,YouTube Creator Music Index,https://creator-music.youtube.com,2026-08-24T13:38:53.799781
0c105b25-a19b-438f-939b-8943062c982f,89f29a20-4982-4a4f-92bc-1e0d4fac2c5d,28e9f4da-7990-4425-a610-618485b4ff53,CREATOR_MUSIC_REVENUE_SHARE,PROTECTED,False,True,True,True,True,US_GLOBAL,YOUTUBE,2024-01-01,2029-12-31,YouTube Creator Music Index,https://creator-music.youtube.com,2026-08-24T13:38:53.799781
3879fd7a-47dd-4a8b-8be5-dc1095cf6223,791e7346-be76-4643-8286-6ce9ee563e2a,654a390a-1fe4-41fd-84f8-e6ba8b2dcafe,CREATOR_MUSIC_LICENSE,PROTECTED,False,True,True,True,False,US_GLOBAL,YOUTUBE,2024-01-01,2029-12-31,YouTube Creator Music Index,https://creator-music.youtube.com,2026-08-24T13:38:53.799781
96d5f205-cae4-4d0b-a37f-b458490630d5,2fdfcd5e-e579-4ead-9ed7-2bb557087b3d,a12448ea-182d-4dc8-8667-85900704ffdb,CREATOR_MUSIC_REVENUE_SHARE,PROTECTED,False,True,True,True,True,US_GLOBAL,YOUTUBE,2024-01-01,2029-12-31,YouTube Creator Music Index,https://creator-music.youtube.com,2026-08-24T13:38:53.799781
50b299a6-288d-49d1-a9ec-13f751373083,a47bae9c-7f99-42df-8378-3d00d3150574,7ce3083d-3739-4f66-9599-ff34d97552e3,CC_BY,PROTECTED,True,True,True,True,False,GLOBAL,ALL,2010-01-01,2099-12-31,FMA CC License,https://creativecommons.org/licenses/by/4.0/,2026-08-26T07:17:53.483314
b1e5d1c5-271a-4293-8aae-44fb3b1a9aab,42112f07-c457-4fa9-a83a-140da51bdc14,4a1c73f0-8250-4cb8-87c7-f8da5ba8982a,CC_BY,PROTECTED,True,True,True,True,False,GLOBAL,ALL,2010-01-01,2099-12-31,FMA CC License,https://creativecommons.org/licenses/by/4.0/,2026-08-26T07:17:53.483314
514ade07-935e-44ab-9329-e599a920017f,5c1bbad1-910d-4240-a63a-e5d32834f941,836f0333-a2a4-4422-9dc9-ead7368f268d,CC_BY,PROTECTED,True,True,True,True,False,GLOBAL,ALL,2010-01-01,2099-12-31,FMA CC License,https://creativecommons.org/licenses/by/4.0/,2026-08-26T07:17:53.483314
f4a0bddb-15e0-40cf-a916-1c6ecba38be1,02971c85-e408-44dd-9e95-60fd298747bc,7e556cc7-3eed-4b90-81bb-b15d933aa7ab,CC_BY,PROTECTED,True,True,True,True,False,GLOBAL,ALL,2010-01-01,2099-12-31,FMA CC License,https://creativecommons.org/licenses/by/4.0/,2026-08-26T07:17:53.483314
f6cb234f-706b-4801-bea4-5c301b9dbba1,97249479-a1d4-432e-a5f5-693017177428,acfe7e3d-8a2c-473b-be79-234741ba3bab,CC_BY,PROTECTED,True,True,True,True,False,GLOBAL,ALL,2010-01-01,2099-12-31,FMA CC License,https://creativecommons.org/licenses/by/4.0/,2026-08-26T07:17:53.483314
92a11511-e0e8-4413-8aed-86dd04ad1639,1741a02f-236f-4ceb-9fa5-763985ed47c9,c04853a1-f422-4769-b977-68dad4c7ef91,CC_BY,PROTECTED,True,True,True,True,False,GLOBAL,ALL,2010-01-01,2099-12-31,FMA CC License,https://creativecommons.org/licenses/by/4.0/,2026-08-26T07:17:53.483314
cc197f22-6afe-44ba-bcad-15ece3bb3a17,1d8f9403-91ab-43ce-8e4d-bc723869b42a,649ea362-b78b-40ec-944f-bbe02663c3ad,CC_BY,PROTECTED,True,True,True,True,False,GLOBAL,ALL,2010-01-01,2099-12-31,FMA CC License,https://creativecommons.org/licenses/by/4.0/,2026-08-26T07:17:53.483314
0af7442d-c69e-4056-b497-e66bd4645e6e,52916873-564b-4a5b-9d21-277da0744e7c,179d6d22-4410-4536-8d86-f0a4faa4aacf,CC_BY,PROTECTED,True,True,True,True,False,GLOBAL,ALL,2010-01-01,2099-12-31,FMA CC License,https://creativecommons.org/licenses/by/4.0/,2026-08-26T07:17:53.483314
bac9ab62-680c-4567-8d88-5706184529b4,64112c8f-53a7-4a1a-bf5a-4fdb10446387,df6ade2d-1548-4526-9052-aeedcb208343,CC_BY,PROTECTED,True,True,True,True,False,GLOBAL,ALL,2010-01-01,2099-12-31,FMA CC License,https://creativecommons.org/licenses/by/4.0/,2026-08-26T07:17:53.483314
be809a37-d1b8-444e-a105-4397c59ef870,06fc29ba-71f0-4cb3-9476-e89bdcc5bcb1,1dae32bd-4a26-4df8-a3ce-65d4b1373a3e,CC_BY,PROTECTED,True,True,True,True,False,GLOBAL,ALL,2010-01-01,2099-12-31,FMA CC License,https://creativecommons.org/licenses/by/4.0/,2026-08-26T07:17:53.483314
4b26d0f8-36c0-4596-b2df-3d4919bbb2d1,fd4ae8bf-a911-4ea2-8986-8bc284c6190d,986e0ea5-f7c9-4919-8036-777f251b9abb,CC_BY,PROTECTED,True,True,True,True,False,GLOBAL,ALL,2010-01-01,2099-12-31,FMA CC License,https://creativecommons.org/licenses/by/4.0/,2026-08-26T07:17:53.483314
a3b3f009-2dbc-413c-bf1a-fef1698f299d,44db2c76-7380-458d-80e2-338c427ab73e,fceaf0c2-1066-4866-b8f2-7660f10079df,CC_BY,PROTECTED,True,True,True,True,False,GLOBAL,ALL,2010-01-01,2099-12-31,FMA CC License,https://creativecommons.org/licenses/by/4.0/,2026-08-26T07:17:53.483314
ce1c77a7-0382-4904-990b-775818d3c3ff,55121ebe-cd57-49e2-b30b-34e7cb3b829e,6fe6d05d-f7b7-41a9-b5e9-cc3df3a64337,CC_BY,PROTECTED,True,True,True,True,False,GLOBAL,ALL,2010-01-01,2099-12-31,FMA CC License,https://creativecommons.org/licenses/by/4.0/,2026-08-26T07:17:53.483314
92e4b2c0-c4dc-4844-ae9f-179ecae39da7,521f7311-b98a-4e8b-a642-f009ace78d14,ed14a713-c9d2-41f8-9ec5-c2da5a9e6276,CC_BY,PROTECTED,True,True,True,True,False,GLOBAL,ALL,2010-01-01,2099-12-31,FMA CC License,https://creativecommons.org/licenses/by/4.0/,2026-08-26T07:17:53.483314
9e410ed8-1386-4e4b-a629-79fba3bbebdb,b3a3f25c-964c-46b0-839e-751f13944da3,bedb37a7-7640-4703-b66e-7cde9314a0e6,CC_BY,PROTECTED,True,True,True,True,False,GLOBAL,ALL,2010-01-01,2099-12-31,FMA CC License,https://creativecommons.org/licenses/by/4.0/,2026-08-26T07:17:53.483314
810d93c6-971a-444b-932b-1ef66f43a9f2,c66d0a24-cdd8-4504-890d-600b1aaed1ce,5c215bb8-23c2-4ec5-b212-2cd5a8aa3621,CC_BY,PROTECTED,True,True,True,True,False,GLOBAL,ALL,2010-01-01,2099-12-31,FMA CC License,https://creativecommons.org/licenses/by/4.0/,2026-08-26T07:17:53.483314
0adb3399-82e4-4c76-a712-fcce0b794ad8,1603d66c-1bea-43e4-b8fa-847558f3bb54,5dc8e7e9-d078-47b3-a14a-09e19ad4a4d7,CC_BY,PROTECTED,True,True,True,True,False,GLOBAL,ALL,2010-01-01,2099-12-31,FMA CC License,https://creativecommons.org/licenses/by/4.0/,2026-08-26T07:17:53.483314
75b24fe8-6b93-47e3-826a-0030f1508021,b6674d82-c0bf-4aec-8126-b122c7b431ab,bfc5cc61-c366-49ae-8dea-c51f1386d62a,CC_BY,PROTECTED,True,True,True,True,False,GLOBAL,ALL,2010-01-01,2099-12-31,FMA CC License,https://creativecommons.org/licenses/by/4.0/,2026-08-26T07:17:53.483314
39dec48c-3e0e-4758-94b5-084309475a1e,3317fda8-bae3-4963-b18e-b6664889eff3,f5b343eb-e417-4560-ac35-0baacfc263b1,CC_BY,PROTECTED,True,True,True,True,False,GLOBAL,ALL,2010-01-01,2099-12-31,FMA CC License,https://creativecommons.org/licenses/by/4.0/,2026-08-26T07:17:53.483314
a9e2a94f-276b-4579-b727-f2492666c7b8,60ac767e-af43-4e0c-b657-ee15e7e69a07,001656b0-41f6-45e4-8402-fbd342ee02f5,CC_BY,PROTECTED,True,True,True,True,False,GLOBAL,ALL,2010-01-01,2099-12-31,FMA CC License,https://creativecommons.org/licenses/by/4.0/,2026-08-26T07:17:53.483314
96e7bc03-0799-4f0f-93ab-f0a994798224,be27fb0b-07c0-47b8-b744-4c9f6ef90640,9546aaff-a71d-44be-a90a-e81925d7c367,CC_BY,PROTECTED,True,True,True,True,False,GLOBAL,ALL,2010-01-01,2099-12-31,FMA CC License,https://creativecommons.org/licenses/by/4.0/,2026-08-26T07:17:53.483314
dc295764-0c6a-432b-b81e-77f440872bfb,5157912c-7776-4225-8bdd-6fb1f84dbaff,a8ecef2b-d23d-450c-ac9d-8b3972619870,CC_BY,PROTECTED,True,True,True,True,False,GLOBAL,ALL,2010-01-01,2099-12-31,FMA CC License,https://creativecommons.org/licenses/by/4.0/,2026-08-26T07:17:53.483314
f17676fb-5af2-4109-916d-01fb45441f7d,ee68c8c9-27aa-4555-8fab-4454537c4cea,31c6d0d8-6d18-4808-a7ee-14d847ecf57d,CC_BY,PROTECTED,True,True,True,True,False,GLOBAL,ALL,2010-01-01,2099-12-31,FMA CC License,https://creativecommons.org/licenses/by/4.0/,2026-08-26T07:17:53.483314
b82a8844-0a19-4154-b820-eda839ef3867,3736e3b1-c56a-4e3e-bb90-064f9fc7f72e,c7544bdb-3b4e-4416-a825-3dcda333af4d,CC_BY,PROTECTED,True,True,True,True,False,GLOBAL,ALL,2010-01-01,2099-12-31,FMA CC License,https://creativecommons.org/licenses/by/4.0/,2026-08-26T07:17:53.483314
965b8574-6cd5-4bfd-a8d9-67c1b37f03f7,40f04e3a-9451-49b8-85ac-820477e5ac2b,3163799f-11ea-4438-ba48-2557d1577a7e,CC_BY,PROTECTED,True,True,True,True,False,GLOBAL,ALL,2010-01-01,2099-12-31,FMA CC License,https://creativecommons.org/licenses/by/4.0/,2026-08-26T07:17:53.483314
6ea93733-79aa-4e0f-b2d9-aa767e9d862d,e6ced041-fa99-4b7c-bf42-fcbdbeb08a60,afbe25b9-f3f3-4fa6-b27f-e6b0195abf53,CC_BY,PROTECTED,True,True,True,True,False,GLOBAL,ALL,2010-01-01,2099-12-31,FMA CC License,https://creativecommons.org/licenses/by/4.0/,2026-08-26T07:17:53.483314
0d5ccb30-c1f3-4b4f-90f0-c8425035f32d,8909745c-bd31-40d7-ac91-b92e2ee671da,346ec056-320a-4da4-a64d-cc184b6aeb72,CC_BY,PROTECTED,True,True,True,True,False,GLOBAL,ALL,2010-01-01,2099-12-31,FMA CC License,https://creativecommons.org/licenses/by/4.0/,2026-08-26T07:17:53.483314
3b66466e-9765-43ab-a90d-164f563e3d22,c011a9a7-404d-40f2-81e8-9de2c00719e3,6b97fb4f-248d-48bc-9b84-821be59d0e9b,CC_BY,PROTECTED,True,True,True,True,False,GLOBAL,ALL,2010-01-01,2099-12-31,FMA CC License,https://creativecommons.org/licenses/by/4.0/,2026-08-26T07:17:53.483314
ae88ebab-05d4-4a18-a6ce-8e956d49cc00,96b2bcef-f2ba-465a-9426-d88817ad13f3,672fc28b-f57f-490a-91de-2e007220d1ab,CC_BY,PROTECTED,True,True,True,True,False,GLOBAL,ALL,2010-01-01,2099-12-31,FMA CC License,https://creativecommons.org/licenses/by/4.0/,2026-08-26T07:17:53.483314
45a8ba21-d4c4-455b-834f-ea1eb97ae205,76fa1073-889f-4664-8238-11c12cfbaff1,269b5ccb-891e-4877-a4e1-9ce91f2f45d7,CC_BY,PROTECTED,True,True,True,True,False,GLOBAL,ALL,2010-01-01,2099-12-31,FMA CC License,https://creativecommons.org/licenses/by/4.0/,2026-08-26T07:17:53.483314
5bf52d01-06ff-448b-9d16-fe5001043865,7511c96c-ac1d-46cf-ac4f-1ab81e039bb1,0de9ea87-3ffa-4ac6-8534-1c35b29856c6,CC_BY,PROTECTED,True,True,True,True,False,GLOBAL,ALL,2010-01-01,2099-12-31,FMA CC License,https://creativecommons.org/licenses/by/4.0/,2026-08-26T07:17:53.483314
0d1b2d1b-7fb1-44d5-97d8-cca56803c3f1,f9a8f5bd-3019-4e2b-a7e7-1c683af5674e,3358f9e4-204b-412f-9f2a-53d736092e69,CC_BY,PROTECTED,True,True,True,True,False,GLOBAL,ALL,2010-01-01,2099-12-31,FMA CC License,https://creativecommons.org/licenses/by/4.0/,2026-08-26T07:17:53.483314
27c593eb-4fb3-4df1-9717-7360cb511ba7,853c0207-dc0a-47bc-a297-b13ac9e2f631,e2ea85ca-1078-451f-bc7e-ce97dea903f0,CC_BY,PROTECTED,True,True,True,True,False,GLOBAL,ALL,2010-01-01,2099-12-31,FMA CC License,https://creativecommons.org/licenses/by/4.0/,2026-08-26T07:17:53.483314
da4e9d26-52ad-428f-9b2e-673fe6bce939,f9033b06-f398-4436-aab3-81afb02c8d97,75098787-99fc-47e9-a326-b7e338166542,CC_BY,PROTECTED,True,True,True,True,False,GLOBAL,ALL,2010-01-01,2099-12-31,FMA CC License,https://creativecommons.org/licenses/by/4.0/,2026-08-26T07:17:53.483314
72d8aef0-b67e-425f-96e5-8807634e71ad,fe407f03-4f19-4261-ad8f-33b627b7ac12,d78986e3-3ecb-4023-bafc-f5d4da389e5b,CC_BY,PROTECTED,True,True,True,True,False,GLOBAL,ALL,2010-01-01,2099-12-31,FMA CC License,https://creativecommons.org/licenses/by/4.0/,2026-08-26T07:17:53.483314
9a9d6d4a-34da-429d-b2d7-3a7e6da3067d,0fc42694-cfe9-4e2f-be10-0a6b8ed92fe6,391dd635-990a-407b-b30c-f25cc2d55acb,CC_BY,PROTECTED,True,True,True,True,False,GLOBAL,ALL,2010-01-01,2099-12-31,FMA CC License,https://creativecommons.org/licenses/by/4.0/,2026-08-26T07:17:53.483314
d9df57ac-3a13-49e1-bca9-f2a8bad616b2,13505512-d414-44f7-b65d-7e9a8bae3ac0,1ce58e7f-5245-42b6-9a19-7d4a2adc28c1,CC_BY,PROTECTED,True,True,True,True,False,GLOBAL,ALL,2010-01-01,2099-12-31,FMA CC License,https://creativecommons.org/licenses/by/4.0/,2026-08-26T07:17:53.483314
f436ba5f-a556-42d9-858d-8a2f8d3786dc,f6e8cfa3-e0c0-4f2c-b5ad-b430b87f7def,0f2013d3-410e-4633-8d7a-426943d28ba8,CC_BY,PROTECTED,True,True,True,True,False,GLOBAL,ALL,2010-01-01,2099-12-31,FMA CC License,https://creativecommons.org/licenses/by/4.0/,2026-08-26T07:17:53.483314
ddbd0ba4-b981-4251-868c-957b77f67b8b,c8245446-dfa9-405a-9c31-beff8051aebb,a140d8d8-8791-459b-8177-e332b4e9d945,CC_BY,PROTECTED,True,True,True,True,False,GLOBAL,ALL,2010-01-01,2099-12-31,FMA CC License,https://creativecommons.org/licenses/by/4.0/,2026-08-26T07:17:53.483314
49b03304-2fa2-4da7-81aa-604499779f0e,d5fe8c38-3580-4f29-a701-681adcc83a58,f0cf59d0-e7d1-4f4d-ae06-7666f762ad52,CC_BY,PROTECTED,True,True,True,True,False,GLOBAL,ALL,2010-01-01,2099-12-31,FMA CC License,https://creativecommons.org/licenses/by/4.0/,2026-08-26T07:17:53.483314
d5e75725-8db2-4251-a2cf-12167c39311c,61886c89-2b66-425c-9dd5-296ed94dd7ce,b4e27044-e2c1-472d-8e25-57467e44f995,CC_BY,PROTECTED,True,True,True,True,False,GLOBAL,ALL,2010-01-01,2099-12-31,FMA CC License,https://creativecommons.org/licenses/by/4.0/,2026-08-26T07:17:53.483314
e5d36480-a8be-4a45-aea9-347486338c99,395f18e6-8e7f-487a-a79c-949832d70e67,005484e5-47bf-4ed8-9029-c2282e910ec4,CC_BY,PROTECTED,True,True,True,True,False,GLOBAL,ALL,2010-01-01,2099-12-31,FMA CC License,https://creativecommons.org/licenses/by/4.0/,2026-08-26T07:17:53.483314
8752e048-3ff6-4e03-939c-e0c31615afc7,c8599139-beb4-4a92-887a-71f35f3d9842,17f69ce8-dcae-4bc7-a706-a2a979a65f69,CC_BY,PROTECTED,True,True,True,True,False,GLOBAL,ALL,2010-01-01,2099-12-31,FMA CC License,https://creativecommons.org/licenses/by/4.0/,2026-08-26T07:17:53.483314
d6c8f111-4a9b-455e-8932-bef5eeae47d2,d7ec9a76-2724-43ed-b6a0-96c50ed3af8c,0cde8df8-4791-4cf3-82a5-a05791893534,CC_BY,PROTECTED,True,True,True,True,False,GLOBAL,ALL,2010-01-01,2099-12-31,FMA CC License,https://creativecommons.org/licenses/by/4.0/,2026-08-26T07:17:53.483314
cc1035c8-143e-4e54-a91e-9a2bcc314198,4d82f62a-0909-4908-b5f1-1605ee77b9c4,53c529d0-ba87-4fb3-abab-edb30918d760,CC_BY,PROTECTED,True,True,True,True,False,GLOBAL,ALL,2010-01-01,2099-12-31,FMA CC License,https://creativecommons.org/licenses/by/4.0/,2026-08-26T07:17:53.483314
5d463567-0437-43f1-b949-8ba6cea277f3,3399dda7-9490-4bec-94a9-232036026cf9,a0d0d87b-600b-413b-98f0-b7cb0c57318f,CC_BY,PROTECTED,True,True,True,True,False,GLOBAL,ALL,2010-01-01,2099-12-31,FMA CC License,https://creativecommons.org/licenses/by/4.0/,2026-08-26T07:17:53.483314
bcae1422-9021-4dbd-b4c2-5131bd945e6c,31f26670-f45c-4728-8e4a-f77e5170188b,3aa27e86-6b4c-47f7-9bb2-7e3a1c8723bf,CC_BY,PROTECTED,True,True,True,True,False,GLOBAL,ALL,2010-01-01,2099-12-31,FMA CC License,https://creativecommons.org/licenses/by/4.0/,2026-08-26T07:17:53.483314
1b31bc94-4e6a-413d-943b-2c6a5848c8ce,89d2707c-c3d0-4388-b72e-4de98c65c70f,beadb9e5-6958-48d8-abe1-bab54576681d,CC_BY,PROTECTED,True,True,True,True,False,GLOBAL,ALL,2010-01-01,2099-12-31,FMA CC License,https://creativecommons.org/licenses/by/4.0/,2026-08-26T07:17:53.483314
20f3dd6c-78b6-420e-8cd9-3c0fdf73e4f2,136c89af-3ec8-4344-b02a-536a779d945f,7de606eb-6f54-43ff-a315-8dcdd4930288,CC_BY,PROTECTED,True,True,True,True,False,GLOBAL,ALL,2010-01-01,2099-12-31,FMA CC License,https://creativecommons.org/licenses/by/4.0/,2026-08-26T07:17:53.483314
dc7153ac-a553-4dfd-9b7d-0461cadd45b8,7fb83357-2bca-4d22-bbab-3996d330ccda,4766f437-5dfe-4666-8fc6-550583eebdc5,CC_BY,PROTECTED,True,True,True,True,False,GLOBAL,ALL,2010-01-01,2099-12-31,FMA CC License,https://creativecommons.org/licenses/by/4.0/,2026-08-26T07:17:53.483314
96ce5529-cbdd-4344-b7ea-a68bbbcaa8d7,580d6ab1-b434-4df4-95f0-cc6649b0970f,e7b86c9b-e8ee-497a-b850-39ec08225ab7,CC_BY,PROTECTED,True,True,True,True,False,GLOBAL,ALL,2010-01-01,2099-12-31,FMA CC License,https://creativecommons.org/licenses/by/4.0/,2026-08-26T07:17:53.483314
76b9f3e0-fc3c-4170-9531-b66694d6ed11,076914c1-d4d6-4b2b-a428-a2634358376c,d285af4c-eb96-43ec-8b25-481644b2e601,CC_BY,PROTECTED,True,True,True,True,False,GLOBAL,ALL,2010-01-01,2099-12-31,FMA CC License,https://creativecommons.org/licenses/by/4.0/,2026-08-26T07:17:53.483314
d7ff88eb-13f0-4706-9d02-feade927fd35,2a97e7b8-eb86-469c-959b-435b34f6cf34,e29c8667-2b56-4d3e-8829-42647487706f,CC_BY,PROTECTED,True,True,True,True,False,GLOBAL,ALL,2010-01-01,2099-12-31,FMA CC License,https://creativecommons.org/licenses/by/4.0/,2026-08-26T07:17:53.483314
c92b822e-bce9-40d9-aaea-962552f2ed10,5bb2af93-6e03-46b9-9d0a-3083f5dac5e1,1221b70a-08e0-4496-9a1c-98b51fcb7e95,CC_BY,PROTECTED,True,True,True,True,False,GLOBAL,ALL,2010-01-01,2099-12-31,FMA CC License,https://creativecommons.org/licenses/by/4.0/,2026-08-26T07:17:53.483314
4a2c402a-b7c7-4471-9e02-9db64643d2b7,8851770e-3ff3-4165-a2e9-23612f494e6d,93f1e4f7-3cb4-43f6-9ebd-c7ff44194835,CC_BY,PROTECTED,True,True,True,True,False,GLOBAL,ALL,2010-01-01,2099-12-31,FMA CC License,https://creativecommons.org/licenses/by/4.0/,2026-08-26T07:17:53.483314
b2c0a2ab-773b-4f2e-abfd-6dd70dc73ef8,c1a4fa0b-1171-4233-88a6-affa8cd9695a,5d7a6eac-7a48-4781-a6eb-94b3b045b173,CC_BY,PROTECTED,True,True,True,True,False,GLOBAL,ALL,2010-01-01,2099-12-31,FMA CC License,https://creativecommons.org/licenses/by/4.0/,2026-08-26T07:17:53.483314
0239fcaf-100b-4046-85f8-125d8ddf17b8,03091b03-494f-4586-ae49-30cabc61df7e,7559b5c9-0646-4190-8562-4d53abafa9be,CC_BY,PROTECTED,True,True,True,True,False,GLOBAL,ALL,2010-01-01,2099-12-31,FMA CC License,https://creativecommons.org/licenses/by/4.0/,2026-08-26T07:17:53.483314
0bcc5cee-e70b-4c57-b9f2-1c38424c2350,0e090704-74f3-4606-904b-9fd70f066764,a6be4433-de95-45ce-aaf7-c597f9b5d3b2,CC_BY,PROTECTED,True,True,True,True,False,GLOBAL,ALL,2010-01-01,2099-12-31,FMA CC License,https://creativecommons.org/licenses/by/4.0/,2026-08-26T07:17:53.483314
b04e9a88-94c6-4380-bfaa-c01be7577569,12b36a0d-3171-417a-9532-3609bd214125,1ac38e9a-50bd-409d-8473-23cad794d062,CC_BY,PROTECTED,True,True,True,True,False,GLOBAL,ALL,2010-01-01,2099-12-31,FMA CC License,https://creativecommons.org/licenses/by/4.0/,2026-08-26T07:17:53.483314
d32e1831-c6cf-4428-8039-7e15527e9e19,5b0b74bd-07d5-43e8-9f69-db49bc1c746d,bb488d7f-becf-418b-8c18-4d264819257d,CC_BY,PROTECTED,True,True,True,True,False,GLOBAL,ALL,2010-01-01,2099-12-31,FMA CC License,https://creativecommons.org/licenses/by/4.0/,2026-08-26T07:17:53.483314
145a0871-56d2-4ba8-9bbe-5d23e1fe33a8,116ccf98-fa93-4869-9d3a-bb5cfb10b854,542c24fd-f93d-4fed-961d-e2f5b54d068c,CC_BY,PROTECTED,True,True,True,True,False,GLOBAL,ALL,2010-01-01,2099-12-31,FMA CC License,https://creativecommons.org/licenses/by/4.0/,2026-08-26T07:17:53.483314
66d7f726-6960-4e82-811c-e8261a61717f,09a26097-cbeb-479b-9d0b-c6af89ff55a4,a550ec47-0bcd-4e52-b6d4-add280c486d8,CC_BY,PROTECTED,True,True,True,True,False,GLOBAL,ALL,2010-01-01,2099-12-31,FMA CC License,https://creativecommons.org/licenses/by/4.0/,2026-08-26T07:17:53.483314
b66db2b2-bdac-4187-ae53-62698517f0cd,2b036d09-6cb9-4672-8569-f05471535141,54309e04-8a45-41bd-ac35-f21c00bf74eb,CC_BY,PROTECTED,True,True,True,True,False,GLOBAL,ALL,2010-01-01,2099-12-31,FMA CC License,https://creativecommons.org/licenses/by/4.0/,2026-08-26T07:17:53.483314
af5bb3bb-52f7-4392-9c8e-c0a9c1351867,70e9e8e3-1e15-410f-9011-868d683b9d48,57baf113-5282-4a96-a881-c7922ce320ae,CC_BY,PROTECTED,True,True,True,True,False,GLOBAL,ALL,2010-01-01,2099-12-31,FMA CC License,https://creativecommons.org/licenses/by/4.0/,2026-08-26T07:17:53.483314
23643f58-6b58-45e5-b85e-dd3faf8c98fa,a667c7e5-2367-4598-b39b-3efd41e06038,069a5a03-ddd9-447f-abf4-b7e407c5a6c3,CC_BY,PROTECTED,True,True,True,True,False,GLOBAL,ALL,2010-01-01,2099-12-31,FMA CC License,https://creativecommons.org/licenses/by/4.0/,2026-08-26T07:17:53.483314
53f927b2-c2fc-4583-9d77-2122609aa87a,f6d9356f-5657-4e54-b4c5-1510a3e55382,71b2366e-08bf-47b6-806b-8ac940bf21c3,CC_BY,PROTECTED,True,True,True,True,False,GLOBAL,ALL,2010-01-01,2099-12-31,FMA CC License,https://creativecommons.org/licenses/by/4.0/,2026-08-26T07:17:53.483314
66f08428-1b69-47b8-9749-ca1131535fad,ca747610-333e-45bd-a97a-bd94290c83c5,3ac33ea5-997d-433b-8042-b6e33b7830d0,CC_BY,PROTECTED,True,True,True,True,False,GLOBAL,ALL,2010-01-01,2099-12-31,FMA CC License,https://creativecommons.org/licenses/by/4.0/,2026-08-26T07:17:53.483314
761081a5-ed44-4158-aaaa-8bdb28321d2e,63f65523-819f-4611-8b59-112ff87cdc71,7b6c488b-ba48-49b9-b872-480baedd3c9a,CC_BY,PROTECTED,True,True,True,True,False,GLOBAL,ALL,2010-01-01,2099-12-31,FMA CC License,https://creativecommons.org/licenses/by/4.0/,2026-08-26T07:17:53.483314
0e4207a3-97a9-4685-b71e-4e59acd2dd3a,9281a9be-d3c5-4cce-b8c2-e7db3f67423d,329a4c16-bb92-4a51-a12c-51d4406f3652,CC_BY,PROTECTED,True,True,True,True,False,GLOBAL,ALL,2010-01-01,2099-12-31,FMA CC License,https://creativecommons.org/licenses/by/4.0/,2026-08-26T07:17:53.483314
62bed3aa-ec80-40a3-b277-2af3d835e065,033ae76b-a36a-4f7c-9358-3f1125f63685,d3aede3d-ab7c-41f5-9ac6-4ab59ab185d7,CC_BY,PROTECTED,True,True,True,True,False,GLOBAL,ALL,2010-01-01,2099-12-31,FMA CC License,https://creativecommons.org/licenses/by/4.0/,2026-08-26T07:17:53.483314
f8d7f4bd-76b8-4c99-8b0d-6cb0d6db4c31,a900bec3-a5e1-4f25-aa32-1781d8dd4818,3ac15799-fa8a-43d0-95ef-99ec3643e541,CC_BY,PROTECTED,True,True,True,True,False,GLOBAL,ALL,2010-01-01,2099-12-31,FMA CC License,https://creativecommons.org/licenses/by/4.0/,2026-08-26T07:17:53.483314
44beafaf-b3bb-4a75-b776-86ae36159c47,fd58eef5-a1c6-4c28-b1c2-220f25017966,cea1f61b-3064-43eb-931e-bfb2185005f3,CC_BY,PROTECTED,True,True,True,True,False,GLOBAL,ALL,2010-01-01,2099-12-31,FMA CC License,https://creativecommons.org/licenses/by/4.0/,2026-08-26T07:17:53.483314
1396dcdd-e841-4dd3-b1ec-e73b1837ad80,7ea81bb9-9190-4182-89a0-3cf370bd1148,4d59ca11-33ee-449d-abf3-316d1b7079d6,CC_BY,PROTECTED,True,True,True,True,False,GLOBAL,ALL,2010-01-01,2099-12-31,FMA CC License,https://creativecommons.org/licenses/by/4.0/,2026-08-26T07:17:53.483314
9249599d-bd26-4422-a06d-84998a613c4e,82bc2d87-5574-4690-88d8-37d1ab11e6c7,88a23e75-1f32-454b-838f-58acd1e63318,CC_BY,PROTECTED,True,True,True,True,False,GLOBAL,ALL,2010-01-01,2099-12-31,FMA CC License,https://creativecommons.org/licenses/by/4.0/,2026-08-26T07:17:53.483314
8a2b7dc0-24ed-46fd-94e5-796e24f63e33,698476c9-7e95-4e18-b43e-184b6aa5561d,75bd5bd1-ac3d-4409-b1af-a1b895acd3ca,CC_BY,PROTECTED,True,True,True,True,False,GLOBAL,ALL,2010-01-01,2099-12-31,FMA CC License,https://creativecommons.org/licenses/by/4.0/,2026-08-26T07:17:53.483314
2879b7d2-2609-4064-bd77-e4496d6e90da,a5d3e55d-5183-4d71-bd4a-3b0c4029327a,0f97d765-b5ef-467e-a7d7-94be7fb9553a,CC_BY,PROTECTED,True,True,True,True,False,GLOBAL,ALL,2010-01-01,2099-12-31,FMA CC License,https://creativecommons.org/licenses/by/4.0/,2026-08-26T07:17:53.483314
20a6d6c5-55e2-468f-ac09-591ab521778a,62f6cfa6-cbb8-4f88-af07-e5bef59d827d,5a6e8e03-7693-41d0-b5f7-d0fc9d26c559,CC_BY,PROTECTED,True,True,True,True,False,GLOBAL,ALL,2010-01-01,2099-12-31,FMA CC License,https://creativecommons.org/licenses/by/4.0/,2026-08-26T07:17:53.483314
5b18f5d5-c300-4fb6-99ae-acdc629c16cc,c3781244-c499-4d7f-8349-df40c631e48d,59c8e183-f08e-4e37-9a6d-477b266c2472,CC_BY,PROTECTED,True,True,True,True,False,GLOBAL,ALL,2010-01-01,2099-12-31,FMA CC License,https://creativecommons.org/licenses/by/4.0/,2026-08-26T07:17:53.483314
4eaf855f-512f-481d-a327-74265d149bfa,28bb60be-433f-4e7e-b866-597ef43d22ae,ee1a6d0f-0486-48c4-a871-128ba93e176f,CC_BY,PROTECTED,True,True,True,True,False,GLOBAL,ALL,2010-01-01,2099-12-31,FMA CC License,https://creativecommons.org/licenses/by/4.0/,2026-08-26T07:17:53.483314
0cb77d28-3e5b-4c4b-b653-ea7184326416,06d0d890-c010-4040-9caf-39a97ff42f84,c963cccd-29f4-46a1-b6fa-51789cc515e3,CC_BY,PROTECTED,True,True,True,True,False,GLOBAL,ALL,2010-01-01,2099-12-31,FMA CC License,https://creativecommons.org/licenses/by/4.0/,2026-08-26T07:17:53.483314
b9fa3b28-16a1-4412-aeee-a9f4957eaaa2,90521096-2369-449c-ad25-d3f705c80e44,5a207318-6024-4a1e-80ec-e51e13f18264,CC_BY,PROTECTED,True,True,True,True,False,GLOBAL,ALL,2010-01-01,2099-12-31,FMA CC License,https://creativecommons.org/licenses/by/4.0/,2026-08-26T07:17:53.483314
574bd3fa-1d17-49c6-aafa-a290c7fe5231,0b76c20c-97de-4c1c-a205-49ab58782d4a,61176fd6-b078-4b51-bee6-c339528c2c1d,CC_BY,PROTECTED,True,True,True,True,False,GLOBAL,ALL,2010-01-01,2099-12-31,FMA CC License,https://creativecommons.org/licenses/by/4.0/,2026-08-26T07:17:53.483314
5df4ddad-3892-4fab-ac24-a82586b49ccd,b0e6f884-631c-4041-86b8-b6560489af43,8b989d3d-4c86-4359-83af-e49fe6a7388e,CC_BY,PROTECTED,True,True,True,True,False,GLOBAL,ALL,2010-01-01,2099-12-31,FMA CC License,https://creativecommons.org/licenses/by/4.0/,2026-08-26T07:17:53.483314
96708723-c17a-49b2-aa35-f61397f0867a,7520c888-b0db-42bb-869e-72db561b2d22,af30eac0-450f-4374-ba07-13724a8e38ec,CC_BY,PROTECTED,True,True,True,True,False,GLOBAL,ALL,2010-01-01,2099-12-31,FMA CC License,https://creativecommons.org/licenses/by/4.0/,2026-08-26T07:17:53.483314
5eb5f0e7-038e-41c3-b8dc-23683d1582fd,b43d2c89-3478-4ee1-b769-344e86607532,c3d46565-950c-4e96-a00d-f79d74a87f07,CC_BY,PROTECTED,True,True,True,True,False,GLOBAL,ALL,2010-01-01,2099-12-31,FMA CC License,https://creativecommons.org/licenses/by/4.0/,2026-08-26T07:17:53.483314
527c613c-26fa-426f-bdad-6aca3cc485b0,cd358dd0-340d-4868-ae4b-23677d8fd447,d3534b2d-2db7-4ccb-95b5-7213c2fdadef,CC_BY,PROTECTED,True,True,True,True,False,GLOBAL,ALL,2010-01-01,2099-12-31,FMA CC License,https://creativecommons.org/licenses/by/4.0/,2026-08-26T07:17:53.483314
a935dd77-2ee2-4a44-ad8b-5d4b0888b947,935b4e43-119f-4491-83b8-53743ac3710f,cfb87cb3-9fd6-4277-bad3-ee81b5e27c49,CC_BY,PROTECTED,True,True,True,True,False,GLOBAL,ALL,2010-01-01,2099-12-31,FMA CC License,https://creativecommons.org/licenses/by/4.0/,2026-08-26T07:17:53.483314
8b5fade2-6746-4b03-b74c-22ba54f4bc3a,ad52e1a5-974d-472f-bd24-a1a563b76ddc,211ea3bb-31d0-4b66-8f75-c60ed0e06ac9,CC_BY,PROTECTED,True,True,True,True,False,GLOBAL,ALL,2010-01-01,2099-12-31,FMA CC License,https://creativecommons.org/licenses/by/4.0/,2026-08-26T07:17:53.483314
69f39bd7-4ffd-4ff6-ba03-56829eb7d52b,ed059e98-5f57-428e-8b31-f8ed1cdd0d00,c89e5456-fa66-49be-935c-a6a9de24d56f,CC_BY,PROTECTED,True,True,True,True,False,GLOBAL,ALL,2010-01-01,2099-12-31,FMA CC License,https://creativecommons.org/licenses/by/4.0/,2026-08-26T07:17:53.483314
74a2743c-8b51-48e2-9489-a37217cd2c9a,39dfa500-eeb0-4ffb-bf4e-2a6ea72921e7,c8f827ad-23be-4e52-b66e-5c2d2607c5f1,CC_BY,PROTECTED,True,True,True,True,False,GLOBAL,ALL,2010-01-01,2099-12-31,FMA CC License,https://creativecommons.org/licenses/by/4.0/,2026-08-26T07:17:53.483314
69691c5b-d345-4e14-8945-5577637c0cc9,7ecf3bd0-2056-4664-95ee-81984c429c0d,8d811a13-c8fd-4fab-87ec-38fe75da6a5a,CC_BY,PROTECTED,True,True,True,True,False,GLOBAL,ALL,2010-01-01,2099-12-31,FMA CC License,https://creativecommons.org/licenses/by/4.0/,2026-08-26T07:17:53.483314
4b86d327-2cff-41e1-8d7b-b6e7ad3f886e,ffd0d60b-c130-412b-8db2-6b0660032843,6b42e2ea-8435-4a95-b4da-109e3ca5bab7,CC_BY,PROTECTED,True,True,True,True,False,GLOBAL,ALL,2010-01-01,2099-12-31,FMA CC License,https://creativecommons.org/licenses/by/4.0/,2026-08-26T07:17:53.483314
09b9a171-a805-437e-a172-528bff0d909c,9c83c058-275a-40b1-ab7b-49e9e7c598c9,f46e0fe2-05ce-463e-a823-4dd5be1c6724,CC_BY,PROTECTED,True,True,True,True,False,GLOBAL,ALL,2010-01-01,2099-12-31,FMA CC License,https://creativecommons.org/licenses/by/4.0/,2026-08-26T07:17:53.483314
5a709e0b-b80f-4faa-bb43-0b74f85b3e83,e1a5fca0-ce42-440f-a207-aeba938fee1d,6ee67c21-ea6c-4e11-b74c-8c31ecb2e1c7,CC_BY,PROTECTED,True,True,True,True,False,GLOBAL,ALL,2010-01-01,2099-12-31,FMA CC License,https://creativecommons.org/licenses/by/4.0/,2026-08-26T07:17:53.483314
880edb96-9d80-4214-adf4-921a47e52d6d,48a28738-48fb-4d43-9a55-062ed475fa8d,e0bf8ccb-fe71-42a7-b8c5-5357df49f731,CC_BY,PROTECTED,True,True,True,True,False,GLOBAL,ALL,2010-01-01,2099-12-31,FMA CC License,https://creativecommons.org/licenses/by/4.0/,2026-08-26T07:17:53.483314
af1317e1-0693-4953-a4ea-5a46c12d4b84,565de1b4-012c-413d-825a-a1887490c48e,c26c21bd-2c7e-4a97-bc02-3749f29b4b69,CC_BY,PROTECTED,True,True,True,True,False,GLOBAL,ALL,2010-01-01,2099-12-31,FMA CC License,https://creativecommons.org/licenses/by/4.0/,2026-08-26T07:17:53.483314
21abdebd-ac73-436a-8be8-f66d1a25eff8,5a90afb3-a478-4959-b268-c680e0f8e72b,ec37a316-1a46-4a6d-8a68-42835d7b0ccb,CC_BY,PROTECTED,True,True,True,True,False,GLOBAL,ALL,2010-01-01,2099-12-31,FMA CC License,https://creativecommons.org/licenses/by/4.0/,2026-08-26T07:17:53.483314
6d1aefbb-5e20-401c-a469-8d989a686b75,88839c21-2a98-4643-bfa6-6d2bb373cea0,ab222427-1015-4fa6-a7c9-850dd3ff21d6,CC_BY,PROTECTED,True,True,True,True,False,GLOBAL,ALL,2010-01-01,2099-12-31,FMA CC License,https://creativecommons.org/licenses/by/4.0/,2026-08-26T07:17:53.483314
a2896733-4704-4758-afb5-3c69bb662ae7,caad3f13-19a2-4450-a7f2-2f21d627297c,32620dd6-409c-4bff-9fed-d8f0d0f2b013,CC_BY,PROTECTED,True,True,True,True,False,GLOBAL,ALL,2010-01-01,2099-12-31,FMA CC License,https://creativecommons.org/licenses/by/4.0/,2026-08-26T07:17:53.483314
e44a2f2f-4844-4e4a-b169-ab208d2a035b,aa5b1581-01e7-40e3-89e0-4aad74ed8274,0b9a4e95-4abe-4c81-9b4d-21e721677064,CC_BY,PROTECTED,True,True,True,True,False,GLOBAL,ALL,2010-01-01,2099-12-31,FMA CC License,https://creativecommons.org/licenses/by/4.0/,2026-08-26T07:17:53.483314
4fb09d2a-7e46-490a-a60d-6ebb61457f3b,b3242162-f02e-45ab-adbe-659126bd5e59,022169d8-ebf2-4c27-8177-73ee52205af9,CC_BY,PROTECTED,True,True,True,True,False,GLOBAL,ALL,2010-01-01,2099-12-31,FMA CC License,https://creativecommons.org/licenses/by/4.0/,2026-08-26T07:17:53.483314
64d24581-98d8-4ae4-81a7-64490b3b1065,e9492ff1-9063-4b0c-845c-8418b20f4098,f35e9ea7-d193-4527-b75a-338d71190caa,CC_BY,PROTECTED,True,True,True,True,False,GLOBAL,ALL,2010-01-01,2099-12-31,FMA CC License,https://creativecommons.org/licenses/by/4.0/,2026-08-26T07:17:53.483314
3c5fa1ee-e80d-402d-a770-cdfba67ed02c,8e3b483c-8d32-429e-9a1b-e3da528745ea,512c73e1-7af7-45f7-98f0-cb4d14056c50,CC_BY,PROTECTED,True,True,True,True,False,GLOBAL,ALL,2010-01-01,2099-12-31,FMA CC License,https://creativecommons.org/licenses/by/4.0/,2026-08-26T07:17:53.483314
a711869f-4052-4251-825a-dd966c77ecdd,ee70d099-61cd-40e8-96ee-8e337f257e7a,d9a175de-08c5-435b-be55-5e7ed66740b0,CC_BY,PROTECTED,True,True,True,True,False,GLOBAL,ALL,2010-01-01,2099-12-31,FMA CC License,https://creativecommons.org/licenses/by/4.0/,2026-08-26T07:17:53.483314
4da75e09-ed56-4bf8-a189-f6264826c20b,36fbf686-6e5f-46a3-ab71-9c07b4eb0ceb,cfa2123b-8bc7-4f9c-92c9-3e9474ccbdb8,CC_BY,PROTECTED,True,True,True,True,False,GLOBAL,ALL,2010-01-01,2099-12-31,FMA CC License,https://creativecommons.org/licenses/by/4.0/,2026-08-26T07:17:53.483314
7ff623e4-2a3f-4e25-b316-e66cfa58b485,4c5b6e44-eafa-4baa-b0d9-a7d182dd82e1,de607ea0-c269-4fd6-b4bf-9e18949dcf0f,CC_BY,PROTECTED,True,True,True,True,False,GLOBAL,ALL,2010-01-01,2099-12-31,FMA CC License,https://creativecommons.org/licenses/by/4.0/,2026-08-26T07:17:53.483314
9dc9063a-826c-4e63-bce3-334fdeda2922,a7a1078f-bf0d-4e10-b61c-7256a8d089bd,443e54ca-7a4d-417f-b377-30f4e9c1cd33,CC_BY,PROTECTED,True,True,True,True,False,GLOBAL,ALL,2010-01-01,2099-12-31,FMA CC License,https://creativecommons.org/licenses/by/4.0/,2026-08-26T07:17:53.483314
89b41ed9-7148-462f-8987-ac4c7029aeb7,3fd5f00e-1821-4cdf-90e1-8a62a954034e,49230db8-fa53-4747-b377-5c0930526965,CC_BY,PROTECTED,True,True,True,True,False,GLOBAL,ALL,2010-01-01,2099-12-31,FMA CC License,https://creativecommons.org/licenses/by/4.0/,2026-08-26T07:17:53.483314
6ca82b57-71b9-4c6a-99d1-b41cd80c28c2,4a40de9e-4761-4e8b-b4ac-6c6d443e02e4,4d8ee189-f49d-4dde-9531-a1ee7cd616f1,CC_BY,PROTECTED,True,True,True,True,False,GLOBAL,ALL,2010-01-01,2099-12-31,FMA CC License,https://creativecommons.org/licenses/by/4.0/,2026-08-26T07:17:53.483314
fa4d8734-93e9-4b7f-b52e-1332e828f9a5,4deed729-dcac-4065-91e0-3f9797ad01d5,2cf71e83-0670-4bcb-aa48-997b1fe5bd87,CC_BY,PROTECTED,True,True,True,True,False,GLOBAL,ALL,2010-01-01,2099-12-31,FMA CC License,https://creativecommons.org/licenses/by/4.0/,2026-08-26T07:17:53.483314
0999c203-2763-421b-8da8-19453581d2fc,ac6ff383-7a6f-4774-b739-ef0ba042d2aa,41618ed5-5188-4fce-b688-4386afc683c1,CC_BY,PROTECTED,True,True,True,True,False,GLOBAL,ALL,2010-01-01,2099-12-31,FMA CC License,https://creativecommons.org/licenses/by/4.0/,2026-08-26T07:17:53.483314
4c1d4817-6bdc-430b-8b2f-822fb034a83f,f88315a7-8689-4c9c-ad41-d3a0ea5c62a4,21485db9-b225-4c92-90a0-cab95000e651,CC_BY,PROTECTED,True,True,True,True,False,GLOBAL,ALL,2010-01-01,2099-12-31,FMA CC License,https://creativecommons.org/licenses/by/4.0/,2026-08-26T07:17:53.483314
0a68560a-edbf-4611-a706-5839e44d5def,150a88ec-4cc7-4619-b16d-a43a67b14872,6cfbde8d-dfff-4bbf-a095-3c993006cb3f,CC_BY,PROTECTED,True,True,True,True,False,GLOBAL,ALL,2010-01-01,2099-12-31,FMA CC License,https://creativecommons.org/licenses/by/4.0/,2026-08-26T07:17:53.483314
518e8984-1504-4a0c-9e60-de9f97531413,f2fce5fb-bf95-4993-850f-44dff6269139,41514edb-6006-4f31-a198-8a8f3255cb1e,CC_BY,PROTECTED,True,True,True,True,False,GLOBAL,ALL,2010-01-01,2099-12-31,FMA CC License,https://creativecommons.org/licenses/by/4.0/,2026-08-26T07:17:53.483314
3756c769-8241-451b-b527-f513df0ef004,b7bf992d-d14c-4421-b1db-0eed5af4c8cd,de306c3f-d05a-459a-8a1d-8ce76db22f90,CC_BY,PROTECTED,True,True,True,True,False,GLOBAL,ALL,2010-01-01,2099-12-31,FMA CC License,https://creativecommons.org/licenses/by/4.0/,2026-08-26T07:17:53.483314
45923816-d5a7-43b5-a64b-08920c4b1530,b39cc704-286b-40d7-8164-830f1aa549af,10bde625-fbd3-4131-889b-67d98efe5999,CC_BY,PROTECTED,True,True,True,True,False,GLOBAL,ALL,2010-01-01,2099-12-31,FMA CC License,https://creativecommons.org/licenses/by/4.0/,2026-08-26T07:17:53.483314
96810563-ba93-4bc1-a641-ed6fa700e90a,ba850061-fc3b-4526-bad1-ffa30521a063,c759ee77-3193-4efb-851a-566680005f40,CC_BY,PROTECTED,True,True,True,True,False,GLOBAL,ALL,2010-01-01,2099-12-31,FMA CC License,https://creativecommons.org/licenses/by/4.0/,2026-08-26T07:17:53.483314
56f3494d-6078-48b7-9893-181a0c607a51,768b1116-5bb8-4f1a-958e-2b640de027e5,094ade18-fac7-4260-903b-33a621fdd2a4,CC_BY,PROTECTED,True,True,True,True,False,GLOBAL,ALL,2010-01-01,2099-12-31,FMA CC License,https://creativecommons.org/licenses/by/4.0/,2026-08-26T07:17:53.483314
1cf14c42-4e7f-4852-8f8e-1eac4625052b,a6243e9f-3723-482a-8298-34b7301dc50e,93310d61-e0e5-4731-bb62-09e97f4e4821,CC_BY,PROTECTED,True,True,True,True,False,GLOBAL,ALL,2010-01-01,2099-12-31,FMA CC License,https://creativecommons.org/licenses/by/4.0/,2026-08-26T07:17:53.483314
871bca09-2cbd-4cab-8d2c-2cec278e0cd4,b8b6aec0-e3b9-427c-9145-2997cf887ccc,4a89aedd-5f86-4af6-9578-8d0d0fa821b9,CC_BY,PROTECTED,True,True,True,True,False,GLOBAL,ALL,2010-01-01,2099-12-31,FMA CC License,https://creativecommons.org/licenses/by/4.0/,2026-08-26T07:17:53.483314
16f5ebc2-d333-4485-a96a-b63201081062,4d3927e8-bb4c-4262-acfc-9b672549c8c4,3635c0d8-dee1-48ca-b28f-8e024395f519,CC_BY,PROTECTED,True,True,True,True,False,GLOBAL,ALL,2010-01-01,2099-12-31,FMA CC License,https://creativecommons.org/licenses/by/4.0/,2026-08-26T07:17:53.483314
c0218931-0d2f-4570-8618-c25e55270a61,e8a9dbc2-04a0-4554-a3d1-d0a39c1bb0b5,9084f5b8-bfa2-45a0-a36e-b49bd04f3a39,CC_BY,PROTECTED,True,True,True,True,False,GLOBAL,ALL,2010-01-01,2099-12-31,FMA CC License,https://creativecommons.org/licenses/by/4.0/,2026-08-26T07:17:53.483314
a2a7fbac-359a-45f5-9451-b692988fc543,c59e1697-009a-400d-8d73-63bcb29553b8,fdc0f91a-be18-4701-9cd1-da986dbd9c53,CC_BY,PROTECTED,True,True,True,True,False,GLOBAL,ALL,2010-01-01,2099-12-31,FMA CC License,https://creativecommons.org/licenses/by/4.0/,2026-08-26T07:17:53.483314
d41b948e-0d55-434a-a244-4c876a0c899c,1cff9508-bf30-4127-8dd4-8431273288c8,ee68957e-a780-47ce-b8ff-aab203948854,CC_BY,PROTECTED,True,True,True,True,False,GLOBAL,ALL,2010-01-01,2099-12-31,FMA CC License,https://creativecommons.org/licenses/by/4.0/,2026-08-26T07:17:53.483314
90344fee-912b-49c7-9c22-f539e03820c1,e0c77b93-18da-4c8f-ac5f-67ac05c33ed7,d6cc68cc-2c12-43e0-a855-3321849451a1,CC_BY,PROTECTED,True,True,True,True,False,GLOBAL,ALL,2010-01-01,2099-12-31,FMA CC License,https://creativecommons.org/licenses/by/4.0/,2026-08-26T07:17:53.483314
2ed78dc1-4de5-4d36-ac4d-e62c734e6376,893dfb03-252f-4a94-b86f-1ff5570184b5,d7570662-badd-4cc0-a8b8-6a3adda7a491,CC_BY,PROTECTED,True,True,True,True,False,GLOBAL,ALL,2010-01-01,2099-12-31,FMA CC License,https://creativecommons.org/licenses/by/4.0/,2026-08-26T07:17:53.483314
7115c16c-a209-4a50-92ec-aec855531a08,b03d66f6-037c-4e82-a994-4d9c7c2408f8,baf0e799-90f8-474d-969a-c388a9f83bee,CC_BY,PROTECTED,True,True,True,True,False,GLOBAL,ALL,2010-01-01,2099-12-31,FMA CC License,https://creativecommons.org/licenses/by/4.0/,2026-08-26T07:17:53.483314
5b8d6d2a-c9c4-4e36-b72c-654db80ff9e4,216d7e40-ef75-49ec-8bb3-0db7c612dcd7,d3aef4ed-c7fc-470e-ba71-8030036deaf9,CC_BY,PROTECTED,True,True,True,True,False,GLOBAL,ALL,2010-01-01,2099-12-31,FMA CC License,https://creativecommons.org/licenses/by/4.0/,2026-08-26T07:17:53.483314
1929aeaa-4301-428d-bb5f-917fdd695fcb,d46adcf1-b746-494e-8cae-802331923c2e,94e55727-7a4d-4cef-9496-fa08f02026f0,CC_BY,PROTECTED,True,True,True,True,False,GLOBAL,ALL,2010-01-01,2099-12-31,FMA CC License,https://creativecommons.org/licenses/by/4.0/,2026-08-26T07:17:53.483314
53c9a049-63ac-4e6f-91e0-621508701da0,f9e79a06-5fa6-4ed8-8e5a-2952238d035b,107ee1a8-e5d7-4922-93db-5321c8485d54,CC_BY,PROTECTED,True,True,True,True,False,GLOBAL,ALL,2010-01-01,2099-12-31,FMA CC License,https://creativecommons.org/licenses/by/4.0/,2026-08-26T07:17:53.483314
723f4791-3812-4161-bfd8-86d1c165dd6f,0364d0c8-351a-464a-8282-c2e9158ed2bc,e2f08734-194c-45df-9fa3-65ab3a655115,CC_BY,PROTECTED,True,True,True,True,False,GLOBAL,ALL,2010-01-01,2099-12-31,FMA CC License,https://creativecommons.org/licenses/by/4.0/,2026-08-26T07:17:53.483314
b82545ac-a931-439d-bf75-f97dfa552798,73346e93-341e-4128-980a-5af74f50ce78,41d84307-6bd9-431f-bac2-cd1664eca304,CC_BY,PROTECTED,True,True,True,True,False,GLOBAL,ALL,2010-01-01,2099-12-31,FMA CC License,https://creativecommons.org/licenses/by/4.0/,2026-08-26T07:17:53.483314
7e760b65-8219-47ee-aebb-d7d71f8b86b2,2f1ac1bc-c348-4564-9dfd-890f275b74ce,19190019-f37b-4e4e-8e76-af6ac6340d68,CC_BY,PROTECTED,True,True,True,True,False,GLOBAL,ALL,2010-01-01,2099-12-31,FMA CC License,https://creativecommons.org/licenses/by/4.0/,2026-08-26T07:17:53.483314
69810202-7025-4bb6-9b68-f71882b6826f,dbe0954b-9c1e-48f9-896f-998c1ddcf112,40f22216-3052-404c-8131-170f9a1e4afa,CC_BY,PROTECTED,True,True,True,True,False,GLOBAL,ALL,2010-01-01,2099-12-31,FMA CC License,https://creativecommons.org/licenses/by/4.0/,2026-08-26T07:17:53.483314
c4fc14db-eb86-4cf8-a323-e428e297f699,724bbd32-9edd-4308-b03a-159383f89612,6597b439-d5a5-4161-a0b0-d7744cbda02f,CC_BY,PROTECTED,True,True,True,True,False,GLOBAL,ALL,2010-01-01,2099-12-31,FMA CC License,https://creativecommons.org/licenses/by/4.0/,2026-08-26T07:17:53.483314
03ac6fe1-ebb1-46f2-9f84-9d5fa40a4998,f05e814f-c156-46e2-afe3-9a05699667f6,1b2f6c04-a722-49c9-bac8-09cfe8798296,CC_BY,PROTECTED,True,True,True,True,False,GLOBAL,ALL,2010-01-01,2099-12-31,FMA CC License,https://creativecommons.org/licenses/by/4.0/,2026-08-26T07:17:53.483314
3eb52844-a2cc-411f-a370-3a65f30bed42,c3c34cd3-8cf3-4221-82a4-3548bca07e29,e5d09a42-b7e2-4cd3-8c44-bea9b3c782f8,CC_BY,PROTECTED,True,True,True,True,False,GLOBAL,ALL,2010-01-01,2099-12-31,FMA CC License,https://creativecommons.org/licenses/by/4.0/,2026-08-26T07:17:53.483314
0cb5955d-4109-492c-9fcd-b182e17024d1,a97dce20-cdaf-4f55-87ea-eee27a4c3427,1253d52a-7754-436a-ac7d-d2e83a81bcde,CC_BY,PROTECTED,True,True,True,True,False,GLOBAL,ALL,2010-01-01,2099-12-31,FMA CC License,https://creativecommons.org/licenses/by/4.0/,2026-08-26T07:17:53.483314
0f56b803-6fb5-455e-8a22-6f18022795c2,a1101072-4dd8-46c8-9a72-6130d77fd05f,656cfcd6-3fb2-4e6e-a3d1-437560260881,CC_BY,PROTECTED,True,True,True,True,False,GLOBAL,ALL,2010-01-01,2099-12-31,FMA CC License,https://creativecommons.org/licenses/by/4.0/,2026-08-26T07:17:53.483314
052b4245-87a8-48d0-81da-33239caf637c,189961f5-b20e-41f3-bc95-f50f4987d9f1,1b194231-dee5-4850-af7d-5c324ca24a96,CC_BY,PROTECTED,True,True,True,True,False,GLOBAL,ALL,2010-01-01,2099-12-31,FMA CC License,https://creativecommons.org/licenses/by/4.0/,2026-08-26T07:17:53.483314
c279ffe4-900c-490d-b783-239e9174f116,8825bb8c-6faa-4f4b-83ad-4cfef126f539,c06fcdb2-e7cc-4943-820c-317ef658275c,CC_BY,PROTECTED,True,True,True,True,False,GLOBAL,ALL,2010-01-01,2099-12-31,FMA CC License,https://creativecommons.org/licenses/by/4.0/,2026-08-26T07:17:53.483314
20cdd6a5-4f8c-4fb4-9ee9-16f156e1cffa,15842db8-fdb4-480a-af59-e745f2ccd5a0,2f1cef77-c1ca-449a-b2ac-4967725ea19b,CC_BY,PROTECTED,True,True,True,True,False,GLOBAL,ALL,2010-01-01,2099-12-31,FMA CC License,https://creativecommons.org/licenses/by/4.0/,2026-08-26T07:17:53.483314
81782fb7-fe1d-47ca-bb38-b9eafc41ee37,c6268226-5a74-4ead-b644-54b998ca2860,de630a96-87da-4998-b832-414ed0c8aab7,CC_BY,PROTECTED,True,True,True,True,False,GLOBAL,ALL,2010-01-01,2099-12-31,FMA CC License,https://creativecommons.org/licenses/by/4.0/,2026-08-26T07:17:53.483314
b9389ac6-9cac-4263-92bb-3effb9a78675,3a753233-034a-4b9d-a7c1-d65505f8b7c2,e41407f5-34a9-4997-9e93-5279dc8d78f8,CC_BY,PROTECTED,True,True,True,True,False,GLOBAL,ALL,2010-01-01,2099-12-31,FMA CC License,https://creativecommons.org/licenses/by/4.0/,2026-08-26T07:17:53.483314
dd6ca58e-39f5-4b96-a80d-41ec85a6b0f4,1be60be6-6880-42e0-b74e-064305e494e1,e91a4be6-ab7e-4fb2-ac32-408ecf3c5522,CC_BY,PROTECTED,True,True,True,True,False,GLOBAL,ALL,2010-01-01,2099-12-31,FMA CC License,https://creativecommons.org/licenses/by/4.0/,2026-08-26T07:17:53.483314
5319160e-4847-4d4d-9f1c-7363c48a63cb,eea71749-5c09-44ad-b5bd-580dc8ad1333,23d0ef83-9b6a-4d43-a165-95938355c9cb,CC_BY,PROTECTED,True,True,True,True,False,GLOBAL,ALL,2010-01-01,2099-12-31,FMA CC License,https://creativecommons.org/licenses/by/4.0/,2026-08-26T07:17:53.483314
a0fb5154-fa12-438a-97dc-c493f80e3857,5fd9b696-a844-4cef-972f-9eb7dafa0677,481ab8af-2993-4585-ba22-ab874ee9a492,CC_BY,PROTECTED,True,True,True,True,False,GLOBAL,ALL,2010-01-01,2099-12-31,FMA CC License,https://creativecommons.org/licenses/by/4.0/,2026-08-26T07:17:53.483314
410e5c86-fd28-4294-9c5c-fd7734104e61,68a336de-ba70-4ddf-acf0-50bc90ac598b,0b69222d-db79-4740-b38a-2f62b96faed7,CC_BY,PROTECTED,True,True,True,True,False,GLOBAL,ALL,2010-01-01,2099-12-31,FMA CC License,https://creativecommons.org/licenses/by/4.0/,2026-08-26T07:17:53.483314
e09d40e7-26dc-4c4f-9377-b649e6d2bdce,75e732f8-7c77-495d-9365-3386cd86975e,4263bb5a-2c15-4b51-a723-b2459d4eca40,CC_BY,PROTECTED,True,True,True,True,False,GLOBAL,ALL,2010-01-01,2099-12-31,FMA CC License,https://creativecommons.org/licenses/by/4.0/,2026-08-26T07:17:53.483314
c2ac949d-71df-4554-b096-65205998da6d,953f05e4-7fc1-4d09-a1f1-09436471ba5b,421a9101-795c-4dd0-bc09-aeb1d483c613,CC_BY,PROTECTED,True,True,True,True,False,GLOBAL,ALL,2010-01-01,2099-12-31,FMA CC License,https://creativecommons.org/licenses/by/4.0/,2026-08-26T07:17:53.483314
584d7d76-be7a-4a82-89b3-26b5a7d3c1c2,d5523fa1-0f25-49f4-b605-11023797946a,5da0e7ab-4943-4652-9eec-52948b051583,CC_BY,PROTECTED,True,True,True,True,False,GLOBAL,ALL,2010-01-01,2099-12-31,FMA CC License,https://creativecommons.org/licenses/by/4.0/,2026-08-26T07:17:53.483314
d8260edc-2830-43da-bd34-1b533d944c07,b3496675-e635-43b2-8607-e0949b902df8,9d48160f-e6a1-42ea-ae23-5fda09f80274,CC_BY,PROTECTED,True,True,True,True,False,GLOBAL,ALL,2010-01-01,2099-12-31,FMA CC License,https://creativecommons.org/licenses/by/4.0/,2026-08-26T07:17:53.483314
577080c8-9f4c-49f6-aeb4-f4e7a73d6343,4dba0985-e35e-44b3-8bb6-9df2c3e30e16,2e6fadf3-3318-42e1-9e43-878499256799,CC_BY,PROTECTED,True,True,True,True,False,GLOBAL,ALL,2010-01-01,2099-12-31,FMA CC License,https://creativecommons.org/licenses/by/4.0/,2026-08-26T07:17:53.483314
ad10686a-782e-4ac9-88d7-91573c3a4747,eca96666-4309-428d-bd7a-230c51e5180c,11f707f5-3dab-483d-9069-cf63c96858aa,CC_BY,PROTECTED,True,True,True,True,False,GLOBAL,ALL,2010-01-01,2099-12-31,FMA CC License,https://creativecommons.org/licenses/by/4.0/,2026-08-26T07:17:53.483314
ce529364-e777-4582-88c9-1542ca77bf59,3c4cf551-6377-45f3-a460-f523ab51cdb2,e4a56bbf-f768-43a7-a165-2b83b43bcd1e,CC_BY,PROTECTED,True,True,True,True,False,GLOBAL,ALL,2010-01-01,2099-12-31,FMA CC License,https://creativecommons.org/licenses/by/4.0/,2026-08-26T07:17:53.483314
0a45f157-7c3e-4d4b-b71b-1468908ffed0,06f5a308-52f9-403d-b521-906067d81c88,3b61888d-549b-4012-a58b-424a13135d73,CC_BY,PROTECTED,True,True,True,True,False,GLOBAL,ALL,2010-01-01,2099-12-31,FMA CC License,https://creativecommons.org/licenses/by/4.0/,2026-08-26T07:17:53.483314
205b5d36-4191-4da5-82a5-c53e00386c58,8495d382-896a-41fd-b3ea-67158319fc34,7e2fcd43-83c6-421c-a484-7061d01f00d6,CC_BY,PROTECTED,True,True,True,True,False,GLOBAL,ALL,2010-01-01,2099-12-31,FMA CC License,https://creativecommons.org/licenses/by/4.0/,2026-08-26T07:17:53.483314
8db215dc-f087-47b6-b5f1-eb0981b0984c,bb48c0a5-8c81-46cb-a751-dfd6a5a6c829,e5af2fe4-2bcd-44b6-87de-3efdc949e516,CC_BY,PROTECTED,True,True,True,True,False,GLOBAL,ALL,2010-01-01,2099-12-31,FMA CC License,https://creativecommons.org/licenses/by/4.0/,2026-08-26T07:17:53.483314
04a93939-03b8-4fe7-b914-0c6c67433298,79a5f525-c096-4bb6-8990-e3711c3adf6b,2c335516-6625-4e21-b3b8-0c3f985ff7e6,CC_BY,PROTECTED,True,True,True,True,False,GLOBAL,ALL,2010-01-01,2099-12-31,FMA CC License,https://creativecommons.org/licenses/by/4.0/,2026-08-26T07:17:53.483314
a78b1345-67dd-4a17-9be8-9a68b8c3d3f5,c4034f6d-9f86-4985-b963-808078a35c28,448f7e8e-a277-4aff-be36-af5365fbcf27,CC_BY,PROTECTED,True,True,True,True,False,GLOBAL,ALL,2010-01-01,2099-12-31,FMA CC License,https://creativecommons.org/licenses/by/4.0/,2026-08-26T07:17:53.483314
a00bba91-f45c-4f3c-964a-dbb0e568a35c,1c48ee31-80b4-4c39-adb2-4facf4cfe0e2,23501c3f-9514-4b4b-9692-44bb4a769cd5,CC_BY,PROTECTED,True,True,True,True,False,GLOBAL,ALL,2010-01-01,2099-12-31,FMA CC License,https://creativecommons.org/licenses/by/4.0/,2026-08-26T07:17:53.483314
9e85fe58-8b16-4e93-b52c-cf62adc6d9e1,db211a2b-b800-4fd6-85c0-7f065d708c7b,21669104-65b8-4154-b66d-0aaf3bb81135,CC_BY,PROTECTED,True,True,True,True,False,GLOBAL,ALL,2010-01-01,2099-12-31,FMA CC License,https://creativecommons.org/licenses/by/4.0/,2026-08-26T07:17:53.483314
272c52d6-94ef-4ec0-99b8-fc297b588d25,8f15536c-8da6-41ac-8593-d23138f8ccf4,40e5f9c0-1466-43e5-b551-98bd62aa094b,CC_BY,PROTECTED,True,True,True,True,False,GLOBAL,ALL,2010-01-01,2099-12-31,FMA CC License,https://creativecommons.org/licenses/by/4.0/,2026-08-26T07:17:53.483314
e7451707-295b-4cb4-80c5-4c7d7a5c3de3,0d7f1d84-5d09-4e42-8277-e7b01415054c,ff9adf6e-ee43-468d-a2fe-c6cd018ca58f,CC_BY,PROTECTED,True,True,True,True,False,GLOBAL,ALL,2010-01-01,2099-12-31,FMA CC License,https://creativecommons.org/licenses/by/4.0/,2026-08-26T07:17:53.483314
e7a5a496-9e6e-48ba-8d67-0a0c0385c40d,4203f340-5de7-4023-8ca4-e8a75a6b60b0,54955875-0af4-4dd8-835f-112c0283dff1,CC_BY,PROTECTED,True,True,True,True,False,GLOBAL,ALL,2010-01-01,2099-12-31,FMA CC License,https://creativecommons.org/licenses/by/4.0/,2026-08-26T07:17:53.483314
50a79c76-8d43-431a-b6ca-9223df0699fe,9d945865-10f7-42c4-beef-6ab0418f7bf3,ae54a023-b5ef-40b5-9417-a71387950ff7,CC_BY,PROTECTED,True,True,True,True,False,GLOBAL,ALL,2010-01-01,2099-12-31,FMA CC License,https://creativecommons.org/licenses/by/4.0/,2026-08-26T07:17:53.483314
2f02fb3b-4068-47ef-b2fb-59f6549372b9,7bb84baa-df83-4950-9eea-4d95ff70a1bf,66e9a537-2ea7-4e9f-a75b-5d95a62d5c8b,CC_BY,PROTECTED,True,True,True,True,False,GLOBAL,ALL,2010-01-01,2099-12-31,FMA CC License,https://creativecommons.org/licenses/by/4.0/,2026-08-26T07:17:53.483314
b1417406-4861-4ef6-95af-e726162359db,1e3495c6-8485-4a4c-a092-ee596d0ac31c,cf2818d9-440b-4280-80e4-34910c2e1343,CC_BY,PROTECTED,True,True,True,True,False,GLOBAL,ALL,2010-01-01,2099-12-31,FMA CC License,https://creativecommons.org/licenses/by/4.0/,2026-08-26T07:17:53.483314
f7071248-ce39-4e93-87a7-4fcdd705098b,e5d33668-a53b-4c73-a971-adcc11c65251,84030550-ec01-4c68-af1f-aa17014bcb03,CC_BY,PROTECTED,True,True,True,True,False,GLOBAL,ALL,2010-01-01,2099-12-31,FMA CC License,https://creativecommons.org/licenses/by/4.0/,2026-08-26T07:17:53.483314
adf6404d-9abf-4366-8bfe-67e07eb5d9d6,e718257d-cea6-4000-8785-387ff5407b3d,da75eb64-074e-404c-b8de-28a4ff8ae715,CC_BY,PROTECTED,True,True,True,True,False,GLOBAL,ALL,2010-01-01,2099-12-31,FMA CC License,https://creativecommons.org/licenses/by/4.0/,2026-08-26T07:17:53.483314
1c69ca0b-3c5e-4388-849b-91388bde1686,d9a33511-26ea-4296-a526-4d56c38b6bf4,dbf85caa-f592-417c-98ed-4eb7d01a7f26,CC_BY,PROTECTED,True,True,True,True,False,GLOBAL,ALL,2010-01-01,2099-12-31,FMA CC License,https://creativecommons.org/licenses/by/4.0/,2026-08-26T07:17:53.483314
b248baf2-c155-444f-9bd4-45859f08143c,3a24ab21-9848-4691-9d29-e46e6fffb544,1260ccf4-68b6-4a9e-8b70-e4ec997e6581,CC_BY,PROTECTED,True,True,True,True,False,GLOBAL,ALL,2010-01-01,2099-12-31,FMA CC License,https://creativecommons.org/licenses/by/4.0/,2026-08-26T07:17:53.483314
26e28f89-a562-4489-8caa-7f92800b2a34,0075a989-7c7c-4ff9-a78b-146bc76e5132,fb709560-252e-45e5-91fc-0b65ea185f38,CC_BY,PROTECTED,True,True,True,True,False,GLOBAL,ALL,2010-01-01,2099-12-31,FMA CC License,https://creativecommons.org/licenses/by/4.0/,2026-08-26T07:17:53.483314
f24b2b8a-4372-4bd4-869b-4da000d45461,e18469d6-1c22-449c-804d-5300c0b68a63,181207a7-9727-43ed-a51d-36e3834768bb,CC_BY,PROTECTED,True,True,True,True,False,GLOBAL,ALL,2010-01-01,2099-12-31,FMA CC License,https://creativecommons.org/licenses/by/4.0/,2026-08-26T07:17:53.483314
e6b78a6f-5c32-4d4a-af3c-0a867eaec567,be5da2e0-eb88-4803-84cb-82746576e42d,13a0bd72-b93a-486c-97b9-f953f176f273,CC_BY,PROTECTED,True,True,True,True,False,GLOBAL,ALL,2010-01-01,2099-12-31,FMA CC License,https://creativecommons.org/licenses/by/4.0/,2026-08-26T07:17:53.483314
6500fd0d-e0e5-4a19-aa22-ad3ae35007d1,2d900455-4a4e-44d5-8554-c4380077ffdf,f3fc9232-0a29-4f8c-8878-94ec7e25c2f4,CC_BY,PROTECTED,True,True,True,True,False,GLOBAL,ALL,2010-01-01,2099-12-31,FMA CC License,https://creativecommons.org/licenses/by/4.0/,2026-08-26T07:17:53.483314
d542c9f5-dd59-4bbf-9474-bdac1e1cfd1b,02a6de2f-1f8a-49c4-a27d-2baac20a6fc6,538d2cae-9052-4303-9082-271d8346ff5a,CC_BY,PROTECTED,True,True,True,True,False,GLOBAL,ALL,2010-01-01,2099-12-31,FMA CC License,https://creativecommons.org/licenses/by/4.0/,2026-08-26T07:17:53.483314
9e543930-2791-497b-99ed-16e126ef0f31,aec4777d-feec-499d-b6ff-72872da04c0f,a29cfed5-e774-4d88-b550-10b4a4f68a66,CC_BY,PROTECTED,True,True,True,True,False,GLOBAL,ALL,2010-01-01,2099-12-31,FMA CC License,https://creativecommons.org/licenses/by/4.0/,2026-08-26T07:17:53.483314
25810d93-49fa-4b4f-96f4-029a793b192a,85f80357-82f6-4d42-8493-99a5100f5ef0,84f26ba9-766e-406a-8df6-a2bd731b6b28,CC_BY,PROTECTED,True,True,True,True,False,GLOBAL,ALL,2010-01-01,2099-12-31,FMA CC License,https://creativecommons.org/licenses/by/4.0/,2026-08-26T07:17:53.483314
589fd565-63ac-4fc4-bc30-e03de88648cd,7a922584-6b18-467a-bf82-c2f88dc1a8bd,8ab9809b-80cf-480f-82f3-2ca5d1b1f1b0,CC_BY,PROTECTED,True,True,True,True,False,GLOBAL,ALL,2010-01-01,2099-12-31,FMA CC License,https://creativecommons.org/licenses/by/4.0/,2026-08-26T07:17:53.483314
54215e0c-9dba-425d-9b63-db2f7bc8d5fe,240ba7e5-da2a-4ee6-8560-640070ebb477,7c1f9304-a250-4196-b391-5cba062d6e29,CC_BY,PROTECTED,True,True,True,True,False,GLOBAL,ALL,2010-01-01,2099-12-31,FMA CC License,https://creativecommons.org/licenses/by/4.0/,2026-08-26T07:17:53.483314
45a22468-5637-47df-963f-fc0b3b5e8438,75884987-71fa-4b53-9759-619ee4490c8a,5e89a355-cebd-4a5b-a829-c1f0322ac95a,CC_BY,PROTECTED,True,True,True,True,False,GLOBAL,ALL,2010-01-01,2099-12-31,FMA CC License,https://creativecommons.org/licenses/by/4.0/,2026-08-26T07:17:53.483314
ff87cd16-7725-4f79-9984-5b6a0fa25dde,1bb2b374-d66d-4dd6-bbd8-b4706146b614,351a3c46-e407-401f-b6d6-1b52ec471a6b,CC_BY,PROTECTED,True,True,True,True,False,GLOBAL,ALL,2010-01-01,2099-12-31,FMA CC License,https://creativecommons.org/licenses/by/4.0/,2026-08-26T07:17:53.483314
26ca9e91-e2cb-4307-8e74-cbbce4cfa8d4,d5ecf04a-e33c-46a9-8156-2046ffaaa2cd,6241663e-c1af-48d6-9ade-9c590e992ef5,CC_BY,PROTECTED,True,True,True,True,False,GLOBAL,ALL,2010-01-01,2099-12-31,FMA CC License,https://creativecommons.org/licenses/by/4.0/,2026-08-26T07:17:53.483314
5154d698-1210-4e02-b812-205878bba556,755f5ca9-4756-4969-96bd-b7d2503d4bb6,780008b1-629f-4125-8fed-d14bfce51e77,CC_BY,PROTECTED,True,True,True,True,False,GLOBAL,ALL,2010-01-01,2099-12-31,FMA CC License,https://creativecommons.org/licenses/by/4.0/,2026-08-26T07:17:53.483314
28360cbf-316c-4db2-9011-45b93f3f137c,7c45849a-9add-42d9-aa86-3aea2fe1246a,232da360-721a-4275-8104-435ef991f122,CC_BY,PROTECTED,True,True,True,True,False,GLOBAL,ALL,2010-01-01,2099-12-31,FMA CC License,https://creativecommons.org/licenses/by/4.0/,2026-08-26T07:17:53.483314
896b88be-17c8-4c0f-924f-b96060168f7f,1e1d653d-de74-42fa-af3e-0f21ee1972c1,b3c2b102-0f0d-4eed-afe4-58f405c832fd,CC_BY,PROTECTED,True,True,True,True,False,GLOBAL,ALL,2010-01-01,2099-12-31,FMA CC License,https://creativecommons.org/licenses/by/4.0/,2026-08-26T07:17:53.483314
261c2733-bdc6-4cd0-931b-bd30cee4ea9d,d2909c7b-d78b-43c9-8b1c-3f079c11137e,96d90803-3f04-48b5-8243-03000f2c3629,CC_BY,PROTECTED,True,True,True,True,False,GLOBAL,ALL,2010-01-01,2099-12-31,FMA CC License,https://creativecommons.org/licenses/by/4.0/,2026-08-26T07:17:53.483314
3c37655d-ea65-4de6-a7c0-a7a671d7785d,9e11ad2c-6c77-44d1-a6e7-c8bb8a88bbd5,ef37d927-c6f5-4847-b9e6-ec4ece75674b,CC_BY,PROTECTED,True,True,True,True,False,GLOBAL,ALL,2010-01-01,2099-12-31,FMA CC License,https://creativecommons.org/licenses/by/4.0/,2026-08-26T07:17:53.483314
5d49ff58-f371-4bcd-b8f4-f02a7ff513fc,1276ef62-8b8f-414b-bed7-96a71dadda39,a7bed972-2638-4b0f-ba84-fdda3f4faf47,CC_BY,PROTECTED,True,True,True,True,False,GLOBAL,ALL,2010-01-01,2099-12-31,FMA CC License,https://creativecommons.org/licenses/by/4.0/,2026-08-26T07:17:53.483314
2896fb09-0823-4333-8995-c969ad2cac2a,0ff91b6a-1d59-449e-9fe1-6a2883a800ae,7f72d2b4-609f-4861-91f3-43222f4a3ead,CC_BY,PROTECTED,True,True,True,True,False,GLOBAL,ALL,2010-01-01,2099-12-31,FMA CC License,https://creativecommons.org/licenses/by/4.0/,2026-08-26T07:17:53.483314
38f03120-1d95-48e0-aeeb-b1b0e56bd0b7,afd1fe2e-a15a-4d92-85f8-d7013fb39ef0,7da14943-c7e8-494a-b345-366daac6ae1c,CC_BY,PROTECTED,True,True,True,True,False,GLOBAL,ALL,2010-01-01,2099-12-31,FMA CC License,https://creativecommons.org/licenses/by/4.0/,2026-08-26T07:17:53.483314
2c0106f2-7b3d-4a9b-b3b5-caf12f10bda2,a5975721-1bfb-431e-9a73-e933bcb62cf2,b5e51ee1-cdab-4ad8-9a17-d6c1a752ec00,CC_BY,PROTECTED,True,True,True,True,False,GLOBAL,ALL,2010-01-01,2099-12-31,FMA CC License,https://creativecommons.org/licenses/by/4.0/,2026-08-26T07:17:53.483314
8037a0a3-3931-4ac9-856b-52cbe0ab2008,826ba45b-b959-4cc0-97a5-fddcb45388b6,81e2d5f8-8421-4c1c-ba0a-2bb714d42389,CC_BY,PROTECTED,True,True,True,True,False,GLOBAL,ALL,2010-01-01,2099-12-31,FMA CC License,https://creativecommons.org/licenses/by/4.0/,2026-08-26T07:17:53.483314
0cb164a5-efbf-4f6f-bf6e-70df2d46d52e,f804b955-97cd-4fbd-96aa-f28b5004f110,c2a9e88d-2739-4492-974f-784849b2f838,CC_BY,PROTECTED,True,True,True,True,False,GLOBAL,ALL,2010-01-01,2099-12-31,FMA CC License,https://creativecommons.org/licenses/by/4.0/,2026-08-26T07:17:53.483314
a5694b39-74d0-48c9-98fa-9f5f25ba01ac,a739a093-9ba9-480b-9c6c-0caec7b7e611,03b1e87d-2920-41d1-8e4c-0f7921c8e912,CC_BY,PROTECTED,True,True,True,True,False,GLOBAL,ALL,2010-01-01,2099-12-31,FMA CC License,https://creativecommons.org/licenses/by/4.0/,2026-08-26T07:17:53.483314
bca21902-3aa7-40b4-94a2-2e29156e3de3,f4155617-6ede-4960-935e-47e243f80cf8,d55c222f-3fee-4ade-824e-8a0b7d62f1da,CC_BY,PROTECTED,True,True,True,True,False,GLOBAL,ALL,2010-01-01,2099-12-31,FMA CC License,https://creativecommons.org/licenses/by/4.0/,2026-08-26T07:17:53.483314
889786be-603e-441c-92eb-83e34bc5c015,b5f87936-1676-41a4-b3b4-da89ada10a0b,df5271a6-5a98-42e6-a871-04c6445b61c1,CC_BY,PROTECTED,True,True,True,True,False,GLOBAL,ALL,2010-01-01,2099-12-31,FMA CC License,https://creativecommons.org/licenses/by/4.0/,2026-08-26T07:17:53.483314
7679b1c0-eac1-4320-bc40-5e0924739979,471ee211-d0f2-4eb6-87d7-a2e2dfad9928,5cb58bcb-46fa-41c7-ba5d-dac195695910,CC_BY,PROTECTED,True,True,True,True,False,GLOBAL,ALL,2010-01-01,2099-12-31,FMA CC License,https://creativecommons.org/licenses/by/4.0/,2026-08-26T07:17:53.483314
e0e5ead5-9174-4fea-bf45-54e4ec15cd1f,b2091a8e-437e-4686-867d-6b581974704b,3c2bec91-7fdd-42c8-9649-958e010dffb9,CC_BY,PROTECTED,True,True,True,True,False,GLOBAL,ALL,2010-01-01,2099-12-31,FMA CC License,https://creativecommons.org/licenses/by/4.0/,2026-08-26T07:17:53.483314
02a2d255-7f92-4e8c-a9a7-3a50d25bd8b8,333bd062-07f6-475c-915b-bbf1a1a7903a,b0285ca6-bbbd-4883-877a-f0131b211886,CC_BY,PROTECTED,True,True,True,True,False,GLOBAL,ALL,2010-01-01,2099-12-31,FMA CC License,https://creativecommons.org/licenses/by/4.0/,2026-08-26T07:17:53.483314
09e6c3f4-1fe4-41a5-aa3b-97aca4c1dc4d,fd509b0a-4652-4149-bfc3-b99b6e553c81,1607ae0a-4aa6-4da5-b333-6b0c81c0e1f0,CC_BY,PROTECTED,True,True,True,True,False,GLOBAL,ALL,2010-01-01,2099-12-31,FMA CC License,https://creativecommons.org/licenses/by/4.0/,2026-08-26T07:17:53.483314
a1455d49-dd45-4f11-8acf-ac7954af299e,6af5b202-8e61-4cc8-9218-23e54b0d81d1,28c2f52f-1b61-43e4-a919-02ecf5e655ea,CC_BY,PROTECTED,True,True,True,True,False,GLOBAL,ALL,2010-01-01,2099-12-31,FMA CC License,https://creativecommons.org/licenses/by/4.0/,2026-08-26T07:17:53.483314
b739efca-cb28-4116-8068-c2b7ebb4ee8a,1e2ca7b0-09ad-4fa7-bc83-7028999d7ec0,fd443020-5507-4bc8-9c9d-b106179f1429,CC_BY,PROTECTED,True,True,True,True,False,GLOBAL,ALL,2010-01-01,2099-12-31,FMA CC License,https://creativecommons.org/licenses/by/4.0/,2026-08-26T07:17:53.483314
b018ca83-6345-46e4-9d6b-fe8df3e03eaa,0ce41206-83d9-4026-9629-72dbf979ebb0,5ab67a0b-4c80-469e-9361-0ebf63823449,CC_BY,PROTECTED,True,True,True,True,False,GLOBAL,ALL,2010-01-01,2099-12-31,FMA CC License,https://creativecommons.org/licenses/by/4.0/,2026-08-26T07:17:53.483314
55dda1cc-007f-4db1-910d-8f837371eb30,2d21038a-0eaa-40ae-b992-44b5ac9f8064,3bb565f8-94f0-4e5b-b204-389161157896,CC_BY,PROTECTED,True,True,True,True,False,GLOBAL,ALL,2010-01-01,2099-12-31,FMA CC License,https://creativecommons.org/licenses/by/4.0/,2026-08-26T07:17:53.483314
0d3e0efb-cc15-4318-88c9-7130f2a73430,4c827c7a-bcf8-4d5c-b867-69541eb81a7a,a0e7673a-fa93-4f61-ae3b-be76ae1afa74,CC_BY,PROTECTED,True,True,True,True,False,GLOBAL,ALL,2010-01-01,2099-12-31,FMA CC License,https://creativecommons.org/licenses/by/4.0/,2026-08-26T07:17:53.483314
fc72fa53-1a4a-46d4-a4af-4ecda8879170,229f710e-3f70-474e-a62c-a67bbd0ae00b,63e1537e-c850-4e16-900a-9cb1768d2b60,CC_BY,PROTECTED,True,True,True,True,False,GLOBAL,ALL,2010-01-01,2099-12-31,FMA CC License,https://creativecommons.org/licenses/by/4.0/,2026-08-26T07:17:53.483314
43f9e5df-a070-43a6-9b47-0f830dcf5488,5a7d666e-001c-4a24-a316-85612d3e469e,ff152849-e706-45f2-826f-f4a68274657d,CC_BY,PROTECTED,True,True,True,True,False,GLOBAL,ALL,2010-01-01,2099-12-31,FMA CC License,https://creativecommons.org/licenses/by/4.0/,2026-08-26T07:17:53.483314
b8f984b3-e217-40c3-afa2-02a176433c22,c09029a5-54cc-4e30-b2cc-11f76d66165e,141ef428-c76a-4982-9314-ba2d4d02bd8c,CC_BY,PROTECTED,True,True,True,True,False,GLOBAL,ALL,2010-01-01,2099-12-31,FMA CC License,https://creativecommons.org/licenses/by/4.0/,2026-08-26T07:17:53.483314
9fce9b28-072e-4a16-a540-9836fd5a941a,c1e01c91-be02-4425-b1a0-88e51e2aadbd,aeb94b85-3e6e-48e9-a3a0-65b13993fff6,CC_BY,PROTECTED,True,True,True,True,False,GLOBAL,ALL,2010-01-01,2099-12-31,FMA CC License,https://creativecommons.org/licenses/by/4.0/,2026-08-26T07:17:53.483314
bb826eed-837d-4290-b748-903ec50b99d3,0e51e8a9-0802-4d7b-a1f8-c781798dbfe4,128b918f-065c-4693-8f05-0ce7492b689f,CC_BY,PROTECTED,True,True,True,True,False,GLOBAL,ALL,2010-01-01,2099-12-31,FMA CC License,https://creativecommons.org/licenses/by/4.0/,2026-08-26T07:17:53.483314
ade788b6-1706-4f3b-9185-cee49dfc0db5,47f49dfd-fd86-4b15-86ef-9989cdd73429,bdf06a9d-1915-4c22-8111-f5ac1fc1dad7,CC_BY,PROTECTED,True,True,True,True,False,GLOBAL,ALL,2010-01-01,2099-12-31,FMA CC License,https://creativecommons.org/licenses/by/4.0/,2026-08-26T07:17:53.483314
97428532-4a1e-4cce-a829-ade10bf9a538,90b86b12-c5a1-4c65-bfc5-d3a4ae6b7af1,d88de0e4-62cf-4daa-9c23-78c69020d30f,CC_BY,PROTECTED,True,True,True,True,False,GLOBAL,ALL,2010-01-01,2099-12-31,FMA CC License,https://creativecommons.org/licenses/by/4.0/,2026-08-26T07:17:53.483314
aa23db5e-6129-4caf-9121-bfaf29915196,2b9378fe-971b-4e15-866f-596014fae0ae,3646c00a-1a69-4492-9164-01bee5872655,CC_BY,PROTECTED,True,True,True,True,False,GLOBAL,ALL,2010-01-01,2099-12-31,FMA CC License,https://creativecommons.org/licenses/by/4.0/,2026-08-26T07:17:53.483314
3cf4521c-8339-4513-9f50-8de5872012cb,642bc071-f214-429b-b97d-b97b2d87ec5a,dbb66a5e-3ce3-4c17-9d0b-b9523835bbb2,CC_BY,PROTECTED,True,True,True,True,False,GLOBAL,ALL,2010-01-01,2099-12-31,FMA CC License,https://creativecommons.org/licenses/by/4.0/,2026-08-26T07:17:53.483314
2daf276b-8085-472a-aec5-0b7475ace643,0fe16d5d-8ab4-4015-81dd-be505ea7fb2a,8a666117-204d-4a36-a315-139ae375c737,CC_BY,PROTECTED,True,True,True,True,False,GLOBAL,ALL,2010-01-01,2099-12-31,FMA CC License,https://creativecommons.org/licenses/by/4.0/,2026-08-26T07:17:53.483314
fcadb52d-5fbb-49d1-81ed-3e3779c821a6,ea72e96c-c189-49a5-bdf3-69a7efb7c844,2408bdc8-c0d2-48dc-94e8-64fad235b69b,CC_BY,PROTECTED,True,True,True,True,False,GLOBAL,ALL,2010-01-01,2099-12-31,FMA CC License,https://creativecommons.org/licenses/by/4.0/,2026-08-26T07:17:53.483314
4553475a-e653-4acf-bb70-560798be325b,38845bec-5dda-4ace-b6ef-29adfd1c6e58,c0187f85-c4da-4864-a766-d4b504c99748,CC_BY,PROTECTED,True,True,True,True,False,GLOBAL,ALL,2010-01-01,2099-12-31,FMA CC License,https://creativecommons.org/licenses/by/4.0/,2026-08-26T07:17:53.483314
80cc977f-6238-41c2-858a-5dbcf6a3b0fc,0cb57969-e29d-45f9-9b56-6035c880e96a,782f5d7c-eeeb-4361-ab9f-40ca563c922b,CC_BY,PROTECTED,True,True,True,True,False,GLOBAL,ALL,2010-01-01,2099-12-31,FMA CC License,https://creativecommons.org/licenses/by/4.0/,2026-08-26T07:17:53.483314
e895d1ab-71cd-4042-a72e-028b41e27b29,688fefcf-5df5-4259-9465-bc429fe45d0c,22904725-18b8-46a1-a673-e57dd4f7cd09,CC_BY,PROTECTED,True,True,True,True,False,GLOBAL,ALL,2010-01-01,2099-12-31,FMA CC License,https://creativecommons.org/licenses/by/4.0/,2026-08-26T07:17:53.483314
713967a1-59e9-4bfe-9011-27eb79c75e1e,47cc1b17-1523-4101-a560-0677d8264f27,e518097c-594b-4fa6-bd1f-58b4b8ffe825,CC_BY,PROTECTED,True,True,True,True,False,GLOBAL,ALL,2010-01-01,2099-12-31,FMA CC License,https://creativecommons.org/licenses/by/4.0/,2026-08-26T07:17:53.483314
0342c8d2-717a-4034-9016-daec33e2f3b2,cf5f7f64-063a-4608-87d2-15cb890aac3d,55e6e5fb-0a48-493c-8852-fc3e5ff90329,CC_BY,PROTECTED,True,True,True,True,False,GLOBAL,ALL,2010-01-01,2099-12-31,FMA CC License,https://creativecommons.org/licenses/by/4.0/,2026-08-26T07:17:53.483314
2ae21e2c-1461-4097-81c6-5bee006fc7e0,1ee62415-2443-479c-affb-db177b089ac2,fea459e4-7a45-4bc2-9374-c042cf9d2a9f,CC_BY,PROTECTED,True,True,True,True,False,GLOBAL,ALL,2010-01-01,2099-12-31,FMA CC License,https://creativecommons.org/licenses/by/4.0/,2026-08-26T07:17:53.483314
6bcef162-47c2-4ea9-a6f5-9cf7e162ac2e,8fd4f072-2e78-404f-841e-7b77b3d88165,c6ab4393-ce2a-4de2-989a-ae87ffa1ef32,CC_BY,PROTECTED,True,True,True,True,False,GLOBAL,ALL,2010-01-01,2099-12-31,FMA CC License,https://creativecommons.org/licenses/by/4.0/,2026-08-26T07:17:53.483314
cdb2ab2b-ae27-404b-8063-d31b1cf80ceb,9c768b46-4b1c-4ee4-8b22-13604f7e3568,b1578e18-4757-4f93-8653-067bccb0b82a,CC_BY,PROTECTED,True,True,True,True,False,GLOBAL,ALL,2010-01-01,2099-12-31,FMA CC License,https://creativecommons.org/licenses/by/4.0/,2026-08-26T07:17:53.483314
9495b015-c6bf-47b5-a0ed-f2ed0f791442,84259a4a-8fa4-4702-b720-7b4c870fcc6a,bbc89aad-207d-41c4-b040-9f6e613401e6,CC_BY,PROTECTED,True,True,True,True,False,GLOBAL,ALL,2010-01-01,2099-12-31,FMA CC License,https://creativecommons.org/licenses/by/4.0/,2026-08-26T07:17:53.483314
8f21ac00-4e05-41bb-a91e-8634df52c828,90efeda9-719c-4791-a4b4-caa2ec167e3b,ca22f4d6-a691-4d73-98cc-9ea461b60402,CC_BY,PROTECTED,True,True,True,True,False,GLOBAL,ALL,2010-01-01,2099-12-31,FMA CC License,https://creativecommons.org/licenses/by/4.0/,2026-08-26T07:17:53.483314
0e2f1188-3e60-4535-81fa-7ca164f9c4d5,5f27336e-a26e-45ab-b648-75913545e9fe,94551542-6af9-4b4b-9620-738c25d1e71e,CC_BY,PROTECTED,True,True,True,True,False,GLOBAL,ALL,2010-01-01,2099-12-31,FMA CC License,https://creativecommons.org/licenses/by/4.0/,2026-08-26T07:17:53.483314
027d9e99-59b2-40cf-aa16-daf69ccce2df,6d22f061-684e-42d2-b36c-0dcdaac27e69,ddda80b4-be81-47b7-b936-3c5595323e91,CC_BY,PROTECTED,True,True,True,True,False,GLOBAL,ALL,2010-01-01,2099-12-31,FMA CC License,https://creativecommons.org/licenses/by/4.0/,2026-08-26T07:17:53.483314
0410591b-5cc6-4525-8329-70b8bebc1e9a,09b3eb44-2895-408d-8473-82592288e089,5fce0954-9508-4921-b73d-6a591822edbc,CC_BY,PROTECTED,True,True,True,True,False,GLOBAL,ALL,2010-01-01,2099-12-31,FMA CC License,https://creativecommons.org/licenses/by/4.0/,2026-08-26T07:17:53.483314
d5f0eb37-1d9d-4389-b453-0ac8602e8a4e,087d8a39-7ec5-4a89-b4a1-e8c07311d076,edfda95b-a512-40a9-98b3-cfbb0c2ccd54,CC_BY,PROTECTED,True,True,True,True,False,GLOBAL,ALL,2010-01-01,2099-12-31,FMA CC License,https://creativecommons.org/licenses/by/4.0/,2026-08-26T07:17:53.483314
392dc1b2-ba0e-4d4c-8d6f-6bafd41ff142,17be4355-8786-4ec7-bef8-ec7b627d2ddf,ee805658-1775-4036-b739-cad869ad7d75,CC_BY,PROTECTED,True,True,True,True,False,GLOBAL,ALL,2010-01-01,2099-12-31,FMA CC License,https://creativecommons.org/licenses/by/4.0/,2026-08-26T07:17:53.483314
29f812bc-cae5-47d8-88dc-3788941a7091,d7aa6abf-1ab5-4d5c-9079-ebcb214cefce,90b051e2-264b-4601-aba5-29b0830b40f1,CC_BY,PROTECTED,True,True,True,True,False,GLOBAL,ALL,2010-01-01,2099-12-31,FMA CC License,https://creativecommons.org/licenses/by/4.0/,2026-08-26T07:17:53.483314
153321e6-867a-4bca-84d5-0f750bf4a50d,cc09ab2c-53e2-45c8-8b79-2d928702bf79,4211c3e5-26e1-4331-ad2b-7a5972b4ab4f,CC_BY,PROTECTED,True,True,True,True,False,GLOBAL,ALL,2010-01-01,2099-12-31,FMA CC License,https://creativecommons.org/licenses/by/4.0/,2026-08-26T07:17:53.483314
749b65a8-0d1f-4ee8-9afd-14212d23d513,9d9faf4c-bd43-4514-9964-3367946a830a,610c42cb-5a13-4db2-8b60-b628bfa792a1,CC_BY,PROTECTED,True,True,True,True,False,GLOBAL,ALL,2010-01-01,2099-12-31,FMA CC License,https://creativecommons.org/licenses/by/4.0/,2026-08-26T07:17:53.483314
bed3b5df-cb59-4f38-82d5-95de9153dac5,92b251fa-dcc0-49d7-b4c1-b4ffd15a3ced,3240cee9-2d41-4a51-ba11-8b5f1d845e5c,CC_BY,PROTECTED,True,True,True,True,False,GLOBAL,ALL,2010-01-01,2099-12-31,FMA CC License,https://creativecommons.org/licenses/by/4.0/,2026-08-26T07:17:53.483314
797af0ca-faf3-45e4-adad-20bc43d32765,3f38e8ca-1059-44bd-8c20-1af56e34ee5a,f90666a4-240c-4dfa-a4fd-7a87e883b7b4,CC_BY,PROTECTED,True,True,True,True,False,GLOBAL,ALL,2010-01-01,2099-12-31,FMA CC License,https://creativecommons.org/licenses/by/4.0/,2026-08-26T07:17:53.483314
bf15a1b8-f911-4228-ac67-4c8970a2fb51,9075f7de-1097-4407-bbc8-80595a4ff68f,ff90509d-d348-4cc3-accf-b496874b3519,CC_BY,PROTECTED,True,True,True,True,False,GLOBAL,ALL,2010-01-01,2099-12-31,FMA CC License,https://creativecommons.org/licenses/by/4.0/,2026-08-26T07:17:53.483314
02103b08-70c9-4b3b-8b6b-8c40240e3905,19579396-37bb-4814-aa47-fd491f618a96,63242edc-301a-4b5c-a239-20df973ee5d8,CC_BY,PROTECTED,True,True,True,True,False,GLOBAL,ALL,2010-01-01,2099-12-31,FMA CC License,https://creativecommons.org/licenses/by/4.0/,2026-08-26T07:17:53.483314
0955aa38-3f9f-4252-afd2-8b46eff1815d,0c01145c-6aea-438d-a0db-9f802efad0df,32502c1a-be72-4141-9715-cc492e626d7c,CC_BY,PROTECTED,True,True,True,True,False,GLOBAL,ALL,2010-01-01,2099-12-31,FMA CC License,https://creativecommons.org/licenses/by/4.0/,2026-08-26T07:17:53.483314
54f7a1b3-bac6-49f5-8a49-f00b2bd20c79,2fd291c8-22b3-4335-9852-71abc4faa3af,9bb05fe3-ae7b-4999-a2ff-d9928d8a6347,CC_BY,PROTECTED,True,True,True,True,False,GLOBAL,ALL,2010-01-01,2099-12-31,FMA CC License,https://creativecommons.org/licenses/by/4.0/,2026-08-26T07:17:53.483314
9e634252-8661-432a-883e-8408aa574a89,3528a09a-4021-49e5-90c0-d76e14b78fdb,c562934f-45fb-48d4-ac9f-cbceb757d835,CC_BY,PROTECTED,True,True,True,True,False,GLOBAL,ALL,2010-01-01,2099-12-31,FMA CC License,https://creativecommons.org/licenses/by/4.0/,2026-08-26T07:17:53.483314
85677092-b7e3-4c12-8540-10f4e7e9cedc,4cd76e08-0577-408a-822c-6752fd033442,cfcf2c20-f024-41a9-a411-2844b9dd2ec8,CC_BY,PROTECTED,True,True,True,True,False,GLOBAL,ALL,2010-01-01,2099-12-31,FMA CC License,https://creativecommons.org/licenses/by/4.0/,2026-08-26T07:17:53.483314
3360c2bf-71b6-4fa4-beb9-a6336023892f,f4dcdbf0-93b9-41a7-8e9d-bf0a3d96f7c8,9c9c69a3-ea9b-4e57-9a0d-81f90321f942,CC_BY,PROTECTED,True,True,True,True,False,GLOBAL,ALL,2010-01-01,2099-12-31,FMA CC License,https://creativecommons.org/licenses/by/4.0/,2026-08-26T07:17:53.483314
b362a1e8-5173-4329-832b-7eddb35c0ff9,cdafb5b8-8800-45a5-a65d-bcaab2760c9e,97c57e48-d97a-4bea-a220-8e49299b0524,CC_BY,PROTECTED,True,True,True,True,False,GLOBAL,ALL,2010-01-01,2099-12-31,FMA CC License,https://creativecommons.org/licenses/by/4.0/,2026-08-26T07:17:53.483314
89c05a5a-46ad-4aa3-85fa-09a6f67d255e,c0a41703-6961-40d6-a0c1-09c6f87eb5a6,01df6022-f921-48d7-ad44-ba395875300b,CC_BY,PROTECTED,True,True,True,True,False,GLOBAL,ALL,2010-01-01,2099-12-31,FMA CC License,https://creativecommons.org/licenses/by/4.0/,2026-08-26T07:17:53.483314
1aacefcb-3822-48fc-b3d3-cf4338abdb6e,f9479eaf-0251-45c9-9e06-22daba9fdb32,4562ee9e-eae5-40dd-80d8-1342b35a2bea,CC_BY,PROTECTED,True,True,True,True,False,GLOBAL,ALL,2010-01-01,2099-12-31,FMA CC License,https://creativecommons.org/licenses/by/4.0/,2026-08-26T07:17:53.483314
61164a26-0b41-4b0d-8300-ddbdaf1d6d41,39e85d88-09c0-49ca-8b3e-33bcdd83f846,8c85c447-0cb2-4ef1-8624-fffc762148bf,CC_BY,PROTECTED,True,True,True,True,False,GLOBAL,ALL,2010-01-01,2099-12-31,FMA CC License,https://creativecommons.org/licenses/by/4.0/,2026-08-26T07:17:53.483314
ea10efa2-5e2b-4ddd-9cce-5d8cae4905ca,503d72e1-d223-40c6-bd37-42fb48388bb0,2763c65e-edf7-45a0-a999-156d183cf1e1,CC_BY,PROTECTED,True,True,True,True,False,GLOBAL,ALL,2010-01-01,2099-12-31,FMA CC License,https://creativecommons.org/licenses/by/4.0/,2026-08-26T07:17:53.483314
f812a719-d40f-4f1b-b891-d5c16c58b403,a3f49750-2bc8-43c1-b747-63197a95b43c,ee6d3982-e989-4225-b6eb-596e796bb088,CC_BY,PROTECTED,True,True,True,True,False,GLOBAL,ALL,2010-01-01,2099-12-31,FMA CC License,https://creativecommons.org/licenses/by/4.0/,2026-08-26T07:17:53.483314
3c16d3e1-8372-4c97-aefc-424a28c340d8,b33558ad-643b-42bf-b719-098a0bdf196f,746d6ec3-015c-45e6-bb7f-443eabd33ff1,CC_BY,PROTECTED,True,True,True,True,False,GLOBAL,ALL,2010-01-01,2099-12-31,FMA CC License,https://creativecommons.org/licenses/by/4.0/,2026-08-26T07:17:53.483314
f52be719-26d8-43e8-9b11-f5369d7a2744,d838b0c1-ad26-4bb5-85e6-584b1c7ebbbc,62cbc7e8-13f4-4bfe-b46b-a3ddedcd999e,CC_BY,PROTECTED,True,True,True,True,False,GLOBAL,ALL,2010-01-01,2099-12-31,FMA CC License,https://creativecommons.org/licenses/by/4.0/,2026-08-26T07:17:53.483314
0dea18bb-e9f9-45eb-a29f-c6adbac90c85,9b0e99e1-cf4f-4192-ae17-a7b0d7b599bf,f2f84030-cf90-43b0-a592-5fce1f65d0b9,CC_BY,PROTECTED,True,True,True,True,False,GLOBAL,ALL,2010-01-01,2099-12-31,FMA CC License,https://creativecommons.org/licenses/by/4.0/,2026-08-26T07:17:53.483314
2d9c8ca3-b14a-4bfd-8c4b-ad8b2355a127,4fe54dd7-82ba-4ed4-8db7-6a9e3800d0d6,f8986ee1-4ecb-4ef3-a7ab-a7c17d11427b,CC_BY,PROTECTED,True,True,True,True,False,GLOBAL,ALL,2010-01-01,2099-12-31,FMA CC License,https://creativecommons.org/licenses/by/4.0/,2026-08-26T07:17:53.483314
afab3cd5-ecf3-43b0-b097-a67c19de658a,dc47c6c3-9d04-4308-a5a1-9919afdce6a6,ab7770ad-5858-48b2-b94a-d3a1943afa0c,CC_BY,PROTECTED,True,True,True,True,False,GLOBAL,ALL,2010-01-01,2099-12-31,FMA CC License,https://creativecommons.org/licenses/by/4.0/,2026-08-26T07:17:53.483314
a2bcc64a-886b-49c3-8b8a-b996026bac5f,1e11fbcf-67f7-4cef-9813-9f453ce566b7,135bad82-28d1-4ba3-8396-ceeb2678e57d,CC_BY,PROTECTED,True,True,True,True,False,GLOBAL,ALL,2010-01-01,2099-12-31,FMA CC License,https://creativecommons.org/licenses/by/4.0/,2026-08-26T07:17:53.483314
7f91a1c4-779e-44aa-b515-be0ffa813076,742b394e-0b9e-4ccd-953b-0512e160293c,e623f75b-c340-4272-a074-2b63691fd598,CC_BY,PROTECTED,True,True,True,True,False,GLOBAL,ALL,2010-01-01,2099-12-31,FMA CC License,https://creativecommons.org/licenses/by/4.0/,2026-08-26T07:17:53.483314
f0185ed4-645b-461a-9795-e1987dec9e33,0c3b6c25-998b-42b5-96ee-c040ee75b8de,3867d19c-02cc-47a4-a36d-e7a9eef7ab83,CC_BY,PROTECTED,True,True,True,True,False,GLOBAL,ALL,2010-01-01,2099-12-31,FMA CC License,https://creativecommons.org/licenses/by/4.0/,2026-08-26T07:17:53.483314
973f3c8f-87aa-4e04-8622-95ac6dc7d397,93932550-38ed-4344-a942-85a43646044f,c08ec64c-7417-4e50-9008-a62c077e7df9,CC_BY,PROTECTED,True,True,True,True,False,GLOBAL,ALL,2010-01-01,2099-12-31,FMA CC License,https://creativecommons.org/licenses/by/4.0/,2026-08-26T07:17:53.483314
cfdc8967-9aad-49c1-a8f1-00a985382777,c9061918-3d35-4fbf-a154-6a66f934af70,afd904f7-1bad-49b6-a7a6-f634050b2505,CC_BY,PROTECTED,True,True,True,True,False,GLOBAL,ALL,2010-01-01,2099-12-31,FMA CC License,https://creativecommons.org/licenses/by/4.0/,2026-08-26T07:17:53.483314
adf514cf-d247-47e7-ba3f-ab3f92defe3e,45ee7f1e-d9ec-4d78-bc99-12a24efca9ee,9c67acb2-20c9-4448-bb6c-ede912884a33,CC_BY,PROTECTED,True,True,True,True,False,GLOBAL,ALL,2010-01-01,2099-12-31,FMA CC License,https://creativecommons.org/licenses/by/4.0/,2026-08-26T07:17:53.483314
47f38428-47ca-42f9-9a5e-9d98bfc2f548,94bf1ea5-89ef-4486-bef2-21f419c38ca6,02023765-f750-40f5-8265-1c1c88e454a2,CC_BY,PROTECTED,True,True,True,True,False,GLOBAL,ALL,2010-01-01,2099-12-31,FMA CC License,https://creativecommons.org/licenses/by/4.0/,2026-08-26T07:17:53.483314
c0cb4465-620b-4cde-980a-a2e62ac25545,f41d9f5d-d8aa-4705-a4fa-cccc240bfd15,69c25a54-b7c0-4ab9-a71a-dadefadb8573,CC_BY,PROTECTED,True,True,True,True,False,GLOBAL,ALL,2010-01-01,2099-12-31,FMA CC License,https://creativecommons.org/licenses/by/4.0/,2026-08-26T07:17:53.483314
ee3deef1-207d-43dd-ac17-1ca8d7a8877d,6d2791c4-45d6-4316-b0a9-7e878f4f18a4,0c750770-4d56-453c-a41a-2aa33c05d75c,CC_BY,PROTECTED,True,True,True,True,False,GLOBAL,ALL,2010-01-01,2099-12-31,FMA CC License,https://creativecommons.org/licenses/by/4.0/,2026-08-26T07:17:53.483314
004f3dbd-2494-4076-adca-f794aca73720,584f882e-3ed2-4803-b0cd-1cefcdd3e4f8,2f469e30-37e8-4f00-92c4-f53915a6ee8c,CC_BY,PROTECTED,True,True,True,True,False,GLOBAL,ALL,2010-01-01,2099-12-31,FMA CC License,https://creativecommons.org/licenses/by/4.0/,2026-08-26T07:17:53.483314
ee70a53f-1e86-4d1b-8bef-445c93b54603,11b83a7f-9d31-4cd4-b983-8f7873eb8897,2c024989-ce8e-4b7f-a326-ea4391ccd2cc,CC_BY,PROTECTED,True,True,True,True,False,GLOBAL,ALL,2010-01-01,2099-12-31,FMA CC License,https://creativecommons.org/licenses/by/4.0/,2026-08-26T07:17:53.483314
e6ca5065-f853-4754-897a-64550f84bf37,ce00f143-c347-421f-b117-476943793e19,ec803586-517d-4d5a-8836-ec31fa6d3f7c,CC_BY,PROTECTED,True,True,True,True,False,GLOBAL,ALL,2010-01-01,2099-12-31,FMA CC License,https://creativecommons.org/licenses/by/4.0/,2026-08-26T07:17:53.483314
d47ea322-6074-492f-ba55-b09345286088,bb6c2ba1-4784-4d61-89cc-34f029c4b4f7,37bffb95-9575-43f0-b45e-38573a1bf094,CC_BY,PROTECTED,True,True,True,True,False,GLOBAL,ALL,2010-01-01,2099-12-31,FMA CC License,https://creativecommons.org/licenses/by/4.0/,2026-08-26T07:17:53.483314
5fab15d4-fd87-45f9-8e28-170743b37a61,d12ead7b-880a-4a67-86fb-36df9489175c,31a4dce7-8576-4a5a-939a-81d71c31ca83,CC_BY,PROTECTED,True,True,True,True,False,GLOBAL,ALL,2010-01-01,2099-12-31,FMA CC License,https://creativecommons.org/licenses/by/4.0/,2026-08-26T07:17:53.483314
7272d20a-e74d-44e1-9b27-3b91fd42c90f,eb113021-c942-49ab-a4ed-a044e07ca823,8014318e-7c71-407d-8db1-cc09a5b7198b,CC_BY,PROTECTED,True,True,True,True,False,GLOBAL,ALL,2010-01-01,2099-12-31,FMA CC License,https://creativecommons.org/licenses/by/4.0/,2026-08-26T07:17:53.483314
e0e0166a-2d19-432b-b0e2-1b4591bc051f,d6390db9-c6c7-4a76-806e-9d1af69f2aab,9957b0aa-2d08-42e7-8e02-24fafdf68c51,CC_BY,PROTECTED,True,True,True,True,False,GLOBAL,ALL,2010-01-01,2099-12-31,FMA CC License,https://creativecommons.org/licenses/by/4.0/,2026-08-26T07:17:53.483314
0985af9e-4fbe-4e2b-8a98-51f7f904fc3f,2bfbbb7c-1025-461a-ae13-6fe762040b62,e440f202-2374-4678-bd29-69d69e89455d,CC_BY,PROTECTED,True,True,True,True,False,GLOBAL,ALL,2010-01-01,2099-12-31,FMA CC License,https://creativecommons.org/licenses/by/4.0/,2026-08-26T07:17:53.483314
7aab0609-11f1-4d9f-bfdf-023954923f23,49b56a0c-18d9-4c96-b835-cb504c4619ab,b7de15b1-78cf-4fa6-ba39-523d9fe0dfee,CC_BY,PROTECTED,True,True,True,True,False,GLOBAL,ALL,2010-01-01,2099-12-31,FMA CC License,https://creativecommons.org/licenses/by/4.0/,2026-08-26T07:17:53.483314
d9fe0776-bd8e-48dc-a754-78188f1e6564,5d109502-0fe3-4148-a050-de64eb942ab3,1ee54145-107a-4d87-8fbc-fb1ef1d0e75f,CC_BY,PROTECTED,True,True,True,True,False,GLOBAL,ALL,2010-01-01,2099-12-31,FMA CC License,https://creativecommons.org/licenses/by/4.0/,2026-08-26T07:17:53.483314
c0ba8ff3-d725-4c08-96e1-fa60684ee6dd,4fef7d08-2fec-420d-9a36-cb1849917b17,9c20f6b1-26f1-4806-bc85-8685c4359b72,CC_BY,PROTECTED,True,True,True,True,False,GLOBAL,ALL,2010-01-01,2099-12-31,FMA CC License,https://creativecommons.org/licenses/by/4.0/,2026-08-26T07:17:53.483314
a48b8819-ab30-419c-906d-e564c851a03a,fb2749dc-7ee2-4f59-80ef-2909e0bb9242,2a2a3fb6-7ef6-42fa-9304-4f8f81a4c6b6,CC_BY,PROTECTED,True,True,True,True,False,GLOBAL,ALL,2010-01-01,2099-12-31,FMA CC License,https://creativecommons.org/licenses/by/4.0/,2026-08-26T07:17:53.483314
ffe9222b-0b09-49b0-b09c-9b1d41d897b7,00af18f7-f9b6-47ef-956e-ae28e049857a,be1ef2da-4c19-4193-9ca9-921a574d9657,CC_BY,PROTECTED,True,True,True,True,False,GLOBAL,ALL,2010-01-01,2099-12-31,FMA CC License,https://creativecommons.org/licenses/by/4.0/,2026-08-26T07:17:53.483314
cce93b3b-207d-48fa-afb0-100d3c564227,e1882d3e-dbe3-491b-8c44-0333faf67838,283b76e9-d284-40bc-9609-cf746967275b,CC_BY,PROTECTED,True,True,True,True,False,GLOBAL,ALL,2010-01-01,2099-12-31,FMA CC License,https://creativecommons.org/licenses/by/4.0/,2026-08-26T07:17:53.483314
4527fe4b-c44d-4010-a6d2-f7f1cdef365a,a8a55526-6c46-4907-a868-c02e731f6d44,da79b1e9-4277-44f8-a58b-afb0d1a1f7e6,CC_BY,PROTECTED,True,True,True,True,False,GLOBAL,ALL,2010-01-01,2099-12-31,FMA CC License,https://creativecommons.org/licenses/by/4.0/,2026-08-26T07:17:53.483314
a763aa55-6ba5-4397-a260-4310b2836866,1a7a7f69-795b-4bc6-bbd9-1c9896b2285a,56128b48-0bcf-47bd-ac0a-efebed71bcf5,CC_BY,PROTECTED,True,True,True,True,False,GLOBAL,ALL,2010-01-01,2099-12-31,FMA CC License,https://creativecommons.org/licenses/by/4.0/,2026-08-26T07:17:53.483314
86b78fab-9dba-46ab-953f-9b57addb8f28,92da020f-9e5e-48b1-898c-0c5b39c8806c,96fe8206-ecd6-4c3c-998a-9d13c3d99025,CC_BY,PROTECTED,True,True,True,True,False,GLOBAL,ALL,2010-01-01,2099-12-31,FMA CC License,https://creativecommons.org/licenses/by/4.0/,2026-08-26T07:17:53.483314
8238ee05-0211-40ad-89ea-1a5ee7645e8d,e0b4ded1-aa46-409a-8681-f62f15decc8d,ed28b060-58d9-487b-af1e-866e1f8476a1,CC_BY,PROTECTED,True,True,True,True,False,GLOBAL,ALL,2010-01-01,2099-12-31,FMA CC License,https://creativecommons.org/licenses/by/4.0/,2026-08-26T07:17:53.483314
64d7276f-cead-4eed-a812-638e8bef0e4b,eb2e0d4b-6321-44f4-9c32-f781834097ff,9ebc1708-91e7-42f3-a871-dde484e249cc,CC_BY,PROTECTED,True,True,True,True,False,GLOBAL,ALL,2010-01-01,2099-12-31,FMA CC License,https://creativecommons.org/licenses/by/4.0/,2026-08-26T07:17:53.483314
ad45f552-0ba5-495e-ae94-8a5efea32d76,01935d25-527a-4a45-955d-5501ae717573,534183db-0d5b-4cdf-9867-d7b99e8bd8d6,CC_BY,PROTECTED,True,True,True,True,False,GLOBAL,ALL,2010-01-01,2099-12-31,FMA CC License,https://creativecommons.org/licenses/by/4.0/,2026-08-26T07:17:53.483314
c0cb6fcd-509d-4fcc-9a37-26eb42335d58,1573e515-f955-44e2-91d5-bbdffe2d3745,f1b12638-4b65-47c0-a99e-5e39ad6589d0,CC_BY,PROTECTED,True,True,True,True,False,GLOBAL,ALL,2010-01-01,2099-12-31,FMA CC License,https://creativecommons.org/licenses/by/4.0/,2026-08-26T07:17:53.483314
6f70dea9-219b-4234-aafb-6a060c9d9e9d,b53c8205-b9ac-4019-8fe0-b40c3ce14e17,2d687eeb-3f4f-40da-926c-3b5eb339d95d,CC_BY,PROTECTED,True,True,True,True,False,GLOBAL,ALL,2010-01-01,2099-12-31,FMA CC License,https://creativecommons.org/licenses/by/4.0/,2026-08-26T07:17:53.483314
9b0d0e08-8b42-4583-8191-9444ba565a9e,9ee491c4-b2d3-4f25-89a4-88e4cc065282,70eb7cc5-a91b-4fdf-a753-2e7ff7b8b747,CC_BY,PROTECTED,True,True,True,True,False,GLOBAL,ALL,2010-01-01,2099-12-31,FMA CC License,https://creativecommons.org/licenses/by/4.0/,2026-08-26T07:17:53.483314
bfec6bdf-79c3-47f5-84c3-007afc3e6e0c,2f80c37d-cdd3-42c4-800c-3f53668201b6,30087252-209f-4637-b2c6-59662db34512,CC_BY,PROTECTED,True,True,True,True,False,GLOBAL,ALL,2010-01-01,2099-12-31,FMA CC License,https://creativecommons.org/licenses/by/4.0/,2026-08-26T07:17:53.483314
383d1cfd-bd1b-48b6-8a35-6728d1b911b9,f2a3f7f4-e861-4850-83c2-947c3bbf190b,08421e4e-4467-457b-a1a6-e1b7cc70fe3f,CC_BY,PROTECTED,True,True,True,True,False,GLOBAL,ALL,2010-01-01,2099-12-31,FMA CC License,https://creativecommons.org/licenses/by/4.0/,2026-08-26T07:17:53.483314
f2494b77-4047-49c0-b1f3-602d700ae80f,349bbbdc-a046-4e0d-9642-730fcc9f24b7,f6442b30-e1fd-4f30-97a5-6b44b43aa97c,CC_BY,PROTECTED,True,True,True,True,False,GLOBAL,ALL,2010-01-01,2099-12-31,FMA CC License,https://creativecommons.org/licenses/by/4.0/,2026-08-26T07:17:53.483314
3f1ccf76-8fdd-478b-85cb-6d8b060c00c0,414ea473-bf77-4f12-b806-0300df5c5dad,7544c85f-eb7c-48e8-966c-1ef23716961b,CC_BY,PROTECTED,True,True,True,True,False,GLOBAL,ALL,2010-01-01,2099-12-31,FMA CC License,https://creativecommons.org/licenses/by/4.0/,2026-08-26T07:17:53.483314
f36d9921-2853-48d9-88bb-163a5381f749,14f4e197-8682-47d1-a9d8-c139685e8996,a75581dd-c583-435a-8aa9-13e45f9b4253,CC_BY,PROTECTED,True,True,True,True,False,GLOBAL,ALL,2010-01-01,2099-12-31,FMA CC License,https://creativecommons.org/licenses/by/4.0/,2026-08-26T07:17:53.483314
7e0e3404-be45-4211-91dc-086c1d8b4c9c,d643e0e2-b138-4b32-99b4-ddbee235730b,91b8e741-a7dc-4f02-9aeb-8b7554338919,CC_BY,PROTECTED,True,True,True,True,False,GLOBAL,ALL,2010-01-01,2099-12-31,FMA CC License,https://creativecommons.org/licenses/by/4.0/,2026-08-26T07:17:53.483314
2cfe67f3-4a4e-4e62-b881-56f2c6e09ceb,9feb9610-2810-4e48-9d4e-4079716bbdb5,242067ea-22e9-45a5-b83c-7bcf71d1f815,CC_BY,PROTECTED,True,True,True,True,False,GLOBAL,ALL,2010-01-01,2099-12-31,FMA CC License,https://creativecommons.org/licenses/by/4.0/,2026-08-26T07:17:53.483314
6771c8fd-7648-4397-ab95-9b8fcc1ce0d2,81e6ba49-cfce-4eb5-8726-2da9a4b0064a,d0ac417a-dacd-4015-b74a-211353c6d096,CC_BY,PROTECTED,True,True,True,True,False,GLOBAL,ALL,2010-01-01,2099-12-31,FMA CC License,https://creativecommons.org/licenses/by/4.0/,2026-08-26T07:17:53.483314
d56b7a80-bb37-4a41-be25-a7ea878cf47a,52239662-f827-40a7-8311-412605603c38,7f36f309-2a33-4a0a-829e-402a58aeb8cf,CC_BY,PROTECTED,True,True,True,True,False,GLOBAL,ALL,2010-01-01,2099-12-31,FMA CC License,https://creativecommons.org/licenses/by/4.0/,2026-08-26T07:17:53.483314
a5bb3865-f801-4c15-9c95-9804ae54bd78,87546d67-f3d1-42d5-9619-c0a5a21a96a2,9a621874-911d-4063-afba-ab3dc5560515,CC_BY,PROTECTED,True,True,True,True,False,GLOBAL,ALL,2010-01-01,2099-12-31,FMA CC License,https://creativecommons.org/licenses/by/4.0/,2026-08-26T07:17:53.483314
2f2882e6-64b6-4c72-8e27-b09237874715,b3046037-d364-46a5-a195-1ed234335743,ee49cff7-db99-42cc-bb30-1329b1c0e9a6,CC_BY,PROTECTED,True,True,True,True,False,GLOBAL,ALL,2010-01-01,2099-12-31,FMA CC License,https://creativecommons.org/licenses/by/4.0/,2026-08-26T07:17:53.483314
787ce906-b4d6-42ff-bb1f-d482aa291a7b,1bd29763-870c-454a-99dc-34d4b659f1b2,40ade5a7-916e-4ec3-93ac-0ec3a93e0702,CC_BY,PROTECTED,True,True,True,True,False,GLOBAL,ALL,2010-01-01,2099-12-31,FMA CC License,https://creativecommons.org/licenses/by/4.0/,2026-08-26T07:17:53.483314
a5a4b666-ae67-445a-84de-1843e12ec3e5,54a06ab4-efb1-4ced-ba37-9fdf2887141d,1c44898c-d1f9-4ffe-a0ed-5c91b700a5d0,CC_BY,PROTECTED,True,True,True,True,False,GLOBAL,ALL,2010-01-01,2099-12-31,FMA CC License,https://creativecommons.org/licenses/by/4.0/,2026-08-26T07:17:53.483314
4c868d3c-4bdd-4e60-a1a1-27f752dd47cf,90ba7e3f-7dae-4d76-9010-05aa5d45fd02,119c0200-83b1-4a27-92f7-8b1002c17a3d,CC_BY,PROTECTED,True,True,True,True,False,GLOBAL,ALL,2010-01-01,2099-12-31,FMA CC License,https://creativecommons.org/licenses/by/4.0/,2026-08-26T07:17:53.483314
c8bed249-1b4c-4ec1-ba6d-af915b8b9506,f9a204fc-f76f-4941-9edd-58c233de8e5f,bd971309-f77b-492c-aada-c822ba0d4077,CC_BY,PROTECTED,True,True,True,True,False,GLOBAL,ALL,2010-01-01,2099-12-31,FMA CC License,https://creativecommons.org/licenses/by/4.0/,2026-08-26T07:17:53.483314
4e607aad-fa27-44a4-93b8-7efea948949d,a4450680-2d59-4d14-8251-1242f40997ee,c25656b0-2bc6-48ec-8b70-7187305e3b63,CC_BY,PROTECTED,True,True,True,True,False,GLOBAL,ALL,2010-01-01,2099-12-31,FMA CC License,https://creativecommons.org/licenses/by/4.0/,2026-08-26T07:17:53.483314
76895a36-0b6f-49ca-baf8-1d1749369836,e9cc6917-5bda-4065-bc99-1c22880fabf4,775e8e65-dd49-4749-b20b-14f585792029,CC_BY,PROTECTED,True,True,True,True,False,GLOBAL,ALL,2010-01-01,2099-12-31,FMA CC License,https://creativecommons.org/licenses/by/4.0/,2026-08-26T07:17:53.483314
a96b110e-070c-4e53-8613-d50bef05b1a6,c331e43f-3847-4e7f-bef8-9304e4753ddc,b8677ea3-e2a7-4331-addf-700b5ae6e8d2,CC_BY,PROTECTED,True,True,True,True,False,GLOBAL,ALL,2010-01-01,2099-12-31,FMA CC License,https://creativecommons.org/licenses/by/4.0/,2026-08-26T07:17:53.483314
7c44499e-c55d-4fed-98fe-011bad544181,e362e01b-0256-4093-ba15-cc146655414a,49e895a3-d6a1-4af7-8e85-46ebe295478c,CC_BY,PROTECTED,True,True,True,True,False,GLOBAL,ALL,2010-01-01,2099-12-31,FMA CC License,https://creativecommons.org/licenses/by/4.0/,2026-08-26T07:17:53.483314
166ec631-239c-475f-8935-9a2d166b4bbf,be56e28b-c3b1-40df-9e9b-b118a336339c,751d644e-7b00-489a-ae88-953617cea98a,CC_BY,PROTECTED,True,True,True,True,False,GLOBAL,ALL,2010-01-01,2099-12-31,FMA CC License,https://creativecommons.org/licenses/by/4.0/,2026-08-26T07:17:53.483314
8fee2b6f-93a7-47e9-9464-a527377a880a,b30eabbd-de8f-4667-93c6-a3255c123960,85f2d268-56f2-4706-af43-c0aa1b22ebfb,CC_BY,PROTECTED,True,True,True,True,False,GLOBAL,ALL,2010-01-01,2099-12-31,FMA CC License,https://creativecommons.org/licenses/by/4.0/,2026-08-26T07:17:53.483314
3f208fd7-7e51-43c4-9a90-d99482955713,ffb68423-c717-4f73-ae81-c084a32ba2a9,9ae2319c-8330-44ce-9f4e-55bf5d1c49df,CC_BY,PROTECTED,True,True,True,True,False,GLOBAL,ALL,2010-01-01,2099-12-31,FMA CC License,https://creativecommons.org/licenses/by/4.0/,2026-08-26T07:17:53.483314
6224e007-a6e4-4b1f-8d48-03aee3a59c32,4fb3037d-324c-4065-b06d-cc74e8d4e10c,e3126bcf-547d-4009-a8fd-70dbbb767121,CC_BY,PROTECTED,True,True,True,True,False,GLOBAL,ALL,2010-01-01,2099-12-31,FMA CC License,https://creativecommons.org/licenses/by/4.0/,2026-08-26T07:17:53.483314
5f9299ba-c5ba-4dac-8ab5-5a13675e4c11,cdad6d48-d87e-4100-b5ba-6b2796ed0a99,56840fca-f684-4d09-8f9a-944bb7f59010,CC_BY,PROTECTED,True,True,True,True,False,GLOBAL,ALL,2010-01-01,2099-12-31,FMA CC License,https://creativecommons.org/licenses/by/4.0/,2026-08-26T07:17:53.483314
c05491b9-70bf-440b-b5b5-bdd30d3b452a,55268187-6d15-44ba-b2db-2c85371ed0fd,f81e8530-f0ba-4b16-af50-bdaff127c0e8,CC_BY,PROTECTED,True,True,True,True,False,GLOBAL,ALL,2010-01-01,2099-12-31,FMA CC License,https://creativecommons.org/licenses/by/4.0/,2026-08-26T07:17:53.483314
08acdc72-afeb-4c82-979d-2dba81fdca65,44c18306-c248-428d-baac-06050484ee7e,0633048d-59e3-4ea2-9ded-2ec15b9ce9d5,CC_BY,PROTECTED,True,True,True,True,False,GLOBAL,ALL,2010-01-01,2099-12-31,FMA CC License,https://creativecommons.org/licenses/by/4.0/,2026-08-26T07:17:53.483314
e6b5a76a-791e-448f-8406-07c9d0104ded,a2dc1460-3fce-4a92-b7aa-c6094b6f49d8,007b4b03-bcfe-4776-ad9e-d62dd2b38d7e,CC_BY,PROTECTED,True,True,True,True,False,GLOBAL,ALL,2010-01-01,2099-12-31,FMA CC License,https://creativecommons.org/licenses/by/4.0/,2026-08-26T07:17:53.483314
364b126e-ac53-4e01-af41-d7cf5132a098,958d4a27-cc03-4aec-ab1e-56b0f3e0327e,067c8c3e-6c5b-4862-aade-2c93fe758ea0,CC_BY,PROTECTED,True,True,True,True,False,GLOBAL,ALL,2010-01-01,2099-12-31,FMA CC License,https://creativecommons.org/licenses/by/4.0/,2026-08-26T07:17:53.483314
19c0c0a1-0e2d-467f-8ce7-4fdb4829b5ab,39fb78f2-7d3f-4c2f-8f5c-fb889b2ba3fb,86a5dc1a-a698-41b5-a3f7-6839ca3ce4bc,CC_BY,PROTECTED,True,True,True,True,False,GLOBAL,ALL,2010-01-01,2099-12-31,FMA CC License,https://creativecommons.org/licenses/by/4.0/,2026-08-26T07:17:53.483314
a755d4ca-a468-43e0-8ef4-ccaf61742ca4,204c38b3-c56e-4083-b04c-29db3832bae4,63f7d877-bcf1-4ce0-9796-1c0793fde3d8,CC_BY,PROTECTED,True,True,True,True,False,GLOBAL,ALL,2010-01-01,2099-12-31,FMA CC License,https://creativecommons.org/licenses/by/4.0/,2026-08-26T07:17:53.483314
d28d8bf9-159d-47ae-991e-5f5eb5061f2c,84adadaf-8eee-475a-83e1-6960bb1239a1,25ebec0b-0e63-4bfc-a794-1d3bb2334089,CC_BY,PROTECTED,True,True,True,True,False,GLOBAL,ALL,2010-01-01,2099-12-31,FMA CC License,https://creativecommons.org/licenses/by/4.0/,2026-08-26T07:17:53.483314
c0067d01-4035-4354-b1c3-2fa4cecc98ab,080d20fb-fa39-49fc-82cf-583890e4249a,620be805-c43f-41df-9c07-22da1cdbda44,CC_BY,PROTECTED,True,True,True,True,False,GLOBAL,ALL,2010-01-01,2099-12-31,FMA CC License,https://creativecommons.org/licenses/by/4.0/,2026-08-26T07:17:53.483314
6390dc2b-6d90-4f27-831c-9ae358403697,db14aab3-6ba1-4451-a47b-cfb41cbe346a,621d7d6a-9abb-465f-a32e-b76cb3b5d761,CC_BY,PROTECTED,True,True,True,True,False,GLOBAL,ALL,2010-01-01,2099-12-31,FMA CC License,https://creativecommons.org/licenses/by/4.0/,2026-08-26T07:17:53.483314
e9dbd64a-3b5d-486a-9208-b5ab3d4f19be,63a9dcd3-1800-4e0c-b6ec-588357c8b8d4,f4ba2f02-d6a8-4ff0-8baf-ffa3bd8233e6,CC_BY,PROTECTED,True,True,True,True,False,GLOBAL,ALL,2010-01-01,2099-12-31,FMA CC License,https://creativecommons.org/licenses/by/4.0/,2026-08-26T07:17:53.483314
360bbba3-3f7a-46cf-9a37-6083011e4398,235a6e1f-49be-4806-96d5-7b546368bd02,f499f766-b1cc-4bf6-a76f-e3622aeb730b,CC_BY,PROTECTED,True,True,True,True,False,GLOBAL,ALL,2010-01-01,2099-12-31,FMA CC License,https://creativecommons.org/licenses/by/4.0/,2026-08-26T07:17:53.483314
c743c68b-e6f2-43c8-bbc4-f8072e603dd5,e6e60b7d-dbd6-4dac-ad8a-5145d1b92cbb,8228afaf-eee3-49aa-a82a-c66f107d1c53,CC_BY,PROTECTED,True,True,True,True,False,GLOBAL,ALL,2010-01-01,2099-12-31,FMA CC License,https://creativecommons.org/licenses/by/4.0/,2026-08-26T07:17:53.483314
86695f5a-7874-49d6-83c7-f7921146bb42,34e4a486-8551-4c81-93e0-b9bc371b53b4,aaa546a7-4205-483e-92eb-a7d13bebd3ef,CC_BY,PROTECTED,True,True,True,True,False,GLOBAL,ALL,2010-01-01,2099-12-31,FMA CC License,https://creativecommons.org/licenses/by/4.0/,2026-08-26T07:17:53.483314
b10e3ac6-225f-4e02-9a81-26f24653a587,f0de0457-71bf-47e5-b7a4-4a8bf01646a6,dbcef98b-b9c4-4f86-acc6-a873b41b50d1,CC_BY,PROTECTED,True,True,True,True,False,GLOBAL,ALL,2010-01-01,2099-12-31,FMA CC License,https://creativecommons.org/licenses/by/4.0/,2026-08-26T07:17:53.483314
c0a38531-ed67-43eb-83d9-1e8da4f5b939,1fd8c7c1-33ca-4781-8639-78dc1340bdb7,a129c0ab-3e7c-418d-8204-7fae2283e2d1,CC_BY,PROTECTED,True,True,True,True,False,GLOBAL,ALL,2010-01-01,2099-12-31,FMA CC License,https://creativecommons.org/licenses/by/4.0/,2026-08-26T07:17:53.483314
a6006fac-a154-4386-bd06-5f169dccea72,b5c902c5-5b57-442d-83b9-8c93bebec5c9,4995e5e7-6e57-4e0d-a3c6-a3c53322ac63,CC_BY,PROTECTED,True,True,True,True,False,GLOBAL,ALL,2010-01-01,2099-12-31,FMA CC License,https://creativecommons.org/licenses/by/4.0/,2026-08-26T07:17:53.483314
b8d3eab2-1d9d-497a-9ec4-87404473243b,bd336dc7-d163-4202-9915-613a3d404eb4,63e6a075-c4dc-4fa2-8171-80203214de20,CC_BY,PROTECTED,True,True,True,True,False,GLOBAL,ALL,2010-01-01,2099-12-31,FMA CC License,https://creativecommons.org/licenses/by/4.0/,2026-08-26T07:17:53.483314
f46133e4-b031-43fd-a57e-dda770f268b3,b3cfd81c-0a8f-4fc6-a1f8-ac73391f3f2c,6a24c8be-5e81-43e1-a26c-b8110a0d8a7b,CC_BY,PROTECTED,True,True,True,True,False,GLOBAL,ALL,2010-01-01,2099-12-31,FMA CC License,https://creativecommons.org/licenses/by/4.0/,2026-08-26T07:17:53.483314
05c84f46-10da-4b21-ada8-aa7676fdbd89,d20102ab-6a94-4394-baf5-327d530e1540,067bbdd7-af59-4e4d-8bcd-514633b2a1ea,CC_BY,PROTECTED,True,True,True,True,False,GLOBAL,ALL,2010-01-01,2099-12-31,FMA CC License,https://creativecommons.org/licenses/by/4.0/,2026-08-26T07:17:53.483314
c687c6f9-6605-45d5-9e62-46e7124ce5e1,54392e26-1adb-423c-8aa5-f1e6c1919424,f0926dd1-cef4-43d2-8b9d-c5e4a4436ba9,CC_BY,PROTECTED,True,True,True,True,False,GLOBAL,ALL,2010-01-01,2099-12-31,FMA CC License,https://creativecommons.org/licenses/by/4.0/,2026-08-26T07:17:53.483314
f3ed9d72-e2f9-43db-b7f2-12f460381900,f1310eaa-9df4-4d40-bba3-a78932d4a02b,116f92ab-d887-4429-b5ea-02207886d818,CC_BY,PROTECTED,True,True,True,True,False,GLOBAL,ALL,2010-01-01,2099-12-31,FMA CC License,https://creativecommons.org/licenses/by/4.0/,2026-08-26T07:17:53.483314
fe9a1496-ce2a-4d79-95d7-18c79deeeba8,464c830e-e664-496a-9bd7-eb567a8ff544,247607c7-6f60-4ac3-8511-73b91c5cb13d,CC_BY,PROTECTED,True,True,True,True,False,GLOBAL,ALL,2010-01-01,2099-12-31,FMA CC License,https://creativecommons.org/licenses/by/4.0/,2026-08-26T07:17:53.483314
416b7905-7654-4e8b-a514-43c84b8312ea,3a1cf251-baa1-4623-a9e0-476c9dcf8863,484386b1-c77f-40c5-8abd-c48d67195abc,CC_BY,PROTECTED,True,True,True,True,False,GLOBAL,ALL,2010-01-01,2099-12-31,FMA CC License,https://creativecommons.org/licenses/by/4.0/,2026-08-26T07:17:53.483314
2cec1f40-b8ad-433f-a4ed-2c823d137fc9,a336471f-7539-42a5-bd8b-152ee41fdd32,de9c5ca1-3b8a-40f8-80c0-1079758894ff,CC_BY,PROTECTED,True,True,True,True,False,GLOBAL,ALL,2010-01-01,2099-12-31,FMA CC License,https://creativecommons.org/licenses/by/4.0/,2026-08-26T07:17:53.483314
ac5a7d59-b014-4a1c-86be-ad70e75bd90d,d6e6cebe-49e0-4757-acb4-b6c8d926a1bd,119899e3-38f2-4d26-b443-7043f96d858b,CC_BY,PROTECTED,True,True,True,True,False,GLOBAL,ALL,2010-01-01,2099-12-31,FMA CC License,https://creativecommons.org/licenses/by/4.0/,2026-08-26T07:17:53.483314
b523cc7c-00da-4c9c-92f7-884a0afc084b,545fe052-b5b3-4298-b594-a19595bce9a7,fd76f6bb-816a-4bbf-93b6-6a7b0a5a6261,CC_BY,PROTECTED,True,True,True,True,False,GLOBAL,ALL,2010-01-01,2099-12-31,FMA CC License,https://creativecommons.org/licenses/by/4.0/,2026-08-26T07:17:53.483314
6277c65d-7ff6-4f04-a1fe-68c1b0e06cf1,3273fe46-c07b-4111-be44-e63d2a2f060f,50628286-4007-4861-a141-2d2ee266fd3a,CC_BY,PROTECTED,True,True,True,True,False,GLOBAL,ALL,2010-01-01,2099-12-31,FMA CC License,https://creativecommons.org/licenses/by/4.0/,2026-08-26T07:17:53.483314
6b007b7b-cc80-4ba4-86ad-7e28e29f304e,cca6923c-4899-4e05-b0da-e9ae122e627b,1d3678b8-fd83-4f14-9db5-b55270aae783,CC_BY,PROTECTED,True,True,True,True,False,GLOBAL,ALL,2010-01-01,2099-12-31,FMA CC License,https://creativecommons.org/licenses/by/4.0/,2026-08-26T07:17:53.483314
e19cf6f1-a78b-4f94-a52f-52926683ad04,55ad9dfd-ba82-4cac-9edc-a1c5bc414efd,5dec6e53-a664-4717-a71b-0d50a3c3d18f,CC_BY,PROTECTED,True,True,True,True,False,GLOBAL,ALL,2010-01-01,2099-12-31,FMA CC License,https://creativecommons.org/licenses/by/4.0/,2026-08-26T07:17:53.483314
1360d525-6e72-4355-bfbc-ab41de74b00b,0e7e00b5-624c-4b2d-9256-65fec6e1da85,fe03ea25-1bcf-48ce-a4cb-fffed7ee2677,CC_BY,PROTECTED,True,True,True,True,False,GLOBAL,ALL,2010-01-01,2099-12-31,FMA CC License,https://creativecommons.org/licenses/by/4.0/,2026-08-26T07:17:53.483314
6d072d85-1d08-4ce9-8022-7663a8be5bf7,49d8681f-0833-48c0-9e2f-6ff934f371f1,387103f0-24ed-456a-89d7-2448461e6fe3,CC_BY,PROTECTED,True,True,True,True,False,GLOBAL,ALL,2010-01-01,2099-12-31,FMA CC License,https://creativecommons.org/licenses/by/4.0/,2026-08-26T07:17:53.483314
03861981-21ff-4ee0-8427-d5a3d7bfd04f,980443ec-80f3-49c6-8628-f2836d26514e,94421335-c4af-4b44-8e6b-fcc10c61bf46,CC_BY,PROTECTED,True,True,True,True,False,GLOBAL,ALL,2010-01-01,2099-12-31,FMA CC License,https://creativecommons.org/licenses/by/4.0/,2026-08-26T07:17:53.483314
ff404989-2308-4e3f-b7a4-8502b403af61,75c969b5-3b0b-41eb-918c-2bb3d78bafcf,4383c7c3-a731-4f49-8d72-cab3577c197b,CC_BY,PROTECTED,True,True,True,True,False,GLOBAL,ALL,2010-01-01,2099-12-31,FMA CC License,https://creativecommons.org/licenses/by/4.0/,2026-08-26T07:17:53.483314
3db3acda-b7c5-4bf3-9086-894133b714bb,e3d198b7-8c65-40c0-863a-866e73558660,4dc2ee14-e16f-4b06-8e8a-e8b032c62ca5,CC_BY,PROTECTED,True,True,True,True,False,GLOBAL,ALL,2010-01-01,2099-12-31,FMA CC License,https://creativecommons.org/licenses/by/4.0/,2026-08-26T07:17:53.483314
a34ec2c9-c08e-4e9c-9e86-44ac934f8734,963a282c-1fe6-4784-af80-8f94342b427d,a831da50-7421-4880-9a52-6881f983941f,CC_BY,PROTECTED,True,True,True,True,False,GLOBAL,ALL,2010-01-01,2099-12-31,FMA CC License,https://creativecommons.org/licenses/by/4.0/,2026-08-26T07:17:53.483314
e9b3bfbf-bb16-4e48-99d0-0b58961f8ecf,97017b00-9b4a-4860-860f-9c7f56c4e78c,86960cfe-4348-45c1-bcbb-587cb77abec7,CC_BY,PROTECTED,True,True,True,True,False,GLOBAL,ALL,2010-01-01,2099-12-31,FMA CC License,https://creativecommons.org/licenses/by/4.0/,2026-08-26T07:17:53.483314
78a36139-82b4-4814-b435-e7913e1d13df,e14cfa12-2f55-4c78-81fb-0027a1755454,c0badeb8-db3c-4cfd-b935-3555f9cbd3fe,CC_BY,PROTECTED,True,True,True,True,False,GLOBAL,ALL,2010-01-01,2099-12-31,FMA CC License,https://creativecommons.org/licenses/by/4.0/,2026-08-26T07:17:53.483314
fa5b8af0-8208-4d53-9450-df8ed5ee0640,a86e3d7c-dd37-450d-bc72-b89490315bff,1908bb2e-f942-4651-b777-f67c2c3a895c,CC_BY,PROTECTED,True,True,True,True,False,GLOBAL,ALL,2010-01-01,2099-12-31,FMA CC License,https://creativecommons.org/licenses/by/4.0/,2026-08-26T07:17:53.483314
d706cdb8-a170-41b4-8202-476ffb37cbfb,b155ff09-fe0e-41a4-bcf5-8f5b634d480d,cd8709f7-3139-40a4-803e-695202718b3b,CC_BY,PROTECTED,True,True,True,True,False,GLOBAL,ALL,2010-01-01,2099-12-31,FMA CC License,https://creativecommons.org/licenses/by/4.0/,2026-08-26T07:17:53.483314
aef98559-35cb-47a6-af4d-f51746a05f7a,7342d498-c6ea-4bfe-8690-1d611e35a907,58d500a9-68c6-4af2-88d9-cfaacea5742b,CC_BY,PROTECTED,True,True,True,True,False,GLOBAL,ALL,2010-01-01,2099-12-31,FMA CC License,https://creativecommons.org/licenses/by/4.0/,2026-08-26T07:17:53.483314
336cd86f-a528-4566-818e-88d815fa10d5,6ac99396-2845-4f40-8277-18b1ff7e4718,2d104191-1ff4-4955-acca-898fa9118e6c,CC_BY,PROTECTED,True,True,True,True,False,GLOBAL,ALL,2010-01-01,2099-12-31,FMA CC License,https://creativecommons.org/licenses/by/4.0/,2026-08-26T07:17:53.483314
ac3606a6-bb18-40af-9ab3-0fafdf8d5e07,9d9d1d70-4a37-4c84-bfde-c4026eba1654,b32afb45-f884-45f7-9dd9-f2572bf1d6a6,CC_BY,PROTECTED,True,True,True,True,False,GLOBAL,ALL,2010-01-01,2099-12-31,FMA CC License,https://creativecommons.org/licenses/by/4.0/,2026-08-26T07:17:53.483314
726d1e14-ec59-43d1-a47b-89924f365737,0dce8953-6425-4228-b356-864a9b8ab9cf,78ff5d5d-e122-4dc7-ba13-ea3714f52d4d,CC_BY,PROTECTED,True,True,True,True,False,GLOBAL,ALL,2010-01-01,2099-12-31,FMA CC License,https://creativecommons.org/licenses/by/4.0/,2026-08-26T07:17:53.483314
873e5871-8c6f-4a0d-bd9b-51e6ca42b283,60f95335-1020-45c5-953a-6711247d0122,ea3d05bd-ec3b-4e68-a2f7-900c19b4627f,CC_BY,PROTECTED,True,True,True,True,False,GLOBAL,ALL,2010-01-01,2099-12-31,FMA CC License,https://creativecommons.org/licenses/by/4.0/,2026-08-26T07:17:53.483314
b34782f3-b686-44f1-b43a-0b58e0a33502,5450b2d1-668e-48e0-8974-3173f0434c85,148a50bf-229b-43d8-a8a5-1899dc2335a6,CC_BY,PROTECTED,True,True,True,True,False,GLOBAL,ALL,2010-01-01,2099-12-31,FMA CC License,https://creativecommons.org/licenses/by/4.0/,2026-08-26T07:17:53.483314
495b73da-c4a8-4a60-afec-9279693946b3,2b29a11e-5e29-4672-b580-61a80f2ed189,1546cde0-f93e-429a-9f98-ec9d8821df4b,CC_BY,PROTECTED,True,True,True,True,False,GLOBAL,ALL,2010-01-01,2099-12-31,FMA CC License,https://creativecommons.org/licenses/by/4.0/,2026-08-26T07:17:53.483314
b4198d07-8f7a-4ec9-ae10-6c3ea00b4f7a,98f3046d-1c96-4375-8ce6-c4e42bb5b6b7,3f934c36-b4fc-4f39-b818-02f6408fa6c5,CC_BY,PROTECTED,True,True,True,True,False,GLOBAL,ALL,2010-01-01,2099-12-31,FMA CC License,https://creativecommons.org/licenses/by/4.0/,2026-08-26T07:17:53.483314
03983484-82e4-482b-b14d-e733d48129ff,f117676d-d0b0-436e-a3e6-e0844120c36a,a3bd99c7-d521-4e63-9cab-55ebbe9dfeaf,CC_BY,PROTECTED,True,True,True,True,False,GLOBAL,ALL,2010-01-01,2099-12-31,FMA CC License,https://creativecommons.org/licenses/by/4.0/,2026-08-26T07:17:53.483314
51294a3d-05ed-4662-adec-f3379619390a,48ac2d35-8386-4935-9370-bf3342eb647b,74070d73-b332-45d7-9ac5-a5729d9e2a34,CC_BY,PROTECTED,True,True,True,True,False,GLOBAL,ALL,2010-01-01,2099-12-31,FMA CC License,https://creativecommons.org/licenses/by/4.0/,2026-08-26T07:17:53.483314
58eee88d-6237-4540-b7aa-8e5565f71c13,7c02f793-cbfc-48b1-956a-d7a23c2a7e1d,31944944-7a21-4dff-b5b3-fd850324a05f,CC_BY,PROTECTED,True,True,True,True,False,GLOBAL,ALL,2010-01-01,2099-12-31,FMA CC License,https://creativecommons.org/licenses/by/4.0/,2026-08-26T07:17:53.483314
caa1da77-ae08-412c-862a-d2ffcbabc801,0ea56235-4534-4801-adc4-c5498187f585,5c0e4a95-c45d-4fdc-a3c3-2d361d2ca49e,CC_BY,PROTECTED,True,True,True,True,False,GLOBAL,ALL,2010-01-01,2099-12-31,FMA CC License,https://creativecommons.org/licenses/by/4.0/,2026-08-26T07:17:53.483314
47be87ba-6f5f-4c2f-85bb-ec4ab8963f44,c590ee24-a1a1-4452-9976-9273953a424c,73f8807c-03ed-40d8-906b-7cd807a1e95a,CC_BY,PROTECTED,True,True,True,True,False,GLOBAL,ALL,2010-01-01,2099-12-31,FMA CC License,https://creativecommons.org/licenses/by/4.0/,2026-08-26T07:17:53.483314
1ed065df-9ccd-454d-a10a-aa23c18177cc,308e5d30-d372-4c2e-9f4c-9a16afe6dba7,d219ca93-31b5-4365-852e-f76cd171f3c0,CC_BY,PROTECTED,True,True,True,True,False,GLOBAL,ALL,2010-01-01,2099-12-31,FMA CC License,https://creativecommons.org/licenses/by/4.0/,2026-08-26T07:17:53.483314
b6379dae-619c-4710-b877-b26d21fa70b0,1519fcb0-2d03-4635-ba2a-7ae241fb725c,774a8f13-9e61-450d-b917-38c4acf86ebd,CC_BY,PROTECTED,True,True,True,True,False,GLOBAL,ALL,2010-01-01,2099-12-31,FMA CC License,https://creativecommons.org/licenses/by/4.0/,2026-08-26T07:17:53.483314
35f56ce7-6ed0-4ebc-a27d-53a447c0d93b,c3f676b0-a8bf-4244-9a03-9ea476ac097f,3ccace23-e9bf-44eb-96e9-3817e574cc1a,CC_BY,PROTECTED,True,True,True,True,False,GLOBAL,ALL,2010-01-01,2099-12-31,FMA CC License,https://creativecommons.org/licenses/by/4.0/,2026-08-26T07:17:53.483314
d17560ec-07f0-414d-97d8-e0cc668dc4fd,76f9c1b0-e52a-4880-932f-3e73a0b3ddfb,6ada6f42-f060-4f73-b4a5-407c9a03bd45,CC_BY,PROTECTED,True,True,True,True,False,GLOBAL,ALL,2010-01-01,2099-12-31,FMA CC License,https://creativecommons.org/licenses/by/4.0/,2026-08-26T07:17:53.483314
f6fa46b3-7fba-46f0-86b1-7e48ddfdf427,6d76925f-a40e-4059-8592-f97b29992d38,e2a35506-ca3c-4ba7-85ba-e664f26f0852,CC_BY,PROTECTED,True,True,True,True,False,GLOBAL,ALL,2010-01-01,2099-12-31,FMA CC License,https://creativecommons.org/licenses/by/4.0/,2026-08-26T07:17:53.483314
ea7ca834-2828-4e2e-9144-bc02953e9e34,c3af45f9-11d2-4937-862b-2ed53048b44f,4103c560-2935-48eb-b8d7-8336f8d23f63,CC_BY,PROTECTED,True,True,True,True,False,GLOBAL,ALL,2010-01-01,2099-12-31,FMA CC License,https://creativecommons.org/licenses/by/4.0/,2026-08-26T07:17:53.483314
a2c157fa-430e-4bef-aa05-a28ced7628d5,be9c7545-63ef-40d7-a95d-b27a59730e37,9d794e1b-8ed0-4ed5-842b-4365c8582e31,CC_BY,PROTECTED,True,True,True,True,False,GLOBAL,ALL,2010-01-01,2099-12-31,FMA CC License,https://creativecommons.org/licenses/by/4.0/,2026-08-26T07:17:53.483314
4f3d95ee-72cd-4deb-80e6-44c2de04a654,5db6cdc0-4f68-4afd-af46-cdb9d85b1e87,8792fb7e-b937-46a6-8ebe-8374bc657a9c,CC_BY,PROTECTED,True,True,True,True,False,GLOBAL,ALL,2010-01-01,2099-12-31,FMA CC License,https://creativecommons.org/licenses/by/4.0/,2026-08-26T07:17:53.483314
e7c4ef79-5fbe-4b5c-9dd3-aac0d91953de,36c336af-a167-415e-9314-f95766f2d957,4614ec09-9d12-4870-a846-b074c085bde9,CC_BY,PROTECTED,True,True,True,True,False,GLOBAL,ALL,2010-01-01,2099-12-31,FMA CC License,https://creativecommons.org/licenses/by/4.0/,2026-08-26T07:17:53.483314
aa27411c-514d-4a0d-81be-5dcedf8ff6c1,c0cd32c2-2dd3-4045-8321-3693c578fe63,5ebdc1f4-275d-464f-8edf-955c1b9bae3f,CC_BY,PROTECTED,True,True,True,True,False,GLOBAL,ALL,2010-01-01,2099-12-31,FMA CC License,https://creativecommons.org/licenses/by/4.0/,2026-08-26T07:17:53.483314
d2f02de9-ac42-4b10-94f8-56621b274a67,27e53f09-b604-4382-bc06-c5930c26717f,4ce7e460-f353-4d8e-a2fd-450c5e618725,CC_BY,PROTECTED,True,True,True,True,False,GLOBAL,ALL,2010-01-01,2099-12-31,FMA CC License,https://creativecommons.org/licenses/by/4.0/,2026-08-26T07:17:53.483314
c49d2d0b-2d78-48c9-adab-8bc13d7bc281,6634ea54-a558-4cec-8ff3-75b12636ea1e,c7e0fbd5-a011-406a-a7d5-94a8354e1936,CC_BY,PROTECTED,True,True,True,True,False,GLOBAL,ALL,2010-01-01,2099-12-31,FMA CC License,https://creativecommons.org/licenses/by/4.0/,2026-08-26T07:17:53.483314
5a0601a5-4c42-4502-be0f-7b4e6df219a4,b9f00ce3-b8b4-4f56-805e-0d1ae3e72342,87136e44-c0b2-42a2-a48b-7e19ea071324,CC_BY,PROTECTED,True,True,True,True,False,GLOBAL,ALL,2010-01-01,2099-12-31,FMA CC License,https://creativecommons.org/licenses/by/4.0/,2026-08-26T07:17:53.483314
b5298ed6-5e31-4e6b-8ffa-1d0397ba030a,96cc2852-7595-4948-9f78-198301f6e7aa,d0095525-9409-4190-a73b-52053b4d9af7,CC_BY,PROTECTED,True,True,True,True,False,GLOBAL,ALL,2010-01-01,2099-12-31,FMA CC License,https://creativecommons.org/licenses/by/4.0/,2026-08-26T07:17:53.483314
89f95d74-c31c-4516-97f7-f7e63b2dd694,3ac101f3-013b-4365-8596-f3c0f2aeee72,715d3b9d-7e9e-49ae-a1a5-60700b6aefeb,CC_BY,PROTECTED,True,True,True,True,False,GLOBAL,ALL,2010-01-01,2099-12-31,FMA CC License,https://creativecommons.org/licenses/by/4.0/,2026-08-26T07:17:53.483314
c5acef33-8b00-4d26-ac16-3bc9ae003acd,374a5706-4b85-434b-82c7-daf8f690912f,95761c84-c7d7-427a-bdd6-852665c7e92d,CC_BY,PROTECTED,True,True,True,True,False,GLOBAL,ALL,2010-01-01,2099-12-31,FMA CC License,https://creativecommons.org/licenses/by/4.0/,2026-08-26T07:17:53.483314
95ad5ec1-28c5-4cce-ae93-7e85c4eab5a9,00be638b-33c0-450e-bf47-1deb58c67791,9bdf0f3a-cec3-479c-8674-14a62b4f7761,CC_BY,PROTECTED,True,True,True,True,False,GLOBAL,ALL,2010-01-01,2099-12-31,FMA CC License,https://creativecommons.org/licenses/by/4.0/,2026-08-26T07:17:53.483314
9b02562c-64ee-4d42-84fd-02340b3051c3,4e7d31ff-50aa-44d4-b6b0-dd824c8be07a,7d31d564-b5f8-4d68-999c-9933f8dfe4e6,CC_BY,PROTECTED,True,True,True,True,False,GLOBAL,ALL,2010-01-01,2099-12-31,FMA CC License,https://creativecommons.org/licenses/by/4.0/,2026-08-26T07:17:53.483314
1cf7b3f2-5d20-47ee-9156-66bd39d96f1d,22540df6-c218-4136-a754-7c982e719413,69a61fd8-dee6-406a-b73a-9332b2e3ae40,CC_BY,PROTECTED,True,True,True,True,False,GLOBAL,ALL,2010-01-01,2099-12-31,FMA CC License,https://creativecommons.org/licenses/by/4.0/,2026-08-26T07:17:53.483314
50a36e14-11c1-4fd9-a7f9-c151fc3d77a0,5879b681-ad0f-4723-8285-c96beadd6f35,c73800a9-1fe2-4a6d-a879-2fac0e388a3b,CC_BY,PROTECTED,True,True,True,True,False,GLOBAL,ALL,2010-01-01,2099-12-31,FMA CC License,https://creativecommons.org/licenses/by/4.0/,2026-08-26T07:17:53.483314
53ef22a6-726e-465b-963c-a9b689c2ddde,88e60c1d-5371-4794-882a-5b9dc11025b4,1ed58696-2962-4ac9-a2bb-25673e36e0ce,CC_BY,PROTECTED,True,True,True,True,False,GLOBAL,ALL,2010-01-01,2099-12-31,FMA CC License,https://creativecommons.org/licenses/by/4.0/,2026-08-26T07:17:53.483314
9c44c38f-91c8-4330-91f2-9682d36ebec5,e203d10e-c53f-4cc0-9ff2-d22c28227f2f,6eb81a3c-01d1-42b6-b650-1bd7828345b7,CC_BY,PROTECTED,True,True,True,True,False,GLOBAL,ALL,2010-01-01,2099-12-31,FMA CC License,https://creativecommons.org/licenses/by/4.0/,2026-08-26T07:17:53.483314
e43d4094-5e81-497b-8cf2-6d0fe43408aa,7f7d96ab-338b-489f-83a1-fb9c52ebc196,8247f43e-6950-4f8f-894a-658260112529,CC_BY,PROTECTED,True,True,True,True,False,GLOBAL,ALL,2010-01-01,2099-12-31,FMA CC License,https://creativecommons.org/licenses/by/4.0/,2026-08-26T07:17:53.483314
c6a59d35-2277-4c68-a087-f80ce72596ad,5b297e46-4882-4b26-a465-ef31d6eb35f0,de2bb64c-7d4c-4e80-997a-859c4cb73738,CC_BY,PROTECTED,True,True,True,True,False,GLOBAL,ALL,2010-01-01,2099-12-31,FMA CC License,https://creativecommons.org/licenses/by/4.0/,2026-08-26T07:17:53.483314
92b88a50-1942-43d3-89d5-6d5aa5850503,12869633-59cb-4085-87b9-d6bfcfdadba1,58317d7b-ada3-46dc-ae73-f65156fa96d6,CC_BY,PROTECTED,True,True,True,True,False,GLOBAL,ALL,2010-01-01,2099-12-31,FMA CC License,https://creativecommons.org/licenses/by/4.0/,2026-08-26T07:17:53.483314
f0b794a6-07f1-4e95-b18e-2453062ae0f0,e8781784-9717-4ba5-991f-77a4de1f6b27,a265ec9a-9fb6-4e67-b680-ced2e39b7b96,CC_BY,PROTECTED,True,True,True,True,False,GLOBAL,ALL,2010-01-01,2099-12-31,FMA CC License,https://creativecommons.org/licenses/by/4.0/,2026-08-26T07:17:53.483314
ce340877-2e2e-4619-b705-a8b9ac950181,2b763d53-272d-427f-8ba9-6bde1fa4d204,6c8240f5-49f6-4714-88b1-e0a593132ca3,CC_BY,PROTECTED,True,True,True,True,False,GLOBAL,ALL,2010-01-01,2099-12-31,FMA CC License,https://creativecommons.org/licenses/by/4.0/,2026-08-26T07:17:53.483314
6c435832-6465-4e1c-95fe-87812d73db92,ee3364b5-86cb-4eb5-8a33-03168d9d436c,e4a317a0-66cf-4531-8e43-a48f4ee30c1d,CC_BY,PROTECTED,True,True,True,True,False,GLOBAL,ALL,2010-01-01,2099-12-31,FMA CC License,https://creativecommons.org/licenses/by/4.0/,2026-08-26T07:17:53.483314
33935b3b-d6ec-4b43-a8c3-df171e2699b9,183deddf-3c59-4d4b-afa7-4eb75d52ab85,c8445077-6d28-4aa6-bc5b-39cc6223df1b,CC_BY,PROTECTED,True,True,True,True,False,GLOBAL,ALL,2010-01-01,2099-12-31,FMA CC License,https://creativecommons.org/licenses/by/4.0/,2026-08-26T07:17:53.483314
bd1727cb-947a-4786-abaa-7cdddb46916a,753e5a87-c2db-4328-b3a4-9dc81f5ea363,1b5b0640-6075-40c6-8e0c-dc60f46cb960,CC_BY,PROTECTED,True,True,True,True,False,GLOBAL,ALL,2010-01-01,2099-12-31,FMA CC License,https://creativecommons.org/licenses/by/4.0/,2026-08-26T07:17:53.483314
4e2b7126-52f5-49f7-9bd4-6970471cbe7a,ffc834ed-6ea9-496b-8a37-6bda70e22325,bff07bda-5395-4435-a8ca-77a11e39e131,CC_BY,PROTECTED,True,True,True,True,False,GLOBAL,ALL,2010-01-01,2099-12-31,FMA CC License,https://creativecommons.org/licenses/by/4.0/,2026-08-26T07:17:53.483314
4f16e854-1059-4bfa-92c1-57bd58a0b060,2225e392-bd95-49cf-8311-94a8f54d4121,cbe79c0d-8761-4762-b778-c188bb811f24,CC_BY,PROTECTED,True,True,True,True,False,GLOBAL,ALL,2010-01-01,2099-12-31,FMA CC License,https://creativecommons.org/licenses/by/4.0/,2026-08-26T07:17:53.483314
314929a9-d27b-4d04-a367-9cc274d6f51a,06bd70d3-a7e4-4b3f-96b5-91f3cc71ebcc,cc4386ab-eea3-4217-9413-f991add6e6d1,CC_BY,PROTECTED,True,True,True,True,False,GLOBAL,ALL,2010-01-01,2099-12-31,FMA CC License,https://creativecommons.org/licenses/by/4.0/,2026-08-26T07:17:53.483314
d8928f7c-3786-4f2c-a187-256ac321a81a,858e74fb-468a-4cf2-a68c-0210ca5a9e04,608762c0-faa6-4365-872f-8c30548ffb67,CC_BY,PROTECTED,True,True,True,True,False,GLOBAL,ALL,2010-01-01,2099-12-31,FMA CC License,https://creativecommons.org/licenses/by/4.0/,2026-08-26T07:17:53.483314
f9b8538b-cc80-4a23-b4ea-b6f52f898e0e,9b45b7ee-4b2d-4757-b4e8-79687b2cadb7,0643a54b-f331-46d7-b1d0-201d7a33b472,CC_BY,PROTECTED,True,True,True,True,False,GLOBAL,ALL,2010-01-01,2099-12-31,FMA CC License,https://creativecommons.org/licenses/by/4.0/,2026-08-26T07:17:53.483314
fe5d40fd-4454-44d0-b601-931a284dd59a,72c81a39-5f1a-4970-91e1-5fb5a41e3dc1,c5fcd8ba-f879-4953-95f6-99f5482f0ac7,CC_BY,PROTECTED,True,True,True,True,False,GLOBAL,ALL,2010-01-01,2099-12-31,FMA CC License,https://creativecommons.org/licenses/by/4.0/,2026-08-26T07:17:53.483314
b4ab10b9-1bd4-464a-8070-56854fc8db0e,07970769-c5fb-4d79-a306-9fef8ce88fd6,d61dd666-1455-4940-95ef-1392eaf92af9,CC_BY,PROTECTED,True,True,True,True,False,GLOBAL,ALL,2010-01-01,2099-12-31,FMA CC License,https://creativecommons.org/licenses/by/4.0/,2026-08-26T07:17:53.483314
af332f45-0f46-4c3d-b3d4-e219b78bc699,21a5af4a-60a1-40a1-914b-d78e5cca9e0f,5d3fd486-f23a-44a8-8bcc-a73147e7c3ec,CC_BY,PROTECTED,True,True,True,True,False,GLOBAL,ALL,2010-01-01,2099-12-31,FMA CC License,https://creativecommons.org/licenses/by/4.0/,2026-08-26T07:17:53.483314
6ca212d7-653e-45ca-9086-d966565512ec,498f9965-aaa7-446e-818d-7b078dff9a40,8e3231d6-8da6-4723-9f97-3bbc31cf4e6a,CC_BY,PROTECTED,True,True,True,True,False,GLOBAL,ALL,2010-01-01,2099-12-31,FMA CC License,https://creativecommons.org/licenses/by/4.0/,2026-08-26T07:17:53.483314
1eb663f3-483b-475d-a866-8c7d60ba2ea0,5f261801-61e7-41df-bc9d-18352cb7f300,bf30f71a-e592-43ba-b0b3-79604890eca2,CC_BY,PROTECTED,True,True,True,True,False,GLOBAL,ALL,2010-01-01,2099-12-31,FMA CC License,https://creativecommons.org/licenses/by/4.0/,2026-08-26T07:17:53.483314
4b40d7d5-88cc-48cc-87df-93d61a8d1912,7baf3d7a-fe20-4575-807a-2bb50900d57c,c5c38798-ffc8-4d78-9d42-ec92fe5c2431,CC_BY,PROTECTED,True,True,True,True,False,GLOBAL,ALL,2010-01-01,2099-12-31,FMA CC License,https://creativecommons.org/licenses/by/4.0/,2026-08-26T07:17:53.483314
de1d01da-cae2-4b5e-be60-ec11742936e7,21171ab0-e0a7-4457-b63b-3acbcbddd67a,416dc889-1928-4240-83c1-c4ddaa4fe142,CC_BY,PROTECTED,True,True,True,True,False,GLOBAL,ALL,2010-01-01,2099-12-31,FMA CC License,https://creativecommons.org/licenses/by/4.0/,2026-08-26T07:17:53.483314
8553b54f-4480-40d6-92b0-8b5e4cce813d,3e6465e4-d7fc-49e9-8991-9b1faefcaa06,e92293eb-6063-440c-80ca-a205037d41bf,CC_BY,PROTECTED,True,True,True,True,False,GLOBAL,ALL,2010-01-01,2099-12-31,FMA CC License,https://creativecommons.org/licenses/by/4.0/,2026-08-26T07:17:53.483314
d5789346-1e1e-4f71-8c75-a0784b4407f6,2fcf7162-9239-4c22-9c56-bd120f5bb083,75778258-f341-49ba-ac0e-af48da5e9646,CC_BY,PROTECTED,True,True,True,True,False,GLOBAL,ALL,2010-01-01,2099-12-31,FMA CC License,https://creativecommons.org/licenses/by/4.0/,2026-08-26T07:17:53.483314
518e8c4d-3c39-4b81-8885-5794bd04e73b,1739e445-19af-49a8-bed2-3ae4c6f72644,20f6ae29-9eed-47b1-b88a-4e5428ec5d6a,CC_BY,PROTECTED,True,True,True,True,False,GLOBAL,ALL,2010-01-01,2099-12-31,FMA CC License,https://creativecommons.org/licenses/by/4.0/,2026-08-26T07:17:53.483314
0fbefafe-882d-49a7-94e6-e7f5cc9aeca8,23df18c3-c662-4812-865e-2e80ec7c4ddb,de94fd0b-d8d1-4549-9401-7220e4212812,CC_BY,PROTECTED,True,True,True,True,False,GLOBAL,ALL,2010-01-01,2099-12-31,FMA CC License,https://creativecommons.org/licenses/by/4.0/,2026-08-26T07:17:53.483314
e5de7074-cdbe-44f5-852b-f95831ecf0c0,2f75d197-5f57-4242-90fa-0b1735b3dcb0,63dbc7ef-12a4-4c5d-a06d-cbb082eff4c5,CC_BY,PROTECTED,True,True,True,True,False,GLOBAL,ALL,2010-01-01,2099-12-31,FMA CC License,https://creativecommons.org/licenses/by/4.0/,2026-08-26T07:17:53.483314
52d56ae5-65d3-43b9-b116-c1b66397e398,a54c08b9-5f3d-4faa-9e35-ba2e9c41f890,4d6f419f-b518-4b54-933e-fc1298012390,CC_BY,PROTECTED,True,True,True,True,False,GLOBAL,ALL,2010-01-01,2099-12-31,FMA CC License,https://creativecommons.org/licenses/by/4.0/,2026-08-26T07:17:53.483314
fd2e42c8-e5dc-4f4d-a79c-ca830a2a5c36,e515591e-3afe-4eee-b2ef-becf44a600e5,d135b0f5-d8d8-40f0-8d12-30ef88d76945,CC_BY,PROTECTED,True,True,True,True,False,GLOBAL,ALL,2010-01-01,2099-12-31,FMA CC License,https://creativecommons.org/licenses/by/4.0/,2026-08-26T07:17:53.483314
18ba760c-45f0-4cf2-b8ee-4e90993ca261,9b261cb0-6480-48b0-9121-3f95236b4229,19ae6ac2-baa1-4334-83bc-7ba999db424b,CC_BY,PROTECTED,True,True,True,True,False,GLOBAL,ALL,2010-01-01,2099-12-31,FMA CC License,https://creativecommons.org/licenses/by/4.0/,2026-08-26T07:17:53.483314
9c1e7dc1-741f-4d16-9c5d-6f7cc9333e91,6d716dd2-6384-4788-bd55-20bb7c71e68c,e9166b1e-179a-42d6-8d74-7bfc2121468c,CC_BY,PROTECTED,True,True,True,True,False,GLOBAL,ALL,2010-01-01,2099-12-31,FMA CC License,https://creativecommons.org/licenses/by/4.0/,2026-08-26T07:17:53.483314
7430858f-cf93-43b8-bf46-8b0da7418e76,dc5ce031-d2af-4c71-a36c-c3d1c5aafa97,2ad5ed9e-f779-4b19-a63e-6104a781ee56,CC_BY,PROTECTED,True,True,True,True,False,GLOBAL,ALL,2010-01-01,2099-12-31,FMA CC License,https://creativecommons.org/licenses/by/4.0/,2026-08-26T07:17:53.483314
8c58c1cd-9e88-477b-9fb1-abe590927487,f4f5fac8-8014-4338-9986-f9cb2d8059f8,5e27e054-1c67-4b39-8b3b-de1daa336eff,CC_BY,PROTECTED,True,True,True,True,False,GLOBAL,ALL,2010-01-01,2099-12-31,FMA CC License,https://creativecommons.org/licenses/by/4.0/,2026-08-26T07:17:53.483314
7c8f464d-6941-4b80-b14f-c52077097f07,69bbb89c-4e47-4b5f-8478-fd5834b71dd2,72802027-25b6-45b9-80eb-8435279f0a43,CC_BY,PROTECTED,True,True,True,True,False,GLOBAL,ALL,2010-01-01,2099-12-31,FMA CC License,https://creativecommons.org/licenses/by/4.0/,2026-08-26T07:17:53.483314
33fad70e-126d-4fb7-bd2e-1347764f081d,e05837ac-68b7-4609-8836-ec45ce613b0f,99748368-afc1-47f7-915e-430913ec1fa1,CC_BY,PROTECTED,True,True,True,True,False,GLOBAL,ALL,2010-01-01,2099-12-31,FMA CC License,https://creativecommons.org/licenses/by/4.0/,2026-08-26T07:17:53.483314
8ae43602-e90c-4899-ba76-68d21556c7ab,e51bf0d0-c347-49e8-ae26-45e6cfe25aee,fd128137-6f0f-4718-a4e7-4d75e94fd127,CC_BY,PROTECTED,True,True,True,True,False,GLOBAL,ALL,2010-01-01,2099-12-31,FMA CC License,https://creativecommons.org/licenses/by/4.0/,2026-08-26T07:17:53.483314
40725cc4-f895-4f13-a89a-0df4795b59ca,d34ae322-185b-4c3c-81c8-388a26307501,483e995f-91e4-4363-b902-4867e89db16d,CC_BY,PROTECTED,True,True,True,True,False,GLOBAL,ALL,2010-01-01,2099-12-31,FMA CC License,https://creativecommons.org/licenses/by/4.0/,2026-08-26T07:17:53.483314
15ec6216-9e02-467b-b2fb-f6064f4f095c,1f68b8d3-f616-497e-8f54-03efb0a2b6ee,5ae78508-d930-44ee-a7ee-2f5d3276d9fa,CC_BY,PROTECTED,True,True,True,True,False,GLOBAL,ALL,2010-01-01,2099-12-31,FMA CC License,https://creativecommons.org/licenses/by/4.0/,2026-08-26T07:17:53.483314
dc852967-4886-48ff-9f99-b863b9f302a5,8a41d382-77d4-4f35-89f4-da9d4849ffe7,5eb2dc1b-3933-420b-8bfe-23ab9b16948b,CC_BY,PROTECTED,True,True,True,True,False,GLOBAL,ALL,2010-01-01,2099-12-31,FMA CC License,https://creativecommons.org/licenses/by/4.0/,2026-08-26T07:17:53.483314
71b4c277-0cd9-4d93-a653-46febd3f0744,0cf67cde-a3d5-44ad-b51d-12e2744add8c,1d95c177-71b0-4ba1-86f9-ae930ee86ffe,CC_BY,PROTECTED,True,True,True,True,False,GLOBAL,ALL,2010-01-01,2099-12-31,FMA CC License,https://creativecommons.org/licenses/by/4.0/,2026-08-26T07:17:53.483314
7ef88835-3262-4afd-8d30-b53c110db7fd,23a5cd3e-2e31-4ef1-8d00-53675bc9aea7,43f5b0bd-53ab-4a42-9003-eec9fa54a40c,CC_BY,PROTECTED,True,True,True,True,False,GLOBAL,ALL,2010-01-01,2099-12-31,FMA CC License,https://creativecommons.org/licenses/by/4.0/,2026-08-26T07:17:53.483314
cbebd031-2424-424c-8e0b-57fbaa4ab497,a454ed01-8cff-41c6-bb06-b9821862a505,54aae72f-5c4c-4ff1-bca0-1b47f71fd534,CC_BY,PROTECTED,True,True,True,True,False,GLOBAL,ALL,2010-01-01,2099-12-31,FMA CC License,https://creativecommons.org/licenses/by/4.0/,2026-08-26T07:17:53.483314
02651be3-2046-4fc2-80a1-4903797d6750,48d7ba62-e122-4317-87b5-899f9e1fbcb9,9be33a69-d006-4097-ad03-94f5205ea750,CC_BY,PROTECTED,True,True,True,True,False,GLOBAL,ALL,2010-01-01,2099-12-31,FMA CC License,https://creativecommons.org/licenses/by/4.0/,2026-08-26T07:17:53.483314
7cdb40d9-4554-4ad3-abb3-04b15d1d87ed,f4a11d79-7a43-41f6-9381-c29c6a7a6c4b,99230688-ccd6-4908-b761-5799e87b3c59,CC_BY,PROTECTED,True,True,True,True,False,GLOBAL,ALL,2010-01-01,2099-12-31,FMA CC License,https://creativecommons.org/licenses/by/4.0/,2026-08-26T07:17:53.483314
c20222a4-3223-42cf-8ca5-c254764b9444,1e5f84bc-a71c-46fa-ba7d-1a4d7e17ce6f,840b321a-e58a-45c6-a8e0-70b10b882f4c,CC_BY,PROTECTED,True,True,True,True,False,GLOBAL,ALL,2010-01-01,2099-12-31,FMA CC License,https://creativecommons.org/licenses/by/4.0/,2026-08-26T07:17:53.483314
13919839-d4bd-43ad-9a70-8580a9c9d1af,2087c712-e825-4a36-84f1-0975abf1f87a,88f38151-9ba8-44c8-9ba0-89a21ac1ed8c,CC_BY,PROTECTED,True,True,True,True,False,GLOBAL,ALL,2010-01-01,2099-12-31,FMA CC License,https://creativecommons.org/licenses/by/4.0/,2026-08-26T07:17:53.483314
a88e6ff8-1d63-4224-8f79-3fb7041d9164,abfbfdd6-bd86-4979-95fa-e10a30bffec4,b81c9710-fe1d-4578-8dbc-25a28422ffd0,CC_BY,PROTECTED,True,True,True,True,False,GLOBAL,ALL,2010-01-01,2099-12-31,FMA CC License,https://creativecommons.org/licenses/by/4.0/,2026-08-26T07:17:53.483314
44510fcf-a76c-4e95-81ab-84c5986b38f3,263d3295-1c1c-411d-89ad-237331261a06,c03fc9f4-5239-4f65-bca4-27b8bac31439,CC_BY,PROTECTED,True,True,True,True,False,GLOBAL,ALL,2010-01-01,2099-12-31,FMA CC License,https://creativecommons.org/licenses/by/4.0/,2026-08-26T07:17:53.483314
40b05b11-2704-4dde-af66-5b21cb1d7a90,98ea31a2-b467-4c05-abdf-b509a82ea456,a5dd2afd-6527-400c-8c08-fd092f70dc12,CC_BY,PROTECTED,True,True,True,True,False,GLOBAL,ALL,2010-01-01,2099-12-31,FMA CC License,https://creativecommons.org/licenses/by/4.0/,2026-08-26T07:17:53.483314
c41aa5bb-0145-4e68-8513-60a4a134ddba,4abd7b67-76c1-4a6b-a02e-9c0f006778a7,c3f15f5f-9c95-4fc1-82c5-98fa4d98d57e,CC_BY,PROTECTED,True,True,True,True,False,GLOBAL,ALL,2010-01-01,2099-12-31,FMA CC License,https://creativecommons.org/licenses/by/4.0/,2026-08-26T07:17:53.483314
9d340f87-5fd1-43ba-966f-104c69e2106d,b0736253-96ee-4040-a654-8a7c15757839,31af5867-b395-4845-a29f-17c87b3d1d52,CC_BY,PROTECTED,True,True,True,True,False,GLOBAL,ALL,2010-01-01,2099-12-31,FMA CC License,https://creativecommons.org/licenses/by/4.0/,2026-08-26T07:17:53.483314
90283b91-c72c-40e2-959f-2922a15f54f9,4d4a7591-f6d9-476f-80d2-52bff618a803,d976aee7-efe5-45e4-aa1a-fa6da099d598,CC_BY,PROTECTED,True,True,True,True,False,GLOBAL,ALL,2010-01-01,2099-12-31,FMA CC License,https://creativecommons.org/licenses/by/4.0/,2026-08-26T07:17:53.483314
2f4ec5d8-4e13-4f5e-a473-0e2a85664717,478ccb16-0ad8-41df-b9ed-e6ee6bd75bbe,9f0dce1c-80fd-4392-9b8b-e3b597f135c2,CC_BY,PROTECTED,True,True,True,True,False,GLOBAL,ALL,2010-01-01,2099-12-31,FMA CC License,https://creativecommons.org/licenses/by/4.0/,2026-08-26T07:17:53.483314
e1b0a7c4-c501-4204-a570-7e61494be1e8,e60bdac2-0605-4b6d-b988-3cf327364ff8,a5ac43b4-7ade-4550-8bcf-563a2d4d60eb,CC_BY,PROTECTED,True,True,True,True,False,GLOBAL,ALL,2010-01-01,2099-12-31,FMA CC License,https://creativecommons.org/licenses/by/4.0/,2026-08-26T07:17:53.483314
a35bdd47-2932-4764-946c-ccaaaefe1ddb,b11bc0ad-6a87-4899-9067-3428bb5203bf,26406219-6157-406c-b282-9294d4778dd1,CC_BY,PROTECTED,True,True,True,True,False,GLOBAL,ALL,2010-01-01,2099-12-31,FMA CC License,https://creativecommons.org/licenses/by/4.0/,2026-08-26T07:17:53.483314
d9bcc711-82f0-4a35-b227-9c3bd62527a0,b24dd0d4-5cae-4b17-8918-33d9ac84e071,a371d7a0-0f41-4f0f-9430-2ea067f24dbb,CC_BY,PROTECTED,True,True,True,True,False,GLOBAL,ALL,2010-01-01,2099-12-31,FMA CC License,https://creativecommons.org/licenses/by/4.0/,2026-08-26T07:17:53.483314
e0254507-ec24-4788-9c87-2577918085a3,9e494b68-dd09-44f6-bf72-b6b837ade863,ecc86f43-8cee-4264-b7b1-8a48ca5fe63a,CC_BY,PROTECTED,True,True,True,True,False,GLOBAL,ALL,2010-01-01,2099-12-31,FMA CC License,https://creativecommons.org/licenses/by/4.0/,2026-08-26T07:17:53.483314
3a06fef7-1c24-4b14-87cd-4efa10e84da0,68aa97ac-3650-4c12-8dfb-6ecdb83f3202,bdb16a3d-b776-42ae-a29c-e6ab6fc881d7,CC_BY,PROTECTED,True,True,True,True,False,GLOBAL,ALL,2010-01-01,2099-12-31,FMA CC License,https://creativecommons.org/licenses/by/4.0/,2026-08-26T07:17:53.483314
94867adf-676b-46ac-a75f-bf3176b5789f,22dba4e6-ee66-413f-b48e-0f91016ed493,c0021a8a-d35c-41ed-bf7d-17766d7b5730,CC_BY,PROTECTED,True,True,True,True,False,GLOBAL,ALL,2010-01-01,2099-12-31,FMA CC License,https://creativecommons.org/licenses/by/4.0/,2026-08-26T07:17:53.483314
f317fafc-bbd6-41c3-94d5-5a494e7bd684,9fef4c43-fefe-4f3d-b550-3a6bf5c5e580,aebdccb6-8b9f-4c19-bf9b-963eb7e58b7c,CC_BY,PROTECTED,True,True,True,True,False,GLOBAL,ALL,2010-01-01,2099-12-31,FMA CC License,https://creativecommons.org/licenses/by/4.0/,2026-08-26T07:17:53.483314
afc0671a-fb0d-4de8-ade9-288544bd904e,b87ce513-75f2-4048-91a7-0136bc07640b,f1235919-d314-4074-ba86-ddb8d23d12e2,CC_BY,PROTECTED,True,True,True,True,False,GLOBAL,ALL,2010-01-01,2099-12-31,FMA CC License,https://creativecommons.org/licenses/by/4.0/,2026-08-26T07:17:53.483314
81d6eb49-728d-4774-80e4-f2a0a067b8e0,28e641ac-4b21-4d80-adc2-424905c3331d,7433e201-ac99-4a55-95b4-15f90e0fe9ab,CC_BY,PROTECTED,True,True,True,True,False,GLOBAL,ALL,2010-01-01,2099-12-31,FMA CC License,https://creativecommons.org/licenses/by/4.0/,2026-08-26T07:17:53.483314
76214ce4-2731-43a8-bb1d-91e2a116d40d,e9fed2f7-215d-47e6-9e0b-3f625fda9214,49e6201b-dbda-4954-9ad1-219faecd24a3,CC_BY,PROTECTED,True,True,True,True,False,GLOBAL,ALL,2010-01-01,2099-12-31,FMA CC License,https://creativecommons.org/licenses/by/4.0/,2026-08-26T07:17:53.483314
3a10feec-856d-4dab-b48e-11c49c34320c,cbd551c7-190f-4107-b48c-2ce2d74814a2,5eb777cd-ac17-461e-8ed8-8a9e37bee018,CC_BY,PROTECTED,True,True,True,True,False,GLOBAL,ALL,2010-01-01,2099-12-31,FMA CC License,https://creativecommons.org/licenses/by/4.0/,2026-08-26T07:17:53.483314
e750018e-9f03-4fcd-84b9-dfd96bee5fd4,da481daf-9bd9-419e-b68b-965bc2986b9f,247ff156-fc85-4eee-bf60-1b1cf00e3aa8,CC_BY,PROTECTED,True,True,True,True,False,GLOBAL,ALL,2010-01-01,2099-12-31,FMA CC License,https://creativecommons.org/licenses/by/4.0/,2026-08-26T07:17:53.483314
ce083a74-b375-402c-9835-031c253718e7,4b38cd51-94f8-472d-a96d-1eaf0d08e68b,4bbb9792-5680-4650-91e3-ef2683d51fd6,CC_BY,PROTECTED,True,True,True,True,False,GLOBAL,ALL,2010-01-01,2099-12-31,FMA CC License,https://creativecommons.org/licenses/by/4.0/,2026-08-26T07:17:53.483314
a151c560-c8e3-41a1-8a97-ec3737c40369,73e55eef-d021-4291-8213-3ea474983ffa,603cd6cc-c95f-468c-bf1b-698b559d4c56,CC_BY,PROTECTED,True,True,True,True,False,GLOBAL,ALL,2010-01-01,2099-12-31,FMA CC License,https://creativecommons.org/licenses/by/4.0/,2026-08-26T07:17:53.483314
798a763a-ee76-4c27-b2ee-8926328524ef,4e1073e2-9c88-4434-a8ba-6dcae44d57dd,76d60b15-d22e-49ad-9e12-de4ef2d1ebb3,CC_BY,PROTECTED,True,True,True,True,False,GLOBAL,ALL,2010-01-01,2099-12-31,FMA CC License,https://creativecommons.org/licenses/by/4.0/,2026-08-26T07:17:53.483314
b03f584f-d093-49ef-8e28-8838b3c8b55c,90947df6-c36a-4f95-b24d-10e046311ebc,633e9ddf-0149-4520-ae4d-6b552bd2309c,CC_BY,PROTECTED,True,True,True,True,False,GLOBAL,ALL,2010-01-01,2099-12-31,FMA CC License,https://creativecommons.org/licenses/by/4.0/,2026-08-26T07:17:53.483314
930eb605-5b6a-4ff7-9071-70a2f1068f53,6a93a9ec-b8c0-4496-957e-969522beaf95,621a4d48-7d3a-431e-b1a2-5ca837301c04,CC_BY,PROTECTED,True,True,True,True,False,GLOBAL,ALL,2010-01-01,2099-12-31,FMA CC License,https://creativecommons.org/licenses/by/4.0/,2026-08-26T07:17:53.483314
e9333424-0e6b-4de1-9279-a4816cd719c4,566844c8-cc7f-402f-a0a6-73138fbc1f15,cf4059b4-1ee4-4575-a0d1-bd88f790cd94,CC_BY,PROTECTED,True,True,True,True,False,GLOBAL,ALL,2010-01-01,2099-12-31,FMA CC License,https://creativecommons.org/licenses/by/4.0/,2026-08-26T07:17:53.483314
98805d07-1b6b-4889-9434-1ff9e41536fa,b10691cf-7a7d-4bf3-b7e1-aa8c1ac15118,1c85b6d2-1ffc-4f28-a521-29fa061daae1,CC_BY,PROTECTED,True,True,True,True,False,GLOBAL,ALL,2010-01-01,2099-12-31,FMA CC License,https://creativecommons.org/licenses/by/4.0/,2026-08-26T07:17:53.483314
56c688e9-7ba6-4792-ad54-0d2c3d920982,2efa72de-6ab0-40f7-b651-7ec12730d175,a9564581-baef-4dbc-9bd1-c77b4294ea33,CC_BY,PROTECTED,True,True,True,True,False,GLOBAL,ALL,2010-01-01,2099-12-31,FMA CC License,https://creativecommons.org/licenses/by/4.0/,2026-08-26T07:17:53.483314
1357087a-54f5-4cb4-a173-46ca32806b33,1ecd5e69-e8c7-4f53-af17-ec3d0f9261c3,5e288457-0eaf-4077-8ee6-dfe7de0d4975,CC_BY,PROTECTED,True,True,True,True,False,GLOBAL,ALL,2010-01-01,2099-12-31,FMA CC License,https://creativecommons.org/licenses/by/4.0/,2026-08-26T07:17:53.483314
4de851ae-a157-430e-94ef-8a5a35a6df9e,6712b28e-fce5-4a03-8a48-3a1ce88023ef,680a7fd8-0c59-4658-913d-e5a6539c8b44,CC_BY,PROTECTED,True,True,True,True,False,GLOBAL,ALL,2010-01-01,2099-12-31,FMA CC License,https://creativecommons.org/licenses/by/4.0/,2026-08-26T07:17:53.483314
8d621637-fc0b-482c-b6f2-3e040c1ed337,0e4f0b9d-3c97-4bc5-b5c3-67b86f043d39,1c304da8-d4b6-482a-ab53-3b2659a77033,CC_BY,PROTECTED,True,True,True,True,False,GLOBAL,ALL,2010-01-01,2099-12-31,FMA CC License,https://creativecommons.org/licenses/by/4.0/,2026-08-26T07:17:53.483314
49c9cad5-a2d9-4160-9f25-329a8e32fbce,5e998e0d-40df-4553-abf5-5af1ec1e2f4d,343102e1-d49a-4b96-9ede-bf1ad25a6279,CC_BY,PROTECTED,True,True,True,True,False,GLOBAL,ALL,2010-01-01,2099-12-31,FMA CC License,https://creativecommons.org/licenses/by/4.0/,2026-08-26T07:17:53.483314
6dfa6aee-a911-44da-9a21-265940745411,8f75726b-7cc4-4b92-b8e0-e555d86b6eb5,b40a62c9-0882-4944-adf4-b809753ac7bd,CC_BY,PROTECTED,True,True,True,True,False,GLOBAL,ALL,2010-01-01,2099-12-31,FMA CC License,https://creativecommons.org/licenses/by/4.0/,2026-08-26T07:17:53.483314
7ed09ed7-71b9-4d82-a0ec-2cea3a90c8c0,b4895a48-80a3-4950-aa87-15ecb609bca7,45c05592-50e1-430e-927d-e289bf65fa25,CC_BY,PROTECTED,True,True,True,True,False,GLOBAL,ALL,2010-01-01,2099-12-31,FMA CC License,https://creativecommons.org/licenses/by/4.0/,2026-08-26T07:17:53.483314
1156da42-6198-4834-bb21-1556f8a8ce53,d1c316a1-b453-4c0c-b657-8fe3aeeda20e,6e306766-45bf-4f2f-9733-0fb12ea50aca,CC_BY,PROTECTED,True,True,True,True,False,GLOBAL,ALL,2010-01-01,2099-12-31,FMA CC License,https://creativecommons.org/licenses/by/4.0/,2026-08-26T07:17:53.483314
6e1ec603-2d37-4e69-b044-073a28bdd2d8,95f100d6-2fb2-42d9-ad6d-d2e5f5e863ab,e7eb0057-7f4f-46b0-b795-895436aa8151,CC_BY,PROTECTED,True,True,True,True,False,GLOBAL,ALL,2010-01-01,2099-12-31,FMA CC License,https://creativecommons.org/licenses/by/4.0/,2026-08-26T07:17:53.483314
e8438a1e-b04d-4875-9aeb-d326975119f6,2d1a2e6b-f929-4f14-ab37-c9f63e019367,7164ab4c-f246-487d-bac2-787877a448a2,CC_BY,PROTECTED,True,True,True,True,False,GLOBAL,ALL,2010-01-01,2099-12-31,FMA CC License,https://creativecommons.org/licenses/by/4.0/,2026-08-26T07:17:53.483314
f0734146-cb7f-40e3-b1ab-c84d53c6d938,c9155601-8a6a-4acf-90d1-95bbf791e780,1c405c02-233a-40c6-8e4a-9b5cae4b756e,CC_BY,PROTECTED,True,True,True,True,False,GLOBAL,ALL,2010-01-01,2099-12-31,FMA CC License,https://creativecommons.org/licenses/by/4.0/,2026-08-26T07:17:53.483314
0c882392-0585-471b-acca-20508ccaf3b6,83f6b1d4-6ec0-46d8-b496-2d277039d92e,26a0d769-2cf5-4237-954b-76c6d4b46443,CC_BY,PROTECTED,True,True,True,True,False,GLOBAL,ALL,2010-01-01,2099-12-31,FMA CC License,https://creativecommons.org/licenses/by/4.0/,2026-08-26T07:17:53.483314
cb22f5ff-7007-42f5-9813-08c1772decc4,ae77128f-4dd5-4eb8-9ca9-5c7412764c56,719b6023-f56a-49ab-8911-93a684d9f9a7,CC_BY,PROTECTED,True,True,True,True,False,GLOBAL,ALL,2010-01-01,2099-12-31,FMA CC License,https://creativecommons.org/licenses/by/4.0/,2026-08-26T07:17:53.483314
02b817c3-8707-4afe-8682-0dd79d4306b0,605b4b39-01fc-4988-b48b-f5c7ab04099a,72da01cc-e630-42ff-beb0-ac961daa7b47,CC_BY,PROTECTED,True,True,True,True,False,GLOBAL,ALL,2010-01-01,2099-12-31,FMA CC License,https://creativecommons.org/licenses/by/4.0/,2026-08-26T07:17:53.483314
a6c352bf-d2e3-4b2f-a9ca-a66d85f566f6,087d01f3-6a03-4ac9-9677-07c2d44933d5,ba9299de-e6ba-4f57-9502-fe6bd9c753cf,CC_BY,PROTECTED,True,True,True,True,False,GLOBAL,ALL,2010-01-01,2099-12-31,FMA CC License,https://creativecommons.org/licenses/by/4.0/,2026-08-26T07:17:53.483314
83ee65f4-b436-4515-a590-793082aec07f,750fe3c4-cab1-44de-b557-b5b66b80ee62,621cbd09-cbe9-475c-abe2-9602f4f939ee,CC_BY,PROTECTED,True,True,True,True,False,GLOBAL,ALL,2010-01-01,2099-12-31,FMA CC License,https://creativecommons.org/licenses/by/4.0/,2026-08-26T07:17:53.483314
22936a10-b5c7-4886-b1f7-cf5ffb9e4fd9,b241237c-e833-4869-90d6-5f4160c62351,e2ebae5e-c81b-401e-9e18-2ce8117fa3d8,CC_BY,PROTECTED,True,True,True,True,False,GLOBAL,ALL,2010-01-01,2099-12-31,FMA CC License,https://creativecommons.org/licenses/by/4.0/,2026-08-26T07:17:53.483314
990080ef-bdc0-42d5-89ca-434f7159693a,c79d19c6-881a-4d4a-b93e-5cd54f6a7663,8adc4674-750c-4094-a3db-1da9b4ec06b2,CC_BY,PROTECTED,True,True,True,True,False,GLOBAL,ALL,2010-01-01,2099-12-31,FMA CC License,https://creativecommons.org/licenses/by/4.0/,2026-08-26T07:17:53.483314
b7c0f8c4-9271-49bc-ab13-302eec85d42d,f6446aa2-6133-4901-a7bd-86793d2e4430,01ede7bb-b499-4f69-b479-2a5379ed4085,CC_BY,PROTECTED,True,True,True,True,False,GLOBAL,ALL,2010-01-01,2099-12-31,FMA CC License,https://creativecommons.org/licenses/by/4.0/,2026-08-26T07:17:53.483314
433b4704-b960-481d-80c7-254d1771b21c,0586834b-5c2d-4ab3-a858-87d2fb537654,0ad6913c-b93d-4ca7-96ae-c2bf3c4c1227,CC_BY,PROTECTED,True,True,True,True,False,GLOBAL,ALL,2010-01-01,2099-12-31,FMA CC License,https://creativecommons.org/licenses/by/4.0/,2026-08-26T07:17:53.483314
7a0a95ae-ee4c-46bc-85b5-ac791a6a242e,df95d7fe-4ae8-4734-b532-ded256e17b27,b0a89db0-e67d-43a8-bffe-3f037579d670,CC_BY,PROTECTED,True,True,True,True,False,GLOBAL,ALL,2010-01-01,2099-12-31,FMA CC License,https://creativecommons.org/licenses/by/4.0/,2026-08-26T07:17:53.483314
5de24169-6d0a-48cc-badc-a1d94adb367a,fb983d8d-3644-44bf-9286-40b666f4a031,6a5f2217-fdd3-41e2-b964-472fedd0a1e2,CC_BY,PROTECTED,True,True,True,True,False,GLOBAL,ALL,2010-01-01,2099-12-31,FMA CC License,https://creativecommons.org/licenses/by/4.0/,2026-08-26T07:17:53.483314
52bd6362-60c8-4b3a-82a2-6e6717da932b,db483a22-234f-420b-a918-e8ee075cfe61,3f7d2b5a-3972-40d1-b710-093839955bf1,CC_BY,PROTECTED,True,True,True,True,False,GLOBAL,ALL,2010-01-01,2099-12-31,FMA CC License,https://creativecommons.org/licenses/by/4.0/,2026-08-26T07:17:53.483314
2e582e15-dd64-4343-b97e-70fab00eb007,22d53790-6cd5-4b9d-bde8-5850fb34de03,06af3072-9c06-4bee-bcb4-c8bf3be3f6a4,CC_BY,PROTECTED,True,True,True,True,False,GLOBAL,ALL,2010-01-01,2099-12-31,FMA CC License,https://creativecommons.org/licenses/by/4.0/,2026-08-26T07:17:53.483314
6bde4c90-c47b-4e0d-9b84-c911b909974c,bc3ab2fa-ab88-4431-94e2-b8a1c5214c50,2707c97d-a27b-4e06-b1f8-d1a41df372ce,CC_BY,PROTECTED,True,True,True,True,False,GLOBAL,ALL,2010-01-01,2099-12-31,FMA CC License,https://creativecommons.org/licenses/by/4.0/,2026-08-26T07:17:53.483314
c32c5c4f-6c00-4fe3-a51a-62551ea951c2,1d7939c6-f626-4b78-90f9-9641ae3ecc5e,ad77c2bb-dbbf-4545-a2c6-46788fa9d93f,CC_BY,PROTECTED,True,True,True,True,False,GLOBAL,ALL,2010-01-01,2099-12-31,FMA CC License,https://creativecommons.org/licenses/by/4.0/,2026-08-26T07:17:53.483314
a874236d-a112-4383-9865-ff16c8f993de,43e9b997-d608-4796-9c6b-741aba130229,85920310-adcc-49b1-80d7-5b52a0b1e4af,CC_BY,PROTECTED,True,True,True,True,False,GLOBAL,ALL,2010-01-01,2099-12-31,FMA CC License,https://creativecommons.org/licenses/by/4.0/,2026-08-26T07:17:53.483314
bad83514-064e-48e5-8f5d-f2f4c94f121c,375727fd-1b7b-4f1e-8dc6-648185b77150,f2a355f4-7107-4a1e-a716-62a7e2da740d,CC_BY,PROTECTED,True,True,True,True,False,GLOBAL,ALL,2010-01-01,2099-12-31,FMA CC License,https://creativecommons.org/licenses/by/4.0/,2026-08-26T07:17:53.483314
9eb3e6b7-b1a5-4e78-b408-d3ca12610623,f0a3d5e4-32d1-4a78-9e6d-cd3f6a71290a,ab64f7e1-6e46-4c11-939d-c3938bfd121c,CC_BY,PROTECTED,True,True,True,True,False,GLOBAL,ALL,2010-01-01,2099-12-31,FMA CC License,https://creativecommons.org/licenses/by/4.0/,2026-08-26T07:17:53.483314
b1389082-1d32-4a5a-969f-f702fb25a6ed,d907673a-63d5-403f-a01a-a7db202a2b5c,6b0af8e6-ceae-4f69-9c93-e65a002e842d,CC_BY,PROTECTED,True,True,True,True,False,GLOBAL,ALL,2010-01-01,2099-12-31,FMA CC License,https://creativecommons.org/licenses/by/4.0/,2026-08-26T07:17:53.483314
2572d108-49ba-4376-9e05-563f5c4ab1f7,b23d2ffb-1e94-41f9-8658-3d327c69e858,713d0f4e-3b98-44b5-9d82-dfab0a54022d,CC_BY,PROTECTED,True,True,True,True,False,GLOBAL,ALL,2010-01-01,2099-12-31,FMA CC License,https://creativecommons.org/licenses/by/4.0/,2026-08-26T07:17:53.483314
6c595067-4937-4d27-a949-3d331d32e330,a38a4917-13b0-4a0f-85b4-d53b6a7495fa,65db0dd4-f3b0-4089-b1aa-93b9dfeb607e,CC_BY,PROTECTED,True,True,True,True,False,GLOBAL,ALL,2010-01-01,2099-12-31,FMA CC License,https://creativecommons.org/licenses/by/4.0/,2026-08-26T07:17:53.483314
6675417f-a0c7-479b-b71b-67ad17ba512b,eeda7d0a-7ba8-468b-b758-8e7bb10db6c0,61c0f539-9bea-4376-9bb2-6a131ca3f0d4,CC_BY,PROTECTED,True,True,True,True,False,GLOBAL,ALL,2010-01-01,2099-12-31,FMA CC License,https://creativecommons.org/licenses/by/4.0/,2026-08-26T07:17:53.483314
fd2a2330-ee19-457a-a198-9107af74f313,a644dd94-1019-43c8-87fa-9e1cb7ce413c,38519ea6-698a-4794-8803-9c1af23cb363,CC_BY,PROTECTED,True,True,True,True,False,GLOBAL,ALL,2010-01-01,2099-12-31,FMA CC License,https://creativecommons.org/licenses/by/4.0/,2026-08-26T07:17:53.483314
59f212d6-944f-444f-b4d6-566193e76584,28d11e6e-23d0-4a60-be20-026a6977fd3e,4a8ea6b3-5b0f-472d-8f52-b210d6034372,CC_BY,PROTECTED,True,True,True,True,False,GLOBAL,ALL,2010-01-01,2099-12-31,FMA CC License,https://creativecommons.org/licenses/by/4.0/,2026-08-26T07:17:53.483314
f950796d-1b13-4e07-b66d-50e8c48f7996,733c3889-59db-4046-860c-be2097726d61,aea742bc-50c3-4646-9f1e-bd3e5bcaa5c4,CC_BY,PROTECTED,True,True,True,True,False,GLOBAL,ALL,2010-01-01,2099-12-31,FMA CC License,https://creativecommons.org/licenses/by/4.0/,2026-08-26T07:17:53.483314
beec3d01-a0ff-4e02-a1aa-5d5e336901cb,3750a23c-85fd-4cb1-ab07-12e619db7489,07fa8087-99a6-4981-be29-5062f188ee10,CC_BY,PROTECTED,True,True,True,True,False,GLOBAL,ALL,2010-01-01,2099-12-31,FMA CC License,https://creativecommons.org/licenses/by/4.0/,2026-08-26T07:17:53.483314
ba0dc0d4-ec03-4ea4-a610-ee218e126864,aec7b3a4-f921-475d-aaf4-7661dc458a7f,060bb9ac-8fbd-42f3-ba72-a66f61f3ce2f,CC_BY,PROTECTED,True,True,True,True,False,GLOBAL,ALL,2010-01-01,2099-12-31,FMA CC License,https://creativecommons.org/licenses/by/4.0/,2026-08-26T07:17:53.483314
e71f7b43-ea71-4b28-b016-5cbb72a12e46,2a944ea7-017e-4de0-bbd9-28ae67cd9349,956e5bd8-b54f-4538-8ec8-00f3db0f3ada,CC_BY,PROTECTED,True,True,True,True,False,GLOBAL,ALL,2010-01-01,2099-12-31,FMA CC License,https://creativecommons.org/licenses/by/4.0/,2026-08-26T07:17:53.483314
548662ad-2dbd-4f08-a460-576d2c6fb9b6,8d2943d9-ead4-4f68-92d0-d5d74f6d2128,29e949a2-6a9f-491e-b5f8-e952dfd3a784,CC_BY,PROTECTED,True,True,True,True,False,GLOBAL,ALL,2010-01-01,2099-12-31,FMA CC License,https://creativecommons.org/licenses/by/4.0/,2026-08-26T07:17:53.483314
2971f4e8-2b1a-4de3-9edc-0577634845de,fd22a2ee-fafe-44f4-ba62-371bab1985ae,f8106e48-2344-4a6c-b25a-6225cf204e71,CC_BY,PROTECTED,True,True,True,True,False,GLOBAL,ALL,2010-01-01,2099-12-31,FMA CC License,https://creativecommons.org/licenses/by/4.0/,2026-08-26T07:17:53.483314
d107b9db-abc8-4498-913a-412297d481aa,a16a726d-1644-4d96-9486-eaaa0d811e7b,26b7824f-b65f-4ac6-bbc8-fc089d03a8c0,CC_BY,PROTECTED,True,True,True,True,False,GLOBAL,ALL,2010-01-01,2099-12-31,FMA CC License,https://creativecommons.org/licenses/by/4.0/,2026-08-26T07:17:53.483314
961f1d6d-abef-44e8-9d1c-f415775277ab,0c226289-d82c-405d-b416-e272f7144f6b,c06e9267-4eda-461c-9623-5b6fe9c26d62,CC_BY,PROTECTED,True,True,True,True,False,GLOBAL,ALL,2010-01-01,2099-12-31,FMA CC License,https://creativecommons.org/licenses/by/4.0/,2026-08-26T07:17:53.483314
773c64ca-0def-4be9-baae-62acc338fc8b,a99c2c7f-77fa-4274-9920-7e94fb40b635,d2961303-954a-49f7-b527-344ea6b15e24,CC_BY,PROTECTED,True,True,True,True,False,GLOBAL,ALL,2010-01-01,2099-12-31,FMA CC License,https://creativecommons.org/licenses/by/4.0/,2026-08-26T07:17:53.483314
8f94ad31-e9a0-4a96-9560-4de5073ad9c3,15ea64ca-8841-43bf-b842-079129bc350c,e4f8d980-75b0-4aea-a4f0-13444a0ddaa4,CC_BY,PROTECTED,True,True,True,True,False,GLOBAL,ALL,2010-01-01,2099-12-31,FMA CC License,https://creativecommons.org/licenses/by/4.0/,2026-08-26T07:17:53.483314
d19091a7-4979-4a78-9cc4-0b9ea7996e0c,afc40764-fbf2-409c-b82e-c330785c4d41,ad24c11d-003c-4fea-a64f-9120f8f331ce,CC_BY,PROTECTED,True,True,True,True,False,GLOBAL,ALL,2010-01-01,2099-12-31,FMA CC License,https://creativecommons.org/licenses/by/4.0/,2026-08-26T07:17:53.483314
763fe178-bdbf-4c85-accb-3fb4d5b8db6d,bdc4cc1f-3950-4e2c-a5b3-e05c6e3be4c7,aece4260-a66a-4019-aed9-2731db86bde2,CC_BY,PROTECTED,True,True,True,True,False,GLOBAL,ALL,2010-01-01,2099-12-31,FMA CC License,https://creativecommons.org/licenses/by/4.0/,2026-08-26T07:17:53.483314
54337ba2-20cb-404c-92a2-a3732c7db88c,721dcfd3-5ea9-4a2a-90f3-fd8f4e31970b,9f13c707-cb2e-4afe-aa8c-4efda5c3aa5e,CC_BY,PROTECTED,True,True,True,True,False,GLOBAL,ALL,2010-01-01,2099-12-31,FMA CC License,https://creativecommons.org/licenses/by/4.0/,2026-08-26T07:17:53.483314
ea8f8eea-16cf-4b84-90fd-aeca88792516,bc532664-b239-4e30-8667-2f920826ba33,04618399-cca9-4047-a31b-605c5b20f293,CC_BY,PROTECTED,True,True,True,True,False,GLOBAL,ALL,2010-01-01,2099-12-31,FMA CC License,https://creativecommons.org/licenses/by/4.0/,2026-08-26T07:17:53.483314
220cc701-9344-4387-a1ea-438d5c8be756,f56408a1-b59a-49e2-8372-ef9da5568daf,68639dab-789a-40b2-97d7-a13b97fa1b02,CC_BY,PROTECTED,True,True,True,True,False,GLOBAL,ALL,2010-01-01,2099-12-31,FMA CC License,https://creativecommons.org/licenses/by/4.0/,2026-08-26T07:17:53.483314
df8ef3ff-b748-4da9-8805-8487233ebb65,0f3ac88e-3e85-47e9-8996-b5ba4510a9f5,69af1ff2-23c9-45ac-8dc0-b814bfd2b54e,CC_BY,PROTECTED,True,True,True,True,False,GLOBAL,ALL,2010-01-01,2099-12-31,FMA CC License,https://creativecommons.org/licenses/by/4.0/,2026-08-26T07:17:53.483314
13908cd2-2bbc-4b89-bf3e-dd1e336f3a6c,f3c7fc23-dcb8-48b8-89f4-dea906fe90bb,9234df33-2284-4e45-8737-4ad44a033302,CC_BY,PROTECTED,True,True,True,True,False,GLOBAL,ALL,2010-01-01,2099-12-31,FMA CC License,https://creativecommons.org/licenses/by/4.0/,2026-08-26T07:17:53.483314
485c7144-02bf-44c4-809c-31e299c4e0e9,5d6f9078-af8c-4c33-9fa5-d40a396082e4,bd1083b5-65f3-466d-9f8e-ab2ad723128c,CC_BY,PROTECTED,True,True,True,True,False,GLOBAL,ALL,2010-01-01,2099-12-31,FMA CC License,https://creativecommons.org/licenses/by/4.0/,2026-08-26T07:17:53.483314
fe9a9f74-ad39-4ab1-ba43-101c9eb3163f,fb6e69ad-dd90-4423-bca9-c8b632684e90,e460512d-8a13-400c-91f9-731670fa3448,CC_BY,PROTECTED,True,True,True,True,False,GLOBAL,ALL,2010-01-01,2099-12-31,FMA CC License,https://creativecommons.org/licenses/by/4.0/,2026-08-26T07:17:53.483314
a5fd3fc7-b30c-479f-a1a8-7b4066f83a7a,c4e7a05c-0295-4032-bade-ea35bad6c1a6,905fdc5f-e07d-4689-9597-36a6742c4174,CC_BY,PROTECTED,True,True,True,True,False,GLOBAL,ALL,2010-01-01,2099-12-31,FMA CC License,https://creativecommons.org/licenses/by/4.0/,2026-08-26T07:17:53.483314
cbe9af98-7319-4fc7-9911-3617055413c5,73f1ec99-a629-4bc2-8e8d-14dc17a17c5f,1c1394d3-1baa-4766-ad9d-520040c45add,CC_BY,PROTECTED,True,True,True,True,False,GLOBAL,ALL,2010-01-01,2099-12-31,FMA CC License,https://creativecommons.org/licenses/by/4.0/,2026-08-26T07:17:53.483314
e50ce1ac-4158-4591-a7c7-e276dd99fac4,facf90b1-f19f-495d-80f5-5fd40fe7ef09,f9798afe-db39-46ab-9657-e7016e7fa3d2,CC_BY,PROTECTED,True,True,True,True,False,GLOBAL,ALL,2010-01-01,2099-12-31,FMA CC License,https://creativecommons.org/licenses/by/4.0/,2026-08-26T07:17:53.483314
cc03600d-1250-471d-8c51-757b54151c63,549b4a26-156f-40cb-9d3a-cc6ad20d7498,9a19f634-36ef-40c7-9ba4-92d11f8a6345,CC_BY,PROTECTED,True,True,True,True,False,GLOBAL,ALL,2010-01-01,2099-12-31,FMA CC License,https://creativecommons.org/licenses/by/4.0/,2026-08-26T07:17:53.483314
b52b5b32-a643-4f40-b0fa-05c82e323e07,58095e30-f2b6-48e6-8355-a741527cdacb,298912cf-3c28-4319-84f4-dd1e0d412b20,CC_BY,PROTECTED,True,True,True,True,False,GLOBAL,ALL,2010-01-01,2099-12-31,FMA CC License,https://creativecommons.org/licenses/by/4.0/,2026-08-26T07:17:53.483314
0be86431-5e59-42da-96f9-47050b784105,986db513-c0fe-4c76-afd2-4a9035dac96e,3ef89c04-787a-4538-bec3-986716a7f548,CC_BY,PROTECTED,True,True,True,True,False,GLOBAL,ALL,2010-01-01,2099-12-31,FMA CC License,https://creativecommons.org/licenses/by/4.0/,2026-08-26T07:17:53.483314
6b415e7c-149d-4e14-9c0f-62b743d747f3,79990fd0-18bb-4a14-a130-69da68b17bad,1e18079b-5189-4cc9-99af-00359d0dcda0,CC_BY,PROTECTED,True,True,True,True,False,GLOBAL,ALL,2010-01-01,2099-12-31,FMA CC License,https://creativecommons.org/licenses/by/4.0/,2026-08-26T07:17:53.483314
26ad8c6d-2a86-4ec5-9272-16cab269136a,0ac04f1f-271e-4a94-9758-660ae577744a,f60fff8d-c6d0-439b-82ca-5fd81e420268,CC_BY,PROTECTED,True,True,True,True,False,GLOBAL,ALL,2010-01-01,2099-12-31,FMA CC License,https://creativecommons.org/licenses/by/4.0/,2026-08-26T07:17:53.483314
45074dd7-8031-4b28-a577-a66c7c54b1cf,7c19daee-ebae-4804-9acc-d9d9b481cdb9,d7873532-95ce-4a88-a133-ad95746910a4,CC_BY,PROTECTED,True,True,True,True,False,GLOBAL,ALL,2010-01-01,2099-12-31,FMA CC License,https://creativecommons.org/licenses/by/4.0/,2026-08-26T07:17:53.483314
0946ca53-0779-4bff-9cb7-30732ae3656d,dbae94a5-b766-4efe-8424-84fc59a73277,68849440-3191-4e11-9eb7-8305a609f7b0,CC_BY,PROTECTED,True,True,True,True,False,GLOBAL,ALL,2010-01-01,2099-12-31,FMA CC License,https://creativecommons.org/licenses/by/4.0/,2026-08-26T07:17:53.483314
694133b4-5ed0-4308-a2d4-c88f3b6feafb,2c873dc5-55cd-45ea-9e9c-bf24fd0e72ae,0e1deadd-17ec-4faa-9481-f6f2ce18a235,CC_BY,PROTECTED,True,True,True,True,False,GLOBAL,ALL,2010-01-01,2099-12-31,FMA CC License,https://creativecommons.org/licenses/by/4.0/,2026-08-26T07:17:53.483314
5e66dcf4-fba1-4851-8e9b-8e9de2059380,9a47596e-3f8a-411e-87c0-d1e8eb886311,ed9fc0de-100b-4be1-a48f-0a23c3794717,CC_BY,PROTECTED,True,True,True,True,False,GLOBAL,ALL,2010-01-01,2099-12-31,FMA CC License,https://creativecommons.org/licenses/by/4.0/,2026-08-26T07:17:53.483314
67e30431-2b1d-4937-9f48-95ec1df34ea5,0a68ecc7-0890-4d79-80fe-0420e830fa11,b395bb50-c1d0-47e7-a9d3-e5528c86a97f,CC_BY,PROTECTED,True,True,True,True,False,GLOBAL,ALL,2010-01-01,2099-12-31,FMA CC License,https://creativecommons.org/licenses/by/4.0/,2026-08-26T07:17:53.483314
84429de9-891c-4adc-9d7d-d5e3c7914521,4d0f2b55-000b-4e30-a447-c206b19dccd4,76c4d3c3-ca99-45c9-adac-af4a6f3a436b,CC_BY,PROTECTED,True,True,True,True,False,GLOBAL,ALL,2010-01-01,2099-12-31,FMA CC License,https://creativecommons.org/licenses/by/4.0/,2026-08-26T07:17:53.483314
3775f72f-d83b-4732-b0f4-0aef14b2c713,66a6e455-22fb-4437-b34d-ad09fb647d4a,1730ded2-e12b-4eec-b0f6-4c4ba0b3d5a7,CC_BY,PROTECTED,True,True,True,True,False,GLOBAL,ALL,2010-01-01,2099-12-31,FMA CC License,https://creativecommons.org/licenses/by/4.0/,2026-08-26T07:17:53.483314
aedb5b11-3586-4ddb-a18a-828643548802,11ab5a1f-079e-49d9-81da-4c023721f8fe,09da88ad-ab46-4f5c-9f33-7d2194f4f2a7,CC_BY,PROTECTED,True,True,True,True,False,GLOBAL,ALL,2010-01-01,2099-12-31,FMA CC License,https://creativecommons.org/licenses/by/4.0/,2026-08-26T07:17:53.483314
2bafb883-6f98-4f1c-916e-9beae9d7bf93,1e1f3b07-93ff-4387-88f6-8be7a62c07b2,17e28d58-46fe-49d0-9c9d-288424f32bfd,CC_BY,PROTECTED,True,True,True,True,False,GLOBAL,ALL,2010-01-01,2099-12-31,FMA CC License,https://creativecommons.org/licenses/by/4.0/,2026-08-26T07:17:53.483314
7f337edb-4b8e-43fd-9bce-a0fadeba7c23,e37197dc-55c5-4077-8568-99edc99c9814,f2973812-33a4-49e9-a0ba-e4c9002f9a08,CC_BY,PROTECTED,True,True,True,True,False,GLOBAL,ALL,2010-01-01,2099-12-31,FMA CC License,https://creativecommons.org/licenses/by/4.0/,2026-08-26T07:17:53.483314
69aff364-31a7-4940-8d32-71b5d5d03e6a,fc7f4c1f-d098-4d55-a1a1-86bd36b718ba,1df4e299-d969-4448-b3c9-a9a08e2a2bb7,CC_BY,PROTECTED,True,True,True,True,False,GLOBAL,ALL,2010-01-01,2099-12-31,FMA CC License,https://creativecommons.org/licenses/by/4.0/,2026-08-26T07:17:53.483314
8391c17b-1fcf-410a-9d7d-d31831801748,8972e0ff-2157-4027-af70-5997d0aab416,85fa9f35-6e13-442f-9a7e-2e9f1168ee94,CC_BY,PROTECTED,True,True,True,True,False,GLOBAL,ALL,2010-01-01,2099-12-31,FMA CC License,https://creativecommons.org/licenses/by/4.0/,2026-08-26T07:17:53.483314
569386eb-43d2-42ee-b31d-e5bfd0835ec3,c746a885-482b-4518-85e9-9a09a77fb218,7c002d35-83e7-448c-a24f-3360b90aa607,CC_BY,PROTECTED,True,True,True,True,False,GLOBAL,ALL,2010-01-01,2099-12-31,FMA CC License,https://creativecommons.org/licenses/by/4.0/,2026-08-26T07:17:53.483314
cbf42e0d-a441-44eb-ad26-76bff0976c91,8d48620a-19ee-45a3-9acb-fd657b5b36a2,23ddea19-f572-4397-9539-aca087884fc9,CC_BY,PROTECTED,True,True,True,True,False,GLOBAL,ALL,2010-01-01,2099-12-31,FMA CC License,https://creativecommons.org/licenses/by/4.0/,2026-08-26T07:17:53.483314
7b2181ec-1abd-4937-b5a9-00ec8a663222,f6142371-dcca-4db1-b6ed-e2b8c0ea55bc,6a1f0aea-34c6-46e6-b319-0d756e596611,CC_BY,PROTECTED,True,True,True,True,False,GLOBAL,ALL,2010-01-01,2099-12-31,FMA CC License,https://creativecommons.org/licenses/by/4.0/,2026-08-26T07:17:53.483314
63308009-4554-4199-a971-ea6e4c0d88ee,2d46ed10-dcab-4fb4-b1ef-f107919deacc,ff3172cd-d6ac-4d29-bac4-75ceed8c7422,CC_BY,PROTECTED,True,True,True,True,False,GLOBAL,ALL,2010-01-01,2099-12-31,FMA CC License,https://creativecommons.org/licenses/by/4.0/,2026-08-26T07:17:53.483314
f4ccfbc7-9ef4-4b21-925d-299151038fc7,f2caa6a8-f92f-4303-a402-4dd4394783e7,bd086e43-57b8-4726-b918-5f6e7e4c5567,CC_BY,PROTECTED,True,True,True,True,False,GLOBAL,ALL,2010-01-01,2099-12-31,FMA CC License,https://creativecommons.org/licenses/by/4.0/,2026-08-26T07:17:53.483314
3b7b29b6-51fc-436e-a327-ea7a955eedf4,d0ba623f-8d23-444c-a306-2f5d5df1aed5,a0d5efde-c704-4bd4-a206-978762a2d0e3,CC_BY,PROTECTED,True,True,True,True,False,GLOBAL,ALL,2010-01-01,2099-12-31,FMA CC License,https://creativecommons.org/licenses/by/4.0/,2026-08-26T07:17:53.483314
a099dd45-de02-4217-a53d-1089d2b1449c,82bf914a-b81a-4161-a51d-66bf197b171f,a4394a98-9a99-4a4b-975e-96b746f91d47,CC_BY,PROTECTED,True,True,True,True,False,GLOBAL,ALL,2010-01-01,2099-12-31,FMA CC License,https://creativecommons.org/licenses/by/4.0/,2026-08-26T07:17:53.483314
3753e3b1-fc2f-4456-8764-62d4e2afd343,4c579d55-1b23-451e-8b2d-5d76b0ba98fd,7c3f5098-4608-4d2e-84bd-cac356ae659b,CC_BY,PROTECTED,True,True,True,True,False,GLOBAL,ALL,2010-01-01,2099-12-31,FMA CC License,https://creativecommons.org/licenses/by/4.0/,2026-08-26T07:17:53.483314
4488fc54-154f-47e0-9da8-522ff180cd2d,297d6833-afd7-4668-bb4d-5e8e7636751e,682c7c09-e660-4339-ac4b-7be6a46015cc,CC_BY,PROTECTED,True,True,True,True,False,GLOBAL,ALL,2010-01-01,2099-12-31,FMA CC License,https://creativecommons.org/licenses/by/4.0/,2026-08-26T07:17:53.483314
fc31d5bf-f7e6-4397-ac31-adb243383c59,428e348e-747e-4479-99cc-e7312f0a7ff0,40c31801-6887-4b9d-94b5-9ebd0e05d953,CC_BY,PROTECTED,True,True,True,True,False,GLOBAL,ALL,2010-01-01,2099-12-31,FMA CC License,https://creativecommons.org/licenses/by/4.0/,2026-08-26T07:17:53.483314
241ffe4b-0c4e-4edf-838b-a85c2fdf4edf,dc514934-e32d-4670-9dc9-b664072fb934,2cb08566-09d1-455e-8e21-a1d22ff99b3b,CC_BY,PROTECTED,True,True,True,True,False,GLOBAL,ALL,2010-01-01,2099-12-31,FMA CC License,https://creativecommons.org/licenses/by/4.0/,2026-08-26T07:17:53.483314
5f498101-5368-49d0-aaf8-af954f4e73f1,8ee66a1a-d659-4625-aa97-fa364dc901af,b9fa0ea0-73c9-45a8-99d4-c084e129a50f,CC_BY,PROTECTED,True,True,True,True,False,GLOBAL,ALL,2010-01-01,2099-12-31,FMA CC License,https://creativecommons.org/licenses/by/4.0/,2026-08-26T07:17:53.483314
72d53de7-ed68-4a6e-83ac-d329ce44873c,50feb4a6-47fb-47f7-8727-19db291e28de,904a0d55-60d0-4a89-ab3c-c46094fed719,CC_BY,PROTECTED,True,True,True,True,False,GLOBAL,ALL,2010-01-01,2099-12-31,FMA CC License,https://creativecommons.org/licenses/by/4.0/,2026-08-26T07:17:53.483314
ed149b0a-bbfc-4c9d-bff7-c7bd5dd8bc94,1ca1b875-32c5-461b-859d-bcb975e7887e,786aa9e4-9ea7-4c58-8204-bdea930a5395,CC_BY,PROTECTED,True,True,True,True,False,GLOBAL,ALL,2010-01-01,2099-12-31,FMA CC License,https://creativecommons.org/licenses/by/4.0/,2026-08-26T07:17:53.483314
35d871c2-3298-4311-888c-b1947f0fba97,87149c60-bb89-4bbf-a177-1b1ee99dcba8,b0cdb29f-d3a0-499d-9ba7-0bc51ebee788,CC_BY,PROTECTED,True,True,True,True,False,GLOBAL,ALL,2010-01-01,2099-12-31,FMA CC License,https://creativecommons.org/licenses/by/4.0/,2026-08-26T07:17:53.483314
d8436f08-42e0-40ed-b504-154b55582bfa,e9ee87a3-5bb0-4fac-ab34-be2dc49652a4,8ed90419-303a-43d5-97f1-036174bd8e68,CC_BY,PROTECTED,True,True,True,True,False,GLOBAL,ALL,2010-01-01,2099-12-31,FMA CC License,https://creativecommons.org/licenses/by/4.0/,2026-08-26T07:17:53.483314
b3a0cd64-4ad4-43ed-8735-99598506ebbb,0fab40bd-a879-49ca-aeff-633427267fb2,14867b4c-4302-4e04-a5d3-7bda7a309df1,CC_BY,PROTECTED,True,True,True,True,False,GLOBAL,ALL,2010-01-01,2099-12-31,FMA CC License,https://creativecommons.org/licenses/by/4.0/,2026-08-26T07:17:53.483314
d46e5c06-1101-49fa-a416-0e260e800f6e,17a520f3-3f96-4785-8edd-9a78e8ba6011,55e53f5d-f7dc-4295-873b-8fb79f284eb1,CC_BY,PROTECTED,True,True,True,True,False,GLOBAL,ALL,2010-01-01,2099-12-31,FMA CC License,https://creativecommons.org/licenses/by/4.0/,2026-08-26T07:17:53.483314
b0c874a0-d4d6-40cc-868b-e9c10b997498,5194dd64-1c66-4eaf-aef0-08433e0d498d,01286b09-fb33-4ddc-a207-3a1e98e877f4,CC_BY,PROTECTED,True,True,True,True,False,GLOBAL,ALL,2010-01-01,2099-12-31,FMA CC License,https://creativecommons.org/licenses/by/4.0/,2026-08-26T07:17:53.483314
4155c118-32f8-4de8-9a31-ff4051359975,8f6f6f6c-633b-4d14-a690-3b81903dc79c,4193170b-8832-4793-bfde-dcbd6b33a6b7,CC_BY,PROTECTED,True,True,True,True,False,GLOBAL,ALL,2010-01-01,2099-12-31,FMA CC License,https://creativecommons.org/licenses/by/4.0/,2026-08-26T07:17:53.483314
df742706-fdf9-46e6-add8-c6202a2850e5,4e9d50fa-ec16-40ed-b411-79deef75543d,5a2b1730-8687-484d-aa51-60dcc21e500c,CC_BY,PROTECTED,True,True,True,True,False,GLOBAL,ALL,2010-01-01,2099-12-31,FMA CC License,https://creativecommons.org/licenses/by/4.0/,2026-08-26T07:17:53.483314
e109ff52-c33f-4b81-8c2d-b2b76d6a1a47,6748c0f2-ec3f-4bb7-b7d3-bb1ec4b0c35f,a034ef19-ee18-4ef1-8dfb-4083eea242d5,CC_BY,PROTECTED,True,True,True,True,False,GLOBAL,ALL,2010-01-01,2099-12-31,FMA CC License,https://creativecommons.org/licenses/by/4.0/,2026-08-26T07:17:53.483314
207d7915-db29-46f3-a896-7f4c0622905d,d286f29d-2fb6-4841-a26b-917f1a247c72,d2960f9d-fe4b-4c00-a1ef-47978338e76f,CC_BY,PROTECTED,True,True,True,True,False,GLOBAL,ALL,2010-01-01,2099-12-31,FMA CC License,https://creativecommons.org/licenses/by/4.0/,2026-08-26T07:17:53.483314
bdc191e5-4ec9-4b2d-ba19-c2a8bbf8e224,1975f710-fedb-4308-8d6f-d0e20331eac6,676958bb-1580-4a22-ac45-07208fff9279,CC_BY,PROTECTED,True,True,True,True,False,GLOBAL,ALL,2010-01-01,2099-12-31,FMA CC License,https://creativecommons.org/licenses/by/4.0/,2026-08-26T07:17:53.483314
b880db7f-5f0c-4900-9d12-843fddca00ba,05a3734d-4ec2-41df-a5ad-30792810a0f5,78118775-379b-429b-b8ad-f06ca31963f4,CC_BY,PROTECTED,True,True,True,True,False,GLOBAL,ALL,2010-01-01,2099-12-31,FMA CC License,https://creativecommons.org/licenses/by/4.0/,2026-08-26T07:17:53.483314
37eef1ce-5834-4d99-a717-b47d90fc3884,3b4cfeab-d364-4fa4-a774-e982d74e0054,6daf2643-4c89-49fd-8010-5315ec802fe6,CC_BY,PROTECTED,True,True,True,True,False,GLOBAL,ALL,2010-01-01,2099-12-31,FMA CC License,https://creativecommons.org/licenses/by/4.0/,2026-08-26T07:17:53.483314
285963ec-773f-473c-b468-a8afc8c3c221,a046d265-0cb1-465b-b382-3292cbeb8025,0689c72a-8368-4d7d-be91-76c83d4d9788,CC_BY,PROTECTED,True,True,True,True,False,GLOBAL,ALL,2010-01-01,2099-12-31,FMA CC License,https://creativecommons.org/licenses/by/4.0/,2026-08-26T07:17:53.483314
073340b1-1f99-474e-b785-5070c6f9fde9,856f70dc-c132-4588-9734-8a0293a9cbfe,068f5fdd-1c6f-4346-8822-8ce4e2494286,CC_BY,PROTECTED,True,True,True,True,False,GLOBAL,ALL,2010-01-01,2099-12-31,FMA CC License,https://creativecommons.org/licenses/by/4.0/,2026-08-26T07:17:53.483314
eaf17668-f850-4c69-9655-695e499b533f,ed60c4a5-7e5c-4e4e-9e62-938c1df2bce0,3d746b5a-f7ee-4ffd-b2e2-84796cc7035d,CC_BY,PROTECTED,True,True,True,True,False,GLOBAL,ALL,2010-01-01,2099-12-31,FMA CC License,https://creativecommons.org/licenses/by/4.0/,2026-08-26T07:17:53.483314
1a09929a-6e4c-48d4-a522-f44a05a960c3,31c5d0a2-f484-4c4b-9945-f04dcd110f26,8831d16c-3936-4da9-841e-40593f4164fc,CC_BY,PROTECTED,True,True,True,True,False,GLOBAL,ALL,2010-01-01,2099-12-31,FMA CC License,https://creativecommons.org/licenses/by/4.0/,2026-08-26T07:17:53.483314
88516c73-bd4e-40b7-ab64-1cb5bbfa8a94,2ec32bbd-4e43-4a60-849c-ef9bd30dc99d,037169a8-47d0-4416-9e87-fadf95fa8174,CC_BY,PROTECTED,True,True,True,True,False,GLOBAL,ALL,2010-01-01,2099-12-31,FMA CC License,https://creativecommons.org/licenses/by/4.0/,2026-08-26T07:17:53.483314
7b4ab4e1-98cc-4280-ac86-9e0c77517e61,845f37a7-88c5-4039-a7ea-ddde4b3863c4,efe1c8b3-e24a-44a0-9f70-76861ec4103a,CC_BY,PROTECTED,True,True,True,True,False,GLOBAL,ALL,2010-01-01,2099-12-31,FMA CC License,https://creativecommons.org/licenses/by/4.0/,2026-08-26T07:17:53.483314
311b3f60-fb3c-4920-b024-5fd67f9005ce,dafa0b58-ba47-478f-9891-aa84340a22df,32a66249-97bc-4e5f-b729-3a894ce7f848,CC_BY,PROTECTED,True,True,True,True,False,GLOBAL,ALL,2010-01-01,2099-12-31,FMA CC License,https://creativecommons.org/licenses/by/4.0/,2026-08-26T07:17:53.483314
155f7233-df4a-4dad-8075-899e54ff1f66,59f7f537-4029-4a5f-8223-18c38fa98984,1234719e-0f1f-4334-8c82-e5bf9f22f7e2,CC_BY,PROTECTED,True,True,True,True,False,GLOBAL,ALL,2010-01-01,2099-12-31,FMA CC License,https://creativecommons.org/licenses/by/4.0/,2026-08-26T07:17:53.483314
9ccbdef3-3b48-440f-ad06-3b5adebdb69f,45d348bd-1f49-4622-ac7d-ecb06e0968a5,066ac737-7110-4b32-ab1a-dc47f68b1d83,CC_BY,PROTECTED,True,True,True,True,False,GLOBAL,ALL,2010-01-01,2099-12-31,FMA CC License,https://creativecommons.org/licenses/by/4.0/,2026-08-26T07:17:53.483314
c412c772-bc94-4d0e-9491-8ccaf1731330,6b68194b-6b8e-4b2a-bbe5-399da5a758c9,6eae5d87-84c1-42bc-b15e-66ad2c0c7411,CC_BY,PROTECTED,True,True,True,True,False,GLOBAL,ALL,2010-01-01,2099-12-31,FMA CC License,https://creativecommons.org/licenses/by/4.0/,2026-08-26T07:17:53.483314
8a2443a7-ffdf-4448-8c4f-d70b674abf0b,c64fff19-2bfa-4309-a592-1425ca332b36,624f4e12-bf82-47eb-83fc-425042634ae7,CC_BY,PROTECTED,True,True,True,True,False,GLOBAL,ALL,2010-01-01,2099-12-31,FMA CC License,https://creativecommons.org/licenses/by/4.0/,2026-08-26T07:17:53.483314
760ff26b-bcff-496c-a3be-14595a7872b1,3a1217d4-7c2a-415d-a450-2f02c9f387a2,d990d3cb-eddb-4681-8a44-14562386e78a,CC_BY,PROTECTED,True,True,True,True,False,GLOBAL,ALL,2010-01-01,2099-12-31,FMA CC License,https://creativecommons.org/licenses/by/4.0/,2026-08-26T07:17:53.483314
b34006e3-99a5-4d39-8b23-a5137a30cf93,d1706e3c-0444-4a41-a3e7-87f15f21d12e,516ea112-f077-4037-83b7-3a2a88f68ca3,CC_BY,PROTECTED,True,True,True,True,False,GLOBAL,ALL,2010-01-01,2099-12-31,FMA CC License,https://creativecommons.org/licenses/by/4.0/,2026-08-26T07:17:53.483314
47ece3dd-0a9d-46a1-830a-6cb8b7712d7e,040942d8-0744-4379-a018-0ca0deb02916,248e7292-fd2e-44bb-93fa-2148c15bdedd,CC_BY,PROTECTED,True,True,True,True,False,GLOBAL,ALL,2010-01-01,2099-12-31,FMA CC License,https://creativecommons.org/licenses/by/4.0/,2026-08-26T07:17:53.483314
424bc245-7fd9-4880-a6d7-0da8735a628f,5c86e56a-dd73-4e4a-95a4-81a599200e42,f25f7e00-f0d3-4a95-a640-c8e8e0c61b74,CC_BY,PROTECTED,True,True,True,True,False,GLOBAL,ALL,2010-01-01,2099-12-31,FMA CC License,https://creativecommons.org/licenses/by/4.0/,2026-08-26T07:17:53.483314
9ef36523-3374-4eb4-9755-042e22e78aee,7260e74b-0703-4d1d-8b4e-97458550318f,3f5ff455-8c9a-4d0c-8c55-bb84c220d763,CC_BY,PROTECTED,True,True,True,True,False,GLOBAL,ALL,2010-01-01,2099-12-31,FMA CC License,https://creativecommons.org/licenses/by/4.0/,2026-08-26T07:17:53.483314
bed65fbd-65c7-450b-8cb7-0e992e5e299b,4032dd78-8718-4b3d-a816-c42a744249e3,d5fcce6d-2ea9-424a-a57f-22bb0779c586,CC_BY,PROTECTED,True,True,True,True,False,GLOBAL,ALL,2010-01-01,2099-12-31,FMA CC License,https://creativecommons.org/licenses/by/4.0/,2026-08-26T07:17:53.483314
239a9278-2479-4d7c-bbf0-273df56621ab,5455b5aa-fb8f-4256-94e1-92ef257a758c,6678d344-1e4d-40be-b378-69831bed82a6,CC_BY,PROTECTED,True,True,True,True,False,GLOBAL,ALL,2010-01-01,2099-12-31,FMA CC License,https://creativecommons.org/licenses/by/4.0/,2026-08-26T07:17:53.483314
2cfacc11-daa9-40dc-a1cb-64cd11d9dfc0,b6fe5625-d20d-45df-8e2f-1242315facb3,8b9156cc-0085-443e-8e95-0a5bf867b4fa,CC_BY,PROTECTED,True,True,True,True,False,GLOBAL,ALL,2010-01-01,2099-12-31,FMA CC License,https://creativecommons.org/licenses/by/4.0/,2026-08-26T07:17:53.483314
fee40ebe-dfb3-4d33-b1c7-cf3862532290,aad413a6-6e0b-478b-b076-56ff11f53559,b8aab5f5-9bc7-41ab-be24-8d5f29fa5809,CC_BY,PROTECTED,True,True,True,True,False,GLOBAL,ALL,2010-01-01,2099-12-31,FMA CC License,https://creativecommons.org/licenses/by/4.0/,2026-08-26T07:17:53.483314
64fd5316-bce5-43a9-bbf0-f9e318237dd0,7c4b93c2-8b4a-4cbc-84f7-bc654db9267e,0d0b77a9-e145-43c7-879a-b9f75d311465,CC_BY,PROTECTED,True,True,True,True,False,GLOBAL,ALL,2010-01-01,2099-12-31,FMA CC License,https://creativecommons.org/licenses/by/4.0/,2026-08-26T07:17:53.483314
24d8783e-9c38-4bcc-b81c-88fdb86674ee,9dcb05c6-56cb-4143-a045-961fa9ba7f83,1119cae8-1d71-4a4c-a061-9f9e6fcb5b6a,CC_BY,PROTECTED,True,True,True,True,False,GLOBAL,ALL,2010-01-01,2099-12-31,FMA CC License,https://creativecommons.org/licenses/by/4.0/,2026-08-26T07:17:53.483314
b4b4a03e-cda5-466a-bdd2-55d936a29d1a,73524092-afaf-4aa4-ab9a-8f861ff045cb,91af0aa4-597e-47e6-9697-dc336f66f444,CC_BY,PROTECTED,True,True,True,True,False,GLOBAL,ALL,2010-01-01,2099-12-31,FMA CC License,https://creativecommons.org/licenses/by/4.0/,2026-08-26T07:17:53.483314
4dc519e2-4bfe-4052-9306-8b9e1405b2d7,9865dd44-5da1-4c9d-a3a6-b84fc0912223,3ffc419e-a331-466e-a9f1-fc869bdd93ea,CC_BY,PROTECTED,True,True,True,True,False,GLOBAL,ALL,2010-01-01,2099-12-31,FMA CC License,https://creativecommons.org/licenses/by/4.0/,2026-08-26T07:17:53.483314
954b9d39-019a-4c05-b9b1-2c88caa6203e,a88f8252-851e-4de9-9eaa-a7af990850a4,59c60b62-288c-40ff-8610-5c755796edff,CC_BY,PROTECTED,True,True,True,True,False,GLOBAL,ALL,2010-01-01,2099-12-31,FMA CC License,https://creativecommons.org/licenses/by/4.0/,2026-08-26T07:17:53.483314
98acf465-701b-46a7-ac9b-92511b616bca,e4553f3c-e4f5-4be5-b9fa-2ecbfcbcb2a5,340028f6-d2f8-40bf-9f9c-c4b07e116e1a,CC_BY,PROTECTED,True,True,True,True,False,GLOBAL,ALL,2010-01-01,2099-12-31,FMA CC License,https://creativecommons.org/licenses/by/4.0/,2026-08-26T07:17:53.483314
7da40455-1925-4dd7-a972-a7c946d05411,eea7734b-194f-4e1c-8565-85de41676f23,b92efeb6-622b-4f76-95bd-f7636cdd4a07,CC_BY,PROTECTED,True,True,True,True,False,GLOBAL,ALL,2010-01-01,2099-12-31,FMA CC License,https://creativecommons.org/licenses/by/4.0/,2026-08-26T07:17:53.483314
4f5d6ed9-0548-468d-a940-6bcdedfdc353,83ac8a3d-683c-499c-81d1-3c4e21330f92,95b57426-ca20-44ef-b24c-ac5e43f7936b,CC_BY,PROTECTED,True,True,True,True,False,GLOBAL,ALL,2010-01-01,2099-12-31,FMA CC License,https://creativecommons.org/licenses/by/4.0/,2026-08-26T07:17:53.483314
c43b62e4-a6d3-4e2d-b710-73b62ca4e29d,863e5103-0ba5-4fdc-9538-bf1ff5377bef,13f122d7-ce13-4f0c-8067-3155497af2f8,CC_BY,PROTECTED,True,True,True,True,False,GLOBAL,ALL,2010-01-01,2099-12-31,FMA CC License,https://creativecommons.org/licenses/by/4.0/,2026-08-26T07:17:53.483314
60f18201-f25c-4dbc-af63-c504e4d230eb,a5279b3d-cf13-44e7-9fae-e7153852cbfb,9e7f95e8-c21f-419c-962b-8e705f54ed6f,CC_BY,PROTECTED,True,True,True,True,False,GLOBAL,ALL,2010-01-01,2099-12-31,FMA CC License,https://creativecommons.org/licenses/by/4.0/,2026-08-26T07:17:53.483314
434727de-3172-4b9d-8f93-feb9e2319bde,45f16917-1207-4252-b340-1ef9c68c7737,2c5f8b69-87a5-44ad-a472-843f17d662f0,CC_BY,PROTECTED,True,True,True,True,False,GLOBAL,ALL,2010-01-01,2099-12-31,FMA CC License,https://creativecommons.org/licenses/by/4.0/,2026-08-26T07:17:53.483314
b6a1fc8b-3030-42ba-aa16-6d4691cf9f25,8234d04b-2432-41ee-916c-cef3322472b9,e14b6ceb-fbd2-41d8-af4e-be6c4781f5a0,CC_BY,PROTECTED,True,True,True,True,False,GLOBAL,ALL,2010-01-01,2099-12-31,FMA CC License,https://creativecommons.org/licenses/by/4.0/,2026-08-26T07:17:53.483314
f86385c9-4ce8-4e48-a1a5-d54cb35e62e0,95f606e4-2c53-46ae-986c-87593e804bbb,6d664acd-6eda-4b46-8fc4-cf0571dafc17,CC_BY,PROTECTED,True,True,True,True,False,GLOBAL,ALL,2010-01-01,2099-12-31,FMA CC License,https://creativecommons.org/licenses/by/4.0/,2026-08-26T07:17:53.483314
9df3170e-c970-4f5c-bc64-ef950c3137b7,55f391a4-d07a-45b4-8afa-98137daa0333,e867b5d8-b9ef-4bdf-9e7c-6cf05c212a4a,CC_BY,PROTECTED,True,True,True,True,False,GLOBAL,ALL,2010-01-01,2099-12-31,FMA CC License,https://creativecommons.org/licenses/by/4.0/,2026-08-26T07:17:53.483314
d045dc8f-97ff-4142-acb8-0c4d468b7820,2a64a552-6fe4-4ba5-a842-75c1172c80ee,ecc1286e-ebb3-4a05-b83f-8997d4f727e5,CC_BY,PROTECTED,True,True,True,True,False,GLOBAL,ALL,2010-01-01,2099-12-31,FMA CC License,https://creativecommons.org/licenses/by/4.0/,2026-08-26T07:17:53.483314
cbc74d11-03d6-4c38-9d0a-942b4af71d16,97cce9ea-227b-4520-a2ad-9425eb9ea468,9d1edfa5-e330-4887-ae00-64e23039f8be,CC_BY,PROTECTED,True,True,True,True,False,GLOBAL,ALL,2010-01-01,2099-12-31,FMA CC License,https://creativecommons.org/licenses/by/4.0/,2026-08-26T07:17:53.483314
115b956a-3f3f-45ad-8358-f9bb1ffc99e7,a86ac42f-e8ec-44f6-8139-d5571686b5ed,2e25f991-9a60-4c25-9eb7-ae44999f750f,CC_BY,PROTECTED,True,True,True,True,False,GLOBAL,ALL,2010-01-01,2099-12-31,FMA CC License,https://creativecommons.org/licenses/by/4.0/,2026-08-26T07:17:53.483314
2139ef45-762d-4fde-b247-a6f8103b93e4,285e1743-3b86-4c22-a874-3a0245bd6708,c9faf0fb-cd37-49b1-9ce6-7e3a8d78d2be,CC_BY,PROTECTED,True,True,True,True,False,GLOBAL,ALL,2010-01-01,2099-12-31,FMA CC License,https://creativecommons.org/licenses/by/4.0/,2026-08-26T07:17:53.483314
588ed278-3f21-4184-b6aa-292765fdcc50,b24b681a-bedc-41c6-9292-a70c50596e46,9ccb8cc6-b4a8-41d2-b057-05964b50cf35,CC_BY,PROTECTED,True,True,True,True,False,GLOBAL,ALL,2010-01-01,2099-12-31,FMA CC License,https://creativecommons.org/licenses/by/4.0/,2026-08-26T07:17:53.483314
6a9b4098-25b3-459c-9714-6e59be6bfdff,e15031fa-81e7-4a49-870b-da647c4371fa,776f397b-7de1-4bfd-9f5e-b8eb8d284dd9,CC_BY,PROTECTED,True,True,True,True,False,GLOBAL,ALL,2010-01-01,2099-12-31,FMA CC License,https://creativecommons.org/licenses/by/4.0/,2026-08-26T07:17:53.483314
3e907347-40a8-4156-a50d-af908a2cb84b,56a14e6e-7c4d-44bf-812b-da11388eaab4,83a21e68-43a3-4b5e-b8e4-722df149ead4,CC_BY,PROTECTED,True,True,True,True,False,GLOBAL,ALL,2010-01-01,2099-12-31,FMA CC License,https://creativecommons.org/licenses/by/4.0/,2026-08-26T07:17:53.483314
d1571863-1417-49d2-82aa-c8b4acf4fdda,49edd81e-5eb9-4943-967f-715aa8146ed6,efabd9b8-0f3a-473c-a9d9-d65058a61b76,CC_BY,PROTECTED,True,True,True,True,False,GLOBAL,ALL,2010-01-01,2099-12-31,FMA CC License,https://creativecommons.org/licenses/by/4.0/,2026-08-26T07:17:53.483314
d3e1a45e-2bb7-4120-87ff-af7bf85a558b,37d76307-004b-453f-9904-9a55d09c76c0,de8f3e5f-eb03-44fa-9921-ab48d6b238d4,CC_BY,PROTECTED,True,True,True,True,False,GLOBAL,ALL,2010-01-01,2099-12-31,FMA CC License,https://creativecommons.org/licenses/by/4.0/,2026-08-26T07:17:53.483314
d9ac761e-b929-4289-b983-067f2dbca0a5,d7e596e6-9bbf-4a19-9445-1a6506df5145,441156b8-7ad9-47ed-810e-bb3d90455f61,CC_BY,PROTECTED,True,True,True,True,False,GLOBAL,ALL,2010-01-01,2099-12-31,FMA CC License,https://creativecommons.org/licenses/by/4.0/,2026-08-26T07:17:53.483314
def1134f-9c22-4e62-b84e-1a5079c9ff2c,012433da-1dc3-4407-a226-996aed2c88ac,eced084b-05b7-4761-b5db-c4f5a5b2bb67,CC_BY,PROTECTED,True,True,True,True,False,GLOBAL,ALL,2010-01-01,2099-12-31,FMA CC License,https://creativecommons.org/licenses/by/4.0/,2026-08-26T07:17:53.483314
8abbfbe3-889d-4505-9ac0-5a058df51baa,f3904e56-1014-4ea7-abf0-77d869f08004,6da08b60-aa81-45d1-a895-f5cd84a73c4b,CC_BY,PROTECTED,True,True,True,True,False,GLOBAL,ALL,2010-01-01,2099-12-31,FMA CC License,https://creativecommons.org/licenses/by/4.0/,2026-08-26T07:17:53.483314
ce5a65f8-111f-440b-884a-a47abb6e6e10,9a5b7b2b-1fc0-4cb9-a3f2-1631cd76a78d,81f83726-8d0f-4099-9880-37d8b788c337,CC_BY,PROTECTED,True,True,True,True,False,GLOBAL,ALL,2010-01-01,2099-12-31,FMA CC License,https://creativecommons.org/licenses/by/4.0/,2026-08-26T07:17:53.483314
67f7559c-cf03-4b1b-af27-6f4829f7f52b,559e56bf-616b-451b-81a4-00567945da67,92e0b482-d0e5-4468-b0d6-1a02a7755fce,CC_BY,PROTECTED,True,True,True,True,False,GLOBAL,ALL,2010-01-01,2099-12-31,FMA CC License,https://creativecommons.org/licenses/by/4.0/,2026-08-26T07:17:53.483314
8b1d775b-d609-4d55-8911-82615091232b,c00dff44-c34b-4a9e-8194-f108452ce56c,05c1c6ff-ec36-4251-ba98-d102433470fd,CC_BY,PROTECTED,True,True,True,True,False,GLOBAL,ALL,2010-01-01,2099-12-31,FMA CC License,https://creativecommons.org/licenses/by/4.0/,2026-08-26T07:17:53.483314
b7968f3c-dce3-4837-b6e1-9952aa0168a0,9eb4a481-c4d9-4a4f-99df-1a2adb75652e,208be310-97cc-41ba-85b0-3dcacadfbcab,CC_BY,PROTECTED,True,True,True,True,False,GLOBAL,ALL,2010-01-01,2099-12-31,FMA CC License,https://creativecommons.org/licenses/by/4.0/,2026-08-26T07:17:53.483314
173dd37e-e1ae-4eee-9d72-3d4c8802e611,819c4582-90f2-4aca-a531-b4fcfce3c41b,c0eaa96b-dfac-4386-86e7-7bf5bc4f3f38,CC_BY,PROTECTED,True,True,True,True,False,GLOBAL,ALL,2010-01-01,2099-12-31,FMA CC License,https://creativecommons.org/licenses/by/4.0/,2026-08-26T07:17:53.483314
42cec68d-3cd2-490b-b3e8-4e2b3c121ff9,1a3c16b0-e2c6-46cc-aa97-17be23cdd560,c5c07cdb-ff7b-40b6-9c38-4da2d39a51a8,CC_BY,PROTECTED,True,True,True,True,False,GLOBAL,ALL,2010-01-01,2099-12-31,FMA CC License,https://creativecommons.org/licenses/by/4.0/,2026-08-26T07:17:53.483314
af732021-5079-4145-bec5-dfe67b269c29,3202efe7-0f3d-4349-bc10-5d6a7264ccf6,74414589-ec26-4687-98f7-4e8b30bb48fd,CC_BY,PROTECTED,True,True,True,True,False,GLOBAL,ALL,2010-01-01,2099-12-31,FMA CC License,https://creativecommons.org/licenses/by/4.0/,2026-08-26T07:17:53.483314
fbf790dd-570c-412d-ac12-fcb6cc5f0ac5,2da8e42f-a576-49df-a083-422288e8a9ac,4d56282d-ad7d-49b1-8881-e89cee113551,CC_BY,PROTECTED,True,True,True,True,False,GLOBAL,ALL,2010-01-01,2099-12-31,FMA CC License,https://creativecommons.org/licenses/by/4.0/,2026-08-26T07:17:53.483314
3ea5c0a2-4f6a-4a37-b69d-1e5976ab48ea,c9243efd-d206-48be-89f0-6337f62d06ce,079bf30f-4d96-46e6-af39-d5ec2a5d535c,CC_BY,PROTECTED,True,True,True,True,False,GLOBAL,ALL,2010-01-01,2099-12-31,FMA CC License,https://creativecommons.org/licenses/by/4.0/,2026-08-26T07:17:53.483314
5e542eaa-a4c4-4832-941e-b2b689438c2a,aac65308-75dd-4575-a149-461430caa5d1,0d8eb245-826a-4a0b-9921-3b4c4b4b4329,CC_BY,PROTECTED,True,True,True,True,False,GLOBAL,ALL,2010-01-01,2099-12-31,FMA CC License,https://creativecommons.org/licenses/by/4.0/,2026-08-26T07:17:53.483314
d0227b5f-d2f9-40f9-b1dc-06b2451dc833,c80f913d-3bc7-4c70-ad66-329dc1146d31,19516e95-141d-4349-b0cf-4857bfe19e1c,CC_BY,PROTECTED,True,True,True,True,False,GLOBAL,ALL,2010-01-01,2099-12-31,FMA CC License,https://creativecommons.org/licenses/by/4.0/,2026-08-26T07:17:53.483314
3f44d1cd-1ec6-4219-b003-1e688aec0376,c6498b26-2462-4d14-a61b-ec49e7deab24,76cb196c-872e-4476-9de8-9b1ab123e81c,CC_BY,PROTECTED,True,True,True,True,False,GLOBAL,ALL,2010-01-01,2099-12-31,FMA CC License,https://creativecommons.org/licenses/by/4.0/,2026-08-26T07:17:53.483314
20321186-7d14-460d-af92-233cbca13a78,4a40020e-a6e2-45c2-99b8-53c5db263728,8d93d0a7-d1fb-4ada-b4b5-3afdc882fdf4,CC_BY,PROTECTED,True,True,True,True,False,GLOBAL,ALL,2010-01-01,2099-12-31,FMA CC License,https://creativecommons.org/licenses/by/4.0/,2026-08-26T07:17:53.483314
9e084e12-c984-4130-b2d0-b56ee83a486d,f85fa1ef-9390-43ae-8c39-5c345d85d4d0,61eb7724-d99a-43b0-8fe2-2bbff7d237f9,CC_BY,PROTECTED,True,True,True,True,False,GLOBAL,ALL,2010-01-01,2099-12-31,FMA CC License,https://creativecommons.org/licenses/by/4.0/,2026-08-26T07:17:53.483314
6068e8d7-5ad4-4903-bc43-ee8801db0f1c,e6352c3f-e95f-4662-8c93-e60a1417b2e1,d5a59724-d7ed-4e26-9ad3-a0a002f38f64,CC_BY,PROTECTED,True,True,True,True,False,GLOBAL,ALL,2010-01-01,2099-12-31,FMA CC License,https://creativecommons.org/licenses/by/4.0/,2026-08-26T07:17:53.483314
454e8f1b-0776-481f-9503-53c2107fa8ec,6d70c51d-ee18-495a-9101-1a3911aa760a,dc3be3c0-aa21-4ac8-94ab-a80e2c529265,CC_BY,PROTECTED,True,True,True,True,False,GLOBAL,ALL,2010-01-01,2099-12-31,FMA CC License,https://creativecommons.org/licenses/by/4.0/,2026-08-26T07:17:53.483314
756bebce-424a-48ac-b258-5c305da04bec,0e856a6c-5bb0-4049-a45f-66739f9417bf,e91788fe-1b53-45ea-b5a1-cfffc3206269,CC_BY,PROTECTED,True,True,True,True,False,GLOBAL,ALL,2010-01-01,2099-12-31,FMA CC License,https://creativecommons.org/licenses/by/4.0/,2026-08-26T07:17:53.483314
4aad99ed-f666-4ef8-b9e3-38096b9d194c,3bd40b45-5249-4969-9a5f-eedce18014aa,24c48cb1-706c-469b-9f5a-82c2ccb7327c,CC_BY,PROTECTED,True,True,True,True,False,GLOBAL,ALL,2010-01-01,2099-12-31,FMA CC License,https://creativecommons.org/licenses/by/4.0/,2026-08-26T07:17:53.483314
032a4084-35ce-48ad-87da-2db9d32979cc,70fdc231-2916-4c4d-b44f-140f56ea50ae,9e6d8f20-7f41-4263-afe9-6a098ec141b2,CC_BY,PROTECTED,True,True,True,True,False,GLOBAL,ALL,2010-01-01,2099-12-31,FMA CC License,https://creativecommons.org/licenses/by/4.0/,2026-08-26T07:17:53.483314
217cac93-397e-4c18-a27a-5f4b313d6509,3d4d62ae-47de-49c2-b64f-42352ab14401,ec9f35bc-a145-46c2-8f7d-734d2736d70b,CC_BY,PROTECTED,True,True,True,True,False,GLOBAL,ALL,2010-01-01,2099-12-31,FMA CC License,https://creativecommons.org/licenses/by/4.0/,2026-08-26T07:17:53.483314
f89cbdbe-ede8-4002-915b-a2090a2bbde9,352d964e-5681-4fc5-9b19-b05f44484ebb,1802d24d-75c5-4bb9-b6b7-1d9022c2e8f8,CC_BY,PROTECTED,True,True,True,True,False,GLOBAL,ALL,2010-01-01,2099-12-31,FMA CC License,https://creativecommons.org/licenses/by/4.0/,2026-08-26T07:17:53.483314
ae882529-0bf6-46ab-a56e-688aa0829751,98ac85f9-70be-4e61-a3ff-0b682e4f9fca,41a9a65f-b649-45c9-bc1b-980295e5f5ba,CC_BY,PROTECTED,True,True,True,True,False,GLOBAL,ALL,2010-01-01,2099-12-31,FMA CC License,https://creativecommons.org/licenses/by/4.0/,2026-08-26T07:17:53.483314
1ec21c60-be75-4bfe-9d8e-17046189cec1,269ea282-363b-4270-937c-4512770dcc0e,fc7fb98c-46b8-4981-9e6b-26b372ab2427,CC_BY,PROTECTED,True,True,True,True,False,GLOBAL,ALL,2010-01-01,2099-12-31,FMA CC License,https://creativecommons.org/licenses/by/4.0/,2026-08-26T07:17:53.483314
170ee161-c7e3-4b07-9834-c741c04f2c22,c132ff82-4f4d-480d-bd2f-e7c83c5e77aa,abae336c-abb3-4f47-b8e1-b1da31088091,CC_BY,PROTECTED,True,True,True,True,False,GLOBAL,ALL,2010-01-01,2099-12-31,FMA CC License,https://creativecommons.org/licenses/by/4.0/,2026-08-26T07:17:53.483314
53914fcc-8294-4364-b2f9-8f268fed96cd,f61787df-2ccf-4a4e-ad5d-7df0ca12b212,fa93063c-33a3-4429-8c27-1365af4fdf6f,CC_BY,PROTECTED,True,True,True,True,False,GLOBAL,ALL,2010-01-01,2099-12-31,FMA CC License,https://creativecommons.org/licenses/by/4.0/,2026-08-26T07:17:53.483314
9ee2613a-7b3c-4651-8e22-5e1e3d929689,deaeeb99-6cea-43c6-b4a4-af2258ace447,16d03607-d77d-41a3-8d1e-2d0bfa3f5715,CC_BY,PROTECTED,True,True,True,True,False,GLOBAL,ALL,2010-01-01,2099-12-31,FMA CC License,https://creativecommons.org/licenses/by/4.0/,2026-08-26T07:17:53.483314
a66a812b-263c-42c2-b780-c1709127a922,0288078e-9ce9-42d1-ac9d-22c57c9ade8d,fab5bde4-f6ec-4f59-811e-15be16c6fe46,CC_BY,PROTECTED,True,True,True,True,False,GLOBAL,ALL,2010-01-01,2099-12-31,FMA CC License,https://creativecommons.org/licenses/by/4.0/,2026-08-26T07:17:53.483314
785a6624-5ac0-40fb-a796-a5c36cf7db98,30d93505-ae16-4d78-84ef-d7fcaebbd7fd,7001fcf4-42e7-43c4-811f-54639f005639,CC_BY,PROTECTED,True,True,True,True,False,GLOBAL,ALL,2010-01-01,2099-12-31,FMA CC License,https://creativecommons.org/licenses/by/4.0/,2026-08-26T07:17:53.483314
341968ad-e7bf-4c6d-ac78-3087e5fd24c7,d00c3080-9236-4dd8-b8cf-14526ed2d569,e2439b44-f61a-4034-aed3-cf2b29763672,CC_BY,PROTECTED,True,True,True,True,False,GLOBAL,ALL,2010-01-01,2099-12-31,FMA CC License,https://creativecommons.org/licenses/by/4.0/,2026-08-26T07:17:53.483314
ae7d9dfd-3c05-4e99-b69e-6c622997dc37,856511be-d65d-49df-9b5d-24694e7f096d,06eccc6c-0f5d-417c-9cb9-f08156794302,CC_BY,PROTECTED,True,True,True,True,False,GLOBAL,ALL,2010-01-01,2099-12-31,FMA CC License,https://creativecommons.org/licenses/by/4.0/,2026-08-26T07:17:53.483314
2f7c00ff-0f76-4e25-8ece-f5fca545360f,c5479924-8dfb-4e42-8343-c7f54b1b3eaa,689c36c6-c3b9-499a-8e7e-a90029f616d8,CC_BY,PROTECTED,True,True,True,True,False,GLOBAL,ALL,2010-01-01,2099-12-31,FMA CC License,https://creativecommons.org/licenses/by/4.0/,2026-08-26T07:17:53.483314
30c0a2a6-88fd-4398-a76a-7400226c0487,b6002e2a-5aa9-4a35-b898-d3199040072c,db3c05a6-7367-4d1a-b03f-f4aad2c51926,CC_BY,PROTECTED,True,True,True,True,False,GLOBAL,ALL,2010-01-01,2099-12-31,FMA CC License,https://creativecommons.org/licenses/by/4.0/,2026-08-26T07:17:53.483314
62f03600-74dd-486e-a0b3-61b5f8c572d5,13080999-a736-45b6-b2d4-08d0fa6f4421,c049ac20-dc7b-41b8-b5da-f7353ff3e023,CC_BY,PROTECTED,True,True,True,True,False,GLOBAL,ALL,2010-01-01,2099-12-31,FMA CC License,https://creativecommons.org/licenses/by/4.0/,2026-08-26T07:17:53.483314
d8658a7d-3d7e-47b9-a8ae-1bdc6bcd410a,41dbe70e-b00f-491c-8850-bb36773ed960,cca9771b-2d87-4cb8-9d11-9fb6cf482d98,CC_BY,PROTECTED,True,True,True,True,False,GLOBAL,ALL,2010-01-01,2099-12-31,FMA CC License,https://creativecommons.org/licenses/by/4.0/,2026-08-26T07:17:53.483314
f89172b2-8934-4ad3-aa83-ee51c6036fff,5a00108f-4e71-4955-9915-a30d03786375,1a3a5842-826e-40e9-90ec-cc893a37b37f,CC_BY,PROTECTED,True,True,True,True,False,GLOBAL,ALL,2010-01-01,2099-12-31,FMA CC License,https://creativecommons.org/licenses/by/4.0/,2026-08-26T07:17:53.483314
e35135b9-0cd0-49b8-b2b9-0f47ff2ff94f,bec2e6ab-8d8c-4871-9635-fc6170024f9b,6d7093bf-b5df-4b6d-aed1-9fcfbe5b3fbc,CC_BY,PROTECTED,True,True,True,True,False,GLOBAL,ALL,2010-01-01,2099-12-31,FMA CC License,https://creativecommons.org/licenses/by/4.0/,2026-08-26T07:17:53.483314
f09ead56-1b33-4557-bac2-ab382d60272c,ddbe874f-4494-407c-804b-8c561266c8b6,0fe6b745-c058-47d9-99a8-beb3087a8073,CC_BY,PROTECTED,True,True,True,True,False,GLOBAL,ALL,2010-01-01,2099-12-31,FMA CC License,https://creativecommons.org/licenses/by/4.0/,2026-08-26T07:17:53.483314
dd99d225-552c-4ddb-9216-2c71813f0644,1805c402-54ec-474f-882a-67236bdc126b,6dc4d4f5-cebf-4cbb-8224-955e8328f503,CC_BY,PROTECTED,True,True,True,True,False,GLOBAL,ALL,2010-01-01,2099-12-31,FMA CC License,https://creativecommons.org/licenses/by/4.0/,2026-08-26T07:17:53.483314
8f048417-0346-4bba-8ff0-12c28e07c744,bccacf59-3b45-45ba-8d47-c5d08e9e2b5c,3899822e-848a-4526-9f44-70d78e7848c9,CC_BY,PROTECTED,True,True,True,True,False,GLOBAL,ALL,2010-01-01,2099-12-31,FMA CC License,https://creativecommons.org/licenses/by/4.0/,2026-08-26T07:17:53.483314
a8e280fb-0860-47e6-82f9-f5d8a9fb3d9c,a53c316b-f0ad-4424-b548-dc5579835c3a,6dd8f0a6-677c-4fc8-8364-03d548081890,CC_BY,PROTECTED,True,True,True,True,False,GLOBAL,ALL,2010-01-01,2099-12-31,FMA CC License,https://creativecommons.org/licenses/by/4.0/,2026-08-26T07:17:53.483314
195ef79c-78d3-4872-9637-99b35beacd27,1f9783c2-ca29-44a0-9eed-8698ccef1918,06c5cb19-507b-4dce-982e-3a2f0150cfad,CC_BY,PROTECTED,True,True,True,True,False,GLOBAL,ALL,2010-01-01,2099-12-31,FMA CC License,https://creativecommons.org/licenses/by/4.0/,2026-08-26T07:17:53.483314
893c20fa-eaa9-4182-8498-cf1ac43145e9,1f7dc25a-98f1-44fd-9359-f6ebca231186,5bd63f60-2f62-4c4d-9c2f-e0aafb3c1715,CC_BY,PROTECTED,True,True,True,True,False,GLOBAL,ALL,2010-01-01,2099-12-31,FMA CC License,https://creativecommons.org/licenses/by/4.0/,2026-08-26T07:17:53.483314
895c6c1b-7529-4e1b-9010-e866c956c8bf,15145f41-3932-4816-9cd9-6dcedaa82730,63eea55e-8b7c-4f0b-835b-b0eb034c3a25,CC_BY,PROTECTED,True,True,True,True,False,GLOBAL,ALL,2010-01-01,2099-12-31,FMA CC License,https://creativecommons.org/licenses/by/4.0/,2026-08-26T07:17:53.483314
b4ea094f-65b5-4b39-bea6-da2e438f48f1,849ab96d-b97c-4adb-b354-f5833033375b,64ad1934-54e1-43c9-8a5a-d6cbeaa0961e,CC_BY,PROTECTED,True,True,True,True,False,GLOBAL,ALL,2010-01-01,2099-12-31,FMA CC License,https://creativecommons.org/licenses/by/4.0/,2026-08-26T07:17:53.483314
9d4bc2d1-cd65-4cdb-925a-fa8260fea719,4aee8457-1578-48af-8999-bd81f21fcde5,10cb1ab4-7e5a-4f9f-8b7c-903ec1621b40,CC_BY,PROTECTED,True,True,True,True,False,GLOBAL,ALL,2010-01-01,2099-12-31,FMA CC License,https://creativecommons.org/licenses/by/4.0/,2026-08-26T07:17:53.483314
42f8952e-a16d-4e11-bf7e-ebf96640f4be,24e34811-511e-4db3-8db0-2b6f80ff23fb,a7ddfdbe-7f61-4dbd-9401-d5844f036c59,CC_BY,PROTECTED,True,True,True,True,False,GLOBAL,ALL,2010-01-01,2099-12-31,FMA CC License,https://creativecommons.org/licenses/by/4.0/,2026-08-26T07:17:53.483314
86eecaa3-5805-44f9-9464-4ebe4b1ff16d,26b085b7-ac18-4729-9e5f-6d0c3b0034fb,e7eee060-f462-4442-b899-ad9484d432c6,CC_BY,PROTECTED,True,True,True,True,False,GLOBAL,ALL,2010-01-01,2099-12-31,FMA CC License,https://creativecommons.org/licenses/by/4.0/,2026-08-26T07:17:53.483314
db4c8c55-8617-4c45-9c28-cc4acf282558,a3adf68f-3342-48ae-a86c-58709104c19d,76c37c8c-3edd-49dd-8e2c-a4621a5e0e62,CC_BY,PROTECTED,True,True,True,True,False,GLOBAL,ALL,2010-01-01,2099-12-31,FMA CC License,https://creativecommons.org/licenses/by/4.0/,2026-08-26T07:17:53.483314
b88bf8fc-a1fa-475e-8ffe-9a2b3fb9cdc6,fe11e34f-f67b-4ce0-8599-6421cf6b0d3e,b13819b9-59e3-4af5-99a9-d75e646b6adc,CC_BY,PROTECTED,True,True,True,True,False,GLOBAL,ALL,2010-01-01,2099-12-31,FMA CC License,https://creativecommons.org/licenses/by/4.0/,2026-08-26T07:17:53.483314
f4e5f339-b0d0-42e3-b008-4f81532a5027,5e7312d0-3e00-418f-aacd-42f695510a4a,a7d5a35f-6059-419b-ab14-8960596ab986,CC_BY,PROTECTED,True,True,True,True,False,GLOBAL,ALL,2010-01-01,2099-12-31,FMA CC License,https://creativecommons.org/licenses/by/4.0/,2026-08-26T07:17:53.483314
dc15ce5a-7951-45de-9f6e-dbe00aef2435,398e2f07-67f7-4a6c-97f7-bf28d64289f9,80ecb65d-a20c-481c-bf92-a898564ca8a9,CC_BY,PROTECTED,True,True,True,True,False,GLOBAL,ALL,2010-01-01,2099-12-31,FMA CC License,https://creativecommons.org/licenses/by/4.0/,2026-08-26T07:17:53.483314
db19215c-e082-4ffb-9eaf-db744a0ed2c0,b1a25822-42f0-45cb-92e5-eae8ee9d5461,b3203c83-d07d-4e03-b640-a876dc6fa345,CC_BY,PROTECTED,True,True,True,True,False,GLOBAL,ALL,2010-01-01,2099-12-31,FMA CC License,https://creativecommons.org/licenses/by/4.0/,2026-08-26T07:17:53.483314
1c293aca-f496-4cdf-b6d8-4d0d336bb0fa,35267ea5-f878-4b8e-b273-e610aa6e0ff2,d348db02-c651-4660-855f-b7d774b6f3bc,CC_BY,PROTECTED,True,True,True,True,False,GLOBAL,ALL,2010-01-01,2099-12-31,FMA CC License,https://creativecommons.org/licenses/by/4.0/,2026-08-26T07:17:53.483314
353869e7-fa7d-459c-aa85-001f256fac60,8d9642c5-3043-48b2-8160-4ac018092ee7,2d510e94-cd10-44c5-a3b9-670c3f60b4a2,CC_BY,PROTECTED,True,True,True,True,False,GLOBAL,ALL,2010-01-01,2099-12-31,FMA CC License,https://creativecommons.org/licenses/by/4.0/,2026-08-26T07:17:53.483314
bd982cb5-aac7-4e85-a2d8-1c1b740a59db,a87020e9-0049-4894-8831-fcc8210ee599,2680113b-03bc-4b9c-a336-1ef63cb3ed48,CC_BY,PROTECTED,True,True,True,True,False,GLOBAL,ALL,2010-01-01,2099-12-31,FMA CC License,https://creativecommons.org/licenses/by/4.0/,2026-08-26T07:17:53.483314
fc432fa9-09b8-438d-bd26-5f13e26062fb,ce74f631-be6f-470d-a28d-4159fd1dce43,23f0c28b-84dc-42e3-b1c2-1f54e5281107,CC_BY,PROTECTED,True,True,True,True,False,GLOBAL,ALL,2010-01-01,2099-12-31,FMA CC License,https://creativecommons.org/licenses/by/4.0/,2026-08-26T07:17:53.483314
99a52d7b-b9b4-4c4f-bed0-012af31284f2,3a597849-d258-4bb1-a903-995943f5b88b,9637f872-8028-40de-9e94-5150ec073940,CC_BY,PROTECTED,True,True,True,True,False,GLOBAL,ALL,2010-01-01,2099-12-31,FMA CC License,https://creativecommons.org/licenses/by/4.0/,2026-08-26T07:17:53.483314
8c8ab5a6-b866-46e7-90f3-d48e5a420738,cd3ee144-342e-4026-87de-ca5446cce212,f4e58ae3-b328-4781-af6e-24842958cf3a,CC_BY,PROTECTED,True,True,True,True,False,GLOBAL,ALL,2010-01-01,2099-12-31,FMA CC License,https://creativecommons.org/licenses/by/4.0/,2026-08-26T07:17:53.483314
f5101ad8-389b-413a-909b-0f2d07c8870f,7d42e5f7-c2dd-44bb-8afb-da177ae28ea8,d1b8a911-2e09-481b-b876-8e98bcdf1bde,CC_BY,PROTECTED,True,True,True,True,False,GLOBAL,ALL,2010-01-01,2099-12-31,FMA CC License,https://creativecommons.org/licenses/by/4.0/,2026-08-26T07:17:53.483314
f02898d5-3292-4e3a-b774-30a3167bb5cb,a8f7db8b-2371-4f0c-8c49-25c326caba08,dec2f74d-c86c-4dc5-bc64-667251e5d2b8,CC_BY,PROTECTED,True,True,True,True,False,GLOBAL,ALL,2010-01-01,2099-12-31,FMA CC License,https://creativecommons.org/licenses/by/4.0/,2026-08-26T07:17:53.483314
983ceef4-e344-4620-95b3-ed401144baa6,d986d905-ad46-482e-b7fd-dc4f047d0d18,0f749730-561f-4e5c-8fde-5a3e417f9c03,CC_BY,PROTECTED,True,True,True,True,False,GLOBAL,ALL,2010-01-01,2099-12-31,FMA CC License,https://creativecommons.org/licenses/by/4.0/,2026-08-26T07:17:53.483314
44e30fba-6089-4968-9d5d-e01996ac0a67,f973d212-ca59-41e7-af4a-e05065a20c89,be15998e-2706-4384-95fe-c56bee24517b,CC_BY,PROTECTED,True,True,True,True,False,GLOBAL,ALL,2010-01-01,2099-12-31,FMA CC License,https://creativecommons.org/licenses/by/4.0/,2026-08-26T07:17:53.483314
cca4fd44-00e4-4981-8f2e-b3905dcaaace,83522261-0a09-4c26-9c4e-ef5117d5d426,aa24e145-fd87-401c-b76e-f1bee19fec00,CC_BY,PROTECTED,True,True,True,True,False,GLOBAL,ALL,2010-01-01,2099-12-31,FMA CC License,https://creativecommons.org/licenses/by/4.0/,2026-08-26T07:17:53.483314
2b1c3591-3551-4526-8e04-64fd28cd04d3,92952f00-12e3-4365-873e-4ab08a34429d,6dd1d5b4-a62a-4a03-b9cc-02202745222a,CC_BY,PROTECTED,True,True,True,True,False,GLOBAL,ALL,2010-01-01,2099-12-31,FMA CC License,https://creativecommons.org/licenses/by/4.0/,2026-08-26T07:17:53.483314
a7363a5f-56e9-40b2-a627-cb53d324af63,35f2d6d7-e65f-4d55-b1ca-9cdc810780a3,f455a984-7b2e-44b1-b3c5-6df1259854b1,CC_BY,PROTECTED,True,True,True,True,False,GLOBAL,ALL,2010-01-01,2099-12-31,FMA CC License,https://creativecommons.org/licenses/by/4.0/,2026-08-26T07:17:53.483314
266cc211-0af6-4635-a83b-a81338f647cc,4df2cde4-3e42-4187-95c2-53c93e2a5fae,e550ef84-7f53-47c2-990b-1043a66eeb8c,CC_BY,PROTECTED,True,True,True,True,False,GLOBAL,ALL,2010-01-01,2099-12-31,FMA CC License,https://creativecommons.org/licenses/by/4.0/,2026-08-26T07:17:53.483314
b2db3c45-fc20-4cc0-9a07-7aad27dcff5d,f3b8cdf7-210c-460e-9d70-649a7cc38f7c,2da0522b-9d81-465c-889f-6202dc4efa74,CC_BY,PROTECTED,True,True,True,True,False,GLOBAL,ALL,2010-01-01,2099-12-31,FMA CC License,https://creativecommons.org/licenses/by/4.0/,2026-08-26T07:17:53.483314
8bd1264d-c838-4490-838a-46102e58769c,abab0bdc-b1b6-467c-adc9-b7c6b32688f0,e96e86be-0be7-4bde-a89f-9a1d4f0e490b,CC_BY,PROTECTED,True,True,True,True,False,GLOBAL,ALL,2010-01-01,2099-12-31,FMA CC License,https://creativecommons.org/licenses/by/4.0/,2026-08-26T07:17:53.483314
20b0882d-43fa-4e64-8fc9-037124f28701,ec9634fb-7c21-45d2-b26d-614bcab98ee8,6e3b6118-be70-4045-8106-ae5b5b8f571a,CC_BY,PROTECTED,True,True,True,True,False,GLOBAL,ALL,2010-01-01,2099-12-31,FMA CC License,https://creativecommons.org/licenses/by/4.0/,2026-08-26T07:17:53.483314
858a2790-4335-4648-ba58-7ed52947baf5,e90c7277-ec68-42cf-b127-6a55116cc7f7,abaf4e83-d290-4d8a-b270-1dca6b55a258,CC_BY,PROTECTED,True,True,True,True,False,GLOBAL,ALL,2010-01-01,2099-12-31,FMA CC License,https://creativecommons.org/licenses/by/4.0/,2026-08-26T07:17:53.483314
593d2e92-9fe5-4a0d-81a3-b28541944a2d,e70ab947-d357-48de-b6bf-19dc255490e8,d279261a-4b64-42a4-b41e-76dce34954ce,CC_BY,PROTECTED,True,True,True,True,False,GLOBAL,ALL,2010-01-01,2099-12-31,FMA CC License,https://creativecommons.org/licenses/by/4.0/,2026-08-26T07:17:53.483314
8cdf9ba2-d6c7-4c7d-8972-8d007f4031ce,746ad5f0-5574-4059-adff-22848b789eda,7ffadcf1-699a-4179-8ad5-018ca0631a47,CC_BY,PROTECTED,True,True,True,True,False,GLOBAL,ALL,2010-01-01,2099-12-31,FMA CC License,https://creativecommons.org/licenses/by/4.0/,2026-08-26T07:17:53.483314
b37aba0c-aa8c-4f98-8996-ddeb0b7f5897,aeb65c06-56dd-4af3-a7cf-43f6d30318f5,c073fe12-3f99-4019-b23b-6ed1bbc9b679,CC_BY,PROTECTED,True,True,True,True,False,GLOBAL,ALL,2010-01-01,2099-12-31,FMA CC License,https://creativecommons.org/licenses/by/4.0/,2026-08-26T07:17:53.483314
f617c49d-9a04-4bd4-b2cc-c3707ee94e68,b6e95e62-cb89-4323-ac5b-e56cce7a52ce,96825dc3-39e2-4712-875f-7e11a8e706d3,CC_BY,PROTECTED,True,True,True,True,False,GLOBAL,ALL,2010-01-01,2099-12-31,FMA CC License,https://creativecommons.org/licenses/by/4.0/,2026-08-26T07:17:53.483314
14626c58-d977-40e8-a503-ebb70a2542f1,5ecf21cf-5593-4728-9a75-fd57c2b20806,cbe2527f-ea0d-4d67-afe1-68963c55b593,CC_BY,PROTECTED,True,True,True,True,False,GLOBAL,ALL,2010-01-01,2099-12-31,FMA CC License,https://creativecommons.org/licenses/by/4.0/,2026-08-26T07:17:53.483314
7e50165f-703d-4542-800f-764f607b5a5f,489988da-ae3e-4908-947d-0e2b95dd9904,a8374d6d-4bba-41ae-b727-443a6278a761,CC_BY,PROTECTED,True,True,True,True,False,GLOBAL,ALL,2010-01-01,2099-12-31,FMA CC License,https://creativecommons.org/licenses/by/4.0/,2026-08-26T07:17:53.483314
0b681937-3ba7-40b3-b3c3-a96e35137cae,2963ba50-e892-45e0-8758-bbdff7c2471f,e980e1c8-a73a-4035-867e-524c0e4b432c,CC_BY,PROTECTED,True,True,True,True,False,GLOBAL,ALL,2010-01-01,2099-12-31,FMA CC License,https://creativecommons.org/licenses/by/4.0/,2026-08-26T07:17:53.483314
5f78d4b6-cb43-4027-9cd1-407ae10be466,1f36c0c2-4c3f-4ed8-9a0c-360b8c7b3756,fc398e37-599e-41c4-af96-d9d66a7bee38,CC_BY,PROTECTED,True,True,True,True,False,GLOBAL,ALL,2010-01-01,2099-12-31,FMA CC License,https://creativecommons.org/licenses/by/4.0/,2026-08-26T07:17:53.483314
7867c22c-4005-4b1d-8a41-c9d218b685b0,6a1bd420-7c11-4211-aca2-f2516ef49122,10dd1e5d-2e73-4f57-a69b-922b01c6b549,CC_BY,PROTECTED,True,True,True,True,False,GLOBAL,ALL,2010-01-01,2099-12-31,FMA CC License,https://creativecommons.org/licenses/by/4.0/,2026-08-26T07:17:53.483314
e67ca66c-1774-4036-8bfd-220aa924d349,f31924f7-aa2d-4594-af5a-22e5d903de28,ccc3874f-b216-43b9-87da-3fdfc6845bf4,CC_BY,PROTECTED,True,True,True,True,False,GLOBAL,ALL,2010-01-01,2099-12-31,FMA CC License,https://creativecommons.org/licenses/by/4.0/,2026-08-26T07:17:53.483314
52ae001c-4904-4b30-bffb-3eac78d8e1c4,0acfe3d4-c948-428b-92c5-f2c7cda63bd9,e08e8e3e-d9fc-4fc4-a95c-9788399ca4b2,CC_BY,PROTECTED,True,True,True,True,False,GLOBAL,ALL,2010-01-01,2099-12-31,FMA CC License,https://creativecommons.org/licenses/by/4.0/,2026-08-26T07:17:53.483314
5457263d-c10b-4de4-91b0-a0e3eeca041a,a72b877c-dd1b-45e9-a39f-3f4e5f25b322,8d51cbc5-b0bf-4db8-9f2f-ada62fbd6973,CC_BY,PROTECTED,True,True,True,True,False,GLOBAL,ALL,2010-01-01,2099-12-31,FMA CC License,https://creativecommons.org/licenses/by/4.0/,2026-08-26T07:17:53.483314
4b399ee8-ad52-4e4d-b92a-cd50b006451e,94d1b066-b283-4292-907b-55995766f729,fa5d7adf-2579-45f8-bb56-cb7e25c083fb,CC_BY,PROTECTED,True,True,True,True,False,GLOBAL,ALL,2010-01-01,2099-12-31,FMA CC License,https://creativecommons.org/licenses/by/4.0/,2026-08-26T07:17:53.483314
cc4388b5-c7d7-408f-95f5-632594786716,4af76a03-206d-42a8-9dbc-c486f376a471,0acf17e1-9020-48ae-813d-f287080457ff,CC_BY,PROTECTED,True,True,True,True,False,GLOBAL,ALL,2010-01-01,2099-12-31,FMA CC License,https://creativecommons.org/licenses/by/4.0/,2026-08-26T07:17:53.483314
38de3e30-b86c-42c8-85a0-a2b38d76345d,5eb496ed-3c41-4d1e-bf96-b631681bdaec,e01439d9-35c5-4385-8b57-676cae954d98,CC_BY,PROTECTED,True,True,True,True,False,GLOBAL,ALL,2010-01-01,2099-12-31,FMA CC License,https://creativecommons.org/licenses/by/4.0/,2026-08-26T07:17:53.483314
daa8c293-bd92-48dd-a239-ba3828ced379,4d595a69-a417-47de-9b2b-c26b794d6c82,feeff83e-e6b4-499e-8acb-4623efcb644f,CC_BY,PROTECTED,True,True,True,True,False,GLOBAL,ALL,2010-01-01,2099-12-31,FMA CC License,https://creativecommons.org/licenses/by/4.0/,2026-08-26T07:17:53.483314
1bf57f31-90a3-43ac-b284-e1b2c20329ff,0309cd63-b8a5-4d48-a83f-db34f2955945,8e1b786e-a8e5-4571-a875-61cd8f0a5d84,CC_BY,PROTECTED,True,True,True,True,False,GLOBAL,ALL,2010-01-01,2099-12-31,FMA CC License,https://creativecommons.org/licenses/by/4.0/,2026-08-26T07:17:53.483314
056a06d8-4dbd-493e-b6d9-7e24f9562e6c,38e66ee1-d277-4174-b329-e11e9f87ecfd,648b97ed-a9a0-4483-8e4c-8020e61deac9,CC_BY,PROTECTED,True,True,True,True,False,GLOBAL,ALL,2010-01-01,2099-12-31,FMA CC License,https://creativecommons.org/licenses/by/4.0/,2026-08-26T07:17:53.483314
c2f8a0e3-1981-488f-8b79-68fdea492800,4c13250a-da23-4c4c-985f-11a5e5cab573,d40059e2-9bde-4a07-b487-a5e9c2b740da,CC_BY,PROTECTED,True,True,True,True,False,GLOBAL,ALL,2010-01-01,2099-12-31,FMA CC License,https://creativecommons.org/licenses/by/4.0/,2026-08-26T07:17:53.483314
2a251449-a52b-4c85-98b7-47d347030db0,f82a33b2-1771-4de9-9a86-57ff83585d0b,aa9035e3-cb67-4cff-afe5-2929730dca87,CC_BY,PROTECTED,True,True,True,True,False,GLOBAL,ALL,2010-01-01,2099-12-31,FMA CC License,https://creativecommons.org/licenses/by/4.0/,2026-08-26T07:17:53.483314
3b732f58-acbe-4c9a-97d6-7539b3c2f32a,216818c9-5b8a-48e5-9586-865d063795ef,3658f1d2-60b1-4d58-8072-d13e085cd757,CC_BY,PROTECTED,True,True,True,True,False,GLOBAL,ALL,2010-01-01,2099-12-31,FMA CC License,https://creativecommons.org/licenses/by/4.0/,2026-08-26T07:17:53.483314
2b81cf24-f1c4-4583-89b7-ee83f92ad69e,359206dd-25f8-4810-bee5-fd035420abc8,123d98f2-1870-429b-b2e7-f56eed2c2d31,CC_BY,PROTECTED,True,True,True,True,False,GLOBAL,ALL,2010-01-01,2099-12-31,FMA CC License,https://creativecommons.org/licenses/by/4.0/,2026-08-26T07:17:53.483314
3f015888-98c1-4704-a4aa-834a6e9b4b65,16650ed5-f32b-4884-9551-9137e988bae2,6c3439bd-1bca-4983-86b0-5640f3f8ebec,CC_BY,PROTECTED,True,True,True,True,False,GLOBAL,ALL,2010-01-01,2099-12-31,FMA CC License,https://creativecommons.org/licenses/by/4.0/,2026-08-26T07:17:53.483314
b783cf77-5b31-47d0-9511-fb04363dfcff,ded8779e-f68c-4738-8173-e807bead6b41,90af2985-e0ce-408e-859f-6fdb9f97675d,CC_BY,PROTECTED,True,True,True,True,False,GLOBAL,ALL,2010-01-01,2099-12-31,FMA CC License,https://creativecommons.org/licenses/by/4.0/,2026-08-26T07:17:53.483314
7f13939f-deda-45c7-b6ca-0520806d192d,64d3a274-7631-455f-9bce-0d9a2fdfbec8,5b242ae1-193b-469a-8629-c6a06c13196b,CC_BY,PROTECTED,True,True,True,True,False,GLOBAL,ALL,2010-01-01,2099-12-31,FMA CC License,https://creativecommons.org/licenses/by/4.0/,2026-08-26T07:17:53.483314
32e53568-4a45-4b84-8611-98bc846ca1eb,84418a51-cf4c-49e0-93dc-b15b49aea04b,8616a15e-6541-4d2e-a389-7ae5918e95a9,CC_BY,PROTECTED,True,True,True,True,False,GLOBAL,ALL,2010-01-01,2099-12-31,FMA CC License,https://creativecommons.org/licenses/by/4.0/,2026-08-26T07:17:53.483314
d7fb7053-398b-4960-a865-ebbdf04f67d7,15abbbc3-a7d5-4253-bed4-aa66748bb928,7adf5055-ba96-4882-8100-1c8a536c260a,CC_BY,PROTECTED,True,True,True,True,False,GLOBAL,ALL,2010-01-01,2099-12-31,FMA CC License,https://creativecommons.org/licenses/by/4.0/,2026-08-26T07:17:53.483314
f8b53683-c5e8-4ff2-b241-07dcb029ae97,75fed166-51cc-4b45-9bf6-5d47425bc5b2,e5be79e2-72a1-43de-877f-76770a1e8ba6,CC_BY,PROTECTED,True,True,True,True,False,GLOBAL,ALL,2010-01-01,2099-12-31,FMA CC License,https://creativecommons.org/licenses/by/4.0/,2026-08-26T07:17:53.483314
8ac58dae-b543-4b53-b0e9-7eded662eb5e,59400540-4af0-4b15-8e03-17bd0c2cda41,c5ae065d-ba80-47d1-976e-1f7f8d1ddd97,CC_BY,PROTECTED,True,True,True,True,False,GLOBAL,ALL,2010-01-01,2099-12-31,FMA CC License,https://creativecommons.org/licenses/by/4.0/,2026-08-26T07:17:53.483314
b7d99d4c-bb59-4072-9f1b-c0686247c300,51a64248-b59c-49ec-b6d8-900b1118474e,34633350-832c-4c37-82d7-c61e252ccf7f,CC_BY,PROTECTED,True,True,True,True,False,GLOBAL,ALL,2010-01-01,2099-12-31,FMA CC License,https://creativecommons.org/licenses/by/4.0/,2026-08-26T07:17:53.483314
2d589781-7490-4c30-96f8-1412f8ac2147,296f3b4d-ea38-4c8a-a640-3de1d7d6d486,90f81f0e-830b-44c4-9f8c-a04e2ec228df,CC_BY,PROTECTED,True,True,True,True,False,GLOBAL,ALL,2010-01-01,2099-12-31,FMA CC License,https://creativecommons.org/licenses/by/4.0/,2026-08-26T07:17:53.483314
f3767427-94c7-4253-9647-30b386ad81dc,100f33d1-eb25-4368-979f-bd21a950ee76,e4bb1b40-074b-4efb-bdc9-4a3b69be4aa3,CC_BY,PROTECTED,True,True,True,True,False,GLOBAL,ALL,2010-01-01,2099-12-31,FMA CC License,https://creativecommons.org/licenses/by/4.0/,2026-08-26T07:17:53.483314
530c301b-515c-419c-8cce-e383bd50996a,a57ab426-3e53-420a-b216-793fccceac0a,1a398665-d13a-4f3b-807e-dd589dbc3d22,CC_BY,PROTECTED,True,True,True,True,False,GLOBAL,ALL,2010-01-01,2099-12-31,FMA CC License,https://creativecommons.org/licenses/by/4.0/,2026-08-26T07:17:53.483314
cfd30c20-0e20-4381-8388-e2879a7f1f4a,f1345a99-380f-49b9-9085-ce2eb35326f8,23f82661-6fdf-479d-a471-86c8cd86429e,CC_BY,PROTECTED,True,True,True,True,False,GLOBAL,ALL,2010-01-01,2099-12-31,FMA CC License,https://creativecommons.org/licenses/by/4.0/,2026-08-26T07:17:53.483314
b7ea7568-2da2-427c-94e5-fe939775baca,8d2ddff4-b172-4501-9357-ce19305da469,fda80df7-cfbf-4c2b-b3fc-1d131ad5fe0a,CC_BY,PROTECTED,True,True,True,True,False,GLOBAL,ALL,2010-01-01,2099-12-31,FMA CC License,https://creativecommons.org/licenses/by/4.0/,2026-08-26T07:17:53.483314
8d72c3ff-52c4-41e1-889a-7563d4a82901,b5f7ed64-70cb-4e08-aa37-ed7ee63ba221,f9c66fdb-342b-4d89-9595-3657cb0be220,CC_BY,PROTECTED,True,True,True,True,False,GLOBAL,ALL,2010-01-01,2099-12-31,FMA CC License,https://creativecommons.org/licenses/by/4.0/,2026-08-26T07:17:53.483314
b3d8adc6-6d28-4676-8d7a-4b8e7a674a1b,17cf656d-982c-4c56-90f1-db57f4037bb1,b9dd7184-8b83-4070-9bf1-495db4148d33,CC_BY,PROTECTED,True,True,True,True,False,GLOBAL,ALL,2010-01-01,2099-12-31,FMA CC License,https://creativecommons.org/licenses/by/4.0/,2026-08-26T07:17:53.483314
5cbe153b-972f-4983-9e95-c1150733ebe2,8e3b9b1b-953f-44b2-bc74-0681005aa3a6,f5055c34-e86b-4527-b9e5-3f640d561e6c,CC_BY,PROTECTED,True,True,True,True,False,GLOBAL,ALL,2010-01-01,2099-12-31,FMA CC License,https://creativecommons.org/licenses/by/4.0/,2026-08-26T07:17:53.483314
a54a059a-1d0d-4e0b-893b-0a1cbd639e2e,7e5356c8-9703-4d09-b57e-311eb560d24a,4077e1b7-83ca-4c06-a2a7-b1034e845b6d,CC_BY,PROTECTED,True,True,True,True,False,GLOBAL,ALL,2010-01-01,2099-12-31,FMA CC License,https://creativecommons.org/licenses/by/4.0/,2026-08-26T07:17:53.483314
daf832d5-a56a-497e-a920-4471dc9474a8,1a7c38f0-844a-47e1-99f3-25516e31c890,1f136ac5-04b0-4e2f-a3ef-f99ef1ddff38,CC_BY,PROTECTED,True,True,True,True,False,GLOBAL,ALL,2010-01-01,2099-12-31,FMA CC License,https://creativecommons.org/licenses/by/4.0/,2026-08-26T07:17:53.483314
81c15918-3623-47ee-9909-1fa947366e19,8fa4425e-91a8-4d08-bd92-d0de42228e44,35824f96-4b53-4657-aac6-f76053b0d8e3,CC_BY,PROTECTED,True,True,True,True,False,GLOBAL,ALL,2010-01-01,2099-12-31,FMA CC License,https://creativecommons.org/licenses/by/4.0/,2026-08-26T07:17:53.483314
a1f7ab0e-acbf-42d2-9720-4d081008e792,ba7df091-c536-4134-9c22-42b641e4b096,d0ea6ce6-a4e3-4c28-9a3b-198ca0eb08ee,CC_BY,PROTECTED,True,True,True,True,False,GLOBAL,ALL,2010-01-01,2099-12-31,FMA CC License,https://creativecommons.org/licenses/by/4.0/,2026-08-26T07:17:53.483314
35b2e7d6-e34e-4610-bf2c-24c0ae9251d4,0b3b9b54-3f37-4a26-81c2-bc0119a0ebde,b85b0098-3ee8-4448-8a1c-dcf51e55c2e7,CC_BY,PROTECTED,True,True,True,True,False,GLOBAL,ALL,2010-01-01,2099-12-31,FMA CC License,https://creativecommons.org/licenses/by/4.0/,2026-08-26T07:17:53.483314
f49f1e83-bafd-486d-b9b1-77bd5eb236bc,1387e0c8-bb07-40bc-82ae-0e9b6b6728d3,09a4d2d9-12a8-478a-a6b8-832b62c372c5,CC_BY,PROTECTED,True,True,True,True,False,GLOBAL,ALL,2010-01-01,2099-12-31,FMA CC License,https://creativecommons.org/licenses/by/4.0/,2026-08-26T07:17:53.483314
1dceec79-b3ca-43f4-be5d-f3332ca4160b,45ed63a6-1e40-4d14-a0bb-65cf33468875,41144964-fef1-4a96-8aeb-7850a3cd5ed2,CC_BY,PROTECTED,True,True,True,True,False,GLOBAL,ALL,2010-01-01,2099-12-31,FMA CC License,https://creativecommons.org/licenses/by/4.0/,2026-08-26T07:17:53.483314
548a375e-a750-4ba9-8fd2-baf0104eb543,c0add2ba-a83b-4b8f-840d-49fb56ffaaa7,a0455996-ff81-43a8-867b-228be9277778,CC_BY,PROTECTED,True,True,True,True,False,GLOBAL,ALL,2010-01-01,2099-12-31,FMA CC License,https://creativecommons.org/licenses/by/4.0/,2026-08-26T07:17:53.483314
116a6823-7d0c-46b2-ae5d-b50cbccc8c91,2dc7677a-ad60-4479-ad83-1d07b7db0e3d,4d629125-f430-45a8-8b10-ab0c87891536,CC_BY,PROTECTED,True,True,True,True,False,GLOBAL,ALL,2010-01-01,2099-12-31,FMA CC License,https://creativecommons.org/licenses/by/4.0/,2026-08-26T07:17:53.483314
367df768-d4cd-43bd-9faa-64d8c2993689,403f9eb1-6cc9-4f0a-8e6b-0c9e0297b8b2,96f24aaf-0407-491a-834c-3b9441f376ad,CC_BY,PROTECTED,True,True,True,True,False,GLOBAL,ALL,2010-01-01,2099-12-31,FMA CC License,https://creativecommons.org/licenses/by/4.0/,2026-08-26T07:17:53.483314
6a92be28-fc54-467d-b0fb-f20c2b27db09,0e581c39-6f77-40d9-8b19-f78242a09ef7,4f2f07fd-a2a4-4c73-bb1f-1c7605b086b8,CC_BY,PROTECTED,True,True,True,True,False,GLOBAL,ALL,2010-01-01,2099-12-31,FMA CC License,https://creativecommons.org/licenses/by/4.0/,2026-08-26T07:17:53.483314
6c4bf9e0-14d2-4d7a-aabf-f7417c4e8747,142edc54-c5f8-4eaa-8e2f-2f5e3a353ebf,70613073-0ef0-4a5f-9f28-4dee4cdcb651,CC_BY,PROTECTED,True,True,True,True,False,GLOBAL,ALL,2010-01-01,2099-12-31,FMA CC License,https://creativecommons.org/licenses/by/4.0/,2026-08-26T07:17:53.483314
a80d2144-e8e4-471a-bbb1-8734525d00fc,d9355537-b98c-4dcd-8a16-5c662a76728b,1f703579-4fd1-408f-8c63-dd893fec30bc,CC_BY,PROTECTED,True,True,True,True,False,GLOBAL,ALL,2010-01-01,2099-12-31,FMA CC License,https://creativecommons.org/licenses/by/4.0/,2026-08-26T07:17:53.483314
857a75d2-32f1-400d-baa3-27cbf18f42d9,c419e88b-d6b0-482d-b677-e60137fdf29c,01e0e919-c04b-4bc9-a199-330e0513a654,CC_BY,PROTECTED,True,True,True,True,False,GLOBAL,ALL,2010-01-01,2099-12-31,FMA CC License,https://creativecommons.org/licenses/by/4.0/,2026-08-26T07:17:53.483314
dc1dca84-17a8-4545-9c76-c10d4b71ee62,3623b6f9-55b3-4e72-ba80-a1646e47689f,65f02eaa-9a10-4897-91c5-9aea74ba658a,CC_BY,PROTECTED,True,True,True,True,False,GLOBAL,ALL,2010-01-01,2099-12-31,FMA CC License,https://creativecommons.org/licenses/by/4.0/,2026-08-26T07:17:53.483314
158765de-10e7-4295-96b2-243298a02837,cfb02127-0c42-497d-a7aa-3760eeffcbb7,c30e6ce6-2844-4d6b-ac7a-a4fd02d0accb,CC_BY,PROTECTED,True,True,True,True,False,GLOBAL,ALL,2010-01-01,2099-12-31,FMA CC License,https://creativecommons.org/licenses/by/4.0/,2026-08-26T07:17:53.483314
c2ee8062-3405-4aed-8f1a-94cc8fb0dc20,40af3e68-6c57-4292-9d0c-45a98b64edac,6799043e-3ec0-4b20-839d-1e4567e9ed9b,CC_BY,PROTECTED,True,True,True,True,False,GLOBAL,ALL,2010-01-01,2099-12-31,FMA CC License,https://creativecommons.org/licenses/by/4.0/,2026-08-26T07:17:53.483314
3c493b47-7571-4841-a6e3-062e5d79aa6b,4f507373-8900-4890-bce6-83de387d9347,325a86f0-b369-4528-a2be-0fb32326bba5,CC_BY,PROTECTED,True,True,True,True,False,GLOBAL,ALL,2010-01-01,2099-12-31,FMA CC License,https://creativecommons.org/licenses/by/4.0/,2026-08-26T07:17:53.483314
5873553f-2bee-4e8a-b752-82e435c4c790,4cb3c7c1-ee3f-44d4-bda5-8dfde2c5dfe7,406422f6-0759-420f-b962-cd5db80e0ef7,CC_BY,PROTECTED,True,True,True,True,False,GLOBAL,ALL,2010-01-01,2099-12-31,FMA CC License,https://creativecommons.org/licenses/by/4.0/,2026-08-26T07:17:53.483314
72d81c86-1ec0-49d5-bb54-a9f27110f49c,3935ed4e-8d42-47d4-ad6d-091625b31502,297e361f-acfb-45f2-bb29-747348c00a46,CC_BY,PROTECTED,True,True,True,True,False,GLOBAL,ALL,2010-01-01,2099-12-31,FMA CC License,https://creativecommons.org/licenses/by/4.0/,2026-08-26T07:17:53.483314
3cb4ea35-93ad-45f1-86a2-4e2e1f759a8a,b3a8c7eb-9a31-4246-b209-61dd3431af66,8c61d06a-6b25-4928-8b1a-1b877c8caf8f,CC_BY,PROTECTED,True,True,True,True,False,GLOBAL,ALL,2010-01-01,2099-12-31,FMA CC License,https://creativecommons.org/licenses/by/4.0/,2026-08-26T07:17:53.483314
d2e92db5-4593-41a8-aa6e-f7168c085c63,6eb0d27a-d645-4ad2-89bb-630429ae3790,c5cf3a01-31ff-4a67-ae50-f6ed5b4bf720,CC_BY,PROTECTED,True,True,True,True,False,GLOBAL,ALL,2010-01-01,2099-12-31,FMA CC License,https://creativecommons.org/licenses/by/4.0/,2026-08-26T07:17:53.483314
95648161-5783-4e38-ba88-d1e3e575e909,5d23981e-d2d4-4312-8803-b32a8ccf27a4,8ae1b99e-01ff-4e2b-a9e2-5b6d32c2d9c5,CC_BY,PROTECTED,True,True,True,True,False,GLOBAL,ALL,2010-01-01,2099-12-31,FMA CC License,https://creativecommons.org/licenses/by/4.0/,2026-08-26T07:17:53.483314
ec891ca3-5450-4e90-990d-767532e4d6e4,f0030ee3-1318-42b0-a97c-67d36e1f812d,cae25013-c9c5-4156-820c-3a91d2ff7cf7,CC_BY,PROTECTED,True,True,True,True,False,GLOBAL,ALL,2010-01-01,2099-12-31,FMA CC License,https://creativecommons.org/licenses/by/4.0/,2026-08-26T07:17:53.483314
9e187df9-9ba4-4639-8a3a-fc40427fa16b,95d7d8ec-97c4-46cd-8bc4-552f79b93412,0600b347-ba0f-490a-b087-6ddd1646c25c,CC_BY,PROTECTED,True,True,True,True,False,GLOBAL,ALL,2010-01-01,2099-12-31,FMA CC License,https://creativecommons.org/licenses/by/4.0/,2026-08-26T07:17:53.483314
a52d78b0-f34b-4573-a45e-745851d85e24,eda9dcfc-7458-4ed4-aa02-40961db55e29,83579673-7fa9-4f3d-b672-05893782ba52,CC_BY,PROTECTED,True,True,True,True,False,GLOBAL,ALL,2010-01-01,2099-12-31,FMA CC License,https://creativecommons.org/licenses/by/4.0/,2026-08-26T07:17:53.483314
14f5fba8-6ba3-4da4-8bbe-34d508dc267d,0acf16d3-f439-4129-bc30-ac079c8b3ed4,777c5d15-4e00-4c1f-aa46-98d911838935,CC_BY,PROTECTED,True,True,True,True,False,GLOBAL,ALL,2010-01-01,2099-12-31,FMA CC License,https://creativecommons.org/licenses/by/4.0/,2026-08-26T07:17:53.483314
3b73b8d9-ec05-4b38-bdfb-574c7a01bcd0,1234f385-02c8-4a09-b86e-91d0be85d1fc,6dccb0a7-41c5-46f5-8c84-ffc11018476a,CC_BY,PROTECTED,True,True,True,True,False,GLOBAL,ALL,2010-01-01,2099-12-31,FMA CC License,https://creativecommons.org/licenses/by/4.0/,2026-08-26T07:17:53.483314
bb1b3f58-15ff-46cc-aa18-d1a16661c28f,ace3f0a2-b71f-45d3-99d1-4ee4d4e2de2f,a3f84ede-2738-4e85-93a6-55413b5eeb73,CC_BY,PROTECTED,True,True,True,True,False,GLOBAL,ALL,2010-01-01,2099-12-31,FMA CC License,https://creativecommons.org/licenses/by/4.0/,2026-08-26T07:17:53.483314
295fd2d5-aceb-43d4-b5f5-93012479e3b3,091ca02d-9981-4e9c-9efe-b0440c796734,dcefb42c-4799-43e4-98db-59384033a62d,CC_BY,PROTECTED,True,True,True,True,False,GLOBAL,ALL,2010-01-01,2099-12-31,FMA CC License,https://creativecommons.org/licenses/by/4.0/,2026-08-26T07:17:53.483314
e1fa2787-0a2b-415c-831a-c88e35be4a52,6923ace9-1466-4026-8593-adb05f283257,1717918f-7df0-4f12-8385-dcd699f3ede9,CC_BY,PROTECTED,True,True,True,True,False,GLOBAL,ALL,2010-01-01,2099-12-31,FMA CC License,https://creativecommons.org/licenses/by/4.0/,2026-08-26T07:17:53.483314
65eb1013-ac83-4bf8-9427-e7d76218cc24,aab33f53-4d5b-4759-b878-35d6f03be2f0,0935d705-6484-41b5-82e4-6479fc87a4a5,CC_BY,PROTECTED,True,True,True,True,False,GLOBAL,ALL,2010-01-01,2099-12-31,FMA CC License,https://creativecommons.org/licenses/by/4.0/,2026-08-26T07:17:53.483314
223b7a31-b931-4dc6-aee9-79835788b226,0d97fc1c-2a2b-47f7-8198-a963a08d3c8d,48f53f1b-c81a-47c1-91db-6c9ba8aca674,CC_BY,PROTECTED,True,True,True,True,False,GLOBAL,ALL,2010-01-01,2099-12-31,FMA CC License,https://creativecommons.org/licenses/by/4.0/,2026-08-26T07:17:53.483314
2cef38c6-0de5-410d-8cab-02ddcec57957,2aca8a5e-b7d1-41e6-abb5-9c958891550d,a36441fd-0557-4a67-a7fd-07caddff8a04,CC_BY,PROTECTED,True,True,True,True,False,GLOBAL,ALL,2010-01-01,2099-12-31,FMA CC License,https://creativecommons.org/licenses/by/4.0/,2026-08-26T07:17:53.483314
aa148229-84be-4a42-be10-d3e4904263e2,ecb459ce-d0a2-4c43-83e6-f16a045c4c21,914974c7-36f0-4983-b955-73e66647c45e,CC_BY,PROTECTED,True,True,True,True,False,GLOBAL,ALL,2010-01-01,2099-12-31,FMA CC License,https://creativecommons.org/licenses/by/4.0/,2026-08-26T07:17:53.483314
72b0daac-43a7-45cd-9d1c-a87b42cc8ace,5d3b8e72-f1cc-484e-80ae-6d8eb757caa1,321d19f7-33e3-46dd-ab4c-d5aab28d82e7,CC_BY,PROTECTED,True,True,True,True,False,GLOBAL,ALL,2010-01-01,2099-12-31,FMA CC License,https://creativecommons.org/licenses/by/4.0/,2026-08-26T07:17:53.483314
a1201857-5991-42d3-9fd5-dd128e649bc5,3905695e-68d8-4558-a4c7-080c549ed56e,3a516f69-4d25-42c0-93e0-814871ac154b,CC_BY,PROTECTED,True,True,True,True,False,GLOBAL,ALL,2010-01-01,2099-12-31,FMA CC License,https://creativecommons.org/licenses/by/4.0/,2026-08-26T07:17:53.483314
8115d3a0-8b35-4b1a-a017-19c6e427af90,62c57e8d-a396-402b-aadb-d0ccf0a5b73b,1a78e277-5049-4ae0-bd1a-47a0380f09b9,CC_BY,PROTECTED,True,True,True,True,False,GLOBAL,ALL,2010-01-01,2099-12-31,FMA CC License,https://creativecommons.org/licenses/by/4.0/,2026-08-26T07:17:53.483314
43d6101d-7630-4585-943a-62e88770664b,6b6be71e-76c9-4b78-bdab-c2c8c87ed2c8,bfc35788-bc3a-43f9-8ca4-1acb10dd9101,CC_BY,PROTECTED,True,True,True,True,False,GLOBAL,ALL,2010-01-01,2099-12-31,FMA CC License,https://creativecommons.org/licenses/by/4.0/,2026-08-26T07:17:53.483314
83efb72e-8005-43e9-9f15-1deaf30321b7,04a9f2c8-3e93-4f00-85c7-23cb112941e5,3527d838-4731-4ef6-ab7e-8cedad31d213,CC_BY,PROTECTED,True,True,True,True,False,GLOBAL,ALL,2010-01-01,2099-12-31,FMA CC License,https://creativecommons.org/licenses/by/4.0/,2026-08-26T07:17:53.483314
38dfb6bf-d345-4edd-a74e-e781d2a04e65,2514cfdf-9dab-4959-ac80-a959ce56fda6,34c48c4f-d344-42f3-b741-1ca278da2b59,CC_BY,PROTECTED,True,True,True,True,False,GLOBAL,ALL,2010-01-01,2099-12-31,FMA CC License,https://creativecommons.org/licenses/by/4.0/,2026-08-26T07:17:53.483314
b8648d6c-b76b-4818-8ec9-f5221a4f3679,09582a26-a2af-484a-9714-51056c347900,2285e2e2-48dd-4e7a-aaef-81cd3dfe3502,CC_BY,PROTECTED,True,True,True,True,False,GLOBAL,ALL,2010-01-01,2099-12-31,FMA CC License,https://creativecommons.org/licenses/by/4.0/,2026-08-26T07:17:53.483314
5823028a-3551-4c08-8e26-dc1404194808,a122e650-8c33-4173-b51e-af69b2f4c941,90cf8f32-3e58-4ac5-8535-0e07f9096d8c,CC_BY,PROTECTED,True,True,True,True,False,GLOBAL,ALL,2010-01-01,2099-12-31,FMA CC License,https://creativecommons.org/licenses/by/4.0/,2026-08-26T07:17:53.483314
da89241d-3df3-4a7f-9250-70b47c53cc38,bc36419e-f511-4e26-a089-f400b9905f65,e4dfb435-4ea7-4065-949f-dd54c273e988,CC_BY,PROTECTED,True,True,True,True,False,GLOBAL,ALL,2010-01-01,2099-12-31,FMA CC License,https://creativecommons.org/licenses/by/4.0/,2026-08-26T07:17:53.483314
2a6b9c3d-152c-4a01-834d-45a695a13940,da05e8a4-7a30-4da1-82f5-d6e696083bae,f9988835-cad4-4da8-8242-0db3201401ab,CC_BY,PROTECTED,True,True,True,True,False,GLOBAL,ALL,2010-01-01,2099-12-31,FMA CC License,https://creativecommons.org/licenses/by/4.0/,2026-08-26T07:17:53.483314
b69bbba5-58fd-46f3-945b-74af25d7de76,bb4e84b8-3570-444f-b22c-3b5eaef0ce33,3777a689-444c-4353-9a05-5678f0de502b,CC_BY,PROTECTED,True,True,True,True,False,GLOBAL,ALL,2010-01-01,2099-12-31,FMA CC License,https://creativecommons.org/licenses/by/4.0/,2026-08-26T07:17:53.483314
367d7034-6a17-4dbe-8c77-21f9eec52aca,bceecadc-5988-4f63-be2e-fb0db526af1c,1d5df7c1-9b0b-4104-a273-27ba635bc71e,CC_BY,PROTECTED,True,True,True,True,False,GLOBAL,ALL,2010-01-01,2099-12-31,FMA CC License,https://creativecommons.org/licenses/by/4.0/,2026-08-26T07:17:53.483314
93b32b92-845a-47a3-ae0c-e7cdb609b67b,e5e0f300-32dd-4cd6-9d62-afab5a1530d4,b50af2da-16f5-451b-85b7-76ad87ffaf61,CC_BY,PROTECTED,True,True,True,True,False,GLOBAL,ALL,2010-01-01,2099-12-31,FMA CC License,https://creativecommons.org/licenses/by/4.0/,2026-08-26T07:17:53.483314
709f0f54-e63b-4903-b880-e42eb381f216,d1fa8ed0-4729-4c5e-88d5-6ff19152d0fd,0949b563-af89-4212-b439-cd3bc53776c5,CC_BY,PROTECTED,True,True,True,True,False,GLOBAL,ALL,2010-01-01,2099-12-31,FMA CC License,https://creativecommons.org/licenses/by/4.0/,2026-08-26T07:17:53.483314
de8c50dd-ca06-4b1a-ac92-3ee61875bec1,be99e864-03c8-464a-a40f-79d48e03c6e7,ca20e4ab-d531-4397-8100-0388cc5d9c98,CC_BY,PROTECTED,True,True,True,True,False,GLOBAL,ALL,2010-01-01,2099-12-31,FMA CC License,https://creativecommons.org/licenses/by/4.0/,2026-08-26T07:17:53.483314
6c2c635d-f497-45c9-894f-def5d9f717b2,f5966369-619e-4f88-b278-da0bcd2134b5,225e1ac4-5763-40d7-98aa-31ead0d229fc,CC_BY,PROTECTED,True,True,True,True,False,GLOBAL,ALL,2010-01-01,2099-12-31,FMA CC License,https://creativecommons.org/licenses/by/4.0/,2026-08-26T07:17:53.483314
f73e3e43-0d30-467e-b33f-7e32fa775ac8,6f2beffa-2c02-4e8f-a6e8-1660f6382716,a4d5d830-eba1-4ef7-a125-901a612f8061,CC_BY,PROTECTED,True,True,True,True,False,GLOBAL,ALL,2010-01-01,2099-12-31,FMA CC License,https://creativecommons.org/licenses/by/4.0/,2026-08-26T07:17:53.483314
c72f22b4-63bf-41e0-9fdb-a84bd127a39e,7cfd304a-0be5-4ad4-a9c5-cab508368e84,9e86a198-4f84-4393-87d6-b63ec1c0ea61,CC_BY,PROTECTED,True,True,True,True,False,GLOBAL,ALL,2010-01-01,2099-12-31,FMA CC License,https://creativecommons.org/licenses/by/4.0/,2026-08-26T07:17:53.483314
c5a7bf9b-a398-441c-b6d4-f59f7a0b92d0,2537de63-e61d-46fc-958f-019322d37716,366bc611-bd09-440f-b71a-ef7c79f9388d,CC_BY,PROTECTED,True,True,True,True,False,GLOBAL,ALL,2010-01-01,2099-12-31,FMA CC License,https://creativecommons.org/licenses/by/4.0/,2026-08-26T07:17:53.483314
6c89737a-cc5d-4ada-b970-ec4d852bf3a1,b09e9028-972c-40dc-80ee-6ce644ebc340,037878e8-efcb-4149-b2a2-914cfea3b5db,CC_BY,PROTECTED,True,True,True,True,False,GLOBAL,ALL,2010-01-01,2099-12-31,FMA CC License,https://creativecommons.org/licenses/by/4.0/,2026-08-26T07:17:53.483314
2e6f592f-1dc0-479c-9b1e-0e703b0eb7c1,8d98d339-b7da-4b1c-8c50-a2572b75fe8c,c6022216-0fba-4a96-a902-4d1471cd640a,CC_BY,PROTECTED,True,True,True,True,False,GLOBAL,ALL,2010-01-01,2099-12-31,FMA CC License,https://creativecommons.org/licenses/by/4.0/,2026-08-26T07:17:53.483314
a3a23554-c017-4d9b-995a-7d939bf596dd,c1e849f6-08be-4bbb-a4af-82c0d64fe7b2,e4909e8d-dfee-4525-8af4-75c75db3ddac,CC_BY,PROTECTED,True,True,True,True,False,GLOBAL,ALL,2010-01-01,2099-12-31,FMA CC License,https://creativecommons.org/licenses/by/4.0/,2026-08-26T07:17:53.483314
b4fcd773-1735-46e0-820c-cb369a5f9236,471a68a9-2bae-438d-bd91-bafff4870a1a,68905d13-104b-48f2-8bcb-6004e67760f0,CC_BY,PROTECTED,True,True,True,True,False,GLOBAL,ALL,2010-01-01,2099-12-31,FMA CC License,https://creativecommons.org/licenses/by/4.0/,2026-08-26T07:17:53.483314
180e8bc4-d539-4e7b-b12d-5d03cfaa001d,add96ca3-6eae-4add-b507-8f025df6fb29,bb149751-8a8b-4080-aa91-2259d3bcc9d5,CC_BY,PROTECTED,True,True,True,True,False,GLOBAL,ALL,2010-01-01,2099-12-31,FMA CC License,https://creativecommons.org/licenses/by/4.0/,2026-08-26T07:17:53.483314
e8068e5a-7e0f-46f7-afaf-31581e93e0fc,495d034d-5231-4e89-b1dd-d35c9b561571,7d180b8e-601f-4933-a80a-e1355f22b283,CC_BY,PROTECTED,True,True,True,True,False,GLOBAL,ALL,2010-01-01,2099-12-31,FMA CC License,https://creativecommons.org/licenses/by/4.0/,2026-08-26T07:17:53.483314
0dece73e-1f56-4335-baae-9afb7d4b0dff,38f3796e-338d-432d-bf8a-e868342bee62,caf0d86e-544c-4858-93c5-ce822005321d,CC_BY,PROTECTED,True,True,True,True,False,GLOBAL,ALL,2010-01-01,2099-12-31,FMA CC License,https://creativecommons.org/licenses/by/4.0/,2026-08-26T07:17:53.483314
cdc44bf4-d66c-4dba-a405-feca827a2013,b2815167-1244-439e-8aca-44c3679c6fc2,3cc86ccc-357e-4783-a3c4-35b20df56551,CC_BY,PROTECTED,True,True,True,True,False,GLOBAL,ALL,2010-01-01,2099-12-31,FMA CC License,https://creativecommons.org/licenses/by/4.0/,2026-08-26T07:17:53.483314
45f74784-4d0d-4349-b444-9a50746b12fe,b70cec65-96cf-4342-8808-e91563bac830,69401f4e-a709-44cc-aee7-c1de30cb9531,CC_BY,PROTECTED,True,True,True,True,False,GLOBAL,ALL,2010-01-01,2099-12-31,FMA CC License,https://creativecommons.org/licenses/by/4.0/,2026-08-26T07:17:53.483314
0350b8b8-014e-4264-836a-40caeee52335,ea1774eb-5323-4cd4-a178-549b8f56b4df,d9063a9f-52a3-4bf7-b864-c47c5e90c7a2,CC_BY,PROTECTED,True,True,True,True,False,GLOBAL,ALL,2010-01-01,2099-12-31,FMA CC License,https://creativecommons.org/licenses/by/4.0/,2026-08-26T07:17:53.483314
2153837d-8ebd-4388-b231-0902127d5bbf,3146383d-9d6a-4e68-8247-d0fe382a985e,0c0216a7-3ab9-4d91-818d-69ec04d8df64,CC_BY,PROTECTED,True,True,True,True,False,GLOBAL,ALL,2010-01-01,2099-12-31,FMA CC License,https://creativecommons.org/licenses/by/4.0/,2026-08-26T07:17:53.483314
0797d259-e71c-4dee-ad47-9d687956a7e7,1e1d1280-8a0f-4679-bd47-956ca06bef88,8cdea185-01be-493f-8323-b5ebbf3c9457,CC_BY,PROTECTED,True,True,True,True,False,GLOBAL,ALL,2010-01-01,2099-12-31,FMA CC License,https://creativecommons.org/licenses/by/4.0/,2026-08-26T07:17:53.483314
72330281-d2f2-433d-bcda-5a8adb9fbf8e,08cd6aa8-3a93-4146-8751-26b27d3529a2,f4473d15-1972-44e5-8a20-8775fea898db,CC_BY,PROTECTED,True,True,True,True,False,GLOBAL,ALL,2010-01-01,2099-12-31,FMA CC License,https://creativecommons.org/licenses/by/4.0/,2026-08-26T07:17:53.483314
623f3de1-287c-417e-a160-e3164f87e13c,423a5f8e-d220-408c-a411-7178ce9a2122,afbbfcdd-d5a9-45c1-9e63-b397a6bf319b,CC_BY,PROTECTED,True,True,True,True,False,GLOBAL,ALL,2010-01-01,2099-12-31,FMA CC License,https://creativecommons.org/licenses/by/4.0/,2026-08-26T07:17:53.483314
d68cdf70-f7d4-4259-86e2-76c11d1e6cb4,23d853cf-0660-44d7-8a52-4d1b524fa9dd,a53745ee-7ce4-430f-aec8-603080764fbf,CC_BY,PROTECTED,True,True,True,True,False,GLOBAL,ALL,2010-01-01,2099-12-31,FMA CC License,https://creativecommons.org/licenses/by/4.0/,2026-08-26T07:17:53.483314
81cbf9e3-abcf-4ef4-b23a-9a937d7ad0bf,70e12ae5-5238-4672-998c-c2cf87288d79,aad371dc-d2f6-48c4-b48f-48e12a377b62,CC_BY,PROTECTED,True,True,True,True,False,GLOBAL,ALL,2010-01-01,2099-12-31,FMA CC License,https://creativecommons.org/licenses/by/4.0/,2026-08-26T07:17:53.483314
8b779204-87d5-42a5-ac6d-9f852d7469d0,2ecd43d7-58c5-4f84-b74e-a69e95498f4b,81faa079-deb4-4443-a0fb-54067a61abc8,CC_BY,PROTECTED,True,True,True,True,False,GLOBAL,ALL,2010-01-01,2099-12-31,FMA CC License,https://creativecommons.org/licenses/by/4.0/,2026-08-26T07:17:53.483314
e3a5a067-1534-4070-b2fc-b0125f3b4313,5dc35920-1543-4928-b6f9-2bcb761dd0d5,67c5d374-95f7-4982-815f-05d7ab2f29da,CC_BY,PROTECTED,True,True,True,True,False,GLOBAL,ALL,2010-01-01,2099-12-31,FMA CC License,https://creativecommons.org/licenses/by/4.0/,2026-08-26T07:17:53.483314
ffcd56de-bc6a-4c89-9754-f506f98111e7,18bd1a22-6692-459b-94fd-48c31495b517,8a72c42e-2369-471f-a205-02ba278d4f21,CC_BY,PROTECTED,True,True,True,True,False,GLOBAL,ALL,2010-01-01,2099-12-31,FMA CC License,https://creativecommons.org/licenses/by/4.0/,2026-08-26T07:17:53.483314
9bec8833-6fec-46fa-949b-3dbdbf857995,6ae40555-7a0f-4229-9ae2-0f5fc42a27da,a4b145bb-e4ab-452f-a35a-4bd2157a5abe,CC_BY,PROTECTED,True,True,True,True,False,GLOBAL,ALL,2010-01-01,2099-12-31,FMA CC License,https://creativecommons.org/licenses/by/4.0/,2026-08-26T07:17:53.483314
fa7d215d-630c-4d1c-bd9f-fef993fca430,7139aa57-a7c9-4503-a08f-d43c2e8c6294,06de9a0f-9097-49eb-b538-ee43551fd3e9,CC_BY,PROTECTED,True,True,True,True,False,GLOBAL,ALL,2010-01-01,2099-12-31,FMA CC License,https://creativecommons.org/licenses/by/4.0/,2026-08-26T07:17:53.483314
73db318c-2f5a-4556-aa66-222a26d5c1c9,97e4c031-4abb-4c5c-8f30-49dbb2f60826,ac6b72c7-6489-4dd7-a31f-8e43bdc664b9,CC_BY,PROTECTED,True,True,True,True,False,GLOBAL,ALL,2010-01-01,2099-12-31,FMA CC License,https://creativecommons.org/licenses/by/4.0/,2026-08-26T07:17:53.483314
1e345d36-55e7-4a08-aca9-1767ec21fc07,c09a202e-b5ed-48d0-9177-1e22d206189a,e8c1322a-a354-46e6-bec1-1b32de627ed2,CC_BY,PROTECTED,True,True,True,True,False,GLOBAL,ALL,2010-01-01,2099-12-31,FMA CC License,https://creativecommons.org/licenses/by/4.0/,2026-08-26T07:17:53.483314
763f1bb6-f788-422c-95f3-10d0bfb89729,f7dea7f4-68f3-44ae-8103-abccb1804b7a,90a5eada-aa31-4483-974d-7ff7146542d0,CC_BY,PROTECTED,True,True,True,True,False,GLOBAL,ALL,2010-01-01,2099-12-31,FMA CC License,https://creativecommons.org/licenses/by/4.0/,2026-08-26T07:17:53.483314
e231f294-3b9e-449d-a696-54419bd2c32f,84f9bed1-db75-4b7a-8062-13eab3f3a9c5,9f243a03-72d7-4f33-ba03-09acb65457e8,CC_BY,PROTECTED,True,True,True,True,False,GLOBAL,ALL,2010-01-01,2099-12-31,FMA CC License,https://creativecommons.org/licenses/by/4.0/,2026-08-26T07:17:53.483314
88670ba3-51c7-48f3-b2b9-0f5aae51ef77,34440609-ff4a-4041-a7ad-64b701f05760,ed674355-e93b-46eb-a252-a9d104ad7c82,CC_BY,PROTECTED,True,True,True,True,False,GLOBAL,ALL,2010-01-01,2099-12-31,FMA CC License,https://creativecommons.org/licenses/by/4.0/,2026-08-26T07:17:53.483314
49d86c32-c6eb-46ae-a8eb-e52fb3ddc5b7,98249590-cafa-485a-a07d-6568fab2f569,0125d614-1532-4d00-a1b2-b572fc979bba,CC_BY,PROTECTED,True,True,True,True,False,GLOBAL,ALL,2010-01-01,2099-12-31,FMA CC License,https://creativecommons.org/licenses/by/4.0/,2026-08-26T07:17:53.483314
6607d2f6-4964-4b1c-95b2-5d53359dc4bc,88ee1e03-4438-49a5-bbab-2db1009d6dd3,5c0500d2-ff57-4bb8-b34a-88de061a3c8f,CC_BY,PROTECTED,True,True,True,True,False,GLOBAL,ALL,2010-01-01,2099-12-31,FMA CC License,https://creativecommons.org/licenses/by/4.0/,2026-08-26T07:17:53.483314
c0a1c02e-81e2-4ff9-8425-7b3363a7558d,337d33f0-6d71-4f57-9683-0ce13918039f,808ce8fe-8abb-42b8-bc7d-f2d0c66da89a,CC_BY,PROTECTED,True,True,True,True,False,GLOBAL,ALL,2010-01-01,2099-12-31,FMA CC License,https://creativecommons.org/licenses/by/4.0/,2026-08-26T07:17:53.483314
25301ae6-64e2-4d9a-9885-5aa067185119,6dc27602-4357-47f7-abd1-b475300781aa,0cacdb30-6e16-40e8-a552-e723980510a3,CC_BY,PROTECTED,True,True,True,True,False,GLOBAL,ALL,2010-01-01,2099-12-31,FMA CC License,https://creativecommons.org/licenses/by/4.0/,2026-08-26T07:17:53.483314
b93f7e07-5fff-4d8c-b932-83b5482d8f78,6079076c-8537-41f4-b640-b92df41fac90,39c66069-2f42-43db-b9a0-f4ee29417e74,CC_BY,PROTECTED,True,True,True,True,False,GLOBAL,ALL,2010-01-01,2099-12-31,FMA CC License,https://creativecommons.org/licenses/by/4.0/,2026-08-26T07:17:53.483314
f617594c-7930-43d8-bdfe-4470721503c3,36075ffd-5b1b-4c06-bf54-8761f44a0359,86c29ac2-9340-4b1a-8173-6d6ca2800906,CC_BY,PROTECTED,True,True,True,True,False,GLOBAL,ALL,2010-01-01,2099-12-31,FMA CC License,https://creativecommons.org/licenses/by/4.0/,2026-08-26T07:17:53.483314
1835ccb5-909f-4194-87ec-b0148deee1da,e493085f-4a58-4bd2-b663-d2bf7432d8d2,b6fd0cc7-242d-40c0-8b2c-48d97d31db0c,CC_BY,PROTECTED,True,True,True,True,False,GLOBAL,ALL,2010-01-01,2099-12-31,FMA CC License,https://creativecommons.org/licenses/by/4.0/,2026-08-26T07:17:53.483314
8ca9f054-df95-4319-a4b2-b529df661b3b,0241575a-643d-4050-a1ee-2e75f72753ff,6f10e473-f9c8-4e08-8eca-7897e00061d6,CC_BY,PROTECTED,True,True,True,True,False,GLOBAL,ALL,2010-01-01,2099-12-31,FMA CC License,https://creativecommons.org/licenses/by/4.0/,2026-08-26T07:17:53.483314
9c55578a-fdeb-4e32-a998-5874ad108574,bce81fc4-519c-4dd2-9e88-796eadb780f6,a95473fe-bccc-430c-b2f0-dda3bfff1198,CC_BY,PROTECTED,True,True,True,True,False,GLOBAL,ALL,2010-01-01,2099-12-31,FMA CC License,https://creativecommons.org/licenses/by/4.0/,2026-08-26T07:17:53.483314
1b061fb3-bd88-423c-90cd-4d652ae4406b,f5e588a0-2032-4f00-a3b9-56a463417706,7aefe09a-5d97-43b0-935a-354376036acd,CC_BY,PROTECTED,True,True,True,True,False,GLOBAL,ALL,2010-01-01,2099-12-31,FMA CC License,https://creativecommons.org/licenses/by/4.0/,2026-08-26T07:17:53.483314
b51bbfef-75de-446f-a93c-cabdc417d230,332fc2df-05c8-4164-bae8-2fba2ec9b895,5a679102-4500-4722-9de7-eb35c06f2183,YOUTUBE_AUDIO_LIBRARY_ATTRIBUTION,PROTECTED,True,True,True,True,False,GLOBAL,YOUTUBE,2015-01-01,2099-12-31,YouTube Audio Library,https://www.youtube.com/audiolibrary,2026-08-24T12:56:42.278536
8b69d672-afcb-4c11-b1ce-fdfc7661bf5a,051b4d36-a8a9-4e14-999f-4114ef5adbef,44f61f75-a74a-42df-8059-79890d7fff96,YOUTUBE_AUDIO_LIBRARY_ATTRIBUTION,PROTECTED,True,True,True,True,False,GLOBAL,YOUTUBE,2015-01-01,2099-12-31,YouTube Audio Library,https://www.youtube.com/audiolibrary,2026-08-24T12:56:42.278536
7c14794e-a33e-458f-b054-bf7f49b016b8,1a89b456-31d8-4136-bd86-8815817e1cc7,053341d4-c64b-4612-aec8-bc71efda923d,YOUTUBE_AUDIO_LIBRARY_ATTRIBUTION,PROTECTED,True,True,True,True,False,GLOBAL,YOUTUBE,2015-01-01,2099-12-31,YouTube Audio Library,https://www.youtube.com/audiolibrary,2026-08-24T12:56:42.278536
833f2fea-5f26-4bfe-9e42-2c2076da8053,c8c7dd3c-9603-42a7-864f-0535e1dfc581,f20c9312-5cc4-4aa2-94ad-7dc5a2f23ce4,YOUTUBE_AUDIO_LIBRARY_ATTRIBUTION,PROTECTED,True,True,True,True,False,GLOBAL,YOUTUBE,2015-01-01,2099-12-31,YouTube Audio Library,https://www.youtube.com/audiolibrary,2026-08-24T12:56:42.278536
6130caaf-6869-4fbd-bd33-114c5e130bbc,28d31771-ed90-4ec8-bdeb-3c42416b7785,e4d65879-68bf-4a1c-a36d-41bb31403093,YOUTUBE_AUDIO_LIBRARY_ATTRIBUTION,PROTECTED,True,True,True,True,False,GLOBAL,YOUTUBE,2015-01-01,2099-12-31,YouTube Audio Library,https://www.youtube.com/audiolibrary,2026-08-24T12:56:42.278536
e58f7c69-58d2-4984-98d4-9c5f3f0c5532,b0db2e92-b2e9-4e24-acca-058aadb7c7b8,922bff64-3fef-4edb-b04c-32422eb78647,YOUTUBE_AUDIO_LIBRARY_ATTRIBUTION,PROTECTED,True,True,True,True,False,GLOBAL,YOUTUBE,2015-01-01,2099-12-31,YouTube Audio Library,https://www.youtube.com/audiolibrary,2026-08-24T12:56:42.278536
e6f385bd-7331-431d-b431-3cd28d910a6c,36c09877-a6f6-4fa3-b66f-10c24541bbf2,5850dfaf-4750-44cf-b8d2-78e70ca0a13e,YOUTUBE_AUDIO_LIBRARY_ATTRIBUTION,PROTECTED,True,True,True,True,False,GLOBAL,YOUTUBE,2015-01-01,2099-12-31,YouTube Audio Library,https://www.youtube.com/audiolibrary,2026-08-24T12:56:42.278536
7134b177-91ca-4622-9c67-fdc3d589243e,2f252337-fbe5-4ee2-8226-4a5de3190693,23c06537-d6fc-4bc6-b3d1-1eab5182fd46,YOUTUBE_AUDIO_LIBRARY_ATTRIBUTION,PROTECTED,True,True,True,True,False,GLOBAL,YOUTUBE,2015-01-01,2099-12-31,YouTube Audio Library,https://www.youtube.com/audiolibrary,2026-08-24T12:56:42.278536
5ba76501-c3d1-4e80-b08d-b4f371ad6a07,d273f166-44a4-4628-b15c-c18d32d6d284,0e379441-9e88-4e23-80d7-5c21cfae18e5,YOUTUBE_AUDIO_LIBRARY_ATTRIBUTION,PROTECTED,True,True,True,True,False,GLOBAL,YOUTUBE,2015-01-01,2099-12-31,YouTube Audio Library,https://www.youtube.com/audiolibrary,2026-08-24T12:56:42.278536
2d613293-7134-42b4-ac39-16c313ec58b4,24824695-a053-44cf-a6ee-ce835b2a6c3d,4140199a-a760-483d-a6f7-7fd18eb9b724,YOUTUBE_AUDIO_LIBRARY_ATTRIBUTION,PROTECTED,True,True,True,True,False,GLOBAL,YOUTUBE,2015-01-01,2099-12-31,YouTube Audio Library,https://www.youtube.com/audiolibrary,2026-08-24T12:56:42.278536
81a08de3-1912-4e3b-ad5a-b054f9716295,7181f530-0cea-4212-ab9f-c00e64493422,319d5291-b99d-42d6-a63b-876de2fc24ca,YOUTUBE_AUDIO_LIBRARY_ATTRIBUTION,PROTECTED,True,True,True,True,False,GLOBAL,YOUTUBE,2015-01-01,2099-12-31,YouTube Audio Library,https://www.youtube.com/audiolibrary,2026-08-24T12:56:42.278536
580f5312-5299-4ddc-adf3-e3a823d6b3b2,6ee0d3e4-db17-45aa-b287-5351c7c0c5ad,338bd568-6ef1-401a-91bf-e552426048b7,YOUTUBE_AUDIO_LIBRARY_ATTRIBUTION,PROTECTED,True,True,True,True,False,GLOBAL,YOUTUBE,2015-01-01,2099-12-31,YouTube Audio Library,https://www.youtube.com/audiolibrary,2026-08-24T12:56:42.278536
18f14f2a-a3d7-42bd-af35-f0b94d71c08f,84e90964-bb44-47d0-8108-f0dd0e5a36f7,25b9d7d4-9e84-47e5-ada5-f81d90d4d5ca,YOUTUBE_AUDIO_LIBRARY_ATTRIBUTION,PROTECTED,True,True,True,True,False,GLOBAL,YOUTUBE,2015-01-01,2099-12-31,YouTube Audio Library,https://www.youtube.com/audiolibrary,2026-08-24T12:56:42.278536
cdd46c53-cfbd-4ea0-8186-b38808404e4d,9c598ec4-5ec8-48eb-9335-b75df80f839d,0ebd11b6-5635-47a9-ad08-231f29a10a9e,YOUTUBE_AUDIO_LIBRARY_ATTRIBUTION,PROTECTED,True,True,True,True,False,GLOBAL,YOUTUBE,2015-01-01,2099-12-31,YouTube Audio Library,https://www.youtube.com/audiolibrary,2026-08-24T12:56:42.278536
6a828820-b05f-4425-a6e1-950fb87d1c0d,abee70ca-6fe9-4d0f-a7d2-c6ee5affb728,9d8f988b-0833-4138-8155-b364718ee85d,YOUTUBE_AUDIO_LIBRARY_ATTRIBUTION,PROTECTED,True,True,True,True,False,GLOBAL,YOUTUBE,2015-01-01,2099-12-31,YouTube Audio Library,https://www.youtube.com/audiolibrary,2026-08-24T12:56:42.278536
ef68d437-ad57-4f4c-a2f9-d2325d08be7d,40cef314-176b-485a-b9a4-ac985c5fbec9,7cecd4f9-1536-479c-bcb9-d38eb6ce08a9,YOUTUBE_AUDIO_LIBRARY_ATTRIBUTION,PROTECTED,True,True,True,True,False,GLOBAL,YOUTUBE,2015-01-01,2099-12-31,YouTube Audio Library,https://www.youtube.com/audiolibrary,2026-08-24T12:56:42.278536
921d9a7d-8adc-4192-9fcc-31686e5cb3c4,7849460d-3ba8-47f7-b6fe-dd8943158fdd,77fbc032-bf77-4b9a-b882-478c4dd12f90,YOUTUBE_AUDIO_LIBRARY_ATTRIBUTION,PROTECTED,True,True,True,True,False,GLOBAL,YOUTUBE,2015-01-01,2099-12-31,YouTube Audio Library,https://www.youtube.com/audiolibrary,2026-08-24T12:56:42.278536
b9240b29-9e06-4245-9ac2-2c6a64cd9630,b92d8337-fbf7-4711-a718-26044ed5cc08,fdfa9a41-4c73-4b0e-afe1-4958382ccf46,YOUTUBE_AUDIO_LIBRARY_ATTRIBUTION,PROTECTED,True,True,True,True,False,GLOBAL,YOUTUBE,2015-01-01,2099-12-31,YouTube Audio Library,https://www.youtube.com/audiolibrary,2026-08-24T12:56:42.278536
4f5d9dde-cd7d-4213-bd9b-ee633a92ce82,f96eb158-8108-4e4c-9047-9ec126945b13,b16934c1-d94d-40f7-8e03-ad94c55e7dab,YOUTUBE_AUDIO_LIBRARY_ATTRIBUTION,PROTECTED,True,True,True,True,False,GLOBAL,YOUTUBE,2015-01-01,2099-12-31,YouTube Audio Library,https://www.youtube.com/audiolibrary,2026-08-24T12:56:42.278536
31c74a1a-f7b9-4c19-8536-630f8c48fd3b,654cc7bd-8c97-4b8a-b2ce-f8796340aeaf,7e33eb62-839c-4ac7-845e-c55c4949477d,YOUTUBE_AUDIO_LIBRARY_ATTRIBUTION,PROTECTED,True,True,True,True,False,GLOBAL,YOUTUBE,2015-01-01,2099-12-31,YouTube Audio Library,https://www.youtube.com/audiolibrary,2026-08-24T12:56:42.278536
7750f838-ed3f-4213-9cdb-dd1e44a854f7,65097579-c758-405a-9fee-ffd8ed758b84,b9037391-3975-45af-b4c2-2b5d9b56a770,YOUTUBE_AUDIO_LIBRARY_ATTRIBUTION,PROTECTED,True,True,True,True,False,GLOBAL,YOUTUBE,2015-01-01,2099-12-31,YouTube Audio Library,https://www.youtube.com/audiolibrary,2026-08-24T12:56:42.278536
d223d769-cb34-424b-8089-b3b6e390d468,8d14e8a3-915a-4410-ba4f-d635ead1fc5f,fd446336-7266-4504-81e5-da8e2f8dfc7e,YOUTUBE_AUDIO_LIBRARY_ATTRIBUTION,PROTECTED,True,True,True,True,False,GLOBAL,YOUTUBE,2015-01-01,2099-12-31,YouTube Audio Library,https://www.youtube.com/audiolibrary,2026-08-24T12:56:42.278536
cb3bea80-89f1-4c91-9487-01797a19e7b6,fbb2e9eb-ac54-4d21-beb3-41e95af11368,59c280a2-a186-4275-9960-229d59d2a7fa,YOUTUBE_AUDIO_LIBRARY_ATTRIBUTION,PROTECTED,True,True,True,True,False,GLOBAL,YOUTUBE,2015-01-01,2099-12-31,YouTube Audio Library,https://www.youtube.com/audiolibrary,2026-08-24T12:56:42.278536
7f9405ef-5a4a-4055-864a-0ad6e0e18279,28220356-4e2b-4622-a2e9-cdc160469732,4b2d5c81-3a28-48fa-93c6-9f2c3edb37ac,YOUTUBE_AUDIO_LIBRARY_ATTRIBUTION,PROTECTED,True,True,True,True,False,GLOBAL,YOUTUBE,2015-01-01,2099-12-31,YouTube Audio Library,https://www.youtube.com/audiolibrary,2026-08-24T12:56:42.278536
8c808a2b-5525-4520-a9eb-d16bac561064,1230b69f-1c49-42d1-a485-32fa9a775fef,1055f963-ee14-4cfb-bfc1-3545b6da0226,YOUTUBE_AUDIO_LIBRARY_ATTRIBUTION,PROTECTED,True,True,True,True,False,GLOBAL,YOUTUBE,2015-01-01,2099-12-31,YouTube Audio Library,https://www.youtube.com/audiolibrary,2026-08-24T12:56:42.278536
c8f7ddbb-8a87-4b8a-b7b2-4dc27eda56df,3b614efb-de9c-4237-aca7-5a03174e1238,e1cdd346-2e32-4de1-b451-e9be2c648a17,YOUTUBE_AUDIO_LIBRARY_ATTRIBUTION,PROTECTED,True,True,True,True,False,GLOBAL,YOUTUBE,2015-01-01,2099-12-31,YouTube Audio Library,https://www.youtube.com/audiolibrary,2026-08-24T12:56:42.278536
f4cb7603-e49b-4df3-8c34-a90d1c8a841b,c20b7d97-d1b7-469f-b4e4-e8723af5fb2a,856d49c7-cc74-435e-b2e4-953d56b916df,YOUTUBE_AUDIO_LIBRARY_ATTRIBUTION,PROTECTED,True,True,True,True,False,GLOBAL,YOUTUBE,2015-01-01,2099-12-31,YouTube Audio Library,https://www.youtube.com/audiolibrary,2026-08-24T12:56:42.278536
07e04220-8246-4e41-a12c-af5f5c2333cf,6be768f9-2856-4790-8656-35f111068f82,d5bb343b-b53c-4fc6-812a-1127bdabcfeb,YOUTUBE_AUDIO_LIBRARY_ATTRIBUTION,PROTECTED,True,True,True,True,False,GLOBAL,YOUTUBE,2015-01-01,2099-12-31,YouTube Audio Library,https://www.youtube.com/audiolibrary,2026-08-24T12:56:42.278536
cf014495-2971-46a5-b9b1-d4152e933706,12428b4b-29a1-4573-89f5-e7f635dd7ba9,6324d53c-736d-4bcc-85b5-011cf1f15453,YOUTUBE_AUDIO_LIBRARY_ATTRIBUTION,PROTECTED,True,True,True,True,False,GLOBAL,YOUTUBE,2015-01-01,2099-12-31,YouTube Audio Library,https://www.youtube.com/audiolibrary,2026-08-24T12:56:42.278536
2da9f4b6-2b90-46e4-96cd-24dcbf297cd7,15b807b1-4856-4264-bae1-0e62af23b0c8,b9a92b14-da77-46c1-9eb7-531f031718ce,YOUTUBE_AUDIO_LIBRARY_ATTRIBUTION,PROTECTED,True,True,True,True,False,GLOBAL,YOUTUBE,2015-01-01,2099-12-31,YouTube Audio Library,https://www.youtube.com/audiolibrary,2026-08-24T12:56:42.278536
fd3d3d0c-81f0-4f78-8287-3db7fec39937,e465714d-ef04-4fc7-8c56-4172d7140d75,2492ab73-121a-4fc5-8963-17de1db620c5,YOUTUBE_AUDIO_LIBRARY_ATTRIBUTION,PROTECTED,True,True,True,True,False,GLOBAL,YOUTUBE,2015-01-01,2099-12-31,YouTube Audio Library,https://www.youtube.com/audiolibrary,2026-08-24T12:56:42.278536
13bab961-fbb8-4717-87bf-ad573dfaa308,9c5c572a-1892-4851-9ef5-7cd182cc232b,86b39d3b-8a41-41be-82eb-04f28a80ec33,YOUTUBE_AUDIO_LIBRARY_ATTRIBUTION,PROTECTED,True,True,True,True,False,GLOBAL,YOUTUBE,2015-01-01,2099-12-31,YouTube Audio Library,https://www.youtube.com/audiolibrary,2026-08-24T12:56:42.278536
8245da2b-3b06-431a-9873-71cbe4da9e83,e7e9fcb7-ef7b-41c6-9755-a574b2457f4f,b1dc34ca-de2b-4382-a9a9-d6ad98fd2a77,YOUTUBE_AUDIO_LIBRARY_ATTRIBUTION,PROTECTED,True,True,True,True,False,GLOBAL,YOUTUBE,2015-01-01,2099-12-31,YouTube Audio Library,https://www.youtube.com/audiolibrary,2026-08-24T12:56:42.278536
04ae37ab-8ab9-4a7e-b277-22eeceaac644,57bcda68-275c-4ede-a76a-fe2a889f279a,5366f9d2-3877-4acc-86a6-86615867378f,YOUTUBE_AUDIO_LIBRARY_ATTRIBUTION,PROTECTED,True,True,True,True,False,GLOBAL,YOUTUBE,2015-01-01,2099-12-31,YouTube Audio Library,https://www.youtube.com/audiolibrary,2026-08-24T12:56:42.278536
ba7bf094-328e-4d63-90af-858c1ea928ef,5ca0dfc6-c8e0-482a-ab8d-5fa73c6c92b5,21858ca5-2e46-4ccd-8167-53db0ecef5b0,YOUTUBE_AUDIO_LIBRARY_ATTRIBUTION,PROTECTED,True,True,True,True,False,GLOBAL,YOUTUBE,2015-01-01,2099-12-31,YouTube Audio Library,https://www.youtube.com/audiolibrary,2026-08-24T12:56:42.278536
a05910e6-31e2-488e-9646-afca2f053303,20a22a18-0e12-432f-9f1c-250e222013c2,6a72af25-55aa-41f1-a91e-6ecc234c4b4e,YOUTUBE_AUDIO_LIBRARY_ATTRIBUTION,PROTECTED,True,True,True,True,False,GLOBAL,YOUTUBE,2015-01-01,2099-12-31,YouTube Audio Library,https://www.youtube.com/audiolibrary,2026-08-24T12:56:42.278536
f8d30148-02bb-4a96-a746-3fcb56d9f9c9,dbdc91c7-f043-4998-85d6-a9ecfce81a54,d2be676d-8a6b-499a-b85f-943009a57929,YOUTUBE_AUDIO_LIBRARY_ATTRIBUTION,PROTECTED,True,True,True,True,False,GLOBAL,YOUTUBE,2015-01-01,2099-12-31,YouTube Audio Library,https://www.youtube.com/audiolibrary,2026-08-24T12:56:42.278536
a74bb026-c4a8-4fb6-a0a6-30c8428d21c5,96dcffb8-65a6-425f-9372-1fd71d00bc10,65b3db15-0032-418a-9c37-24f93592de9b,YOUTUBE_AUDIO_LIBRARY_ATTRIBUTION,PROTECTED,True,True,True,True,False,GLOBAL,YOUTUBE,2015-01-01,2099-12-31,YouTube Audio Library,https://www.youtube.com/audiolibrary,2026-08-24T12:56:42.278536
df80864e-c647-49e7-9aed-cee2b50b2eaa,a9dc971c-7621-472f-913f-ef5b2a63b053,0ded3ffe-d493-4b6e-ba24-75ec018a1adb,YOUTUBE_AUDIO_LIBRARY_ATTRIBUTION,PROTECTED,True,True,True,True,False,GLOBAL,YOUTUBE,2015-01-01,2099-12-31,YouTube Audio Library,https://www.youtube.com/audiolibrary,2026-08-24T12:56:42.278536
06e33041-459e-416e-9606-3404365e6fa1,f5ad5f06-27ee-4b67-9c19-2cfb970fcbee,a7347132-c356-4aa4-b196-b04f2f0fb881,YOUTUBE_AUDIO_LIBRARY_ATTRIBUTION,PROTECTED,True,True,True,True,False,GLOBAL,YOUTUBE,2015-01-01,2099-12-31,YouTube Audio Library,https://www.youtube.com/audiolibrary,2026-08-24T12:56:42.278536
b73a9aa5-4440-4015-b9dd-42d1292d88c3,ff411a45-48d2-4dbe-9727-fd03585e737a,9feba1b5-7b85-4a86-a833-b35399490548,YOUTUBE_AUDIO_LIBRARY_ATTRIBUTION,PROTECTED,True,True,True,True,False,GLOBAL,YOUTUBE,2015-01-01,2099-12-31,YouTube Audio Library,https://www.youtube.com/audiolibrary,2026-08-24T12:56:42.278536
571bf125-5dbe-4871-a949-8bff90a8de27,c21ff5f9-5bd0-4ea0-907c-1fa9211e7fa6,cc3705e5-b8c6-4c39-af1e-cf9fd8354fa3,YOUTUBE_AUDIO_LIBRARY_ATTRIBUTION,PROTECTED,True,True,True,True,False,GLOBAL,YOUTUBE,2015-01-01,2099-12-31,YouTube Audio Library,https://www.youtube.com/audiolibrary,2026-08-24T12:56:42.278536
ef3ade2a-532e-48cf-bdc9-773f3f42d8fc,c9b70795-e733-4f80-8b7f-7c68d518660f,8f9bcca3-ec63-4948-83e4-c4a5da3e6f56,YOUTUBE_AUDIO_LIBRARY_ATTRIBUTION,PROTECTED,True,True,True,True,False,GLOBAL,YOUTUBE,2015-01-01,2099-12-31,YouTube Audio Library,https://www.youtube.com/audiolibrary,2026-08-24T12:56:42.278536
f3159f8d-d0ec-4a26-ac4f-36ad0d0daba1,5776423d-ba39-4d95-9288-c751441ba635,9474473c-9d2f-4d89-b614-752029ad9297,YOUTUBE_AUDIO_LIBRARY_ATTRIBUTION,PROTECTED,True,True,True,True,False,GLOBAL,YOUTUBE,2015-01-01,2099-12-31,YouTube Audio Library,https://www.youtube.com/audiolibrary,2026-08-24T12:56:42.278536
48704bb5-e270-4429-a75e-9ba8f8531577,e312b78b-4559-4481-be73-778bb939ac31,10f64523-a499-4545-9b58-f16e273c9515,YOUTUBE_AUDIO_LIBRARY_ATTRIBUTION,PROTECTED,True,True,True,True,False,GLOBAL,YOUTUBE,2015-01-01,2099-12-31,YouTube Audio Library,https://www.youtube.com/audiolibrary,2026-08-24T12:56:42.278536
71a7e606-c767-444a-8b00-99b389ae22a0,d1b302be-df8b-4af0-ad78-5831fd1c3eba,a24676d1-1430-4ff1-95b2-855cb1545e8e,YOUTUBE_AUDIO_LIBRARY_ATTRIBUTION,PROTECTED,True,True,True,True,False,GLOBAL,YOUTUBE,2015-01-01,2099-12-31,YouTube Audio Library,https://www.youtube.com/audiolibrary,2026-08-24T12:56:42.278536
e85db46f-68b7-4cef-aa72-db4ca5d3201c,6bdffea9-37bd-4ae0-9e7c-c9a2489842ed,ed727f48-5ff1-4161-b65a-b3010ded7a39,YOUTUBE_AUDIO_LIBRARY_ATTRIBUTION,PROTECTED,True,True,True,True,False,GLOBAL,YOUTUBE,2015-01-01,2099-12-31,YouTube Audio Library,https://www.youtube.com/audiolibrary,2026-08-24T12:56:42.278536
0b63174f-cf20-4967-95cc-cc3f26c8cd4a,2e96fbd7-7853-496a-8e1a-e12a0c3f694f,66db45d0-d682-4a63-800e-4dcc431d5054,YOUTUBE_AUDIO_LIBRARY_ATTRIBUTION,PROTECTED,True,True,True,True,False,GLOBAL,YOUTUBE,2015-01-01,2099-12-31,YouTube Audio Library,https://www.youtube.com/audiolibrary,2026-08-24T12:56:42.278536
4497bf30-7d60-439e-a487-e35b2d8d4cad,dcf6591b-0aee-4994-be3e-47c1ed356b4d,9a986793-5e16-4487-b063-971fd5818610,YOUTUBE_AUDIO_LIBRARY_ATTRIBUTION,PROTECTED,True,True,True,True,False,GLOBAL,YOUTUBE,2015-01-01,2099-12-31,YouTube Audio Library,https://www.youtube.com/audiolibrary,2026-08-24T12:56:42.278536
b133b0c4-4e50-48b2-8953-03b3fc813748,cc3856fc-afd6-4dd7-85db-02870e904a46,14cd6d52-533f-4ec2-99b5-8e16730af230,YOUTUBE_AUDIO_LIBRARY_ATTRIBUTION,PROTECTED,True,True,True,True,False,GLOBAL,YOUTUBE,2015-01-01,2099-12-31,YouTube Audio Library,https://www.youtube.com/audiolibrary,2026-08-24T12:56:42.278536
26346025-83b6-4f10-876d-052f03ba0b65,977c1df2-a7db-49d0-b6db-8e36df3b9a6f,717f7721-ddca-48fa-a8d3-30775b52cfe5,YOUTUBE_AUDIO_LIBRARY_ATTRIBUTION,PROTECTED,True,True,True,True,False,GLOBAL,YOUTUBE,2015-01-01,2099-12-31,YouTube Audio Library,https://www.youtube.com/audiolibrary,2026-08-24T12:56:42.278536
d72f95b3-6d89-40f3-ba18-36d73ad04de2,558e3101-36aa-49ce-9585-a3291d38608c,5ae3e627-eb30-4ec6-98a1-1f8828c09772,YOUTUBE_AUDIO_LIBRARY_ATTRIBUTION,PROTECTED,True,True,True,True,False,GLOBAL,YOUTUBE,2015-01-01,2099-12-31,YouTube Audio Library,https://www.youtube.com/audiolibrary,2026-08-24T12:56:42.278536
7205534e-8293-46cc-96ec-4847e41fe58d,4539ec27-1398-4134-803e-5a2991586b81,38ce49f8-2e1d-44d3-a546-f37787c28226,YOUTUBE_AUDIO_LIBRARY_ATTRIBUTION,PROTECTED,True,True,True,True,False,GLOBAL,YOUTUBE,2015-01-01,2099-12-31,YouTube Audio Library,https://www.youtube.com/audiolibrary,2026-08-24T12:56:42.278536
67a23a65-b454-4fe2-aa05-4e210e32941e,8dd07dc5-f0cc-4882-92d2-04c8b54f1b8f,66415a84-cd78-4edf-943e-e8493a6a5f8b,YOUTUBE_AUDIO_LIBRARY_ATTRIBUTION,PROTECTED,True,True,True,True,False,GLOBAL,YOUTUBE,2015-01-01,2099-12-31,YouTube Audio Library,https://www.youtube.com/audiolibrary,2026-08-24T12:56:42.278536
7982f0f2-c217-4118-88a7-cac08ad55bb1,a293bbda-e9c0-42cc-ae01-c4ee488d20be,5844ea5d-88a6-4cdc-9ba6-b8282dbfe99f,YOUTUBE_AUDIO_LIBRARY_ATTRIBUTION,PROTECTED,True,True,True,True,False,GLOBAL,YOUTUBE,2015-01-01,2099-12-31,YouTube Audio Library,https://www.youtube.com/audiolibrary,2026-08-24T12:56:42.278536
4d497585-0c42-4282-a663-0675ea041815,bfe6c842-22e6-4403-9f6b-998953808997,ff7080fb-4c8b-4386-a2b5-1f4dc1f267fe,YOUTUBE_AUDIO_LIBRARY_ATTRIBUTION,PROTECTED,True,True,True,True,False,GLOBAL,YOUTUBE,2015-01-01,2099-12-31,YouTube Audio Library,https://www.youtube.com/audiolibrary,2026-08-24T12:56:42.278536
f946c12d-c5be-46bb-ad16-e78a7e690a1e,66833520-302b-4acf-ab17-a2cc2e2a8934,0b7531e8-e037-4d26-9569-96142aafe0f5,YOUTUBE_AUDIO_LIBRARY_ATTRIBUTION,PROTECTED,True,True,True,True,False,GLOBAL,YOUTUBE,2015-01-01,2099-12-31,YouTube Audio Library,https://www.youtube.com/audiolibrary,2026-08-24T12:56:42.278536
3b4aa040-cb41-4b44-b796-0e011e003277,e5e1da47-89cc-418b-a51e-9efa42c09b30,2e6ec280-2931-4563-8c04-e4e2dcb69c4d,YOUTUBE_AUDIO_LIBRARY_ATTRIBUTION,PROTECTED,True,True,True,True,False,GLOBAL,YOUTUBE,2015-01-01,2099-12-31,YouTube Audio Library,https://www.youtube.com/audiolibrary,2026-08-24T12:56:42.278536
d31129ca-cbbb-44a1-b0f9-240af62b65f2,e41c27e1-4202-4f4c-bd1a-ece1a2a70eb5,7615def7-db8a-40a4-833e-4508c63aeaeb,YOUTUBE_AUDIO_LIBRARY_ATTRIBUTION,PROTECTED,True,True,True,True,False,GLOBAL,YOUTUBE,2015-01-01,2099-12-31,YouTube Audio Library,https://www.youtube.com/audiolibrary,2026-08-24T12:56:42.278536
06bad82a-9199-4487-9ea9-084fdaf27e41,25987ddb-a932-4732-9f61-c974126d6623,f6e3d488-e5fb-4918-a600-740f5c395af5,YOUTUBE_AUDIO_LIBRARY_ATTRIBUTION,PROTECTED,True,True,True,True,False,GLOBAL,YOUTUBE,2015-01-01,2099-12-31,YouTube Audio Library,https://www.youtube.com/audiolibrary,2026-08-24T12:56:42.278536
f0cb5314-4e2c-49d6-855d-d290ff5209d7,74e320fc-a249-478b-b629-b876fb212950,bf667e20-a36c-4a0a-8668-271e09c444ee,YOUTUBE_AUDIO_LIBRARY_ATTRIBUTION,PROTECTED,True,True,True,True,False,GLOBAL,YOUTUBE,2015-01-01,2099-12-31,YouTube Audio Library,https://www.youtube.com/audiolibrary,2026-08-24T12:56:42.278536
0ad8bdaf-47cb-41df-8258-b49b6acf3afd,f8950314-01d6-4ff7-a960-5ba17b58ce26,c8eed652-afb4-47f6-af6b-b8c4aeb59f0a,YOUTUBE_AUDIO_LIBRARY_ATTRIBUTION,PROTECTED,True,True,True,True,False,GLOBAL,YOUTUBE,2015-01-01,2099-12-31,YouTube Audio Library,https://www.youtube.com/audiolibrary,2026-08-24T12:56:42.278536
975cba40-6b6c-473a-99ad-35d07a5543fc,891db4c3-4f46-4744-aac7-d9951c9dea9f,ea607ae0-18ad-4373-9260-dd8e65ab36b5,YOUTUBE_AUDIO_LIBRARY_ATTRIBUTION,PROTECTED,True,True,True,True,False,GLOBAL,YOUTUBE,2015-01-01,2099-12-31,YouTube Audio Library,https://www.youtube.com/audiolibrary,2026-08-24T12:56:42.278536
913fb333-c765-4aac-8fe8-737b8430ec16,54a066e8-af93-4195-a5b2-b1c3354f8be6,9cf5643c-b967-49ce-b17e-6d9fdda306c1,YOUTUBE_AUDIO_LIBRARY_ATTRIBUTION,PROTECTED,True,True,True,True,False,GLOBAL,YOUTUBE,2015-01-01,2099-12-31,YouTube Audio Library,https://www.youtube.com/audiolibrary,2026-08-24T12:56:42.278536
57e1c5cd-a9f6-4188-93ed-735ecd6aa1e2,598c77c3-d304-4709-92ec-8590a7183d37,fa7bfbab-a3b6-4809-ad1a-ed67de9ce809,YOUTUBE_AUDIO_LIBRARY_ATTRIBUTION,PROTECTED,True,True,True,True,False,GLOBAL,YOUTUBE,2015-01-01,2099-12-31,YouTube Audio Library,https://www.youtube.com/audiolibrary,2026-08-24T12:56:42.278536
bd5d951a-37b0-4470-94fb-769ffff27626,fbe9aced-101a-48d4-b17f-f97c67c3bd70,797509e4-ac01-4881-a593-b1371a57734f,YOUTUBE_AUDIO_LIBRARY_ATTRIBUTION,PROTECTED,True,True,True,True,False,GLOBAL,YOUTUBE,2015-01-01,2099-12-31,YouTube Audio Library,https://www.youtube.com/audiolibrary,2026-08-24T12:56:42.278536
2b190cf9-0c4f-4165-a6d6-9e2a5173ecc2,e9b95fcd-0cb3-4a10-b5b3-500747f7a96c,09a37e3a-5f67-4905-9a28-62506bcd6703,YOUTUBE_AUDIO_LIBRARY_ATTRIBUTION,PROTECTED,True,True,True,True,False,GLOBAL,YOUTUBE,2015-01-01,2099-12-31,YouTube Audio Library,https://www.youtube.com/audiolibrary,2026-08-24T12:56:42.278536
76fcb789-8db7-4297-af22-abe0879c8c81,8c32a4f1-883f-42b1-b052-7fde9fe8db4d,c5b6797f-434e-4b6d-8ca8-8026518e4237,YOUTUBE_AUDIO_LIBRARY_ATTRIBUTION,PROTECTED,True,True,True,True,False,GLOBAL,YOUTUBE,2015-01-01,2099-12-31,YouTube Audio Library,https://www.youtube.com/audiolibrary,2026-08-24T12:56:42.278536
d7f05f13-c33e-4c9a-bca6-206cb142628d,5e83ece5-46a6-4f60-ae1f-7a5d607f4f01,7fa87473-be95-495b-aa6b-7ca2c80b9289,YOUTUBE_AUDIO_LIBRARY_ATTRIBUTION,PROTECTED,True,True,True,True,False,GLOBAL,YOUTUBE,2015-01-01,2099-12-31,YouTube Audio Library,https://www.youtube.com/audiolibrary,2026-08-24T12:56:42.278536
20e097f7-7fb1-4b3a-a387-89d9b51d2179,a1414aee-fcb7-4a26-92ec-14cd6c11915d,5985fa80-9889-4b35-8d72-a4dd0e6c26ef,YOUTUBE_AUDIO_LIBRARY_ATTRIBUTION,PROTECTED,True,True,True,True,False,GLOBAL,YOUTUBE,2015-01-01,2099-12-31,YouTube Audio Library,https://www.youtube.com/audiolibrary,2026-08-24T12:56:42.278536
4cd34855-6177-4820-ae11-19019cf2d475,952b212d-d4e3-4a17-b8bf-ec15a72ba7f6,4e4199f1-950c-4301-94db-bc4464c41ccb,YOUTUBE_AUDIO_LIBRARY_ATTRIBUTION,PROTECTED,True,True,True,True,False,GLOBAL,YOUTUBE,2015-01-01,2099-12-31,YouTube Audio Library,https://www.youtube.com/audiolibrary,2026-08-24T12:56:42.278536
8213cd25-4d1e-44eb-b83a-4b6d8c75fc11,ec2854ed-b3e8-4c16-8796-2dc5aed31b26,7607f34f-190a-4570-9b5b-a07bcffbf674,YOUTUBE_AUDIO_LIBRARY_ATTRIBUTION,PROTECTED,True,True,True,True,False,GLOBAL,YOUTUBE,2015-01-01,2099-12-31,YouTube Audio Library,https://www.youtube.com/audiolibrary,2026-08-24T12:56:42.278536
551aefde-26e2-4cd8-8ab4-cfc5247a9ec8,36a2c1da-a4c7-4e14-8f48-68f269287f84,cf8a3d22-bcd2-4b30-a029-5f2583e8d2c5,YOUTUBE_AUDIO_LIBRARY_ATTRIBUTION,PROTECTED,True,True,True,True,False,GLOBAL,YOUTUBE,2015-01-01,2099-12-31,YouTube Audio Library,https://www.youtube.com/audiolibrary,2026-08-24T12:56:42.278536
278f9ea6-c949-466f-97c6-c48368ed68c5,44011372-fa48-432a-a123-eb4edeff7c31,1ec923ed-6de5-414b-9f89-e2775871892c,YOUTUBE_AUDIO_LIBRARY_ATTRIBUTION,PROTECTED,True,True,True,True,False,GLOBAL,YOUTUBE,2015-01-01,2099-12-31,YouTube Audio Library,https://www.youtube.com/audiolibrary,2026-08-24T12:56:42.278536
2d65ef66-9336-47bb-b1a2-a83586beea3c,0b331268-7a67-4d92-b003-4662b5b28547,49b2f6a6-1a24-4d77-a4b5-11ee9c50c216,YOUTUBE_AUDIO_LIBRARY_ATTRIBUTION,PROTECTED,True,True,True,True,False,GLOBAL,YOUTUBE,2015-01-01,2099-12-31,YouTube Audio Library,https://www.youtube.com/audiolibrary,2026-08-24T12:56:42.278536
30cf2215-89c3-41ce-b3a0-8ad39281ae4a,90d7ae64-3479-4ce5-9252-8b76207018c2,ce4a4feb-2e35-4c1f-b34b-a14c3f556696,YOUTUBE_AUDIO_LIBRARY_ATTRIBUTION,PROTECTED,True,True,True,True,False,GLOBAL,YOUTUBE,2015-01-01,2099-12-31,YouTube Audio Library,https://www.youtube.com/audiolibrary,2026-08-24T12:56:42.278536
dd84941d-012c-40d0-9b7e-1891dd0d2edd,96b59f16-bf21-4663-94b9-fed364dd5d59,3af2301e-32ef-4990-b40f-769827847214,YOUTUBE_AUDIO_LIBRARY_ATTRIBUTION,PROTECTED,True,True,True,True,False,GLOBAL,YOUTUBE,2015-01-01,2099-12-31,YouTube Audio Library,https://www.youtube.com/audiolibrary,2026-08-24T12:56:42.278536
e3f22ba9-9f3a-4b60-bd62-6217869bbc3c,51fda1b7-9da0-40b7-83fb-3e85f7007ca0,bc6a031a-78da-4622-a8f0-f5919fbee50b,YOUTUBE_AUDIO_LIBRARY_ATTRIBUTION,PROTECTED,True,True,True,True,False,GLOBAL,YOUTUBE,2015-01-01,2099-12-31,YouTube Audio Library,https://www.youtube.com/audiolibrary,2026-08-24T12:56:42.278536
ec8a17b5-1658-4097-a205-2035c68c11f6,ab1cdad6-a146-4510-860e-8939b8f4b10c,f39dce13-576a-499d-80bd-cfcd9a877b86,YOUTUBE_AUDIO_LIBRARY_ATTRIBUTION,PROTECTED,True,True,True,True,False,GLOBAL,YOUTUBE,2015-01-01,2099-12-31,YouTube Audio Library,https://www.youtube.com/audiolibrary,2026-08-24T12:56:42.278536
d860a7f0-1b73-47de-95d1-7d1163681874,278c4280-3132-48fb-b553-40f2ebfd84f8,08949561-fc3e-441f-bfc9-5260be7e536b,YOUTUBE_AUDIO_LIBRARY_ATTRIBUTION,PROTECTED,True,True,True,True,False,GLOBAL,YOUTUBE,2015-01-01,2099-12-31,YouTube Audio Library,https://www.youtube.com/audiolibrary,2026-08-24T12:56:42.278536
cb6391a3-3eed-431b-9b05-4bbf0511814f,35b378b5-e541-446c-a193-3144c5dc977f,ccd0210c-ccb4-4d53-815a-50502582eeec,YOUTUBE_AUDIO_LIBRARY_ATTRIBUTION,PROTECTED,True,True,True,True,False,GLOBAL,YOUTUBE,2015-01-01,2099-12-31,YouTube Audio Library,https://www.youtube.com/audiolibrary,2026-08-24T12:56:42.278536
296e9757-2f2f-4f55-9038-c5b6bbc42916,855decf5-7fb7-4ffc-8cf7-b0f7f2b0b3c8,4aa25a07-b39d-4a71-bcf6-b2cbbe2b018d,YOUTUBE_AUDIO_LIBRARY_ATTRIBUTION,PROTECTED,True,True,True,True,False,GLOBAL,YOUTUBE,2015-01-01,2099-12-31,YouTube Audio Library,https://www.youtube.com/audiolibrary,2026-08-24T12:56:42.278536
83d4f264-8ae9-419f-9662-b5923e029e7f,609bf0ca-ff6d-42ad-8d15-ffbb18fbcad4,1fbc00a6-2635-4e97-b722-637d9a2de136,YOUTUBE_AUDIO_LIBRARY_ATTRIBUTION,PROTECTED,True,True,True,True,False,GLOBAL,YOUTUBE,2015-01-01,2099-12-31,YouTube Audio Library,https://www.youtube.com/audiolibrary,2026-08-24T12:56:42.278536
826dfa3d-c7cf-4f8b-9864-6ebeee494e98,02968138-b5d0-421b-bce9-05abff9ba7ff,27534c29-aac3-41e2-9963-687eafd2edd0,YOUTUBE_AUDIO_LIBRARY_ATTRIBUTION,PROTECTED,True,True,True,True,False,GLOBAL,YOUTUBE,2015-01-01,2099-12-31,YouTube Audio Library,https://www.youtube.com/audiolibrary,2026-08-24T12:56:42.278536
89495a06-b02f-45ba-b364-2c8d8dd08090,40805a63-3281-4bc0-8749-03f527d6a8c9,807b91f6-bb14-4936-bca6-2dc87a4cb098,YOUTUBE_AUDIO_LIBRARY_ATTRIBUTION,PROTECTED,True,True,True,True,False,GLOBAL,YOUTUBE,2015-01-01,2099-12-31,YouTube Audio Library,https://www.youtube.com/audiolibrary,2026-08-24T12:56:42.278536
3e744210-461b-4e0e-9b47-e4f1cd86284e,bada0288-eb6a-4f30-ab7f-655304e63171,a24d2900-fba6-4a15-8dbd-34133b7c08b2,YOUTUBE_AUDIO_LIBRARY_ATTRIBUTION,PROTECTED,True,True,True,True,False,GLOBAL,YOUTUBE,2015-01-01,2099-12-31,YouTube Audio Library,https://www.youtube.com/audiolibrary,2026-08-24T12:56:42.278536
354d8e59-c5c6-42c8-84d1-03a449e30cc7,24282b8f-c5c9-4f20-bd0f-ea0ddfe21b4d,2c32c646-9400-4230-bfa4-669bdca242ce,YOUTUBE_AUDIO_LIBRARY_ATTRIBUTION,PROTECTED,True,True,True,True,False,GLOBAL,YOUTUBE,2015-01-01,2099-12-31,YouTube Audio Library,https://www.youtube.com/audiolibrary,2026-08-24T12:56:42.278536
dbbadb16-d058-48e8-8e4a-42132f15363e,41cdca6a-a2af-4264-a3ad-00150f654f2d,7b168707-4803-46b3-8ebd-696b8210fcd9,YOUTUBE_AUDIO_LIBRARY_ATTRIBUTION,PROTECTED,True,True,True,True,False,GLOBAL,YOUTUBE,2015-01-01,2099-12-31,YouTube Audio Library,https://www.youtube.com/audiolibrary,2026-08-24T12:56:42.278536
05ad83a8-0cc6-4e33-86fb-063c02803182,bd7a736f-4552-4a14-8a78-b527615bb538,59094a11-4815-4786-b072-32d9554411bc,YOUTUBE_AUDIO_LIBRARY_ATTRIBUTION,PROTECTED,True,True,True,True,False,GLOBAL,YOUTUBE,2015-01-01,2099-12-31,YouTube Audio Library,https://www.youtube.com/audiolibrary,2026-08-24T12:56:42.278536
7e99322e-6a19-493b-bab2-e4552b333f4f,5d4a12a7-249b-4f1f-84d9-1cd17cfa48e0,7820b30e-62ae-4bde-b284-e28d14127adf,YOUTUBE_AUDIO_LIBRARY_ATTRIBUTION,PROTECTED,True,True,True,True,False,GLOBAL,YOUTUBE,2015-01-01,2099-12-31,YouTube Audio Library,https://www.youtube.com/audiolibrary,2026-08-24T12:56:42.278536
ecd51651-397f-499a-8ea5-b14e867f66bd,ae3f9d56-49d1-4e72-8eb6-7897a0601c75,b83ce418-1203-4a8c-b06c-ea9977fd9525,YOUTUBE_AUDIO_LIBRARY_ATTRIBUTION,PROTECTED,True,True,True,True,False,GLOBAL,YOUTUBE,2015-01-01,2099-12-31,YouTube Audio Library,https://www.youtube.com/audiolibrary,2026-08-24T12:56:42.278536
44418714-e266-478a-852c-e315c7c1f2fa,77fd10bf-08fa-4074-a19d-c52f378db93c,01bf2fe2-000e-4ed8-9f16-bb927df357e8,YOUTUBE_AUDIO_LIBRARY_ATTRIBUTION,PROTECTED,True,True,True,True,False,GLOBAL,YOUTUBE,2015-01-01,2099-12-31,YouTube Audio Library,https://www.youtube.com/audiolibrary,2026-08-24T12:56:42.278536
b4da2a0f-e67a-4cd3-9f17-f28614dcf67f,49ac8f67-3183-46f9-9b9f-5aab86f6dd82,940ff3d0-64fa-4c75-b055-528ccc39db71,YOUTUBE_AUDIO_LIBRARY_ATTRIBUTION,PROTECTED,True,True,True,True,False,GLOBAL,YOUTUBE,2015-01-01,2099-12-31,YouTube Audio Library,https://www.youtube.com/audiolibrary,2026-08-24T12:56:42.278536
6e54933f-2696-409e-af86-ee9b1c30aa2a,36bc7029-fc95-4669-aeba-e74a1307919f,af2ebc4b-4b29-4b98-8cfa-c7ffce9c8233,YOUTUBE_AUDIO_LIBRARY_ATTRIBUTION,PROTECTED,True,True,True,True,False,GLOBAL,YOUTUBE,2015-01-01,2099-12-31,YouTube Audio Library,https://www.youtube.com/audiolibrary,2026-08-24T12:56:42.278536
c8f52f9d-6a46-4789-bcc8-57c94d9bc81d,dedbf8e1-9b0c-4dd1-8830-2041027034b8,53c7fa02-68ca-4d1a-b1c1-a214a3b949b0,YOUTUBE_AUDIO_LIBRARY_ATTRIBUTION,PROTECTED,True,True,True,True,False,GLOBAL,YOUTUBE,2015-01-01,2099-12-31,YouTube Audio Library,https://www.youtube.com/audiolibrary,2026-08-24T12:56:42.278536
2d903197-d355-4822-9617-5a42cbdc5995,d0f302fe-10cc-4ce7-b650-689e9fb76166,5c27ccd5-b2d6-499b-b381-39438db0e397,YOUTUBE_AUDIO_LIBRARY_ATTRIBUTION,PROTECTED,True,True,True,True,False,GLOBAL,YOUTUBE,2015-01-01,2099-12-31,YouTube Audio Library,https://www.youtube.com/audiolibrary,2026-08-24T12:56:42.278536
3752b3d5-a76c-4e49-9b9c-4c86d37ac64a,d350a139-4fde-499c-8ff9-6dd2404cb425,517669a2-0e80-44ca-8d1d-7407a28bb47f,YOUTUBE_AUDIO_LIBRARY_ATTRIBUTION,PROTECTED,True,True,True,True,False,GLOBAL,YOUTUBE,2015-01-01,2099-12-31,YouTube Audio Library,https://www.youtube.com/audiolibrary,2026-08-24T12:56:42.278536
6729e64f-1340-499b-aff0-a7c921249995,8466cd10-4cad-41b9-b97c-7b2b200a79fc,6b2255dc-2c35-40cb-87ce-2a86763c32d6,YOUTUBE_AUDIO_LIBRARY_ATTRIBUTION,PROTECTED,True,True,True,True,False,GLOBAL,YOUTUBE,2015-01-01,2099-12-31,YouTube Audio Library,https://www.youtube.com/audiolibrary,2026-08-24T12:56:42.278536
44869b3f-00e2-4c02-9399-c8b48822b2ad,a12ff3f1-353f-4e27-830e-5c612382eeab,831f36a1-ee57-4a38-8955-f67e9fe4a5bf,YOUTUBE_AUDIO_LIBRARY_ATTRIBUTION,PROTECTED,True,True,True,True,False,GLOBAL,YOUTUBE,2015-01-01,2099-12-31,YouTube Audio Library,https://www.youtube.com/audiolibrary,2026-08-24T12:56:42.278536
25ec2479-f195-4cd2-a5b7-9febb8df4347,08404530-51de-4fe5-9c6a-b15d95e15827,421a7878-3980-445c-ae38-c861bafc6af1,YOUTUBE_AUDIO_LIBRARY_ATTRIBUTION,PROTECTED,True,True,True,True,False,GLOBAL,YOUTUBE,2015-01-01,2099-12-31,YouTube Audio Library,https://www.youtube.com/audiolibrary,2026-08-24T12:56:42.278536
bfb973ba-2d33-4ff7-a2bc-dbab52862217,1ad3c5d5-169b-4fa5-9cbe-74054380bd7d,479179ca-d8e7-4116-9635-4e8aa06f0899,YOUTUBE_AUDIO_LIBRARY_ATTRIBUTION,PROTECTED,True,True,True,True,False,GLOBAL,YOUTUBE,2015-01-01,2099-12-31,YouTube Audio Library,https://www.youtube.com/audiolibrary,2026-08-24T12:56:42.278536
791a28dc-7dba-4f41-9cac-75f50a3b0896,c1b38355-5bc5-497e-9c78-25e241ab3749,bffd63ae-e85f-4863-978d-61da25d72b5c,YOUTUBE_AUDIO_LIBRARY_ATTRIBUTION,PROTECTED,True,True,True,True,False,GLOBAL,YOUTUBE,2015-01-01,2099-12-31,YouTube Audio Library,https://www.youtube.com/audiolibrary,2026-08-24T12:56:42.278536
4030d97d-658e-4d97-b938-6fb956583e07,38c85a96-4b3c-48fa-9aee-8ba73e205578,38eb836f-d8c5-45fe-b874-390f39db49a6,YOUTUBE_AUDIO_LIBRARY_ATTRIBUTION,PROTECTED,True,True,True,True,False,GLOBAL,YOUTUBE,2015-01-01,2099-12-31,YouTube Audio Library,https://www.youtube.com/audiolibrary,2026-08-24T12:56:42.278536
9f5f29b3-4996-4155-a4ea-9139577abf85,fb0d4f12-60df-4c17-ae16-7db9569b6a9f,605c92be-bd11-439a-9a7a-d756bb00e3b2,YOUTUBE_AUDIO_LIBRARY_ATTRIBUTION,PROTECTED,True,True,True,True,False,GLOBAL,YOUTUBE,2015-01-01,2099-12-31,YouTube Audio Library,https://www.youtube.com/audiolibrary,2026-08-24T12:56:42.278536
0eeaf270-9f21-4a07-a5ef-1e98ff89659a,953b4348-3908-4325-9728-7449f949cb68,5c0d60a8-eaa5-4e42-9921-bb957e111930,YOUTUBE_AUDIO_LIBRARY_ATTRIBUTION,PROTECTED,True,True,True,True,False,GLOBAL,YOUTUBE,2015-01-01,2099-12-31,YouTube Audio Library,https://www.youtube.com/audiolibrary,2026-08-24T12:56:42.278536
46753f99-bd89-4c0c-8785-bdcb4c7be439,8f1bc289-966a-4013-81d3-30890585e30a,53e54148-31ce-40f5-96be-97ba0ced3e64,YOUTUBE_AUDIO_LIBRARY_ATTRIBUTION,PROTECTED,True,True,True,True,False,GLOBAL,YOUTUBE,2015-01-01,2099-12-31,YouTube Audio Library,https://www.youtube.com/audiolibrary,2026-08-24T12:56:42.278536
55d03519-083e-4dc4-8bd8-7835e58f6b20,a572f822-4b40-45a9-9712-9b4be620ecb2,9a500142-b582-4c03-956f-113b9be6cb39,YOUTUBE_AUDIO_LIBRARY_ATTRIBUTION,PROTECTED,True,True,True,True,False,GLOBAL,YOUTUBE,2015-01-01,2099-12-31,YouTube Audio Library,https://www.youtube.com/audiolibrary,2026-08-24T12:56:42.278536
cffa29ca-9901-4f91-acf8-72e015946788,4b3c61c3-4ef4-489e-99f4-7cd8ee5ad90e,ed7029cf-4cf2-461d-82bd-f6fce6912cfd,YOUTUBE_AUDIO_LIBRARY_ATTRIBUTION,PROTECTED,True,True,True,True,False,GLOBAL,YOUTUBE,2015-01-01,2099-12-31,YouTube Audio Library,https://www.youtube.com/audiolibrary,2026-08-24T12:56:42.278536
b9b1c495-6541-453e-9ce3-b9f39bf1c6b8,2d3016b5-eeae-44c6-872d-ffa2131dcd92,f6d95145-edfd-4df1-bfcf-d0a0f0a9eb82,YOUTUBE_AUDIO_LIBRARY_ATTRIBUTION,PROTECTED,True,True,True,True,False,GLOBAL,YOUTUBE,2015-01-01,2099-12-31,YouTube Audio Library,https://www.youtube.com/audiolibrary,2026-08-24T12:56:42.278536
67489b07-c715-4766-bc58-4f57b55d4723,8a07cecf-6723-4928-b746-0917251f1387,6f8e077b-f939-4918-b71f-9ab41941246a,YOUTUBE_AUDIO_LIBRARY_ATTRIBUTION,PROTECTED,True,True,True,True,False,GLOBAL,YOUTUBE,2015-01-01,2099-12-31,YouTube Audio Library,https://www.youtube.com/audiolibrary,2026-08-24T12:56:42.278536
e32aa1a9-f1dd-426e-9e51-af2d6fd4c825,2ae474ba-461d-49c2-8b3f-497fa1ed30a1,69c010f0-c664-44d2-a06a-1d21208f2631,YOUTUBE_AUDIO_LIBRARY_ATTRIBUTION,PROTECTED,True,True,True,True,False,GLOBAL,YOUTUBE,2015-01-01,2099-12-31,YouTube Audio Library,https://www.youtube.com/audiolibrary,2026-08-24T12:56:42.278536
39ad4960-8793-47b0-baa7-c0ca6d40a7d1,b5f202fc-2553-488a-b0ee-8e7595ec100e,b03d1d1f-8f9f-4815-87fd-9ce683b16c98,YOUTUBE_AUDIO_LIBRARY_ATTRIBUTION,PROTECTED,True,True,True,True,False,GLOBAL,YOUTUBE,2015-01-01,2099-12-31,YouTube Audio Library,https://www.youtube.com/audiolibrary,2026-08-24T12:56:42.278536
354fce58-82a8-40c3-b636-43d1b23773e2,63b489da-fb71-4726-80e8-d68a05f9e0f1,32a87bda-cdd9-4eae-b4b7-4a2af6417e85,YOUTUBE_AUDIO_LIBRARY_ATTRIBUTION,PROTECTED,True,True,True,True,False,GLOBAL,YOUTUBE,2015-01-01,2099-12-31,YouTube Audio Library,https://www.youtube.com/audiolibrary,2026-08-24T12:56:42.278536
e5bd9fc4-8907-48ba-8a7d-f418e6ae4bca,b91f5d49-20c5-41c8-937e-7ddaf21deefa,7ff0409f-6bb2-4caf-8e0c-a212a273aab1,YOUTUBE_AUDIO_LIBRARY_ATTRIBUTION,PROTECTED,True,True,True,True,False,GLOBAL,YOUTUBE,2015-01-01,2099-12-31,YouTube Audio Library,https://www.youtube.com/audiolibrary,2026-08-24T12:56:42.278536
8625aabf-409d-4de7-9046-22175ef02283,84ea7fd6-81f1-4a72-824d-13cf1c0e752a,25aa23ed-cfc3-43c3-afbe-d86dfb4bfc74,YOUTUBE_AUDIO_LIBRARY_ATTRIBUTION,PROTECTED,True,True,True,True,False,GLOBAL,YOUTUBE,2015-01-01,2099-12-31,YouTube Audio Library,https://www.youtube.com/audiolibrary,2026-08-24T12:56:42.278536
d0fcbe39-846d-4e3d-9f51-ce697a01b546,a17ae3bf-8954-42d7-bcbb-ab88695a836a,fdb18b97-da3a-4447-a8e6-7e0029715904,YOUTUBE_AUDIO_LIBRARY_ATTRIBUTION,PROTECTED,True,True,True,True,False,GLOBAL,YOUTUBE,2015-01-01,2099-12-31,YouTube Audio Library,https://www.youtube.com/audiolibrary,2026-08-24T12:56:42.278536
cd29c019-02b5-45b4-bd99-3bcce5681735,7297c367-7d08-4f68-aaa4-e21209423ec6,4887ff2a-8768-43ae-aea9-957ee6cacdb9,YOUTUBE_AUDIO_LIBRARY_ATTRIBUTION,PROTECTED,True,True,True,True,False,GLOBAL,YOUTUBE,2015-01-01,2099-12-31,YouTube Audio Library,https://www.youtube.com/audiolibrary,2026-08-24T12:56:42.278536
e3d874f7-5946-42e2-ac7b-9b877c105f06,eec247ee-ca54-450e-85bf-8a3671bfe8e3,fd71930a-7108-4e63-9bde-24992330915c,YOUTUBE_AUDIO_LIBRARY_ATTRIBUTION,PROTECTED,True,True,True,True,False,GLOBAL,YOUTUBE,2015-01-01,2099-12-31,YouTube Audio Library,https://www.youtube.com/audiolibrary,2026-08-24T12:56:42.278536
b5eb864a-a2b6-42d4-8c5d-7f2588f3c207,9bdd8070-6858-4555-b8ee-9138426b6e87,038eaf6c-d6aa-46b9-bcb6-4384c3de023b,YOUTUBE_AUDIO_LIBRARY_ATTRIBUTION,PROTECTED,True,True,True,True,False,GLOBAL,YOUTUBE,2015-01-01,2099-12-31,YouTube Audio Library,https://www.youtube.com/audiolibrary,2026-08-24T12:56:42.278536
558cbda0-dee4-46d3-8e1d-0e37ec394ea2,27bffe24-ec6d-4e61-9c32-8cf9682ad807,af2e40b9-2f57-495f-a49f-414d38af3989,YOUTUBE_AUDIO_LIBRARY_ATTRIBUTION,PROTECTED,True,True,True,True,False,GLOBAL,YOUTUBE,2015-01-01,2099-12-31,YouTube Audio Library,https://www.youtube.com/audiolibrary,2026-08-24T12:56:42.278536
7ffca9ea-5ada-47e2-a703-08864f93c5cb,6ae3f7a5-f989-4978-82a0-e1b9c1c1b8bc,45cf487d-3abf-4d47-87d3-1a98241b10b4,YOUTUBE_AUDIO_LIBRARY_ATTRIBUTION,PROTECTED,True,True,True,True,False,GLOBAL,YOUTUBE,2015-01-01,2099-12-31,YouTube Audio Library,https://www.youtube.com/audiolibrary,2026-08-24T12:56:42.278536
71d6643a-1333-44e4-b097-6311f7c88e12,16931c64-bd94-41f6-b6d7-bacbfae18e03,1eca842f-9fed-4566-8e94-3b2fb0ee3c58,YOUTUBE_AUDIO_LIBRARY_ATTRIBUTION,PROTECTED,True,True,True,True,False,GLOBAL,YOUTUBE,2015-01-01,2099-12-31,YouTube Audio Library,https://www.youtube.com/audiolibrary,2026-08-24T12:56:42.278536
2504ff37-5ff3-4daf-a8bc-c21c7e7d06ba,7b8ddda4-e4ab-4453-a0b1-2d13ce0261ca,54663ba2-16b7-4e03-a174-81956bcd17e4,YOUTUBE_AUDIO_LIBRARY_ATTRIBUTION,PROTECTED,True,True,True,True,False,GLOBAL,YOUTUBE,2015-01-01,2099-12-31,YouTube Audio Library,https://www.youtube.com/audiolibrary,2026-08-24T12:56:42.278536
27305efe-925b-4f30-84a8-9afa6e260cec,359d0932-2a0a-4865-9f8f-03fd3b9193d2,845434a9-3b07-4e16-909f-6cbc171e8a3c,YOUTUBE_AUDIO_LIBRARY_ATTRIBUTION,PROTECTED,True,True,True,True,False,GLOBAL,YOUTUBE,2015-01-01,2099-12-31,YouTube Audio Library,https://www.youtube.com/audiolibrary,2026-08-24T12:56:42.278536
1b9cf9aa-5e4c-46c6-b3dc-d7cb0ed88972,8f616829-37d3-4f97-bcd3-faa1b6e60d79,5710cea3-9a90-42c5-9210-2a40efed79ed,YOUTUBE_AUDIO_LIBRARY_ATTRIBUTION,PROTECTED,True,True,True,True,False,GLOBAL,YOUTUBE,2015-01-01,2099-12-31,YouTube Audio Library,https://www.youtube.com/audiolibrary,2026-08-24T12:56:42.278536
95bf62b0-5bee-4dea-ad34-a5fbf6e751c1,5ea682e0-e9eb-4f99-9a6d-e1abb7d91e32,fcf5410a-d3e7-4652-ba67-7d391872e234,YOUTUBE_AUDIO_LIBRARY_ATTRIBUTION,PROTECTED,True,True,True,True,False,GLOBAL,YOUTUBE,2015-01-01,2099-12-31,YouTube Audio Library,https://www.youtube.com/audiolibrary,2026-08-24T12:56:42.278536
942875b1-2430-4311-b252-e1b049a871d0,c3f65e6d-203f-4fbc-802f-a9a842247cd0,a1a76246-33e1-4018-9244-5a32539d916d,YOUTUBE_AUDIO_LIBRARY_ATTRIBUTION,PROTECTED,True,True,True,True,False,GLOBAL,YOUTUBE,2015-01-01,2099-12-31,YouTube Audio Library,https://www.youtube.com/audiolibrary,2026-08-24T12:56:42.278536
606826b6-42a2-4c39-a597-39f517240d6e,41aaebc5-ccba-438c-8cd6-d35d302d8394,26f4730d-e017-4f0b-96e8-8fd5eef4abca,YOUTUBE_AUDIO_LIBRARY_ATTRIBUTION,PROTECTED,True,True,True,True,False,GLOBAL,YOUTUBE,2015-01-01,2099-12-31,YouTube Audio Library,https://www.youtube.com/audiolibrary,2026-08-24T12:56:42.278536
c560ce9d-92a0-42b0-9873-e2e478f75b98,5e3aef12-5753-46c0-a4d9-8884a382d92a,f771b0ea-8ef2-4057-bdca-ac73f682ef96,YOUTUBE_AUDIO_LIBRARY_ATTRIBUTION,PROTECTED,True,True,True,True,False,GLOBAL,YOUTUBE,2015-01-01,2099-12-31,YouTube Audio Library,https://www.youtube.com/audiolibrary,2026-08-24T12:56:42.278536
3efbc9dd-4902-44e1-aec8-bcc42d596177,77f05266-dbd7-4d63-abc0-f0af506095f0,f2024be4-fdeb-489c-8ad2-6e30e0e063be,YOUTUBE_AUDIO_LIBRARY_ATTRIBUTION,PROTECTED,True,True,True,True,False,GLOBAL,YOUTUBE,2015-01-01,2099-12-31,YouTube Audio Library,https://www.youtube.com/audiolibrary,2026-08-24T12:56:42.278536
a232fa92-6348-4fff-a26c-8f9c98b068f1,780e1b09-63ca-48f6-88bb-07468167ac02,1deaede3-bd8a-4250-a283-24550677c685,YOUTUBE_AUDIO_LIBRARY_ATTRIBUTION,PROTECTED,True,True,True,True,False,GLOBAL,YOUTUBE,2015-01-01,2099-12-31,YouTube Audio Library,https://www.youtube.com/audiolibrary,2026-08-24T12:56:42.278536
4e9683fb-043c-4f4b-b94b-a4523928da11,1e81bf20-5e18-4aee-aed1-65adc7368860,44781304-727d-4d49-bad3-61ec4d52e5ed,YOUTUBE_AUDIO_LIBRARY_ATTRIBUTION,PROTECTED,True,True,True,True,False,GLOBAL,YOUTUBE,2015-01-01,2099-12-31,YouTube Audio Library,https://www.youtube.com/audiolibrary,2026-08-24T12:56:42.278536
6fc9f569-7a66-4934-9cd7-63806c21ba37,d3083b0c-c47c-4d38-b976-6bbd0bb9ff35,af7f63cd-7854-4433-8aef-ac5d69091783,YOUTUBE_AUDIO_LIBRARY_ATTRIBUTION,PROTECTED,True,True,True,True,False,GLOBAL,YOUTUBE,2015-01-01,2099-12-31,YouTube Audio Library,https://www.youtube.com/audiolibrary,2026-08-24T12:56:42.278536
f496eaf7-c220-4eee-a7c2-dc707d8f64e7,db48966a-8d1c-41bc-b11e-8b5424c19073,15047e10-24e9-4841-9239-2542e9fba8db,YOUTUBE_AUDIO_LIBRARY_ATTRIBUTION,PROTECTED,True,True,True,True,False,GLOBAL,YOUTUBE,2015-01-01,2099-12-31,YouTube Audio Library,https://www.youtube.com/audiolibrary,2026-08-24T12:56:42.278536
9fced656-f8df-4223-a65f-7864654fe20e,5287ea87-9259-466e-a79f-1a62911e297c,1489a1da-3337-44cc-be82-a7c07923e96e,YOUTUBE_AUDIO_LIBRARY_ATTRIBUTION,PROTECTED,True,True,True,True,False,GLOBAL,YOUTUBE,2015-01-01,2099-12-31,YouTube Audio Library,https://www.youtube.com/audiolibrary,2026-08-24T12:56:42.278536
9a982ee1-8767-4928-8cc7-f686ff54831a,d23f91f6-f230-442e-aa3b-959424a9034c,5223aef9-9632-4b3e-bb6e-ddd3de88f97d,YOUTUBE_AUDIO_LIBRARY_ATTRIBUTION,PROTECTED,True,True,True,True,False,GLOBAL,YOUTUBE,2015-01-01,2099-12-31,YouTube Audio Library,https://www.youtube.com/audiolibrary,2026-08-24T12:56:42.278536
400b4703-e716-462e-b17b-481da10f044b,ce191afd-4375-4b68-acb4-4b78763ba210,a514d076-b567-4c26-8cd7-59f7c89842ad,YOUTUBE_AUDIO_LIBRARY_ATTRIBUTION,PROTECTED,True,True,True,True,False,GLOBAL,YOUTUBE,2015-01-01,2099-12-31,YouTube Audio Library,https://www.youtube.com/audiolibrary,2026-08-24T12:56:42.278536
7e0a71d5-187e-4aa0-af45-9cedda38f9d1,087d1285-698f-4989-a910-911ef8d9d36a,8ec751ba-2763-44f9-95c4-d3cf8a02e277,YOUTUBE_AUDIO_LIBRARY_ATTRIBUTION,PROTECTED,True,True,True,True,False,GLOBAL,YOUTUBE,2015-01-01,2099-12-31,YouTube Audio Library,https://www.youtube.com/audiolibrary,2026-08-24T12:56:42.278536
ee556159-be51-425b-8350-61d5965960fb,7a367379-10e3-4d42-bed5-008177990017,a6672950-c46b-4dc9-86b9-b57c346240ac,YOUTUBE_AUDIO_LIBRARY_ATTRIBUTION,PROTECTED,True,True,True,True,False,GLOBAL,YOUTUBE,2015-01-01,2099-12-31,YouTube Audio Library,https://www.youtube.com/audiolibrary,2026-08-24T12:56:42.278536
bf266ea4-0a42-44a1-83ea-0fb5eb81d7ad,eadf5e3f-4ebd-4ccd-b0c1-5b7500b58d65,b9d1cd91-88bd-4830-866d-b06012f45dd3,YOUTUBE_AUDIO_LIBRARY_ATTRIBUTION,PROTECTED,True,True,True,True,False,GLOBAL,YOUTUBE,2015-01-01,2099-12-31,YouTube Audio Library,https://www.youtube.com/audiolibrary,2026-08-24T12:56:42.278536
128aa55e-efc1-4d93-8597-df504a423d22,084a2485-a6eb-44d2-8829-6a53c2cd83f1,15985c28-a267-4de4-ad90-130c2307e423,YOUTUBE_AUDIO_LIBRARY_ATTRIBUTION,PROTECTED,True,True,True,True,False,GLOBAL,YOUTUBE,2015-01-01,2099-12-31,YouTube Audio Library,https://www.youtube.com/audiolibrary,2026-08-24T12:56:42.278536
9c7135b2-2ae0-44d7-884b-2de4cae7c020,e5e6bdd3-114b-43c2-9bb0-ea858b300161,10142349-34e5-4a84-9360-b803dbc6b5ca,YOUTUBE_AUDIO_LIBRARY_ATTRIBUTION,PROTECTED,True,True,True,True,False,GLOBAL,YOUTUBE,2015-01-01,2099-12-31,YouTube Audio Library,https://www.youtube.com/audiolibrary,2026-08-24T12:56:42.278536
2aca7560-18e9-4b11-b280-8188fe1a0ad8,d6048cb7-47db-4833-bd3e-a9526461296a,d237d05f-a6f3-4050-8d36-6cfa00086c87,YOUTUBE_AUDIO_LIBRARY_ATTRIBUTION,PROTECTED,True,True,True,True,False,GLOBAL,YOUTUBE,2015-01-01,2099-12-31,YouTube Audio Library,https://www.youtube.com/audiolibrary,2026-08-24T12:56:42.278536
b5cce235-4f8d-4c94-bf5e-cbd3c0ad7a7e,2e8467ff-931d-4124-9be9-eb837b8f2676,5bf2aef7-eb94-4cbf-9fb4-a313db1394be,YOUTUBE_AUDIO_LIBRARY_ATTRIBUTION,PROTECTED,True,True,True,True,False,GLOBAL,YOUTUBE,2015-01-01,2099-12-31,YouTube Audio Library,https://www.youtube.com/audiolibrary,2026-08-24T12:56:42.278536
4cdaeef3-0ded-4602-b0a8-2b661532506e,a75fd9bc-73a3-46e3-a3af-110ceae60283,fddeada3-05f7-4ade-aeb2-dc649fd8a32b,YOUTUBE_AUDIO_LIBRARY_ATTRIBUTION,PROTECTED,True,True,True,True,False,GLOBAL,YOUTUBE,2015-01-01,2099-12-31,YouTube Audio Library,https://www.youtube.com/audiolibrary,2026-08-24T12:56:42.278536
10803a03-7c81-4291-b0b0-9470017a2382,8af4fc07-f265-4b00-8e1f-798643544879,8d631a65-8eab-4bc1-970a-108526288417,YOUTUBE_AUDIO_LIBRARY_ATTRIBUTION,PROTECTED,True,True,True,True,False,GLOBAL,YOUTUBE,2015-01-01,2099-12-31,YouTube Audio Library,https://www.youtube.com/audiolibrary,2026-08-24T12:56:42.278536
c2304a0b-ef25-4af9-8984-dd4e6ae2965e,cd925f14-9d35-4d54-9a11-b8dcf5c80029,4941baa6-bfc2-4332-b996-cc7ad39728ff,YOUTUBE_AUDIO_LIBRARY_ATTRIBUTION,PROTECTED,True,True,True,True,False,GLOBAL,YOUTUBE,2015-01-01,2099-12-31,YouTube Audio Library,https://www.youtube.com/audiolibrary,2026-08-24T12:56:42.278536
4017ee8f-213f-4aa8-a693-33bad3d1e807,66f09138-13f3-474d-a810-de5491da13f0,ddc9f497-e786-4d93-a668-94cb303617e2,YOUTUBE_AUDIO_LIBRARY_ATTRIBUTION,PROTECTED,True,True,True,True,False,GLOBAL,YOUTUBE,2015-01-01,2099-12-31,YouTube Audio Library,https://www.youtube.com/audiolibrary,2026-08-24T12:56:42.278536
a45e02cd-2c93-4fd1-89f2-b058ec5deca9,4ca2654d-6e6f-483d-9428-44302b8a412c,9d47de16-c70a-4814-98ca-eb5883f64860,YOUTUBE_AUDIO_LIBRARY_ATTRIBUTION,PROTECTED,True,True,True,True,False,GLOBAL,YOUTUBE,2015-01-01,2099-12-31,YouTube Audio Library,https://www.youtube.com/audiolibrary,2026-08-24T12:56:42.278536
331bc276-c801-4094-97f7-50297ded4996,0b60866f-3755-4803-8ba2-72faad6b900f,9ac22b86-a174-462a-8a66-4303ebf43330,YOUTUBE_AUDIO_LIBRARY_ATTRIBUTION,PROTECTED,True,True,True,True,False,GLOBAL,YOUTUBE,2015-01-01,2099-12-31,YouTube Audio Library,https://www.youtube.com/audiolibrary,2026-08-24T12:56:42.278536
af76d902-73a0-45d6-8ace-7d15234ec0a8,a9fb5aa8-b8b6-463f-a26f-a928b18685ab,2b19a9e2-e7a5-49b6-a2b5-77729bdd458d,YOUTUBE_AUDIO_LIBRARY_ATTRIBUTION,PROTECTED,True,True,True,True,False,GLOBAL,YOUTUBE,2015-01-01,2099-12-31,YouTube Audio Library,https://www.youtube.com/audiolibrary,2026-08-24T12:56:42.278536
d5238dea-f2fd-4735-a900-c3fa59156ec8,3c593dd1-93d2-4b06-902c-7df8720d050c,1998f61c-c061-4c06-a9ec-67944358c99f,YOUTUBE_AUDIO_LIBRARY_ATTRIBUTION,PROTECTED,True,True,True,True,False,GLOBAL,YOUTUBE,2015-01-01,2099-12-31,YouTube Audio Library,https://www.youtube.com/audiolibrary,2026-08-24T12:56:42.278536
8d98c745-5e67-4a73-8eef-686b3a27815d,a02128ab-33a8-4cd4-a0d5-9286ebef6232,b00a1ece-9470-4c6c-9ced-a79ba661d60d,YOUTUBE_AUDIO_LIBRARY_ATTRIBUTION,PROTECTED,True,True,True,True,False,GLOBAL,YOUTUBE,2015-01-01,2099-12-31,YouTube Audio Library,https://www.youtube.com/audiolibrary,2026-08-24T12:56:42.278536
f37040a9-03fa-4be7-a6ab-749e800f2339,ba9ca459-3b18-4e8e-b6ae-8c71958bf41c,cd90e7af-f1c8-4252-bf37-210c2715d59f,YOUTUBE_AUDIO_LIBRARY_ATTRIBUTION,PROTECTED,True,True,True,True,False,GLOBAL,YOUTUBE,2015-01-01,2099-12-31,YouTube Audio Library,https://www.youtube.com/audiolibrary,2026-08-24T12:56:42.278536
0a5f288c-b51c-41ce-b9a3-35ab8ce103e8,5cea7508-2670-438b-bd5b-b7ac14c72db4,57cc7bde-f939-4928-9ac9-cd12bb1b33e5,YOUTUBE_AUDIO_LIBRARY_ATTRIBUTION,PROTECTED,True,True,True,True,False,GLOBAL,YOUTUBE,2015-01-01,2099-12-31,YouTube Audio Library,https://www.youtube.com/audiolibrary,2026-08-24T12:56:42.278536
d883dd9b-507b-4c78-a334-443a370bda9c,1a3efeda-4199-438d-af06-6ff2b9e7f421,152ecaf9-de91-414e-b614-a9f54616637d,YOUTUBE_AUDIO_LIBRARY_ATTRIBUTION,PROTECTED,True,True,True,True,False,GLOBAL,YOUTUBE,2015-01-01,2099-12-31,YouTube Audio Library,https://www.youtube.com/audiolibrary,2026-08-24T12:56:42.278536
0cbba7ed-f252-4144-ac17-89895f376078,d270d167-bd93-4831-9f7b-cf389b13f2f8,5fd13a61-9265-4d8d-80eb-bf892c46ab03,YOUTUBE_AUDIO_LIBRARY_ATTRIBUTION,PROTECTED,True,True,True,True,False,GLOBAL,YOUTUBE,2015-01-01,2099-12-31,YouTube Audio Library,https://www.youtube.com/audiolibrary,2026-08-24T12:56:42.278536
0fbb8623-6881-461e-8bf4-b059b5d0da11,fb85ac3b-8231-446f-b406-da9d40ee0a55,772bcaf8-52d7-48cb-89ec-fe951478a60b,YOUTUBE_AUDIO_LIBRARY_ATTRIBUTION,PROTECTED,True,True,True,True,False,GLOBAL,YOUTUBE,2015-01-01,2099-12-31,YouTube Audio Library,https://www.youtube.com/audiolibrary,2026-08-24T12:56:42.278536
7f5ae43a-c7f4-4ba8-8d80-0df91fdb4830,afbd26dd-8909-4aec-af3d-7b07f807021a,fb4205b3-cc0a-4022-a41d-b5e083cbf6be,YOUTUBE_AUDIO_LIBRARY_ATTRIBUTION,PROTECTED,True,True,True,True,False,GLOBAL,YOUTUBE,2015-01-01,2099-12-31,YouTube Audio Library,https://www.youtube.com/audiolibrary,2026-08-24T12:56:42.278536
d6b3e99a-0919-4067-8885-079c49fca2fe,fdb13dac-6af6-47ab-b449-2ef500214963,71ff8672-54ef-4de5-ad10-65885a3818fa,YOUTUBE_AUDIO_LIBRARY_ATTRIBUTION,PROTECTED,True,True,True,True,False,GLOBAL,YOUTUBE,2015-01-01,2099-12-31,YouTube Audio Library,https://www.youtube.com/audiolibrary,2026-08-24T12:56:42.278536
222d719d-39a9-4609-a700-f16ec3948988,66a1f708-9996-41f6-b819-b93c9107e34c,63c08b55-0917-4cf1-9184-12fa1e8f9d8d,YOUTUBE_AUDIO_LIBRARY_ATTRIBUTION,PROTECTED,True,True,True,True,False,GLOBAL,YOUTUBE,2015-01-01,2099-12-31,YouTube Audio Library,https://www.youtube.com/audiolibrary,2026-08-24T12:56:42.278536
ee1481d5-9dfa-4f55-a743-e64dcd7a50df,e72515c5-5ebc-4a85-af58-2b9b4293a606,bc32e9f2-bd82-4b2a-9428-2b5d0c74d713,YOUTUBE_AUDIO_LIBRARY_ATTRIBUTION,PROTECTED,True,True,True,True,False,GLOBAL,YOUTUBE,2015-01-01,2099-12-31,YouTube Audio Library,https://www.youtube.com/audiolibrary,2026-08-24T12:56:42.278536
79b72b7d-811e-4cc4-b99b-6ed59c1926fd,effa9c20-1a33-4f35-87c7-0f4b60b6f26c,87ca0537-4850-4016-9ff3-e240e1dcee3d,YOUTUBE_AUDIO_LIBRARY_ATTRIBUTION,PROTECTED,True,True,True,True,False,GLOBAL,YOUTUBE,2015-01-01,2099-12-31,YouTube Audio Library,https://www.youtube.com/audiolibrary,2026-08-24T12:56:42.278536
92bbf817-8b25-4141-946e-59cb3186c0cc,52b9a03e-3472-40dc-861c-490d031f7c82,471d2f66-d5aa-4e80-9527-625ced633702,YOUTUBE_AUDIO_LIBRARY_ATTRIBUTION,PROTECTED,True,True,True,True,False,GLOBAL,YOUTUBE,2015-01-01,2099-12-31,YouTube Audio Library,https://www.youtube.com/audiolibrary,2026-08-24T12:56:42.278536
a66a3871-d3d7-44a4-a7a2-9a478fda05ef,2aa6bbff-10bf-4f48-bf5e-724794986850,0e652696-c81d-469b-b149-923024df0fad,YOUTUBE_AUDIO_LIBRARY_ATTRIBUTION,PROTECTED,True,True,True,True,False,GLOBAL,YOUTUBE,2015-01-01,2099-12-31,YouTube Audio Library,https://www.youtube.com/audiolibrary,2026-08-24T12:56:42.278536
466d75d4-e1f4-45da-8f26-860acce8c8f4,f23ea2be-5478-422c-9287-f4005851b737,5377a03f-fd3c-4f47-9ff1-f07810bd9ada,YOUTUBE_AUDIO_LIBRARY_ATTRIBUTION,PROTECTED,True,True,True,True,False,GLOBAL,YOUTUBE,2015-01-01,2099-12-31,YouTube Audio Library,https://www.youtube.com/audiolibrary,2026-08-24T12:56:42.278536
e8680e9a-9af8-4e00-9e91-f083f53e6836,6525c8aa-352c-4113-bb7f-f9bf5f22328d,fa17fba2-0843-437f-ba95-771399cfa5ee,YOUTUBE_AUDIO_LIBRARY_ATTRIBUTION,PROTECTED,True,True,True,True,False,GLOBAL,YOUTUBE,2015-01-01,2099-12-31,YouTube Audio Library,https://www.youtube.com/audiolibrary,2026-08-24T12:56:42.278536
cee199e4-f1ea-433b-b91e-45f1a52e955b,41762428-5a0c-499f-a9bb-6a68ede605c2,5c4eee6d-4202-4554-8849-c0906a4dd0ca,YOUTUBE_AUDIO_LIBRARY_ATTRIBUTION,PROTECTED,True,True,True,True,False,GLOBAL,YOUTUBE,2015-01-01,2099-12-31,YouTube Audio Library,https://www.youtube.com/audiolibrary,2026-08-24T12:56:42.278536
bcbe40ba-49e3-44b5-9957-74551eaca40d,1383d6e5-1c42-4db2-bf47-b1a921313447,f6559fbb-82d3-4322-80d4-b4837b89db96,YOUTUBE_AUDIO_LIBRARY_ATTRIBUTION,PROTECTED,True,True,True,True,False,GLOBAL,YOUTUBE,2015-01-01,2099-12-31,YouTube Audio Library,https://www.youtube.com/audiolibrary,2026-08-24T12:56:42.278536
15011a6e-85cf-4b9e-ac09-176e1777829c,e8face5f-df3e-4c46-abed-823a7dd223db,53aeecb8-3ae0-4a5d-a890-e9cdf925c1ca,YOUTUBE_AUDIO_LIBRARY_ATTRIBUTION,PROTECTED,True,True,True,True,False,GLOBAL,YOUTUBE,2015-01-01,2099-12-31,YouTube Audio Library,https://www.youtube.com/audiolibrary,2026-08-24T12:56:42.278536
530e45fc-76b4-4f98-a8c6-6c8c1d593f8b,72435aef-b13b-4290-8148-4fae7accda10,7239d5e7-aec3-4097-975d-8a23dc4dc425,YOUTUBE_AUDIO_LIBRARY_ATTRIBUTION,PROTECTED,True,True,True,True,False,GLOBAL,YOUTUBE,2015-01-01,2099-12-31,YouTube Audio Library,https://www.youtube.com/audiolibrary,2026-08-24T12:56:42.278536
e6adf3bc-e207-44c7-a651-5f5590344701,6902574f-63b4-41b1-9e8f-a63614f54f06,e87306c3-c699-4a62-80d4-812ebab8d37a,YOUTUBE_AUDIO_LIBRARY_ATTRIBUTION,PROTECTED,True,True,True,True,False,GLOBAL,YOUTUBE,2015-01-01,2099-12-31,YouTube Audio Library,https://www.youtube.com/audiolibrary,2026-08-24T12:56:42.278536
c9ea76af-6441-4213-b327-3b3e8d460575,0bd024fc-a1eb-4ac8-93f0-28d8300a2726,cf1b149f-ca16-4c72-b606-2c9ac420a745,YOUTUBE_AUDIO_LIBRARY_ATTRIBUTION,PROTECTED,True,True,True,True,False,GLOBAL,YOUTUBE,2015-01-01,2099-12-31,YouTube Audio Library,https://www.youtube.com/audiolibrary,2026-08-24T12:56:42.278536
d8c8989e-7613-4d51-9bb6-ec54b6e87743,c7b0c676-8432-4ec9-9c75-bd3214a4aa4d,d181335e-fd74-44c4-855b-162cec3f6460,YOUTUBE_AUDIO_LIBRARY_ATTRIBUTION,PROTECTED,True,True,True,True,False,GLOBAL,YOUTUBE,2015-01-01,2099-12-31,YouTube Audio Library,https://www.youtube.com/audiolibrary,2026-08-24T12:56:42.278536
0a9ca152-bf00-44cc-88ad-e25d8529a31f,101988b8-ab98-4398-8970-4875dfb031f7,8ac996a5-6250-46b5-b1d5-a783d953bdb5,YOUTUBE_AUDIO_LIBRARY_ATTRIBUTION,PROTECTED,True,True,True,True,False,GLOBAL,YOUTUBE,2015-01-01,2099-12-31,YouTube Audio Library,https://www.youtube.com/audiolibrary,2026-08-24T12:56:42.278536
e5c252d7-5f58-4d95-a2f5-c8f8657f69aa,d71e6156-fb1f-4af0-bfb6-d23c32727f10,f7aff0d0-a595-4868-90cc-5d3c39d48f4a,YOUTUBE_AUDIO_LIBRARY_ATTRIBUTION,PROTECTED,True,True,True,True,False,GLOBAL,YOUTUBE,2015-01-01,2099-12-31,YouTube Audio Library,https://www.youtube.com/audiolibrary,2026-08-24T12:56:42.278536
9d4a5f29-548f-4bff-8bca-f5418c729184,884659ba-8540-4b19-9cc8-7bfbf2f942ff,d5d138cf-4a6d-4c4a-ba88-aa05eb885f3a,YOUTUBE_AUDIO_LIBRARY_ATTRIBUTION,PROTECTED,True,True,True,True,False,GLOBAL,YOUTUBE,2015-01-01,2099-12-31,YouTube Audio Library,https://www.youtube.com/audiolibrary,2026-08-24T12:56:42.278536
09b2ee6e-05c9-4643-93ee-6cfae209db11,deb4e537-20dd-4aad-a221-ea830d2f6f6e,d1d9af41-4dbd-4cc1-b470-207937d08884,YOUTUBE_AUDIO_LIBRARY_ATTRIBUTION,PROTECTED,True,True,True,True,False,GLOBAL,YOUTUBE,2015-01-01,2099-12-31,YouTube Audio Library,https://www.youtube.com/audiolibrary,2026-08-24T12:56:42.278536
392752b8-01bc-498f-b1f3-0db8d3fc98ae,864ba60a-3ae0-48f7-8c5e-6864c42c101b,d62a9de2-e211-45ae-999f-7459ebc51f8a,YOUTUBE_AUDIO_LIBRARY_ATTRIBUTION,PROTECTED,True,True,True,True,False,GLOBAL,YOUTUBE,2015-01-01,2099-12-31,YouTube Audio Library,https://www.youtube.com/audiolibrary,2026-08-24T12:56:42.278536
09714b43-c497-4cea-ade0-0e7fa2865f6a,21a8633e-a628-40ff-aa45-6435c4f3a5e8,98ee3e66-6eaf-4ced-9bc4-3572e1ade309,YOUTUBE_AUDIO_LIBRARY_ATTRIBUTION,PROTECTED,True,True,True,True,False,GLOBAL,YOUTUBE,2015-01-01,2099-12-31,YouTube Audio Library,https://www.youtube.com/audiolibrary,2026-08-24T12:56:42.278536
e5a800d6-eed0-4e08-aeea-70ebdda04587,690368c0-3604-4daf-b726-b3a534ffbdad,5cb4644f-048c-47ca-88ad-3770d3da5b24,YOUTUBE_AUDIO_LIBRARY_ATTRIBUTION,PROTECTED,True,True,True,True,False,GLOBAL,YOUTUBE,2015-01-01,2099-12-31,YouTube Audio Library,https://www.youtube.com/audiolibrary,2026-08-24T12:56:42.278536
a2a521b7-9e88-45f0-8bb2-8df38e1484c5,4ecd0d4a-a417-4ce0-bfea-77f7b20d46db,8dd04614-388b-42fc-a538-1a466acf46f7,YOUTUBE_AUDIO_LIBRARY_ATTRIBUTION,PROTECTED,True,True,True,True,False,GLOBAL,YOUTUBE,2015-01-01,2099-12-31,YouTube Audio Library,https://www.youtube.com/audiolibrary,2026-08-24T12:56:42.278536
b1a2977b-1049-40e1-8107-0854866c8627,62090e51-3735-4add-949c-87c1b6ffac20,c7b7ee63-0e9e-4510-a0b4-c8ba5f1f97ab,YOUTUBE_AUDIO_LIBRARY_ATTRIBUTION,PROTECTED,True,True,True,True,False,GLOBAL,YOUTUBE,2015-01-01,2099-12-31,YouTube Audio Library,https://www.youtube.com/audiolibrary,2026-08-24T12:56:42.278536
a6af477d-b1d5-4d84-8d03-3d866f4e0cd0,4b785836-ce45-416a-a6da-ea89edd34c4a,26f98efe-cc50-472c-8afc-0657ffc65efd,YOUTUBE_AUDIO_LIBRARY_ATTRIBUTION,PROTECTED,True,True,True,True,False,GLOBAL,YOUTUBE,2015-01-01,2099-12-31,YouTube Audio Library,https://www.youtube.com/audiolibrary,2026-08-24T12:56:42.278536
792c9716-26eb-45ac-b88c-168add1961af,17c0d2ba-dadf-4a5c-a626-f3c4710c81e3,bcacc2b1-00b2-4bea-8839-c2b15c74bce7,YOUTUBE_AUDIO_LIBRARY_ATTRIBUTION,PROTECTED,True,True,True,True,False,GLOBAL,YOUTUBE,2015-01-01,2099-12-31,YouTube Audio Library,https://www.youtube.com/audiolibrary,2026-08-24T12:56:42.278536
ea816b72-99f4-4d26-b7f0-1e369ca13e0d,2bcffa15-002e-491e-807f-71bf489e8d96,9c4b23ad-e521-45b3-9c64-63c9d8656199,YOUTUBE_AUDIO_LIBRARY_ATTRIBUTION,PROTECTED,True,True,True,True,False,GLOBAL,YOUTUBE,2015-01-01,2099-12-31,YouTube Audio Library,https://www.youtube.com/audiolibrary,2026-08-24T12:56:42.278536
e8b6d35d-5bc8-41d4-9391-946f97c8a4fc,211cca7e-8de2-4794-8509-5ffeaab9c914,9b16af7d-57f8-443c-a4a3-e194b306becf,YOUTUBE_AUDIO_LIBRARY_ATTRIBUTION,PROTECTED,True,True,True,True,False,GLOBAL,YOUTUBE,2015-01-01,2099-12-31,YouTube Audio Library,https://www.youtube.com/audiolibrary,2026-08-24T12:56:42.278536
0694fab3-195b-4de0-a82e-44ba5dfca1a2,c6bf9845-e91a-4784-ac9f-3980b71fc98c,8158f958-cdd8-4f7f-a8ec-84b715a2b345,YOUTUBE_AUDIO_LIBRARY_ATTRIBUTION,PROTECTED,True,True,True,True,False,GLOBAL,YOUTUBE,2015-01-01,2099-12-31,YouTube Audio Library,https://www.youtube.com/audiolibrary,2026-08-24T12:56:42.278536
14eaa3a5-97a8-473e-a616-9f67bf5aec3a,6b29a618-230e-4e70-92bc-e54aa857495c,acec824d-3f1f-45de-828b-eb4b7f879770,YOUTUBE_AUDIO_LIBRARY_ATTRIBUTION,PROTECTED,True,True,True,True,False,GLOBAL,YOUTUBE,2015-01-01,2099-12-31,YouTube Audio Library,https://www.youtube.com/audiolibrary,2026-08-24T12:56:42.278536
49ec3355-9e9b-4190-b197-e571adf28253,b7386243-1f6d-4d41-8606-0bd26c29aec5,bbafa074-8a64-4a4a-b707-212ecf480236,YOUTUBE_AUDIO_LIBRARY_ATTRIBUTION,PROTECTED,True,True,True,True,False,GLOBAL,YOUTUBE,2015-01-01,2099-12-31,YouTube Audio Library,https://www.youtube.com/audiolibrary,2026-08-24T12:56:42.278536
a42393bc-521a-4401-a870-63a32023e879,3cebcab8-a110-4f60-8941-f7ca689982a5,9719893c-afba-4bb2-af9d-cfa7e3f0a06c,YOUTUBE_AUDIO_LIBRARY_ATTRIBUTION,PROTECTED,True,True,True,True,False,GLOBAL,YOUTUBE,2015-01-01,2099-12-31,YouTube Audio Library,https://www.youtube.com/audiolibrary,2026-08-24T12:56:42.278536
b4103eb8-6a04-42f8-9418-f52eb44aaa8c,f1eb3181-6bae-4154-a63d-ab21273f390e,ab6dcd25-1668-4b36-949e-3a920827f205,YOUTUBE_AUDIO_LIBRARY_ATTRIBUTION,PROTECTED,True,True,True,True,False,GLOBAL,YOUTUBE,2015-01-01,2099-12-31,YouTube Audio Library,https://www.youtube.com/audiolibrary,2026-08-24T12:56:42.278536
df1aa893-294d-4b96-b7b6-cebea143a34a,e7d54a38-5360-4ff6-8343-55e61ee3d81a,41ed26db-37c8-4fd5-9334-1fd5f0d84370,YOUTUBE_AUDIO_LIBRARY_ATTRIBUTION,PROTECTED,True,True,True,True,False,GLOBAL,YOUTUBE,2015-01-01,2099-12-31,YouTube Audio Library,https://www.youtube.com/audiolibrary,2026-08-24T12:56:42.278536
3bbd9cd0-333c-468a-ac7e-026e2adc4127,1a658d66-d819-422f-9142-715e1e89edf1,fe906795-3686-4f37-8f12-7ae08e7328be,YOUTUBE_AUDIO_LIBRARY_ATTRIBUTION,PROTECTED,True,True,True,True,False,GLOBAL,YOUTUBE,2015-01-01,2099-12-31,YouTube Audio Library,https://www.youtube.com/audiolibrary,2026-08-24T12:56:42.278536
efbcd097-265d-4225-985f-a772b827745a,382f4b73-0b23-4dcc-9530-860db5daaedf,270546e2-5c49-4f98-bba3-a9fcf83c1fcb,YOUTUBE_AUDIO_LIBRARY_ATTRIBUTION,PROTECTED,True,True,True,True,False,GLOBAL,YOUTUBE,2015-01-01,2099-12-31,YouTube Audio Library,https://www.youtube.com/audiolibrary,2026-08-24T12:56:42.278536
391e4a16-672c-481b-8788-41dc99c9c38b,908bf5e7-bec3-42b7-91c3-bb2357ef11d5,584aa99b-1354-4632-9b51-7f0ae48160f4,YOUTUBE_AUDIO_LIBRARY_ATTRIBUTION,PROTECTED,True,True,True,True,False,GLOBAL,YOUTUBE,2015-01-01,2099-12-31,YouTube Audio Library,https://www.youtube.com/audiolibrary,2026-08-24T12:56:42.278536
af775343-88df-4bce-b0b4-0ce51f73153b,bea47a25-fa8b-400c-86bd-95bfddb35ea1,f6b86f07-73d3-494d-8edc-1110e3ca324f,YOUTUBE_AUDIO_LIBRARY_ATTRIBUTION,PROTECTED,True,True,True,True,False,GLOBAL,YOUTUBE,2015-01-01,2099-12-31,YouTube Audio Library,https://www.youtube.com/audiolibrary,2026-08-24T12:56:42.278536
01fdfcc8-cf05-44f9-9fa2-c63381d6bab6,63610f6a-0b12-4a3f-a06c-ddca1ef9e965,79b67684-6443-4c79-833a-7ab46d449eaa,YOUTUBE_AUDIO_LIBRARY_ATTRIBUTION,PROTECTED,True,True,True,True,False,GLOBAL,YOUTUBE,2015-01-01,2099-12-31,YouTube Audio Library,https://www.youtube.com/audiolibrary,2026-08-24T12:56:42.278536
4ac2e002-9d2d-42c4-9b15-4710aa88e0da,ccb58d6c-b0f3-4176-9b4a-87c813dab740,7f5d2766-3622-4b75-8a66-5d43b22e83b0,YOUTUBE_AUDIO_LIBRARY_ATTRIBUTION,PROTECTED,True,True,True,True,False,GLOBAL,YOUTUBE,2015-01-01,2099-12-31,YouTube Audio Library,https://www.youtube.com/audiolibrary,2026-08-24T12:56:42.278536
aba18591-ee1c-4b59-a1c5-013f241ce240,be69388f-27f7-4299-b4e5-1de6d3e7a5b3,40465e53-efdc-45f2-9c3a-b78cd42b1576,YOUTUBE_AUDIO_LIBRARY_ATTRIBUTION,PROTECTED,True,True,True,True,False,GLOBAL,YOUTUBE,2015-01-01,2099-12-31,YouTube Audio Library,https://www.youtube.com/audiolibrary,2026-08-24T12:56:42.278536
68953943-5e30-4d22-b830-561637340dee,4bf9ea8f-eefe-4fb8-b924-b526f046ddf4,69f3742d-3441-459e-b6cd-2f70476e1dd5,YOUTUBE_AUDIO_LIBRARY_ATTRIBUTION,PROTECTED,True,True,True,True,False,GLOBAL,YOUTUBE,2015-01-01,2099-12-31,YouTube Audio Library,https://www.youtube.com/audiolibrary,2026-08-24T12:56:42.278536
e49f8506-9c17-4e64-8004-f66338396127,d49a2ebe-70b7-4502-a25d-97b529aef2c1,e0052cc9-db8f-4ea8-8c53-f12ab6d8c0d6,YOUTUBE_AUDIO_LIBRARY_ATTRIBUTION,PROTECTED,True,True,True,True,False,GLOBAL,YOUTUBE,2015-01-01,2099-12-31,YouTube Audio Library,https://www.youtube.com/audiolibrary,2026-08-24T12:56:42.278536
1b75cc6f-de22-4b4a-b8c8-a33907c63430,4817510e-146f-470b-a788-1d53856472a5,94a0e39b-459c-4f73-9c2b-5a8896493f68,YOUTUBE_AUDIO_LIBRARY_ATTRIBUTION,PROTECTED,True,True,True,True,False,GLOBAL,YOUTUBE,2015-01-01,2099-12-31,YouTube Audio Library,https://www.youtube.com/audiolibrary,2026-08-24T12:56:42.278536
e7530d47-63c7-4f04-9a0f-e180d67df6da,a84fe31c-5d74-4e46-a022-b88564732991,5d3860d8-640e-4a28-986c-3296c2b6ebad,YOUTUBE_AUDIO_LIBRARY_ATTRIBUTION,PROTECTED,True,True,True,True,False,GLOBAL,YOUTUBE,2015-01-01,2099-12-31,YouTube Audio Library,https://www.youtube.com/audiolibrary,2026-08-24T12:56:42.278536
121bc66d-ee01-45cc-8992-67affee6166d,9d543f6f-da05-4188-9022-ada73c22d04b,343f6369-5277-4771-8a10-bde1ff827f35,YOUTUBE_AUDIO_LIBRARY_ATTRIBUTION,PROTECTED,True,True,True,True,False,GLOBAL,YOUTUBE,2015-01-01,2099-12-31,YouTube Audio Library,https://www.youtube.com/audiolibrary,2026-08-24T12:56:42.278536
2a202ecc-8b11-49b4-8936-1ca981c1017c,91fefbaf-b5a9-4625-9066-83e8aaaa5638,99117264-cd06-4c46-a485-60637ec40d51,YOUTUBE_AUDIO_LIBRARY_ATTRIBUTION,PROTECTED,True,True,True,True,False,GLOBAL,YOUTUBE,2015-01-01,2099-12-31,YouTube Audio Library,https://www.youtube.com/audiolibrary,2026-08-24T12:56:42.278536
b9aae0b3-37ed-4fc1-850a-09dd295b70bc,f854c4b6-529a-45a3-b8a0-074aeed9306b,e2979b61-32be-44a0-a21c-5a89ab1ab66e,YOUTUBE_AUDIO_LIBRARY_ATTRIBUTION,PROTECTED,True,True,True,True,False,GLOBAL,YOUTUBE,2015-01-01,2099-12-31,YouTube Audio Library,https://www.youtube.com/audiolibrary,2026-08-24T12:56:42.278536
9bac47dc-2d91-4a23-aa30-fd3158972c6b,ad8c3a7b-1267-4fa7-a4a3-0e133051b146,2b87cd38-e095-4645-bc14-bd6e93849140,YOUTUBE_AUDIO_LIBRARY_ATTRIBUTION,PROTECTED,True,True,True,True,False,GLOBAL,YOUTUBE,2015-01-01,2099-12-31,YouTube Audio Library,https://www.youtube.com/audiolibrary,2026-08-24T12:56:42.278536
d47d566d-dda6-4ace-8903-f95a58b0de18,94c0b455-d820-4f9f-b516-9352c554c517,8ad46cb3-bf64-481d-8b26-01d388ff6bc4,YOUTUBE_AUDIO_LIBRARY_ATTRIBUTION,PROTECTED,True,True,True,True,False,GLOBAL,YOUTUBE,2015-01-01,2099-12-31,YouTube Audio Library,https://www.youtube.com/audiolibrary,2026-08-24T12:56:42.278536
ff0268a7-087d-4527-9015-dac8bb7d31fe,5b820433-700b-4869-a7af-bf79193b0ad2,6b68341e-c98e-483f-9d67-a9c128d9873e,YOUTUBE_AUDIO_LIBRARY_ATTRIBUTION,PROTECTED,True,True,True,True,False,GLOBAL,YOUTUBE,2015-01-01,2099-12-31,YouTube Audio Library,https://www.youtube.com/audiolibrary,2026-08-24T12:56:42.278536
bb2aa8fc-b88c-4967-8ea7-bb0fcd335dfe,2299435d-ad7b-4618-9d6a-90e912610824,e64cdba4-7c76-4d11-bc01-f49e9722465d,YOUTUBE_AUDIO_LIBRARY_ATTRIBUTION,PROTECTED,True,True,True,True,False,GLOBAL,YOUTUBE,2015-01-01,2099-12-31,YouTube Audio Library,https://www.youtube.com/audiolibrary,2026-08-24T12:56:42.278536
12620fa2-909a-4130-9615-198d3f0b1e8a,fb9d2d2c-ea88-43be-ab5e-bc792662100d,214bcc71-4041-4899-b828-6f5b566aff09,YOUTUBE_AUDIO_LIBRARY_ATTRIBUTION,PROTECTED,True,True,True,True,False,GLOBAL,YOUTUBE,2015-01-01,2099-12-31,YouTube Audio Library,https://www.youtube.com/audiolibrary,2026-08-24T12:56:42.278536
d0c9c221-1567-4556-85a5-57ca108f71b7,b426a521-5c4f-4174-bed8-788bf87a2202,edb536b5-3344-4236-8b75-50a37e62a2a1,YOUTUBE_AUDIO_LIBRARY_ATTRIBUTION,PROTECTED,True,True,True,True,False,GLOBAL,YOUTUBE,2015-01-01,2099-12-31,YouTube Audio Library,https://www.youtube.com/audiolibrary,2026-08-24T12:56:42.278536
6165f82c-a2c9-4ade-b3f5-21979abeb2f8,e332a6ef-3a98-4cdf-a4c8-d53b7145098f,9c0c6b39-c38f-4655-9b97-e5e6de2c8cfc,YOUTUBE_AUDIO_LIBRARY_ATTRIBUTION,PROTECTED,True,True,True,True,False,GLOBAL,YOUTUBE,2015-01-01,2099-12-31,YouTube Audio Library,https://www.youtube.com/audiolibrary,2026-08-24T12:56:42.278536
edbba562-b130-4eee-8f9a-ae9b8ce2b41d,a9c42786-c603-4a77-bd06-38d2d7d38620,af68edce-9719-4beb-bb5e-ace4e93988b3,YOUTUBE_AUDIO_LIBRARY_ATTRIBUTION,PROTECTED,True,True,True,True,False,GLOBAL,YOUTUBE,2015-01-01,2099-12-31,YouTube Audio Library,https://www.youtube.com/audiolibrary,2026-08-24T12:56:42.278536
721087ec-ee45-4c8a-8cd7-77e1be050e9a,4bf20988-4435-436b-8758-7e46d1053c45,38651448-189d-486e-8b03-949d5b344d07,YOUTUBE_AUDIO_LIBRARY_ATTRIBUTION,PROTECTED,True,True,True,True,False,GLOBAL,YOUTUBE,2015-01-01,2099-12-31,YouTube Audio Library,https://www.youtube.com/audiolibrary,2026-08-24T12:56:42.278536
a7f9dcd4-cc26-4c3b-b1ad-f01938409a6f,7004bdf8-dc4b-4920-a55c-90c576c39466,21286bf5-8951-436a-9d92-644595679bdb,YOUTUBE_AUDIO_LIBRARY_ATTRIBUTION,PROTECTED,True,True,True,True,False,GLOBAL,YOUTUBE,2015-01-01,2099-12-31,YouTube Audio Library,https://www.youtube.com/audiolibrary,2026-08-24T12:56:42.278536
c5649466-02f8-413c-8523-4d51499f6b1d,1d143b8b-9cb9-44f8-b204-efb304b617f4,d103be20-45c3-41c9-b5f7-60bfe0a38b29,YOUTUBE_AUDIO_LIBRARY_ATTRIBUTION,PROTECTED,True,True,True,True,False,GLOBAL,YOUTUBE,2015-01-01,2099-12-31,YouTube Audio Library,https://www.youtube.com/audiolibrary,2026-08-24T12:56:42.278536
d17d7995-336c-45a9-90c6-3ed1d070fdf5,125f60fe-b3cd-4144-b9df-a262758b915e,e19e6031-5dc6-479c-b452-6c5e7886466e,YOUTUBE_AUDIO_LIBRARY_ATTRIBUTION,PROTECTED,True,True,True,True,False,GLOBAL,YOUTUBE,2015-01-01,2099-12-31,YouTube Audio Library,https://www.youtube.com/audiolibrary,2026-08-24T12:56:42.278536
d34a62b9-4704-4768-9345-7798664b5d7f,4aece4a1-bcea-4c0f-905b-b4d1531afdd4,8f3ba802-fb25-4e61-9f32-ea1be0ab038a,YOUTUBE_AUDIO_LIBRARY_ATTRIBUTION,PROTECTED,True,True,True,True,False,GLOBAL,YOUTUBE,2015-01-01,2099-12-31,YouTube Audio Library,https://www.youtube.com/audiolibrary,2026-08-24T12:56:42.278536
41fa5b3e-3b18-461d-b514-208760bbca8e,7bd59823-2f3d-44fc-bba3-1876b4af73a1,d83c6af1-392f-4b6d-a8de-30db66c25cd5,YOUTUBE_AUDIO_LIBRARY_ATTRIBUTION,PROTECTED,True,True,True,True,False,GLOBAL,YOUTUBE,2015-01-01,2099-12-31,YouTube Audio Library,https://www.youtube.com/audiolibrary,2026-08-24T12:56:42.278536
016866f3-9c27-4456-90a4-91d1731af601,f58dec55-d5b7-4457-9ab0-a0711d401340,98fd4086-d7d7-48cb-9d68-5edb7626cb74,YOUTUBE_AUDIO_LIBRARY_ATTRIBUTION,PROTECTED,True,True,True,True,False,GLOBAL,YOUTUBE,2015-01-01,2099-12-31,YouTube Audio Library,https://www.youtube.com/audiolibrary,2026-08-24T12:56:42.278536
069be095-f42c-4dd6-b8dd-d22f401f0805,4ff41983-5ddf-4c90-95d1-081123ae1f0a,97af0152-0837-41f5-ac14-9ecf6e00cb5c,YOUTUBE_AUDIO_LIBRARY_ATTRIBUTION,PROTECTED,True,True,True,True,False,GLOBAL,YOUTUBE,2015-01-01,2099-12-31,YouTube Audio Library,https://www.youtube.com/audiolibrary,2026-08-24T12:56:42.278536
62d6a9d9-b421-4d0d-a61b-028cb829a19b,7da0be99-fb43-4f30-adc6-828015ef5c67,b1f3a18c-b17d-45cd-9053-36b79272a188,YOUTUBE_AUDIO_LIBRARY_ATTRIBUTION,PROTECTED,True,True,True,True,False,GLOBAL,YOUTUBE,2015-01-01,2099-12-31,YouTube Audio Library,https://www.youtube.com/audiolibrary,2026-08-24T12:56:42.278536
b070825b-b962-4bb9-b7b3-8d5d3906ff2f,1ec59e99-5e5e-4def-bb01-dfb659a41822,99baab90-0716-48cf-ac89-af15cfe873c2,YOUTUBE_AUDIO_LIBRARY_ATTRIBUTION,PROTECTED,True,True,True,True,False,GLOBAL,YOUTUBE,2015-01-01,2099-12-31,YouTube Audio Library,https://www.youtube.com/audiolibrary,2026-08-24T12:56:42.278536
29f0c6e8-531a-44b5-ad26-733d8cdae933,85d46336-c6fa-46de-aded-fc868ae2ac9b,feddc148-fc8f-4406-981a-d63cb9448644,YOUTUBE_AUDIO_LIBRARY_ATTRIBUTION,PROTECTED,True,True,True,True,False,GLOBAL,YOUTUBE,2015-01-01,2099-12-31,YouTube Audio Library,https://www.youtube.com/audiolibrary,2026-08-24T12:56:42.278536
2d6938dc-2523-48d9-8925-2b426a690eab,14279fc2-69b5-435f-989b-c04cd5b2564f,0253ff5f-8002-4113-8a42-01506da2b3b1,YOUTUBE_AUDIO_LIBRARY_ATTRIBUTION,PROTECTED,True,True,True,True,False,GLOBAL,YOUTUBE,2015-01-01,2099-12-31,YouTube Audio Library,https://www.youtube.com/audiolibrary,2026-08-24T12:56:42.278536
8b03ec6f-a667-4a12-bb56-20ffa0a979cd,16d4e347-91b7-435d-b526-a063d1afed1f,09ce49c7-6582-4ca4-9706-0f3ff5cc22fe,YOUTUBE_AUDIO_LIBRARY_ATTRIBUTION,PROTECTED,True,True,True,True,False,GLOBAL,YOUTUBE,2015-01-01,2099-12-31,YouTube Audio Library,https://www.youtube.com/audiolibrary,2026-08-24T12:56:42.278536
625685c9-08c8-4942-994b-25d6b6d3aea5,6d0a641d-5f0e-459e-abdb-755a5e741891,fe2417df-4dd2-4351-881c-90eac1957bee,YOUTUBE_AUDIO_LIBRARY_ATTRIBUTION,PROTECTED,True,True,True,True,False,GLOBAL,YOUTUBE,2015-01-01,2099-12-31,YouTube Audio Library,https://www.youtube.com/audiolibrary,2026-08-24T12:56:42.278536
4192708c-9472-4c3d-bc63-71e95f902386,b0bda442-f8a5-41e4-baa1-1c4cc73aa798,4f7e7976-7c59-42f6-b6f1-b101470d15e2,YOUTUBE_AUDIO_LIBRARY_ATTRIBUTION,PROTECTED,True,True,True,True,False,GLOBAL,YOUTUBE,2015-01-01,2099-12-31,YouTube Audio Library,https://www.youtube.com/audiolibrary,2026-08-24T12:56:42.278536
5a9bea25-436a-4d3d-9365-38818d3e22d1,043ee0d4-756e-4c66-b9ea-f2c1d9a582f8,04da7f63-8d8a-4eee-89df-b8e0fbc8c70c,YOUTUBE_AUDIO_LIBRARY_ATTRIBUTION,PROTECTED,True,True,True,True,False,GLOBAL,YOUTUBE,2015-01-01,2099-12-31,YouTube Audio Library,https://www.youtube.com/audiolibrary,2026-08-24T12:56:42.278536
78b56553-4b28-430a-819e-206bcb54dd1d,132718a4-7201-4a9a-90df-608590e6b476,a7989f13-c484-4e00-8313-9b34e08cbeaa,YOUTUBE_AUDIO_LIBRARY_ATTRIBUTION,PROTECTED,True,True,True,True,False,GLOBAL,YOUTUBE,2015-01-01,2099-12-31,YouTube Audio Library,https://www.youtube.com/audiolibrary,2026-08-24T12:56:42.278536
0062b17a-6fe7-4cce-a00e-0159bf9d4b71,d45d44ba-94d9-4206-9464-0c97a25af211,9f1b8edc-3f1d-418a-8383-fae4019cdc9a,YOUTUBE_AUDIO_LIBRARY_ATTRIBUTION,PROTECTED,True,True,True,True,False,GLOBAL,YOUTUBE,2015-01-01,2099-12-31,YouTube Audio Library,https://www.youtube.com/audiolibrary,2026-08-24T12:56:42.278536
ae6bcced-98c3-4987-9515-92e0af77c312,53bc5259-7a5c-4b4f-85d0-3629674235d5,20a9be9e-78d3-48f9-ad97-3f8dd2ffdd02,YOUTUBE_AUDIO_LIBRARY_ATTRIBUTION,PROTECTED,True,True,True,True,False,GLOBAL,YOUTUBE,2015-01-01,2099-12-31,YouTube Audio Library,https://www.youtube.com/audiolibrary,2026-08-24T12:56:42.278536
12eb6823-a881-4973-945c-aaee4bcdeb91,dd5c8aad-31c6-498c-adbd-d8f54c5b6ee5,34c14a7f-16f1-48dc-944d-8729d94cd01e,YOUTUBE_AUDIO_LIBRARY_ATTRIBUTION,PROTECTED,True,True,True,True,False,GLOBAL,YOUTUBE,2015-01-01,2099-12-31,YouTube Audio Library,https://www.youtube.com/audiolibrary,2026-08-24T12:56:42.278536
a468e7ac-6912-4dce-93ef-35efd6148fc8,f3cd93e7-b1d1-4cb1-add8-f3220672135f,b42d5112-92e9-4c53-98aa-2e779fac87e1,YOUTUBE_AUDIO_LIBRARY_ATTRIBUTION,PROTECTED,True,True,True,True,False,GLOBAL,YOUTUBE,2015-01-01,2099-12-31,YouTube Audio Library,https://www.youtube.com/audiolibrary,2026-08-24T12:56:42.278536
d2b1add8-ce77-4fe7-a975-e469ce564abb,7fcc8e6b-3b93-45a0-aff1-a503b27070f5,0a7013f5-6397-41b7-8562-9c77f23c1851,YOUTUBE_AUDIO_LIBRARY_ATTRIBUTION,PROTECTED,True,True,True,True,False,GLOBAL,YOUTUBE,2015-01-01,2099-12-31,YouTube Audio Library,https://www.youtube.com/audiolibrary,2026-08-24T12:56:42.278536
2b1cc4c3-9e43-4598-89d9-1dc3809991b9,58145116-a27b-44fa-bf7e-682458e2e245,68ad2d2a-68e7-478b-bb3f-14b37df70358,YOUTUBE_AUDIO_LIBRARY_ATTRIBUTION,PROTECTED,True,True,True,True,False,GLOBAL,YOUTUBE,2015-01-01,2099-12-31,YouTube Audio Library,https://www.youtube.com/audiolibrary,2026-08-24T12:56:42.278536
6b24b2fa-5da5-4db3-b4f4-3ab26c32c5b3,c186b68c-5d68-4b8f-96a6-4a335cb14a14,a8326084-8002-4cc5-9552-07287780d6e1,YOUTUBE_AUDIO_LIBRARY_ATTRIBUTION,PROTECTED,True,True,True,True,False,GLOBAL,YOUTUBE,2015-01-01,2099-12-31,YouTube Audio Library,https://www.youtube.com/audiolibrary,2026-08-24T12:56:42.278536
563261a1-03b1-4b27-9ccc-d73d3cd4f7d0,a2f25926-46b6-48cf-bb52-c42cfed6dc61,c3c15c26-6233-4580-b64f-63edc824b12e,YOUTUBE_AUDIO_LIBRARY_ATTRIBUTION,PROTECTED,True,True,True,True,False,GLOBAL,YOUTUBE,2015-01-01,2099-12-31,YouTube Audio Library,https://www.youtube.com/audiolibrary,2026-08-24T12:56:42.278536
288602db-7fd6-425e-9193-d7647969db8e,a36f0e37-e456-4d5e-a245-07353042d2a9,249f2135-848c-4683-87f9-4041f4188366,YOUTUBE_AUDIO_LIBRARY_ATTRIBUTION,PROTECTED,True,True,True,True,False,GLOBAL,YOUTUBE,2015-01-01,2099-12-31,YouTube Audio Library,https://www.youtube.com/audiolibrary,2026-08-24T12:56:42.278536
3fb90262-7177-4367-959d-558f84db6085,720391ce-c42a-4b1d-8baf-5078718c3b85,59285420-037b-4517-99f5-d7c2061fdf1e,YOUTUBE_AUDIO_LIBRARY_ATTRIBUTION,PROTECTED,True,True,True,True,False,GLOBAL,YOUTUBE,2015-01-01,2099-12-31,YouTube Audio Library,https://www.youtube.com/audiolibrary,2026-08-24T12:56:42.278536
ac77fa1b-3739-48ed-8ff2-4f72e5b0c3ce,862a20b6-bcd6-417d-8eca-39740aa5d5a9,09c009a4-c79d-4e26-9e5f-d2763bdf6d4b,YOUTUBE_AUDIO_LIBRARY_ATTRIBUTION,PROTECTED,True,True,True,True,False,GLOBAL,YOUTUBE,2015-01-01,2099-12-31,YouTube Audio Library,https://www.youtube.com/audiolibrary,2026-08-24T12:56:42.278536
aff8f8da-9f5c-420c-81c0-4b16628b8dd6,9a4ca035-60ce-4263-929f-866d7db06b92,a8622d3c-2055-48be-97fe-c072fab5d9c4,YOUTUBE_AUDIO_LIBRARY_ATTRIBUTION,PROTECTED,True,True,True,True,False,GLOBAL,YOUTUBE,2015-01-01,2099-12-31,YouTube Audio Library,https://www.youtube.com/audiolibrary,2026-08-24T12:56:42.278536
516a3666-ddc0-40cd-8d9e-4db595b9967a,7cbbbbc5-0f33-4de2-9368-99149c461566,b32b8190-a9b9-4daa-ac9b-5503420b1fab,YOUTUBE_AUDIO_LIBRARY_ATTRIBUTION,PROTECTED,True,True,True,True,False,GLOBAL,YOUTUBE,2015-01-01,2099-12-31,YouTube Audio Library,https://www.youtube.com/audiolibrary,2026-08-24T12:56:42.278536
8d2d9e02-c3f5-4ee1-aae2-414117795307,658cc364-45dd-4300-9d9e-d26b530a82c4,076de1f1-aa1c-4246-a4b4-ad80fd56d88f,YOUTUBE_AUDIO_LIBRARY_ATTRIBUTION,PROTECTED,True,True,True,True,False,GLOBAL,YOUTUBE,2015-01-01,2099-12-31,YouTube Audio Library,https://www.youtube.com/audiolibrary,2026-08-24T12:56:42.278536
add4354b-5564-44a3-9b29-c1742f320dfd,c1cbc437-426e-4f4b-b42c-83195cbd77f8,2c465a70-c8ad-4e48-9134-76d8c7628ee1,YOUTUBE_AUDIO_LIBRARY_ATTRIBUTION,PROTECTED,True,True,True,True,False,GLOBAL,YOUTUBE,2015-01-01,2099-12-31,YouTube Audio Library,https://www.youtube.com/audiolibrary,2026-08-24T12:56:42.278536
dde57309-bba3-4b5e-b325-f08a1b2314c9,794e0efa-a05b-432c-93ee-9cbec8a71c12,ac87853b-33da-4428-9f86-8c782f8a288e,YOUTUBE_AUDIO_LIBRARY_ATTRIBUTION,PROTECTED,True,True,True,True,False,GLOBAL,YOUTUBE,2015-01-01,2099-12-31,YouTube Audio Library,https://www.youtube.com/audiolibrary,2026-08-24T12:56:42.278536
12f14c25-cafe-491b-9d69-a9d0a5f6a6c9,dabb9320-a563-44d5-bf3f-184a1f7cc852,b9084b48-670c-4883-9f45-705ed4800b22,YOUTUBE_AUDIO_LIBRARY_ATTRIBUTION,PROTECTED,True,True,True,True,False,GLOBAL,YOUTUBE,2015-01-01,2099-12-31,YouTube Audio Library,https://www.youtube.com/audiolibrary,2026-08-24T12:56:42.278536
66db4d47-4213-44a0-8fa2-20dfa34f78a2,507aff6b-5f51-4f3a-ab56-7994cc64212c,b5fbc46a-793d-4176-9955-0c369cf314a7,YOUTUBE_AUDIO_LIBRARY_ATTRIBUTION,PROTECTED,True,True,True,True,False,GLOBAL,YOUTUBE,2015-01-01,2099-12-31,YouTube Audio Library,https://www.youtube.com/audiolibrary,2026-08-24T12:56:42.278536
c5ee29c2-d564-48ca-9671-7e7fbe9fb104,157b4701-3982-4b24-8538-9e3ff5a3f86b,5aaa94ae-9819-4f0b-9537-2878d5fce8ae,YOUTUBE_AUDIO_LIBRARY_ATTRIBUTION,PROTECTED,True,True,True,True,False,GLOBAL,YOUTUBE,2015-01-01,2099-12-31,YouTube Audio Library,https://www.youtube.com/audiolibrary,2026-08-24T12:56:42.278536
33f6d73b-46ac-464d-9688-c91ed3333499,7ffe48c4-6d97-46e0-b0e8-2e8bb326be75,c8265f71-30d5-4780-91a5-d09494e40f8d,YOUTUBE_AUDIO_LIBRARY_ATTRIBUTION,PROTECTED,True,True,True,True,False,GLOBAL,YOUTUBE,2015-01-01,2099-12-31,YouTube Audio Library,https://www.youtube.com/audiolibrary,2026-08-24T12:56:42.278536
a37e2125-be98-4100-a07a-046db9e05989,a77165bc-3845-4a12-873f-bea6f7734d8b,558e9bd5-c587-460c-9275-e5fe3d4ec487,YOUTUBE_AUDIO_LIBRARY_ATTRIBUTION,PROTECTED,True,True,True,True,False,GLOBAL,YOUTUBE,2015-01-01,2099-12-31,YouTube Audio Library,https://www.youtube.com/audiolibrary,2026-08-24T12:56:42.278536
88a6e9d2-b5d1-4283-a842-7acbb18e4e3c,01f3e52a-da3b-45ce-be6d-d8ec62ee7810,d09e3d90-ba1f-4fed-9255-a85efc0a9c7a,YOUTUBE_AUDIO_LIBRARY_ATTRIBUTION,PROTECTED,True,True,True,True,False,GLOBAL,YOUTUBE,2015-01-01,2099-12-31,YouTube Audio Library,https://www.youtube.com/audiolibrary,2026-08-24T12:56:42.278536
6c0f070b-4d87-433c-b154-cc076b94799d,4c0846e6-13df-40b5-9454-58727a7a4f81,d13a08f3-3834-4e8a-8620-0d91a09e9bc4,YOUTUBE_AUDIO_LIBRARY_ATTRIBUTION,PROTECTED,True,True,True,True,False,GLOBAL,YOUTUBE,2015-01-01,2099-12-31,YouTube Audio Library,https://www.youtube.com/audiolibrary,2026-08-24T12:56:42.278536
901c339d-1043-4ac2-accc-85fd586b58a9,1723df4d-369b-46ea-93f1-43eaf7289f0f,a7a4502f-6122-4cb7-9226-f96989bf2ff6,YOUTUBE_AUDIO_LIBRARY_ATTRIBUTION,PROTECTED,True,True,True,True,False,GLOBAL,YOUTUBE,2015-01-01,2099-12-31,YouTube Audio Library,https://www.youtube.com/audiolibrary,2026-08-24T12:56:42.278536
61617016-1196-43f3-99ed-d498c2150f76,28ceab25-97f6-4aaa-aa44-36e6a38cc722,718fba3d-434f-4aba-8e35-050853ff1376,YOUTUBE_AUDIO_LIBRARY_ATTRIBUTION,PROTECTED,True,True,True,True,False,GLOBAL,YOUTUBE,2015-01-01,2099-12-31,YouTube Audio Library,https://www.youtube.com/audiolibrary,2026-08-24T12:56:42.278536
c14d9852-9722-4356-a7c6-ad3d02746445,8dffead5-21b4-41f9-aeac-5360360d2f55,a69abda0-8c8a-46e2-a46c-846550bfd59a,YOUTUBE_AUDIO_LIBRARY_ATTRIBUTION,PROTECTED,True,True,True,True,False,GLOBAL,YOUTUBE,2015-01-01,2099-12-31,YouTube Audio Library,https://www.youtube.com/audiolibrary,2026-08-24T12:56:42.278536
04845bc4-9608-409f-b98d-5ccd2955178c,d728f155-db28-4c2e-9cc9-166a30244757,6b56aaf0-7f83-4a3f-98a5-4af06620c22b,YOUTUBE_AUDIO_LIBRARY_ATTRIBUTION,PROTECTED,True,True,True,True,False,GLOBAL,YOUTUBE,2015-01-01,2099-12-31,YouTube Audio Library,https://www.youtube.com/audiolibrary,2026-08-24T12:56:42.278536
9e691fe0-248f-4fac-96db-623fce77392b,d55e2437-26ba-4c0a-8565-145ec556df78,a352a8c9-4be9-4fff-8c25-991b94373357,YOUTUBE_AUDIO_LIBRARY_ATTRIBUTION,PROTECTED,True,True,True,True,False,GLOBAL,YOUTUBE,2015-01-01,2099-12-31,YouTube Audio Library,https://www.youtube.com/audiolibrary,2026-08-24T12:56:42.278536
f7b5e999-6138-4aed-82ab-766ecaef9b0b,4d3f7bd6-3fe4-4d82-8b94-2a971c249898,38a8a09c-f83f-464c-b0f9-1185426643d9,YOUTUBE_AUDIO_LIBRARY_ATTRIBUTION,PROTECTED,True,True,True,True,False,GLOBAL,YOUTUBE,2015-01-01,2099-12-31,YouTube Audio Library,https://www.youtube.com/audiolibrary,2026-08-24T12:56:42.278536
39af9dee-79d5-4643-88d1-f354f22e2e23,fcfe0965-dd7f-4565-bb7c-074f633c6d1f,a7dd4b1a-3e12-450d-ae60-d2ff3a33be82,YOUTUBE_AUDIO_LIBRARY_ATTRIBUTION,PROTECTED,True,True,True,True,False,GLOBAL,YOUTUBE,2015-01-01,2099-12-31,YouTube Audio Library,https://www.youtube.com/audiolibrary,2026-08-24T12:56:42.278536
b4874035-3b0f-4ccc-a9ca-c6c37386fece,4ef54bd9-3521-48e5-8545-a0b9a3db76df,46da31b7-1e12-4d20-aeea-6a88b8b79f79,YOUTUBE_AUDIO_LIBRARY_ATTRIBUTION,PROTECTED,True,True,True,True,False,GLOBAL,YOUTUBE,2015-01-01,2099-12-31,YouTube Audio Library,https://www.youtube.com/audiolibrary,2026-08-24T12:56:42.278536
93ebf0a9-e970-44ed-a460-db54bd6c88ce,56eecbf8-00c5-467c-b255-864fe10c53a6,1a0f7fc6-1cd1-4223-b974-b9c5b66eb954,YOUTUBE_AUDIO_LIBRARY_ATTRIBUTION,PROTECTED,True,True,True,True,False,GLOBAL,YOUTUBE,2015-01-01,2099-12-31,YouTube Audio Library,https://www.youtube.com/audiolibrary,2026-08-24T12:56:42.278536
91e368e4-eccf-4564-b012-d0fe2071966d,db913e31-1ffb-4de9-8ded-8422c8e4e967,5c8507de-c9cc-4011-b06d-74e59168fdd3,YOUTUBE_AUDIO_LIBRARY_ATTRIBUTION,PROTECTED,True,True,True,True,False,GLOBAL,YOUTUBE,2015-01-01,2099-12-31,YouTube Audio Library,https://www.youtube.com/audiolibrary,2026-08-24T12:56:42.278536
cf8ef10e-4564-47b3-b3c3-9b6f656c4313,4ecce57c-1183-4d21-9985-43404c04d698,091eaf8e-10c7-41c2-9b30-d7556640857b,YOUTUBE_AUDIO_LIBRARY_ATTRIBUTION,PROTECTED,True,True,True,True,False,GLOBAL,YOUTUBE,2015-01-01,2099-12-31,YouTube Audio Library,https://www.youtube.com/audiolibrary,2026-08-24T12:56:42.278536
710d560a-c08c-4569-baad-1b4ae7ff975c,4f2fda59-0482-40c1-be66-44d71ed430cd,fe66a4ec-aba6-4ed4-901e-f59b407550f9,YOUTUBE_AUDIO_LIBRARY_ATTRIBUTION,PROTECTED,True,True,True,True,False,GLOBAL,YOUTUBE,2015-01-01,2099-12-31,YouTube Audio Library,https://www.youtube.com/audiolibrary,2026-08-24T12:56:42.278536
c6c723bd-de46-482f-9a13-88f4b6ddabd7,fbbd68bb-efeb-4000-a983-230f7cc3944d,f8230633-3054-4982-818c-1d4f3a302a2f,YOUTUBE_AUDIO_LIBRARY_ATTRIBUTION,PROTECTED,True,True,True,True,False,GLOBAL,YOUTUBE,2015-01-01,2099-12-31,YouTube Audio Library,https://www.youtube.com/audiolibrary,2026-08-24T12:56:42.278536
5f2d0984-7e34-4bee-91b9-36675e74bf8e,9c8bfa17-4b53-4211-a069-c088c21d5119,48f748e7-6152-4977-beed-5f10e5854c7a,YOUTUBE_AUDIO_LIBRARY_ATTRIBUTION,PROTECTED,True,True,True,True,False,GLOBAL,YOUTUBE,2015-01-01,2099-12-31,YouTube Audio Library,https://www.youtube.com/audiolibrary,2026-08-24T12:56:42.278536
bd29ce42-eb79-4985-95c7-d351d46be916,6c01e519-1c2f-45c7-a487-841f24e432c8,2fb2532b-bb2e-43ea-acd1-93470ac8fa91,YOUTUBE_AUDIO_LIBRARY_ATTRIBUTION,PROTECTED,True,True,True,True,False,GLOBAL,YOUTUBE,2015-01-01,2099-12-31,YouTube Audio Library,https://www.youtube.com/audiolibrary,2026-08-24T12:56:42.278536
555bbe0d-82db-4403-9623-ad6af23e4b14,d6d3693e-5f68-4da2-9eb1-1c010f675f2c,070cad86-d67a-43a8-839d-79c437c41748,YOUTUBE_AUDIO_LIBRARY_ATTRIBUTION,PROTECTED,True,True,True,True,False,GLOBAL,YOUTUBE,2015-01-01,2099-12-31,YouTube Audio Library,https://www.youtube.com/audiolibrary,2026-08-24T12:56:42.278536
fba68802-ea13-42aa-9a48-9d34461e23a3,b96e801f-30fd-493b-9545-e12a0c8fc436,718e4c8c-5e05-4d0b-bc57-2a455473a3c5,YOUTUBE_AUDIO_LIBRARY_ATTRIBUTION,PROTECTED,True,True,True,True,False,GLOBAL,YOUTUBE,2015-01-01,2099-12-31,YouTube Audio Library,https://www.youtube.com/audiolibrary,2026-08-24T12:56:42.278536
b0374658-103f-45a2-bfc6-8de9a4e0661d,9a068407-3040-4600-bdd0-8af24a99a1e5,e5e775bc-f93c-4619-8add-899cae136626,YOUTUBE_AUDIO_LIBRARY_ATTRIBUTION,PROTECTED,True,True,True,True,False,GLOBAL,YOUTUBE,2015-01-01,2099-12-31,YouTube Audio Library,https://www.youtube.com/audiolibrary,2026-08-24T12:56:42.278536
308c11ee-d983-46d6-b096-f5a1870b742d,c926e653-614e-4403-b374-65f2acbca2b2,18a087bc-3569-4cfa-a4f8-9b36f411a65f,YOUTUBE_AUDIO_LIBRARY_ATTRIBUTION,PROTECTED,True,True,True,True,False,GLOBAL,YOUTUBE,2015-01-01,2099-12-31,YouTube Audio Library,https://www.youtube.com/audiolibrary,2026-08-24T12:56:42.278536
ffe865c8-4911-4a13-b2a8-97140e5729cf,65c9d062-466e-4bfe-b9cd-8253d66cb8d3,132301f4-c257-4305-b80a-4d93aef36d11,YOUTUBE_AUDIO_LIBRARY_ATTRIBUTION,PROTECTED,True,True,True,True,False,GLOBAL,YOUTUBE,2015-01-01,2099-12-31,YouTube Audio Library,https://www.youtube.com/audiolibrary,2026-08-24T12:56:42.278536
83c8094a-03b0-47ac-9885-83a685aa734d,55c4cec0-c858-413f-9cc9-a02d9ffa0265,2818d1d7-2cbd-4f8c-962d-f2d8299dd615,YOUTUBE_AUDIO_LIBRARY_ATTRIBUTION,PROTECTED,True,True,True,True,False,GLOBAL,YOUTUBE,2015-01-01,2099-12-31,YouTube Audio Library,https://www.youtube.com/audiolibrary,2026-08-24T12:56:42.278536
9952c065-da93-4e7e-88f2-b3c39cc2dbc1,81fe82bd-6aa3-4e33-bcf5-edcd5441aa22,8242fff8-dc23-4b6d-808a-ed932ad12e59,YOUTUBE_AUDIO_LIBRARY_ATTRIBUTION,PROTECTED,True,True,True,True,False,GLOBAL,YOUTUBE,2015-01-01,2099-12-31,YouTube Audio Library,https://www.youtube.com/audiolibrary,2026-08-24T12:56:42.278536
9e8be85f-3f49-4763-b0c1-812adaa73679,dbe3d1e1-2dfc-45a0-8974-0320a85974d1,e42deeff-df2f-4dc5-be29-8f6d8d08fbde,YOUTUBE_AUDIO_LIBRARY_ATTRIBUTION,PROTECTED,True,True,True,True,False,GLOBAL,YOUTUBE,2015-01-01,2099-12-31,YouTube Audio Library,https://www.youtube.com/audiolibrary,2026-08-24T12:56:42.278536
dd8cb716-2825-46b6-bcf3-2900715296ff,9758b31d-4f26-4a5f-b5d4-55b0d4c19821,efc65dbf-5e63-452b-a8b2-5db042fde0bb,YOUTUBE_AUDIO_LIBRARY_ATTRIBUTION,PROTECTED,True,True,True,True,False,GLOBAL,YOUTUBE,2015-01-01,2099-12-31,YouTube Audio Library,https://www.youtube.com/audiolibrary,2026-08-24T12:56:42.278536
16e717ea-aec2-4a6a-807f-9dab5a7035ce,59590988-ddb3-466a-947b-7990200d2be7,daf9cdbc-4237-48fd-9664-c57e8c2724bc,YOUTUBE_AUDIO_LIBRARY_ATTRIBUTION,PROTECTED,True,True,True,True,False,GLOBAL,YOUTUBE,2015-01-01,2099-12-31,YouTube Audio Library,https://www.youtube.com/audiolibrary,2026-08-24T12:56:42.278536
c2193e42-4664-4596-b945-93089c5edc64,727966d2-80a2-4475-a0a8-5dce448f6f29,bf56e4a2-091e-4fd4-97ae-bce38148c09a,YOUTUBE_AUDIO_LIBRARY_ATTRIBUTION,PROTECTED,True,True,True,True,False,GLOBAL,YOUTUBE,2015-01-01,2099-12-31,YouTube Audio Library,https://www.youtube.com/audiolibrary,2026-08-24T12:56:42.278536
bf1ef5e1-2f3c-4ff1-b4d0-df9bfcef3420,d37b05e4-db14-4dee-9302-ffdedcd47576,e01ce5d2-adac-4594-827a-3fda735e41ce,YOUTUBE_AUDIO_LIBRARY_ATTRIBUTION,PROTECTED,True,True,True,True,False,GLOBAL,YOUTUBE,2015-01-01,2099-12-31,YouTube Audio Library,https://www.youtube.com/audiolibrary,2026-08-24T12:56:42.278536
e7aaecdc-47b3-4411-a25f-c807a5b88d1d,089dc168-766c-4ec8-9ecb-137b785aa5f1,a27b63f7-3c3b-44a7-9fe7-5814dd5b6d1d,YOUTUBE_AUDIO_LIBRARY_ATTRIBUTION,PROTECTED,True,True,True,True,False,GLOBAL,YOUTUBE,2015-01-01,2099-12-31,YouTube Audio Library,https://www.youtube.com/audiolibrary,2026-08-24T12:56:42.278536
22b5edbd-1fe4-4a4c-a196-5f7c429a3a02,ff5bc373-dc47-45c2-8bd5-ca860b61bac7,db05e59c-001d-4555-8b91-fd02a353009c,YOUTUBE_AUDIO_LIBRARY_ATTRIBUTION,PROTECTED,True,True,True,True,False,GLOBAL,YOUTUBE,2015-01-01,2099-12-31,YouTube Audio Library,https://www.youtube.com/audiolibrary,2026-08-24T12:56:42.278536
acf7c958-8b3f-49f9-9982-2a644e4e20af,c8578f22-4157-4256-b550-325f943d8179,d59257c9-3dbc-48af-9a01-3c9de3979f4b,YOUTUBE_AUDIO_LIBRARY_ATTRIBUTION,PROTECTED,True,True,True,True,False,GLOBAL,YOUTUBE,2015-01-01,2099-12-31,YouTube Audio Library,https://www.youtube.com/audiolibrary,2026-08-24T12:56:42.278536
f69d4443-d445-4d4f-b4b4-38a0a0236cbd,d88ba8ea-d602-4f7d-bba2-3692d72e9a37,606e7749-6619-4df9-8793-167fd38411eb,YOUTUBE_AUDIO_LIBRARY_ATTRIBUTION,PROTECTED,True,True,True,True,False,GLOBAL,YOUTUBE,2015-01-01,2099-12-31,YouTube Audio Library,https://www.youtube.com/audiolibrary,2026-08-24T12:56:42.278536
435e7b2b-0e75-4649-910c-8f74b1e74aac,041d33e5-9367-4d9d-8f53-320e2406e5aa,83e74e07-68ae-45a3-b7a3-d13dc219eea1,YOUTUBE_AUDIO_LIBRARY_ATTRIBUTION,PROTECTED,True,True,True,True,False,GLOBAL,YOUTUBE,2015-01-01,2099-12-31,YouTube Audio Library,https://www.youtube.com/audiolibrary,2026-08-24T12:56:42.278536
5049de12-c219-4305-a37d-ceec039540eb,77dab2f8-7393-4c29-b61b-02efb586b746,54418d4b-fa6c-4b1d-8cb9-be03c71f0b03,YOUTUBE_AUDIO_LIBRARY_ATTRIBUTION,PROTECTED,True,True,True,True,False,GLOBAL,YOUTUBE,2015-01-01,2099-12-31,YouTube Audio Library,https://www.youtube.com/audiolibrary,2026-08-24T12:56:42.278536
db4ce469-9f68-482e-8d57-eb65fab36b96,99d020a1-b86e-42e8-beef-b561badbd75c,c031be1a-a20d-4458-b361-b0e4b00565e1,YOUTUBE_AUDIO_LIBRARY_ATTRIBUTION,PROTECTED,True,True,True,True,False,GLOBAL,YOUTUBE,2015-01-01,2099-12-31,YouTube Audio Library,https://www.youtube.com/audiolibrary,2026-08-24T12:56:42.278536
e4e5b925-4739-4d49-bc54-b39e0d8cac88,83d05588-cd6a-49dd-8bf6-05b1e751146b,6b40e0e6-c513-4a01-874d-bd5b4257e4ea,YOUTUBE_AUDIO_LIBRARY_ATTRIBUTION,PROTECTED,True,True,True,True,False,GLOBAL,YOUTUBE,2015-01-01,2099-12-31,YouTube Audio Library,https://www.youtube.com/audiolibrary,2026-08-24T12:56:42.278536
c798e836-2710-4fad-aabb-001681fa6af4,e6caa175-9498-4f34-a3a3-80869304e340,78dace13-55e3-46b9-8f5e-caa024af22b1,YOUTUBE_AUDIO_LIBRARY_ATTRIBUTION,PROTECTED,True,True,True,True,False,GLOBAL,YOUTUBE,2015-01-01,2099-12-31,YouTube Audio Library,https://www.youtube.com/audiolibrary,2026-08-24T12:56:42.278536
ad147f73-00d9-4515-8b93-eb1a687a0e10,0786f537-d229-4f75-84ee-b82e54539384,5b0fe58b-0da6-4f0d-8e1d-b1002769e26c,YOUTUBE_AUDIO_LIBRARY_ATTRIBUTION,PROTECTED,True,True,True,True,False,GLOBAL,YOUTUBE,2015-01-01,2099-12-31,YouTube Audio Library,https://www.youtube.com/audiolibrary,2026-08-24T12:56:42.278536
cc504d5b-3c72-46fa-9e7a-20453309dc54,89b2840e-343f-4e31-8918-49c5df0a4e5b,d2db648c-aa9b-4b52-9cd5-00dce477a93a,YOUTUBE_AUDIO_LIBRARY_ATTRIBUTION,PROTECTED,True,True,True,True,False,GLOBAL,YOUTUBE,2015-01-01,2099-12-31,YouTube Audio Library,https://www.youtube.com/audiolibrary,2026-08-24T12:56:42.278536
90622cac-0aa8-47f1-a39b-75cfbaf296dc,e3fb01e7-0562-4bb5-a500-5d2d5c6d3803,aaa08171-580d-4e5b-a982-657b02fac888,YOUTUBE_AUDIO_LIBRARY_ATTRIBUTION,PROTECTED,True,True,True,True,False,GLOBAL,YOUTUBE,2015-01-01,2099-12-31,YouTube Audio Library,https://www.youtube.com/audiolibrary,2026-08-24T12:56:42.278536
fa6a7af2-064f-487a-b4e7-d9ceeb039af3,8fd5241d-e300-4bd0-959e-045d1ef66414,1f4a0ec8-00de-449d-99fc-00753b6256cd,YOUTUBE_AUDIO_LIBRARY_ATTRIBUTION,PROTECTED,True,True,True,True,False,GLOBAL,YOUTUBE,2015-01-01,2099-12-31,YouTube Audio Library,https://www.youtube.com/audiolibrary,2026-08-24T12:56:42.278536
7e1a3836-7513-4359-9780-16ea405bb375,5e3b1a17-9811-4386-be0a-67fc7db541d7,7bb819da-dfc2-4096-b891-7926c6b21d63,YOUTUBE_AUDIO_LIBRARY_ATTRIBUTION,PROTECTED,True,True,True,True,False,GLOBAL,YOUTUBE,2015-01-01,2099-12-31,YouTube Audio Library,https://www.youtube.com/audiolibrary,2026-08-24T12:56:42.278536
049527ad-8750-4130-9bd7-6d5ac814460b,a9677262-90bb-476d-95c5-c19be8594425,8e219c86-4556-4c33-bd93-23e28c062da8,YOUTUBE_AUDIO_LIBRARY_ATTRIBUTION,PROTECTED,True,True,True,True,False,GLOBAL,YOUTUBE,2015-01-01,2099-12-31,YouTube Audio Library,https://www.youtube.com/audiolibrary,2026-08-24T12:56:42.278536
2655a60c-c5d0-4e11-beb1-d8f863eeae34,e81de90a-5153-4dee-a366-9c89d1c1d73f,4c639f8e-f48a-440f-9a3e-d28babc0fd0a,YOUTUBE_AUDIO_LIBRARY_ATTRIBUTION,PROTECTED,True,True,True,True,False,GLOBAL,YOUTUBE,2015-01-01,2099-12-31,YouTube Audio Library,https://www.youtube.com/audiolibrary,2026-08-24T12:56:42.278536
88191835-6a56-4485-9f79-760a09da112b,397f2c50-53d2-48ef-aeef-2c9f50b488f7,daf088b4-f899-4551-b2bc-fe30aeada0d2,YOUTUBE_AUDIO_LIBRARY_ATTRIBUTION,PROTECTED,True,True,True,True,False,GLOBAL,YOUTUBE,2015-01-01,2099-12-31,YouTube Audio Library,https://www.youtube.com/audiolibrary,2026-08-24T12:56:42.278536
53348453-22b7-405d-b8e8-1c7eecd2915d,20706b7b-4e86-4d7f-a546-af448aa98c71,5d1ab1b7-18b6-4efe-9400-ff0d77e35861,YOUTUBE_AUDIO_LIBRARY_ATTRIBUTION,PROTECTED,True,True,True,True,False,GLOBAL,YOUTUBE,2015-01-01,2099-12-31,YouTube Audio Library,https://www.youtube.com/audiolibrary,2026-08-24T12:56:42.278536
062b97de-cb9e-4fec-8bf4-bbb30a0d60a2,9396b665-e23a-4f8f-9810-696d346775b0,6b8fdc15-e41e-4a4d-974f-7789e4c555df,YOUTUBE_AUDIO_LIBRARY_ATTRIBUTION,PROTECTED,True,True,True,True,False,GLOBAL,YOUTUBE,2015-01-01,2099-12-31,YouTube Audio Library,https://www.youtube.com/audiolibrary,2026-08-24T12:56:42.278536
c7178353-0840-4272-8489-f44a1aa2061e,2717749e-39be-4161-8f2f-08b05074193a,c887258a-00e2-434b-b844-08220d5514b4,YOUTUBE_AUDIO_LIBRARY_ATTRIBUTION,PROTECTED,True,True,True,True,False,GLOBAL,YOUTUBE,2015-01-01,2099-12-31,YouTube Audio Library,https://www.youtube.com/audiolibrary,2026-08-24T12:56:42.278536
2f06ecd8-028d-40d0-b707-28b2505b7273,c2970694-07a3-4295-85b7-41566e107be2,8992002f-42d9-4bb1-80a4-6371f7290ca3,YOUTUBE_AUDIO_LIBRARY_ATTRIBUTION,PROTECTED,True,True,True,True,False,GLOBAL,YOUTUBE,2015-01-01,2099-12-31,YouTube Audio Library,https://www.youtube.com/audiolibrary,2026-08-24T12:56:42.278536
6c127731-0b23-42e3-8a57-d1301ec2f409,11f78240-1d21-42ca-afe3-788e705784ec,e2102069-018b-4ec8-97b3-1ec3da562bcd,YOUTUBE_AUDIO_LIBRARY_ATTRIBUTION,PROTECTED,True,True,True,True,False,GLOBAL,YOUTUBE,2015-01-01,2099-12-31,YouTube Audio Library,https://www.youtube.com/audiolibrary,2026-08-24T12:56:42.278536
d9395cca-5698-4de1-abf0-fe8eb3607567,e73c5b04-55d8-4aa4-b1ed-3f7d109676d4,b735d4d2-cea3-4d39-8f0b-a8b47880c4b1,YOUTUBE_AUDIO_LIBRARY_ATTRIBUTION,PROTECTED,True,True,True,True,False,GLOBAL,YOUTUBE,2015-01-01,2099-12-31,YouTube Audio Library,https://www.youtube.com/audiolibrary,2026-08-24T12:56:42.278536
4f7d1682-8503-44cb-8965-f4a4e10524d7,c504b279-43f3-47fa-9eef-e971fb8e9a73,d1e5ca20-3709-4bbb-8cba-d99b6c06a5fd,YOUTUBE_AUDIO_LIBRARY_ATTRIBUTION,PROTECTED,True,True,True,True,False,GLOBAL,YOUTUBE,2015-01-01,2099-12-31,YouTube Audio Library,https://www.youtube.com/audiolibrary,2026-08-24T12:56:42.278536
80a88a5e-a6ed-477a-84c5-5d4fb0c542d6,88addf4c-d239-4eab-a194-4b6cbe2d1edf,0c523829-f01d-4ee9-8418-bba4d469e4a0,YOUTUBE_AUDIO_LIBRARY_ATTRIBUTION,PROTECTED,True,True,True,True,False,GLOBAL,YOUTUBE,2015-01-01,2099-12-31,YouTube Audio Library,https://www.youtube.com/audiolibrary,2026-08-24T12:56:42.278536
11bf35ce-3a73-4c4a-9af6-b9ab40b128c2,527155ba-825a-42de-9276-74ea18898ab6,f3ceec73-c3c7-4fd4-acee-903b6922c8c8,YOUTUBE_AUDIO_LIBRARY_ATTRIBUTION,PROTECTED,True,True,True,True,False,GLOBAL,YOUTUBE,2015-01-01,2099-12-31,YouTube Audio Library,https://www.youtube.com/audiolibrary,2026-08-24T12:56:42.278536
5efc78b2-0e77-4156-8f7e-23218845ebfa,a7b18537-e554-4787-88fe-8fd02d787177,18f324a0-6576-4d68-bb57-2fe04085e05f,YOUTUBE_AUDIO_LIBRARY_ATTRIBUTION,PROTECTED,True,True,True,True,False,GLOBAL,YOUTUBE,2015-01-01,2099-12-31,YouTube Audio Library,https://www.youtube.com/audiolibrary,2026-08-24T12:56:42.278536
64f4fc7c-7df4-4aa7-8445-f189e5437aec,f2ff7ebf-b670-436a-af1f-ea0a9c6429c3,00e529de-f93d-4c6c-ad2c-699c430dbcce,YOUTUBE_AUDIO_LIBRARY_ATTRIBUTION,PROTECTED,True,True,True,True,False,GLOBAL,YOUTUBE,2015-01-01,2099-12-31,YouTube Audio Library,https://www.youtube.com/audiolibrary,2026-08-24T12:56:42.278536
becc2247-a69f-4ae3-b32d-aaedc3910459,c4a91b27-b890-40d0-9efd-ba4a32837087,7eec8a1a-a23a-4e78-9702-f4f6efbda324,YOUTUBE_AUDIO_LIBRARY_ATTRIBUTION,PROTECTED,True,True,True,True,False,GLOBAL,YOUTUBE,2015-01-01,2099-12-31,YouTube Audio Library,https://www.youtube.com/audiolibrary,2026-08-24T12:56:42.278536
fc53b580-5a7d-4bdc-b3b0-68540671eda2,cf8a9e5a-d38f-423f-89c4-82077c1c4cbe,ffefb9f0-6d11-415e-87d6-53e7208b698f,YOUTUBE_AUDIO_LIBRARY_ATTRIBUTION,PROTECTED,True,True,True,True,False,GLOBAL,YOUTUBE,2015-01-01,2099-12-31,YouTube Audio Library,https://www.youtube.com/audiolibrary,2026-08-24T12:56:42.278536
d2660a1a-b20f-4faf-8c0d-016c238a3ee3,8392b43a-d0ef-46a4-bf51-767d21b1f95f,3368ef2d-b0be-40d9-a5d1-e251aea85250,YOUTUBE_AUDIO_LIBRARY_ATTRIBUTION,PROTECTED,True,True,True,True,False,GLOBAL,YOUTUBE,2015-01-01,2099-12-31,YouTube Audio Library,https://www.youtube.com/audiolibrary,2026-08-24T12:56:42.278536
48ba2ee9-7a69-4481-9b33-b1541db51009,e061a7f6-831a-4d44-a185-7a4345a24ede,7fe7c5af-3971-4056-8456-9ee7f35d72d4,YOUTUBE_AUDIO_LIBRARY_ATTRIBUTION,PROTECTED,True,True,True,True,False,GLOBAL,YOUTUBE,2015-01-01,2099-12-31,YouTube Audio Library,https://www.youtube.com/audiolibrary,2026-08-24T12:56:42.278536
e28abcf2-d538-4206-a671-c4522e2e9c91,e8cc6628-3786-4bc2-8c16-ac98f144f36b,992a8570-c433-4faa-b883-d74e25a14dfa,YOUTUBE_AUDIO_LIBRARY_ATTRIBUTION,PROTECTED,True,True,True,True,False,GLOBAL,YOUTUBE,2015-01-01,2099-12-31,YouTube Audio Library,https://www.youtube.com/audiolibrary,2026-08-24T12:56:42.278536
0256ee34-1b54-4ecd-af38-fa6321319c1d,66dcc908-4c2c-48ea-a2b7-ccc598425329,570722a1-01ef-48de-88d7-2be24ac8d412,YOUTUBE_AUDIO_LIBRARY_ATTRIBUTION,PROTECTED,True,True,True,True,False,GLOBAL,YOUTUBE,2015-01-01,2099-12-31,YouTube Audio Library,https://www.youtube.com/audiolibrary,2026-08-24T12:56:42.278536
f745ceb5-ae7b-4608-91a9-2ab9a503672f,655bd69c-23b4-43b3-9efe-41c84c67808d,3cf88a66-a432-46c1-9bf3-f57baa1c0ae0,YOUTUBE_AUDIO_LIBRARY_ATTRIBUTION,PROTECTED,True,True,True,True,False,GLOBAL,YOUTUBE,2015-01-01,2099-12-31,YouTube Audio Library,https://www.youtube.com/audiolibrary,2026-08-24T12:56:42.278536
a56098c5-8225-4373-9361-102e609f2238,f5407ca5-daf2-4de0-9f17-d84f258e3dde,c22e0893-8a48-404d-beb4-96a48747b6e1,YOUTUBE_AUDIO_LIBRARY_ATTRIBUTION,PROTECTED,True,True,True,True,False,GLOBAL,YOUTUBE,2015-01-01,2099-12-31,YouTube Audio Library,https://www.youtube.com/audiolibrary,2026-08-24T12:56:42.278536
2f085547-8a8c-4bf5-9175-6d7b64ef95f0,e6fa6ee9-e9a9-4094-80d2-b307357b7ef6,632346d3-6228-46a2-a7b4-603f8897162d,YOUTUBE_AUDIO_LIBRARY_ATTRIBUTION,PROTECTED,True,True,True,True,False,GLOBAL,YOUTUBE,2015-01-01,2099-12-31,YouTube Audio Library,https://www.youtube.com/audiolibrary,2026-08-24T12:56:42.278536
97fdf4be-5879-435a-9029-5a77ed70ed15,dc1827c4-5877-4d0a-923b-ba1cc324f72c,a372c5d6-9e50-4d2f-9ef9-fc65406d4069,YOUTUBE_AUDIO_LIBRARY_ATTRIBUTION,PROTECTED,True,True,True,True,False,GLOBAL,YOUTUBE,2015-01-01,2099-12-31,YouTube Audio Library,https://www.youtube.com/audiolibrary,2026-08-24T12:56:42.278536
eea6a20d-c83a-4b3a-88c2-4eb58800dce0,2ae2e001-1095-41b1-b3fb-d3929fbc5352,0627aa42-ac70-4c51-bf06-7df7be2162b6,YOUTUBE_AUDIO_LIBRARY_ATTRIBUTION,PROTECTED,True,True,True,True,False,GLOBAL,YOUTUBE,2015-01-01,2099-12-31,YouTube Audio Library,https://www.youtube.com/audiolibrary,2026-08-24T12:56:42.278536
bbc809a1-9462-4e1b-8650-29c9d1af8e3e,d7bc86c7-7907-4d1f-a895-b514923cd970,51784ac5-bdc8-4d74-8221-c12fcf79b392,YOUTUBE_AUDIO_LIBRARY_ATTRIBUTION,PROTECTED,True,True,True,True,False,GLOBAL,YOUTUBE,2015-01-01,2099-12-31,YouTube Audio Library,https://www.youtube.com/audiolibrary,2026-08-24T12:56:42.278536
1c3840a7-29dc-4068-b971-ba0a3e3196b7,7c26f42b-33a2-4a86-95d7-dd4bfd0b6e85,6e2002cb-e6c7-473e-adf3-790e3fe9fd44,YOUTUBE_AUDIO_LIBRARY_ATTRIBUTION,PROTECTED,True,True,True,True,False,GLOBAL,YOUTUBE,2015-01-01,2099-12-31,YouTube Audio Library,https://www.youtube.com/audiolibrary,2026-08-24T12:56:42.278536
e9ef4f24-3e4d-4528-bff4-151aacae4dd1,6a53f71f-8322-483a-ad36-18867f903626,bbc328e8-8e80-4e12-964c-fcf46e0499f1,YOUTUBE_AUDIO_LIBRARY_ATTRIBUTION,PROTECTED,True,True,True,True,False,GLOBAL,YOUTUBE,2015-01-01,2099-12-31,YouTube Audio Library,https://www.youtube.com/audiolibrary,2026-08-24T12:56:42.278536
6d1afa91-341e-4f88-86f4-403f632e063f,f738d155-5e09-4563-af88-f78f1d6b947f,f703d98f-c390-463d-a883-bc3968cfe1f3,YOUTUBE_AUDIO_LIBRARY_ATTRIBUTION,PROTECTED,True,True,True,True,False,GLOBAL,YOUTUBE,2015-01-01,2099-12-31,YouTube Audio Library,https://www.youtube.com/audiolibrary,2026-08-24T12:56:42.278536
3ac05a59-2192-49c6-bbe9-72074b791197,da3e22e7-3533-477c-9244-b33e17baa146,ddb05c3c-400e-4332-9462-ec9651f8140d,YOUTUBE_AUDIO_LIBRARY_ATTRIBUTION,PROTECTED,True,True,True,True,False,GLOBAL,YOUTUBE,2015-01-01,2099-12-31,YouTube Audio Library,https://www.youtube.com/audiolibrary,2026-08-24T12:56:42.278536
58f43250-72ba-488d-8564-89152e1011c4,cfbd618f-fe91-4499-afe6-5eac9d4a1fb2,20a919cb-168f-499c-b551-c70cc9cc41ac,YOUTUBE_AUDIO_LIBRARY_ATTRIBUTION,PROTECTED,True,True,True,True,False,GLOBAL,YOUTUBE,2015-01-01,2099-12-31,YouTube Audio Library,https://www.youtube.com/audiolibrary,2026-08-24T12:56:42.278536
1962d12f-662b-4197-8b0e-0649139e9ad6,21385671-6586-421e-b82f-62250b9fed58,f5aaa5bf-5291-49f5-afe4-b5c1a7463ada,YOUTUBE_AUDIO_LIBRARY_ATTRIBUTION,PROTECTED,True,True,True,True,False,GLOBAL,YOUTUBE,2015-01-01,2099-12-31,YouTube Audio Library,https://www.youtube.com/audiolibrary,2026-08-24T12:56:42.278536
7eed0730-d6d7-4786-8924-36e253d9b6d5,f88f9789-0ba6-4c1a-8739-318f3d2436f5,0bf86621-797b-45fb-8a86-9f0c1f7eb1a6,YOUTUBE_AUDIO_LIBRARY_ATTRIBUTION,PROTECTED,True,True,True,True,False,GLOBAL,YOUTUBE,2015-01-01,2099-12-31,YouTube Audio Library,https://www.youtube.com/audiolibrary,2026-08-24T12:56:42.278536
fbe0bc33-7f99-4119-9e9e-67c86684e2b1,a405d22f-6ef0-488c-bc38-30c3a7479e90,a70503fc-53d5-4692-ba65-0abf40b45353,YOUTUBE_AUDIO_LIBRARY_ATTRIBUTION,PROTECTED,True,True,True,True,False,GLOBAL,YOUTUBE,2015-01-01,2099-12-31,YouTube Audio Library,https://www.youtube.com/audiolibrary,2026-08-24T12:56:42.278536
7f51a6dd-8bae-4e73-be4b-37997ee48b5d,ad1f2931-da69-4b2b-80da-7a872c6c0d04,f131d53b-6b3a-4a1a-a936-5917dc8ebd00,YOUTUBE_AUDIO_LIBRARY_ATTRIBUTION,PROTECTED,True,True,True,True,False,GLOBAL,YOUTUBE,2015-01-01,2099-12-31,YouTube Audio Library,https://www.youtube.com/audiolibrary,2026-08-24T12:56:42.278536
e443e88f-de8c-4e72-be71-9aa6522d1f41,c3e587bc-5dc6-4e94-9fef-1f96e3488566,01ab15f2-4975-48cc-bbca-4a39fb83acbd,YOUTUBE_AUDIO_LIBRARY_ATTRIBUTION,PROTECTED,True,True,True,True,False,GLOBAL,YOUTUBE,2015-01-01,2099-12-31,YouTube Audio Library,https://www.youtube.com/audiolibrary,2026-08-24T12:56:42.278536
da62d5fc-b3fd-4d76-8483-0dd2a5ad19ef,af7c282c-ddd4-4c0f-8242-8f9b1c4c2e48,e15796b8-a7c9-4101-b70c-4b247c3156fa,YOUTUBE_AUDIO_LIBRARY_ATTRIBUTION,PROTECTED,True,True,True,True,False,GLOBAL,YOUTUBE,2015-01-01,2099-12-31,YouTube Audio Library,https://www.youtube.com/audiolibrary,2026-08-24T12:56:42.278536
07957b00-ef13-49ef-b172-2b6245c15920,98634572-d6f3-45e5-90d8-430d8150bd23,62f654bd-45d1-4acf-ac9d-d41b2a5aa7f5,YOUTUBE_AUDIO_LIBRARY_ATTRIBUTION,PROTECTED,True,True,True,True,False,GLOBAL,YOUTUBE,2015-01-01,2099-12-31,YouTube Audio Library,https://www.youtube.com/audiolibrary,2026-08-24T12:56:42.278536
4975e109-d215-444a-a8e7-d55f624ff824,120f7e51-a3d6-4401-ac58-6f66d2320359,7b5fe14e-57e7-4419-b10e-06216e275bca,YOUTUBE_AUDIO_LIBRARY_ATTRIBUTION,PROTECTED,True,True,True,True,False,GLOBAL,YOUTUBE,2015-01-01,2099-12-31,YouTube Audio Library,https://www.youtube.com/audiolibrary,2026-08-24T12:56:42.278536
3c74f9e0-7916-4770-b801-25cf5cb02f99,2fbc15cd-68a5-43ac-8b0d-05eeed441e2e,a343a5fb-c722-4203-8b67-69576f561cb9,YOUTUBE_AUDIO_LIBRARY_ATTRIBUTION,PROTECTED,True,True,True,True,False,GLOBAL,YOUTUBE,2015-01-01,2099-12-31,YouTube Audio Library,https://www.youtube.com/audiolibrary,2026-08-24T12:56:42.278536
e0e51e80-e9d6-4623-b421-7bf64b37ae76,50bd0ef3-500a-4559-a7ed-771de46f7d91,c88be3a3-662d-4758-baa5-1dd95e1c8423,YOUTUBE_AUDIO_LIBRARY_ATTRIBUTION,PROTECTED,True,True,True,True,False,GLOBAL,YOUTUBE,2015-01-01,2099-12-31,YouTube Audio Library,https://www.youtube.com/audiolibrary,2026-08-24T12:56:42.278536
5d87b84a-c020-4f60-8d91-7727776dfa52,ce59d3c8-fa49-4cff-b407-ac1ee9ae4afd,aa916732-44e4-4b38-981f-e88e3468d574,YOUTUBE_AUDIO_LIBRARY_ATTRIBUTION,PROTECTED,True,True,True,True,False,GLOBAL,YOUTUBE,2015-01-01,2099-12-31,YouTube Audio Library,https://www.youtube.com/audiolibrary,2026-08-24T12:56:42.278536
126cc17d-6866-4cc7-ac56-05c8800fa9c0,03051b91-779d-4456-bf13-b9b212bb1bf2,83db9ba8-f301-4643-8bd3-06fcac2114d9,YOUTUBE_AUDIO_LIBRARY_ATTRIBUTION,PROTECTED,True,True,True,True,False,GLOBAL,YOUTUBE,2015-01-01,2099-12-31,YouTube Audio Library,https://www.youtube.com/audiolibrary,2026-08-24T12:56:42.278536
83986054-bdc6-4f2e-8725-df9f65340e58,b62ca189-9594-444a-a261-c52e26bdfc20,805c70ad-8398-4617-9a9d-32c02bb22f47,YOUTUBE_AUDIO_LIBRARY_ATTRIBUTION,PROTECTED,True,True,True,True,False,GLOBAL,YOUTUBE,2015-01-01,2099-12-31,YouTube Audio Library,https://www.youtube.com/audiolibrary,2026-08-24T12:56:42.278536
e9d383e7-67e5-4d7b-9a69-f8e38d479717,a91e69af-2ec5-4c2f-b40d-1dbf82650a91,0a363bc9-9af3-47fa-b02e-5d65cd3c73f6,YOUTUBE_AUDIO_LIBRARY_ATTRIBUTION,PROTECTED,True,True,True,True,False,GLOBAL,YOUTUBE,2015-01-01,2099-12-31,YouTube Audio Library,https://www.youtube.com/audiolibrary,2026-08-24T12:56:42.278536
e320262a-16e7-4d0d-84ff-6e7df5e93b88,93462b55-00ff-4245-9259-4a05b07c0a87,004b0760-924d-4304-a2b1-8e90f7030dc3,YOUTUBE_AUDIO_LIBRARY_ATTRIBUTION,PROTECTED,True,True,True,True,False,GLOBAL,YOUTUBE,2015-01-01,2099-12-31,YouTube Audio Library,https://www.youtube.com/audiolibrary,2026-08-24T12:56:42.278536
e2c0d5f2-90ea-4b09-b735-3e317fe8b900,bab76141-93d5-4c8f-827a-d9014f44e0c9,cfdef318-0c42-405e-84b2-046e809a1ed3,YOUTUBE_AUDIO_LIBRARY_ATTRIBUTION,PROTECTED,True,True,True,True,False,GLOBAL,YOUTUBE,2015-01-01,2099-12-31,YouTube Audio Library,https://www.youtube.com/audiolibrary,2026-08-24T12:56:42.278536
8f378eff-10ef-4003-952f-6d38ac2b18cc,f639dd30-1a02-4d2e-ae5e-b9cce805b8cd,4d6cccb2-8579-4614-a568-dd500b42d1f1,YOUTUBE_AUDIO_LIBRARY_ATTRIBUTION,PROTECTED,True,True,True,True,False,GLOBAL,YOUTUBE,2015-01-01,2099-12-31,YouTube Audio Library,https://www.youtube.com/audiolibrary,2026-08-24T12:56:42.278536
6b850ecf-0e9b-4744-9389-19e3b7f11309,41591b3d-5ff8-4563-8a07-9a0918b49240,c34d822d-270a-432f-bd51-7d270c557741,YOUTUBE_AUDIO_LIBRARY_ATTRIBUTION,PROTECTED,True,True,True,True,False,GLOBAL,YOUTUBE,2015-01-01,2099-12-31,YouTube Audio Library,https://www.youtube.com/audiolibrary,2026-08-24T12:56:42.278536
990ca94c-ee35-4cee-a879-dfa84816badc,0c72dad8-dfa8-43f0-94c8-03e451b6eda8,620ce01f-44bd-4fcb-be92-944b87776b7f,YOUTUBE_AUDIO_LIBRARY_ATTRIBUTION,PROTECTED,True,True,True,True,False,GLOBAL,YOUTUBE,2015-01-01,2099-12-31,YouTube Audio Library,https://www.youtube.com/audiolibrary,2026-08-24T12:56:42.278536
feb5aa9e-a106-4136-83d0-6949619e7058,f78f152a-301f-4e6a-a0a0-4d6abea2807a,578a88c3-9635-4f67-a94a-76cf9d3d597e,YOUTUBE_AUDIO_LIBRARY_ATTRIBUTION,PROTECTED,True,True,True,True,False,GLOBAL,YOUTUBE,2015-01-01,2099-12-31,YouTube Audio Library,https://www.youtube.com/audiolibrary,2026-08-24T12:56:42.278536
1024aae4-c31e-4010-8bf8-a022133d8860,fd269138-e1f9-48a0-b621-4bebc8c32d51,762e4088-be46-4b56-82c4-7abaf3f727b2,YOUTUBE_AUDIO_LIBRARY_ATTRIBUTION,PROTECTED,True,True,True,True,False,GLOBAL,YOUTUBE,2015-01-01,2099-12-31,YouTube Audio Library,https://www.youtube.com/audiolibrary,2026-08-24T12:56:42.278536
a2f420b5-3239-49a8-9d00-9353d228a60d,1f043312-57ab-4d4c-a367-8e829d75ccca,7dce5ab4-3c42-46e2-8920-7d55c02a7353,YOUTUBE_AUDIO_LIBRARY_ATTRIBUTION,PROTECTED,True,True,True,True,False,GLOBAL,YOUTUBE,2015-01-01,2099-12-31,YouTube Audio Library,https://www.youtube.com/audiolibrary,2026-08-24T12:56:42.278536
83805f94-124a-4324-847f-4a694d01b7c6,3d3ce493-05f3-40a5-8ece-553a988120a6,2f203b0c-0dde-4e96-a02c-1f6fdc06d642,YOUTUBE_AUDIO_LIBRARY_ATTRIBUTION,PROTECTED,True,True,True,True,False,GLOBAL,YOUTUBE,2015-01-01,2099-12-31,YouTube Audio Library,https://www.youtube.com/audiolibrary,2026-08-24T12:56:42.278536
fe7373b3-23ff-43cb-8e3b-ecec3dcbf72d,bb9a6c44-38fc-4403-8649-e99db23d598c,4a2987f2-a0cb-45bf-b990-f4350855e42a,YOUTUBE_AUDIO_LIBRARY_ATTRIBUTION,PROTECTED,True,True,True,True,False,GLOBAL,YOUTUBE,2015-01-01,2099-12-31,YouTube Audio Library,https://www.youtube.com/audiolibrary,2026-08-24T12:56:42.278536
0b4c7a32-121a-4a88-95c1-8bbd08c1fe8b,5fdcbcf4-1b9d-47c7-bb46-ea4286eeead0,0321227b-eacc-4a94-9f2e-c687ea5ffeb9,YOUTUBE_AUDIO_LIBRARY_ATTRIBUTION,PROTECTED,True,True,True,True,False,GLOBAL,YOUTUBE,2015-01-01,2099-12-31,YouTube Audio Library,https://www.youtube.com/audiolibrary,2026-08-24T12:56:42.278536
5067dd45-3251-4ae2-afb0-d4b2cdb704ca,aa7a6688-6131-4e8c-8047-68ef7fb33be1,21deb92b-0813-4334-9be7-b10be9aee614,YOUTUBE_AUDIO_LIBRARY_ATTRIBUTION,PROTECTED,True,True,True,True,False,GLOBAL,YOUTUBE,2015-01-01,2099-12-31,YouTube Audio Library,https://www.youtube.com/audiolibrary,2026-08-24T12:56:42.278536
456dfe72-db81-41e2-b2ad-a53deca4002c,b3e90418-fce9-4807-99af-6ffc9d504e3e,f9c6e008-a9a5-4eea-9f87-45d14be73156,YOUTUBE_AUDIO_LIBRARY_ATTRIBUTION,PROTECTED,True,True,True,True,False,GLOBAL,YOUTUBE,2015-01-01,2099-12-31,YouTube Audio Library,https://www.youtube.com/audiolibrary,2026-08-24T12:56:42.278536
97fe6b3a-47c0-4ec1-a67c-04b64e570ffa,ee208398-ca61-4e80-8367-3c8c3c070f68,90e919fb-b75f-4fdd-aef0-037b59161bc4,YOUTUBE_AUDIO_LIBRARY_ATTRIBUTION,PROTECTED,True,True,True,True,False,GLOBAL,YOUTUBE,2015-01-01,2099-12-31,YouTube Audio Library,https://www.youtube.com/audiolibrary,2026-08-24T12:56:42.278536
d990778e-08af-4c9d-98f1-57f55065d0b4,86c20191-4942-4494-a388-62c2b4010975,1fa3b589-569c-4f63-b487-aecec04b749d,YOUTUBE_AUDIO_LIBRARY_ATTRIBUTION,PROTECTED,True,True,True,True,False,GLOBAL,YOUTUBE,2015-01-01,2099-12-31,YouTube Audio Library,https://www.youtube.com/audiolibrary,2026-08-24T12:56:42.278536
440248b4-9375-4e98-8e42-5131334e9bb6,61bd179b-068c-4d7f-82c0-7c442558354f,cb680a46-e78f-491d-b2fe-4fb93a617b30,YOUTUBE_AUDIO_LIBRARY_ATTRIBUTION,PROTECTED,True,True,True,True,False,GLOBAL,YOUTUBE,2015-01-01,2099-12-31,YouTube Audio Library,https://www.youtube.com/audiolibrary,2026-08-24T12:56:42.278536
7642e418-7802-4bb9-a3a0-c9d66be96130,c87b5dca-6524-4141-a47c-33569ae1cb85,dafb27ed-161d-4545-8dc5-446f7ecb6c92,YOUTUBE_AUDIO_LIBRARY_ATTRIBUTION,PROTECTED,True,True,True,True,False,GLOBAL,YOUTUBE,2015-01-01,2099-12-31,YouTube Audio Library,https://www.youtube.com/audiolibrary,2026-08-24T12:56:42.278536
36873475-7ed0-4ca0-afea-fa3c696fc798,0b32110f-0eae-42d1-8a17-e11656521345,cb14bd4f-414b-4e98-b0ae-9ac219206fab,YOUTUBE_AUDIO_LIBRARY_ATTRIBUTION,PROTECTED,True,True,True,True,False,GLOBAL,YOUTUBE,2015-01-01,2099-12-31,YouTube Audio Library,https://www.youtube.com/audiolibrary,2026-08-24T12:56:42.278536
1283730b-ece0-40dd-b598-86b5b1448a4f,c0802512-7c66-4b51-a0b3-729414c35b30,db0ab7a0-1bf0-462f-adb6-383afcacd462,YOUTUBE_AUDIO_LIBRARY_ATTRIBUTION,PROTECTED,True,True,True,True,False,GLOBAL,YOUTUBE,2015-01-01,2099-12-31,YouTube Audio Library,https://www.youtube.com/audiolibrary,2026-08-24T12:56:42.278536
7d075a35-d67a-48dc-9e67-8cf84c91fe39,fcfcc445-a973-4b89-bef8-681afd38b727,e794a98e-1655-4152-888c-04141b38f696,YOUTUBE_AUDIO_LIBRARY_ATTRIBUTION,PROTECTED,True,True,True,True,False,GLOBAL,YOUTUBE,2015-01-01,2099-12-31,YouTube Audio Library,https://www.youtube.com/audiolibrary,2026-08-24T12:56:42.278536
60dd77b5-1373-4068-bc1d-6118f20cd2b8,3770c29b-5439-422c-91d7-8ebbcf6b3744,f19b0065-214f-4f1d-9b4c-6e9f167466d3,YOUTUBE_AUDIO_LIBRARY_ATTRIBUTION,PROTECTED,True,True,True,True,False,GLOBAL,YOUTUBE,2015-01-01,2099-12-31,YouTube Audio Library,https://www.youtube.com/audiolibrary,2026-08-24T12:56:42.278536
521fd6f0-ed3a-40f9-ac68-b4995a6ad661,5842c37d-23dd-4046-bda9-0709a89a9aee,e2be4ea8-4ff2-4bf6-bce1-d007a5a0c7d9,YOUTUBE_AUDIO_LIBRARY_ATTRIBUTION,PROTECTED,True,True,True,True,False,GLOBAL,YOUTUBE,2015-01-01,2099-12-31,YouTube Audio Library,https://www.youtube.com/audiolibrary,2026-08-24T12:56:42.278536
8b68fbe6-e88c-438d-9d2b-e0288e423a7f,6001c490-4215-4832-a324-05c3ca6e4d82,99feb83f-4afa-4cd8-bd8b-1ca4bcbf3633,YOUTUBE_AUDIO_LIBRARY_ATTRIBUTION,PROTECTED,True,True,True,True,False,GLOBAL,YOUTUBE,2015-01-01,2099-12-31,YouTube Audio Library,https://www.youtube.com/audiolibrary,2026-08-24T12:56:42.278536
ff5cc6c3-13d7-41d9-b3c8-08bd2acd5f5a,fa8c0e8f-2de0-4bf1-b31e-9731955a3275,2064c006-0155-408e-82d3-fba8d343a7a6,YOUTUBE_AUDIO_LIBRARY_ATTRIBUTION,PROTECTED,True,True,True,True,False,GLOBAL,YOUTUBE,2015-01-01,2099-12-31,YouTube Audio Library,https://www.youtube.com/audiolibrary,2026-08-24T12:56:42.278536
6211d78c-5326-4560-b1e5-d10e4ddacb95,2b6db04d-7734-401b-a4f9-0e694d29caed,2251c514-039f-472d-8c61-ed770ae430b2,YOUTUBE_AUDIO_LIBRARY_ATTRIBUTION,PROTECTED,True,True,True,True,False,GLOBAL,YOUTUBE,2015-01-01,2099-12-31,YouTube Audio Library,https://www.youtube.com/audiolibrary,2026-08-24T12:56:42.278536
86429b39-eb86-417a-bf5a-ac2c7eab6e1f,e9fbf66b-0379-44e8-b60a-a91fcd9e1abe,2d50c01a-2db6-4d8d-bf56-0fa0f1274fe1,YOUTUBE_AUDIO_LIBRARY_ATTRIBUTION,PROTECTED,True,True,True,True,False,GLOBAL,YOUTUBE,2015-01-01,2099-12-31,YouTube Audio Library,https://www.youtube.com/audiolibrary,2026-08-24T12:56:42.278536
cb0db507-2a7c-47fd-9911-2bfd10d66b32,28922f7c-52df-4f2e-9a1f-1a89889edb26,22c3146f-ccf8-4220-8b3f-effadc5765d2,YOUTUBE_AUDIO_LIBRARY_ATTRIBUTION,PROTECTED,True,True,True,True,False,GLOBAL,YOUTUBE,2015-01-01,2099-12-31,YouTube Audio Library,https://www.youtube.com/audiolibrary,2026-08-24T12:56:42.278536
5d9e7b0b-7794-4f7e-a613-dc455694a6bd,927ebe77-f285-47db-9a8c-385e9f306e21,73d5b4c2-5b3f-47d0-9e8e-a0cfcb20ce32,YOUTUBE_AUDIO_LIBRARY_ATTRIBUTION,PROTECTED,True,True,True,True,False,GLOBAL,YOUTUBE,2015-01-01,2099-12-31,YouTube Audio Library,https://www.youtube.com/audiolibrary,2026-08-24T12:56:42.278536
a88c96f9-b185-4c10-bb79-de26f771f497,3b82ede7-556f-4695-824b-19874e3234cf,e664935f-2c7c-4daf-94f3-c9d6bb9d1ef0,YOUTUBE_AUDIO_LIBRARY_ATTRIBUTION,PROTECTED,True,True,True,True,False,GLOBAL,YOUTUBE,2015-01-01,2099-12-31,YouTube Audio Library,https://www.youtube.com/audiolibrary,2026-08-24T12:56:42.278536
d9446c92-bed5-4c3a-a9e9-7e29dedb35d9,560dce32-22bf-4c49-96fd-ab7c28844299,1d409340-3e67-454e-8cc7-b3df31501cc6,YOUTUBE_AUDIO_LIBRARY_ATTRIBUTION,PROTECTED,True,True,True,True,False,GLOBAL,YOUTUBE,2015-01-01,2099-12-31,YouTube Audio Library,https://www.youtube.com/audiolibrary,2026-08-24T12:56:42.278536
c21dc785-0e1e-4bf1-a0b5-0dc6b5537898,87143fbc-5ae9-4e18-a78b-66f77cb6aea0,f8d36d28-5613-4a50-b87d-90d20e99f8c6,YOUTUBE_AUDIO_LIBRARY_ATTRIBUTION,PROTECTED,True,True,True,True,False,GLOBAL,YOUTUBE,2015-01-01,2099-12-31,YouTube Audio Library,https://www.youtube.com/audiolibrary,2026-08-24T12:56:42.278536
0444ab72-a338-4024-914b-56fc5fe0713e,2bfd5d53-331b-40d2-b8e6-c52b2e7effbe,ee45fd92-9e52-40b7-8181-948f620c3b45,YOUTUBE_AUDIO_LIBRARY_ATTRIBUTION,PROTECTED,True,True,True,True,False,GLOBAL,YOUTUBE,2015-01-01,2099-12-31,YouTube Audio Library,https://www.youtube.com/audiolibrary,2026-08-24T12:56:42.278536
ee24fe7f-cee4-4588-b050-45b6bf0b7bd8,9b184038-d96e-41bc-a224-48d497112ad2,108153e5-b40b-49fd-ac7a-c8b245598538,YOUTUBE_AUDIO_LIBRARY_ATTRIBUTION,PROTECTED,True,True,True,True,False,GLOBAL,YOUTUBE,2015-01-01,2099-12-31,YouTube Audio Library,https://www.youtube.com/audiolibrary,2026-08-24T12:56:42.278536
3c929d0e-1b6e-4766-87db-fed03d1fd73d,88eda0b9-f8a1-4016-b545-6f6e40c75abf,b8bc7dbe-339a-417e-a084-d02035f80790,YOUTUBE_AUDIO_LIBRARY_ATTRIBUTION,PROTECTED,True,True,True,True,False,GLOBAL,YOUTUBE,2015-01-01,2099-12-31,YouTube Audio Library,https://www.youtube.com/audiolibrary,2026-08-24T12:56:42.278536
aec515dc-7be5-457e-8e63-8bb796fcaeba,698057e2-6493-440e-a543-5c2a71550952,4fe3013d-c197-4c95-9cdb-2a1a26c0d394,YOUTUBE_AUDIO_LIBRARY_ATTRIBUTION,PROTECTED,True,True,True,True,False,GLOBAL,YOUTUBE,2015-01-01,2099-12-31,YouTube Audio Library,https://www.youtube.com/audiolibrary,2026-08-24T12:56:42.278536
efb1982c-ca61-4a2a-9635-a667e1ae05de,f958e623-51b2-4715-99b3-864af5fb1c68,6a3beab3-8877-4344-b217-ebccccc1b2af,YOUTUBE_AUDIO_LIBRARY_ATTRIBUTION,PROTECTED,True,True,True,True,False,GLOBAL,YOUTUBE,2015-01-01,2099-12-31,YouTube Audio Library,https://www.youtube.com/audiolibrary,2026-08-24T12:56:42.278536
3206cb4d-0293-496c-b72f-5d56e0c56bd7,d9a2b62d-698f-43f8-acb2-2838d95aea82,8cafc67b-453f-4cac-b2a6-7ed7412a4e7d,YOUTUBE_AUDIO_LIBRARY_ATTRIBUTION,PROTECTED,True,True,True,True,False,GLOBAL,YOUTUBE,2015-01-01,2099-12-31,YouTube Audio Library,https://www.youtube.com/audiolibrary,2026-08-24T12:56:42.278536
589607aa-8431-49c0-ac87-a5ee16810a11,4328f268-7e19-4f74-a721-6974edbead9d,9ba24bd2-d866-4287-8aa1-e47f4e558f01,YOUTUBE_AUDIO_LIBRARY_ATTRIBUTION,PROTECTED,True,True,True,True,False,GLOBAL,YOUTUBE,2015-01-01,2099-12-31,YouTube Audio Library,https://www.youtube.com/audiolibrary,2026-08-24T12:56:42.278536
27b85869-637a-44c9-9cfc-4744cf50984c,e2ed3cbf-f0fa-4dd0-9d19-11938da16a9a,f501795b-4455-45f3-85bc-b13b6fe4da73,YOUTUBE_AUDIO_LIBRARY_ATTRIBUTION,PROTECTED,True,True,True,True,False,GLOBAL,YOUTUBE,2015-01-01,2099-12-31,YouTube Audio Library,https://www.youtube.com/audiolibrary,2026-08-24T12:56:42.278536
a270566f-63d0-4bd5-b024-1b7689e93135,86ffab57-7040-43e7-9e91-3c150760b44d,2a183195-f2de-48ed-8545-8bc36d28c420,YOUTUBE_AUDIO_LIBRARY_ATTRIBUTION,PROTECTED,True,True,True,True,False,GLOBAL,YOUTUBE,2015-01-01,2099-12-31,YouTube Audio Library,https://www.youtube.com/audiolibrary,2026-08-24T12:56:42.278536
1b1c983f-1e28-4178-a471-9076432010a2,f71ac696-adba-4d74-813d-dc43842c0eb4,6109624a-dcdf-4217-a722-c9b7a6ac1ea7,YOUTUBE_AUDIO_LIBRARY_ATTRIBUTION,PROTECTED,True,True,True,True,False,GLOBAL,YOUTUBE,2015-01-01,2099-12-31,YouTube Audio Library,https://www.youtube.com/audiolibrary,2026-08-24T12:56:42.278536
41e24e18-64a8-44fe-985b-5e46a4e368fa,8b31df5a-1ff2-4a90-97d8-44f0a1cdabf1,a3fd0f70-8bae-4bcd-b43c-519e37de6d2d,YOUTUBE_AUDIO_LIBRARY_ATTRIBUTION,PROTECTED,True,True,True,True,False,GLOBAL,YOUTUBE,2015-01-01,2099-12-31,YouTube Audio Library,https://www.youtube.com/audiolibrary,2026-08-24T12:56:42.278536
d9a38e19-9ecb-464f-81e0-ad75adfe148c,a187dd20-207e-45c7-94d7-44914b33162c,bb2e14fe-9827-4319-bc96-cb9ad641c40a,YOUTUBE_AUDIO_LIBRARY_ATTRIBUTION,PROTECTED,True,True,True,True,False,GLOBAL,YOUTUBE,2015-01-01,2099-12-31,YouTube Audio Library,https://www.youtube.com/audiolibrary,2026-08-24T12:56:42.278536
d381b8b8-c252-450a-a96b-d27f5589730b,13759bdd-5215-4e21-a4fe-08e38954a846,69b76b22-3ea7-4d0e-a6b2-93918bab0d43,YOUTUBE_AUDIO_LIBRARY_ATTRIBUTION,PROTECTED,True,True,True,True,False,GLOBAL,YOUTUBE,2015-01-01,2099-12-31,YouTube Audio Library,https://www.youtube.com/audiolibrary,2026-08-24T12:56:42.278536
2bf5dab3-134c-44e1-b4b0-fb5239c3e012,32638a58-b12a-4c80-83c3-7fab40680c89,712c64f7-3835-4ed0-87ca-d68141c6f952,YOUTUBE_AUDIO_LIBRARY_ATTRIBUTION,PROTECTED,True,True,True,True,False,GLOBAL,YOUTUBE,2015-01-01,2099-12-31,YouTube Audio Library,https://www.youtube.com/audiolibrary,2026-08-24T12:56:42.278536
62a6f410-9e2c-42b8-862e-ae214ea6b3aa,220ca6dc-0a24-47dc-bf2e-2e3319ce86d5,e5850fa8-d671-44bf-bb7b-32cae9e5a53c,YOUTUBE_AUDIO_LIBRARY_ATTRIBUTION,PROTECTED,True,True,True,True,False,GLOBAL,YOUTUBE,2015-01-01,2099-12-31,YouTube Audio Library,https://www.youtube.com/audiolibrary,2026-08-24T12:56:42.278536
167f5fc4-3912-4d20-8d19-bef8bfc2e4ad,2dd171f0-006a-479e-a5ae-abb8c40f6297,0e85e5bb-a179-429a-883f-b9dcabf85604,YOUTUBE_AUDIO_LIBRARY_ATTRIBUTION,PROTECTED,True,True,True,True,False,GLOBAL,YOUTUBE,2015-01-01,2099-12-31,YouTube Audio Library,https://www.youtube.com/audiolibrary,2026-08-24T12:56:42.278536
5d2b56ef-fe23-452b-a149-130710e0e911,6960fc29-ff2b-4900-aa2a-71b60eb9c0f1,94b75461-46ff-4f12-bd22-ce7fc44ef383,YOUTUBE_AUDIO_LIBRARY_ATTRIBUTION,PROTECTED,True,True,True,True,False,GLOBAL,YOUTUBE,2015-01-01,2099-12-31,YouTube Audio Library,https://www.youtube.com/audiolibrary,2026-08-24T12:56:42.278536
9277ae71-a8d4-474d-ba62-804c9331f846,68e0acbb-cdee-4300-8cde-78c79d9b2138,8758178d-0716-41b0-94c1-28da5b31819e,YOUTUBE_AUDIO_LIBRARY_ATTRIBUTION,PROTECTED,True,True,True,True,False,GLOBAL,YOUTUBE,2015-01-01,2099-12-31,YouTube Audio Library,https://www.youtube.com/audiolibrary,2026-08-24T12:56:42.278536
cdcdc4a5-d3ea-4e92-941a-78833f80da7e,920ccdbe-7c11-4e4e-b969-d2c2f7b7cec2,b8699ba8-b287-44f6-a548-3d106fb85a7f,YOUTUBE_AUDIO_LIBRARY_ATTRIBUTION,PROTECTED,True,True,True,True,False,GLOBAL,YOUTUBE,2015-01-01,2099-12-31,YouTube Audio Library,https://www.youtube.com/audiolibrary,2026-08-24T12:56:42.278536
92549d31-56c5-4bbf-98f1-832245ef8d81,b08e4e52-69d9-493a-904d-64c0078a7027,aa9d880c-5c8a-45fa-9217-b146d9b8286f,YOUTUBE_AUDIO_LIBRARY_ATTRIBUTION,PROTECTED,True,True,True,True,False,GLOBAL,YOUTUBE,2015-01-01,2099-12-31,YouTube Audio Library,https://www.youtube.com/audiolibrary,2026-08-24T12:56:42.278536
258a0744-6fd6-478c-9185-bed42c4ef397,b3479db5-1599-49d2-82b5-84e6f5ba7d20,b4eb5216-3c11-4baf-b9e3-41ff880a55bc,YOUTUBE_AUDIO_LIBRARY_ATTRIBUTION,PROTECTED,True,True,True,True,False,GLOBAL,YOUTUBE,2015-01-01,2099-12-31,YouTube Audio Library,https://www.youtube.com/audiolibrary,2026-08-24T12:56:42.278536
2fc00a69-c01f-4c4c-b4f6-1c43cf53dc7b,707b1f40-544b-4471-adb2-4bfd0a7e31ed,68e47e1e-8f7c-48e0-bc0b-621b7a7de7b5,YOUTUBE_AUDIO_LIBRARY_ATTRIBUTION,PROTECTED,True,True,True,True,False,GLOBAL,YOUTUBE,2015-01-01,2099-12-31,YouTube Audio Library,https://www.youtube.com/audiolibrary,2026-08-24T12:56:42.278536
0a579541-d54c-467c-a500-b0783a54269b,22f08291-1b9e-46b8-95ee-975afe5493a3,81776e99-5378-4238-9de4-69a9f4473173,YOUTUBE_AUDIO_LIBRARY_ATTRIBUTION,PROTECTED,True,True,True,True,False,GLOBAL,YOUTUBE,2015-01-01,2099-12-31,YouTube Audio Library,https://www.youtube.com/audiolibrary,2026-08-24T12:56:42.278536
58367272-0e4a-4c56-9f7b-4a583225feca,76f57068-1ef4-46d1-9405-02464d75f93a,8729e12a-3d50-4874-92c2-b2471cc5326c,YOUTUBE_AUDIO_LIBRARY_ATTRIBUTION,PROTECTED,True,True,True,True,False,GLOBAL,YOUTUBE,2015-01-01,2099-12-31,YouTube Audio Library,https://www.youtube.com/audiolibrary,2026-08-24T12:56:42.278536
e06218c4-3146-4572-85d3-dec8a3d973c4,0631607b-62e5-476f-8928-324dc06391b1,c13cf290-b7a1-447f-bdf6-806b6d467cfb,YOUTUBE_AUDIO_LIBRARY_ATTRIBUTION,PROTECTED,True,True,True,True,False,GLOBAL,YOUTUBE,2015-01-01,2099-12-31,YouTube Audio Library,https://www.youtube.com/audiolibrary,2026-08-24T12:56:42.278536
f23103cf-89d8-424a-a50d-f97a2b1c696c,8bd3c3f1-f7f4-4224-be9f-c1f4a336951b,f591ba12-147c-42c3-bf42-59350dfae646,YOUTUBE_AUDIO_LIBRARY_ATTRIBUTION,PROTECTED,True,True,True,True,False,GLOBAL,YOUTUBE,2015-01-01,2099-12-31,YouTube Audio Library,https://www.youtube.com/audiolibrary,2026-08-24T12:56:42.278536
e69f50b7-d3a3-45ae-b0a1-7c2bdd732f45,9d452dd9-da49-4866-9c1b-b590bd200efb,8c2aec54-1cf9-4c0f-8872-f71e8fe98800,YOUTUBE_AUDIO_LIBRARY_ATTRIBUTION,PROTECTED,True,True,True,True,False,GLOBAL,YOUTUBE,2015-01-01,2099-12-31,YouTube Audio Library,https://www.youtube.com/audiolibrary,2026-08-24T12:56:42.278536
8325706e-29de-4067-ac13-aa92703b4c86,c8f57363-86cc-4a4c-88af-435e85d81ba6,75965d86-754a-47bd-ae27-33f4073901cd,YOUTUBE_AUDIO_LIBRARY_ATTRIBUTION,PROTECTED,True,True,True,True,False,GLOBAL,YOUTUBE,2015-01-01,2099-12-31,YouTube Audio Library,https://www.youtube.com/audiolibrary,2026-08-24T12:56:42.278536
ef4e1eb8-17c2-49d9-9fa4-28fee44f9417,fe8c3abc-aed9-407f-a1b9-64c786b3adb5,349aee5f-5bcd-4a12-a866-7a9b34c03783,COVER_MECHANICAL_LICENSE,PROTECTED,True,False,True,False,True,GLOBAL,ALL,2020-01-01,2099-12-31,SecondHandSongs Index,https://secondhandsongs.com,2026-08-26T12:18:53.319798
09d68f61-75c3-46fc-a1ab-e85f421fc2af,ab757336-bc61-464e-a7de-266029e078ec,18799e56-040c-47a1-a1e0-c7a98ba8b9fc,COVER_MECHANICAL_LICENSE,PROTECTED,True,False,True,False,True,GLOBAL,ALL,2020-01-01,2099-12-31,SecondHandSongs Index,https://secondhandsongs.com,2026-08-26T12:18:53.319798
5e750c19-41dd-4002-a2b9-f34665f6f0af,bf046a03-838b-498c-9a57-4bb2fe62443a,83a2b8ce-a024-4aee-8ca8-217356b20705,COVER_MECHANICAL_LICENSE,PROTECTED,True,False,True,False,True,GLOBAL,ALL,2020-01-01,2099-12-31,SecondHandSongs Index,https://secondhandsongs.com,2026-08-26T12:18:53.319798
ea64b772-923b-4df5-9cc1-2e1dd12ceaf6,49c6213a-2c3b-4d5b-9771-efc6036f0065,6bd9db3e-f31d-43b0-92db-c40062ed90de,COVER_MECHANICAL_LICENSE,PROTECTED,True,False,True,False,True,GLOBAL,ALL,2020-01-01,2099-12-31,SecondHandSongs Index,https://secondhandsongs.com,2026-08-26T12:18:53.319798
113b2223-0090-4118-9fa7-3af3cd0a8aa7,13cf82fc-af0d-48d8-b2b6-1a2e1c88e076,43175590-78db-4a47-bed5-e70473c56498,COVER_MECHANICAL_LICENSE,PROTECTED,True,False,True,False,True,GLOBAL,ALL,2020-01-01,2099-12-31,SecondHandSongs Index,https://secondhandsongs.com,2026-08-26T12:18:53.319798
cabb6b44-799f-4769-a650-c255b6668235,48b6e504-0ace-4058-98f0-6ee52146ae8f,04a91113-f85b-4f33-bbbd-4ab708e162da,COVER_MECHANICAL_LICENSE,PROTECTED,True,False,True,False,True,GLOBAL,ALL,2020-01-01,2099-12-31,SecondHandSongs Index,https://secondhandsongs.com,2026-08-26T12:18:53.319798
bf0a1fde-664f-4f6d-8fb1-07c84712d8f5,14a8f4be-915d-45e8-be58-8902b912e0c8,93bef2a7-c349-43dc-b124-9106478f9e22,COVER_MECHANICAL_LICENSE,PROTECTED,True,False,True,False,True,GLOBAL,ALL,2020-01-01,2099-12-31,SecondHandSongs Index,https://secondhandsongs.com,2026-08-26T12:18:53.319798
6c55342d-ff25-4bd7-b544-bfe193f22a6a,f6c3cfec-9897-483d-a469-57a1b78240a4,ea01f01c-aae6-4476-a80d-99d9eede1c25,COVER_MECHANICAL_LICENSE,PROTECTED,True,False,True,False,True,GLOBAL,ALL,2020-01-01,2099-12-31,SecondHandSongs Index,https://secondhandsongs.com,2026-08-26T12:18:53.319798
1c305cc3-2e26-41cf-a845-36611a423f99,cdfd314e-0b10-4927-bf27-2249f973926a,a0d35af3-6ab0-4c08-a027-15db64ff4183,COVER_MECHANICAL_LICENSE,PROTECTED,True,False,True,False,True,GLOBAL,ALL,2020-01-01,2099-12-31,SecondHandSongs Index,https://secondhandsongs.com,2026-08-26T12:18:53.319798
d4f52316-febd-45e4-9594-d99b9451586d,45fb843b-9af0-4f3a-9667-c327850d21a0,4ee973a7-0885-4baa-9fb2-e0173e5d6214,COVER_MECHANICAL_LICENSE,PROTECTED,True,False,True,False,True,GLOBAL,ALL,2020-01-01,2099-12-31,SecondHandSongs Index,https://secondhandsongs.com,2026-08-26T12:18:53.319798
aa719855-7f64-40db-b83b-ade875e9d2ed,c8f3c613-a770-4a12-b655-8d88fe95e90c,52fe5a08-1f40-4bcc-8e94-c1b25d35a02a,COVER_MECHANICAL_LICENSE,PROTECTED,True,False,True,False,True,GLOBAL,ALL,2020-01-01,2099-12-31,SecondHandSongs Index,https://secondhandsongs.com,2026-08-26T12:18:53.319798
4fc2a195-00a0-4121-a51a-71068e19f82d,750592f6-fff9-4a64-9747-d94c0b02eb1e,81bc142a-d40f-4d95-a37a-dd55e817f0b8,COVER_MECHANICAL_LICENSE,PROTECTED,True,False,True,False,True,GLOBAL,ALL,2020-01-01,2099-12-31,SecondHandSongs Index,https://secondhandsongs.com,2026-08-26T12:18:53.319798
83b9067f-784a-4552-a8b2-a7085d94615d,2ad1110e-916e-44b6-870a-1ca43262ed4e,7c0e5ecf-2258-47f9-be9d-a21538ceb7c2,COVER_MECHANICAL_LICENSE,PROTECTED,True,False,True,False,True,GLOBAL,ALL,2020-01-01,2099-12-31,SecondHandSongs Index,https://secondhandsongs.com,2026-08-26T12:18:53.319798
eabd83bb-ca33-4fcd-bc39-310302c55d09,a9f4750a-ac04-421a-924c-bb5f3b120c1b,2d03b3f1-9bda-43a4-9d54-e427e2a7a3a2,COVER_MECHANICAL_LICENSE,PROTECTED,True,False,True,False,True,GLOBAL,ALL,2020-01-01,2099-12-31,SecondHandSongs Index,https://secondhandsongs.com,2026-08-26T12:18:53.319798
1e8fbf5d-ecb3-4426-91b7-4f61b0559a63,1ea0fb5e-681d-418c-b264-00ba58114d06,6598f2b6-6888-46ef-b24d-8b451194aa08,COVER_MECHANICAL_LICENSE,PROTECTED,True,False,True,False,True,GLOBAL,ALL,2020-01-01,2099-12-31,SecondHandSongs Index,https://secondhandsongs.com,2026-08-26T12:18:53.319798
e62e3cb5-8579-4312-8b1c-bb55fa9c0be7,05a903f5-ffce-489a-972b-0d5c6ffca3bd,d6876c36-15ba-4a47-a39d-9fc205ea0271,COVER_MECHANICAL_LICENSE,PROTECTED,True,False,True,False,True,GLOBAL,ALL,2020-01-01,2099-12-31,SecondHandSongs Index,https://secondhandsongs.com,2026-08-26T12:18:53.319798
c75758ff-57e1-4761-b30b-3ba778de1be9,b62e5940-053d-4d39-9f70-84aa9bd17645,3642c27f-2c40-459b-80ad-8fd97b3366a9,COVER_MECHANICAL_LICENSE,PROTECTED,True,False,True,False,True,GLOBAL,ALL,2020-01-01,2099-12-31,SecondHandSongs Index,https://secondhandsongs.com,2026-08-26T12:18:53.319798
65e22323-dd7a-43e9-b728-5bd00cc33810,79419ab6-a137-41b8-90d8-cd7578858d55,bee82b91-2b68-4bc8-9cd9-f2def575baa0,COVER_MECHANICAL_LICENSE,PROTECTED,True,False,True,False,True,GLOBAL,ALL,2020-01-01,2099-12-31,SecondHandSongs Index,https://secondhandsongs.com,2026-08-26T12:18:53.319798
974ee407-dc8c-41ed-a888-a03f1443ee4d,bb8c17d9-9c2d-4f3f-94e1-5c26c54e62a9,5e28dca3-8a1b-4e8d-93fe-103d682b0f45,COVER_MECHANICAL_LICENSE,PROTECTED,True,False,True,False,True,GLOBAL,ALL,2020-01-01,2099-12-31,SecondHandSongs Index,https://secondhandsongs.com,2026-08-26T12:18:53.319798
8dabbd33-d8ea-4520-b1d7-20e82ab31af3,af51ea8b-4a5d-417a-8f3b-1724e51ba008,77db0046-3c72-4937-84ca-6e7363db6bad,COVER_MECHANICAL_LICENSE,PROTECTED,True,False,True,False,True,GLOBAL,ALL,2020-01-01,2099-12-31,SecondHandSongs Index,https://secondhandsongs.com,2026-08-26T12:18:53.319798
4bba7655-8e1d-4ab3-9a98-252f730ced6d,e16124d0-5aa8-4c42-b594-02c51a5b089f,67f3703d-f6b9-4a7c-84cc-7091e5771125,COVER_MECHANICAL_LICENSE,PROTECTED,True,False,True,False,True,GLOBAL,ALL,2020-01-01,2099-12-31,SecondHandSongs Index,https://secondhandsongs.com,2026-08-26T12:18:53.319798
4e50ebca-97ae-41ea-8b4b-e3d9842f48dc,fcf5b4f0-63c8-452b-b9ff-2015cbe8fbf6,4fb2f7b2-3dba-4991-a807-2c7060935275,COVER_MECHANICAL_LICENSE,PROTECTED,True,False,True,False,True,GLOBAL,ALL,2020-01-01,2099-12-31,SecondHandSongs Index,https://secondhandsongs.com,2026-08-26T12:18:53.319798
2d11ef6b-2e7a-47b0-b274-7be1f0f98dab,c4babb6d-b13d-45b1-a4c0-745a9b2fa4e7,c63513f8-e0bd-41ea-9c8e-9e93df2ed2ad,COVER_MECHANICAL_LICENSE,PROTECTED,True,False,True,False,True,GLOBAL,ALL,2020-01-01,2099-12-31,SecondHandSongs Index,https://secondhandsongs.com,2026-08-26T12:18:53.319798
9cea1c9a-03d8-4184-820b-e86448463fb1,2c9b1fab-6471-4873-9915-13fd5fe7da2d,d082d6fd-5c8f-41c2-adc9-605ff3cf5aa5,COVER_MECHANICAL_LICENSE,PROTECTED,True,False,True,False,True,GLOBAL,ALL,2020-01-01,2099-12-31,SecondHandSongs Index,https://secondhandsongs.com,2026-08-26T12:18:53.319798
11909ca0-fd09-4eae-9e33-0001c7c7d83a,9129e0dc-b21a-4932-ac38-c2e1991228c3,ad24ffa2-6215-4eea-9451-de941744b3e5,COVER_MECHANICAL_LICENSE,PROTECTED,True,False,True,False,True,GLOBAL,ALL,2020-01-01,2099-12-31,SecondHandSongs Index,https://secondhandsongs.com,2026-08-26T12:18:53.319798
811963c5-add1-4e42-ab43-6d4ce5242bc1,3e3e0804-661b-45be-a16b-759de4003c51,510b1a09-437a-40b3-89c8-96c372be7a9a,COVER_MECHANICAL_LICENSE,PROTECTED,True,False,True,False,True,GLOBAL,ALL,2020-01-01,2099-12-31,SecondHandSongs Index,https://secondhandsongs.com,2026-08-26T12:18:53.319798
083194d5-0126-4029-b496-2618be6186c2,79020cf5-f418-4509-b4d5-10467ff1d3d3,d18e9dc6-32af-47cf-9905-231c7c5eaad2,COVER_MECHANICAL_LICENSE,PROTECTED,True,False,True,False,True,GLOBAL,ALL,2020-01-01,2099-12-31,SecondHandSongs Index,https://secondhandsongs.com,2026-08-26T12:18:53.319798
5b068296-b107-4dff-a86b-5185b8b909e9,ad79e8e0-2d54-4c34-ab96-bc256d4fdbc8,897c2c55-595b-4ffc-8991-af1a29956fab,COVER_MECHANICAL_LICENSE,PROTECTED,True,False,True,False,True,GLOBAL,ALL,2020-01-01,2099-12-31,SecondHandSongs Index,https://secondhandsongs.com,2026-08-26T12:18:53.319798
b63f7741-3140-475c-b08b-df7b26788a06,708b80e9-d9d7-4a96-b2c7-656346667613,36810018-526f-4f03-b6f9-e23aef8ec54d,COVER_MECHANICAL_LICENSE,PROTECTED,True,False,True,False,True,GLOBAL,ALL,2020-01-01,2099-12-31,SecondHandSongs Index,https://secondhandsongs.com,2026-08-26T12:18:53.319798
8f490c42-21a9-4030-9fde-c699cb33b657,04ac4682-92bf-40ad-a0dc-ecf6b45a6925,e3eac4b5-1542-414b-a248-ebc3f5e4e8b7,COVER_MECHANICAL_LICENSE,PROTECTED,True,False,True,False,True,GLOBAL,ALL,2020-01-01,2099-12-31,SecondHandSongs Index,https://secondhandsongs.com,2026-08-26T12:18:53.319798
d5522f40-96b9-4453-a998-0aa4feec981a,09be3210-71aa-4641-b252-a98982b620c8,cc895da4-9c0a-440c-a2d9-d6de4701ab61,COVER_MECHANICAL_LICENSE,PROTECTED,True,False,True,False,True,GLOBAL,ALL,2020-01-01,2099-12-31,SecondHandSongs Index,https://secondhandsongs.com,2026-08-26T12:18:53.319798
952eceb1-9570-4a83-ad3c-edae824967dd,738087d8-e7ca-48a2-bec1-1f93df0c7262,74d82227-8811-428c-9f2c-874ce2fc6cfc,COVER_MECHANICAL_LICENSE,PROTECTED,True,False,True,False,True,GLOBAL,ALL,2020-01-01,2099-12-31,SecondHandSongs Index,https://secondhandsongs.com,2026-08-26T12:18:53.319798
ce59cddd-d200-4752-b975-63eace650d25,177217ff-df47-4a29-b85f-f11293cdc5b9,eb80e1da-9c68-447f-8a99-8ce34acc0399,COVER_MECHANICAL_LICENSE,PROTECTED,True,False,True,False,True,GLOBAL,ALL,2020-01-01,2099-12-31,SecondHandSongs Index,https://secondhandsongs.com,2026-08-26T12:18:53.319798
7c46d30c-246f-45af-9399-e10fbb96762a,a73711c3-3519-40e0-9672-68cb8fcbc674,bde9bd38-257b-489d-8743-63b1cbf9b627,COVER_MECHANICAL_LICENSE,PROTECTED,True,False,True,False,True,GLOBAL,ALL,2020-01-01,2099-12-31,SecondHandSongs Index,https://secondhandsongs.com,2026-08-26T12:18:53.319798
731857e3-d2f7-4c44-adb3-d936618d26f0,5a629325-1eb8-4cd1-84b3-03287345729d,ef6ae1b2-d179-46bf-8a7b-3867c2b1de5d,COVER_MECHANICAL_LICENSE,PROTECTED,True,False,True,False,True,GLOBAL,ALL,2020-01-01,2099-12-31,SecondHandSongs Index,https://secondhandsongs.com,2026-08-26T12:18:53.319798
6ceb2b59-fdb7-4ada-8822-d64c0d0e963a,606a2bc2-eee6-43a9-879c-98e05dd55b41,57c5d706-42b6-4970-ad42-d0fbc684337c,COVER_MECHANICAL_LICENSE,PROTECTED,True,False,True,False,True,GLOBAL,ALL,2020-01-01,2099-12-31,SecondHandSongs Index,https://secondhandsongs.com,2026-08-26T12:18:53.319798
98447701-af41-4b9c-b625-9300cf1fe77e,7249930d-d0d4-48fb-91af-6a50ce40ea21,e57dc3ac-6edf-4850-9368-d6408061bda1,COVER_MECHANICAL_LICENSE,PROTECTED,True,False,True,False,True,GLOBAL,ALL,2020-01-01,2099-12-31,SecondHandSongs Index,https://secondhandsongs.com,2026-08-26T12:18:53.319798
cf5ce6a0-400e-48e4-aa82-05b03eba1a93,a921e3c3-1bf0-4f34-8536-f939a29b3719,dd476417-6bd2-41e1-a48c-fed264829e84,COVER_MECHANICAL_LICENSE,PROTECTED,True,False,True,False,True,GLOBAL,ALL,2020-01-01,2099-12-31,SecondHandSongs Index,https://secondhandsongs.com,2026-08-26T12:18:53.319798
c9d6cc9d-3d8a-4562-9861-b3263d374b9f,c89ab4df-0e49-4831-9c0a-65d9194a60ec,feb2735c-85e7-4360-a57c-d7a6cee1df1a,COVER_MECHANICAL_LICENSE,PROTECTED,True,False,True,False,True,GLOBAL,ALL,2020-01-01,2099-12-31,SecondHandSongs Index,https://secondhandsongs.com,2026-08-26T12:18:53.319798
d7b58a1b-5071-4b6a-82fa-241dc3418a7c,c591ee6e-dd55-443a-a721-eafdac7a26c4,a9929a2d-0e9a-4212-b1e7-6d30de7d7f0a,COVER_MECHANICAL_LICENSE,PROTECTED,True,False,True,False,True,GLOBAL,ALL,2020-01-01,2099-12-31,SecondHandSongs Index,https://secondhandsongs.com,2026-08-26T12:18:53.319798
18ac4a96-1ac9-4674-9e7a-66a4dd469ff4,2793c49c-9308-44bf-ba76-78d2b4adc50d,a2a91786-9411-466c-b194-98fc33ec8cc5,COVER_MECHANICAL_LICENSE,PROTECTED,True,False,True,False,True,GLOBAL,ALL,2020-01-01,2099-12-31,SecondHandSongs Index,https://secondhandsongs.com,2026-08-26T12:18:53.319798
111bcc76-df37-453e-bd72-bdb073329616,a86fe33f-47f2-49fb-9750-76aceecca3e5,06ec6e28-943f-4fb7-8996-71104eda5e88,COVER_MECHANICAL_LICENSE,PROTECTED,True,False,True,False,True,GLOBAL,ALL,2020-01-01,2099-12-31,SecondHandSongs Index,https://secondhandsongs.com,2026-08-26T12:18:53.319798
0ccfd588-743d-43b0-8999-e64b16e9280a,1df488ef-e132-4965-80f7-8a9036eaa9cf,1e3c4930-e0b3-4d8a-b218-12f2ee0f0987,COVER_MECHANICAL_LICENSE,PROTECTED,True,False,True,False,True,GLOBAL,ALL,2020-01-01,2099-12-31,SecondHandSongs Index,https://secondhandsongs.com,2026-08-26T12:18:53.319798
52613373-d343-4cae-8cb0-5d218cc854af,e98597bc-955a-4b59-9f35-7c13fe2b7b64,8022e2ca-50e4-42dc-b422-ae70537c85b6,COVER_MECHANICAL_LICENSE,PROTECTED,True,False,True,False,True,GLOBAL,ALL,2020-01-01,2099-12-31,SecondHandSongs Index,https://secondhandsongs.com,2026-08-26T12:18:53.319798
1288055b-4bd3-4ed3-8f44-eb841db0653b,9b910faa-283b-4d0a-b690-61133b4b72e8,bb1dabe0-de48-48ae-9cd7-5fa5d7d36e36,COVER_MECHANICAL_LICENSE,PROTECTED,True,False,True,False,True,GLOBAL,ALL,2020-01-01,2099-12-31,SecondHandSongs Index,https://secondhandsongs.com,2026-08-26T12:18:53.319798
096c88f9-38d7-48ae-b828-3bf740ad8a06,4e8239c4-04e9-4e2b-8e01-871669bf2f99,4ab30821-3e15-4420-a132-5ee9258327e7,COVER_MECHANICAL_LICENSE,PROTECTED,True,False,True,False,True,GLOBAL,ALL,2020-01-01,2099-12-31,SecondHandSongs Index,https://secondhandsongs.com,2026-08-26T12:18:53.319798
4ba758d3-dcc7-4a72-a80a-34da4af32fb9,53932ef1-8401-4bf4-a618-675db818b2f1,0fe8d0af-fab5-452e-9b37-3a4886d12452,COVER_MECHANICAL_LICENSE,PROTECTED,True,False,True,False,True,GLOBAL,ALL,2020-01-01,2099-12-31,SecondHandSongs Index,https://secondhandsongs.com,2026-08-26T12:18:53.319798
833123cc-e1a8-4c80-b8fa-cb03430bf70e,8480e75c-f57b-430c-8f09-e4b6aa376564,76897d8f-c0c2-48a7-a494-8dfd19e9d5ee,COVER_MECHANICAL_LICENSE,PROTECTED,True,False,True,False,True,GLOBAL,ALL,2020-01-01,2099-12-31,SecondHandSongs Index,https://secondhandsongs.com,2026-08-26T12:18:53.319798
ec8170e7-9ffe-421e-bb15-ff316e1d8367,a5b34f4c-5bf8-4eb1-84fe-11835d3b640e,658111c4-76a3-41b3-8368-daab3b83b5e5,COVER_MECHANICAL_LICENSE,PROTECTED,True,False,True,False,True,GLOBAL,ALL,2020-01-01,2099-12-31,SecondHandSongs Index,https://secondhandsongs.com,2026-08-26T12:18:53.319798
8163040e-8a27-4996-ac11-341ad4a2bc34,a07c380a-f4f0-4c7a-82c0-b22f7e1036cf,e666ccf0-d6aa-4467-bcae-91af60278ad5,COVER_MECHANICAL_LICENSE,PROTECTED,True,False,True,False,True,GLOBAL,ALL,2020-01-01,2099-12-31,SecondHandSongs Index,https://secondhandsongs.com,2026-08-26T12:18:53.319798
6283c957-28ff-4445-b982-00a3bcc005d3,1c33d4c6-ef85-4663-a48c-c13e3a2ab2f6,4f6f8168-76f7-4a19-a75e-1bcc546acdbd,COVER_MECHANICAL_LICENSE,PROTECTED,True,False,True,False,True,GLOBAL,ALL,2020-01-01,2099-12-31,SecondHandSongs Index,https://secondhandsongs.com,2026-08-26T12:18:53.319798
7848217c-ca03-4e40-b660-09433e74a84d,bba47887-4a4c-4298-9fee-f37e77bb7b1f,2688d310-97c2-42f4-be18-81d516961fff,COVER_MECHANICAL_LICENSE,PROTECTED,True,False,True,False,True,GLOBAL,ALL,2020-01-01,2099-12-31,SecondHandSongs Index,https://secondhandsongs.com,2026-08-26T12:18:53.319798
6282c506-0d6c-4748-9cec-8062d51056b0,182b559e-89d2-4f42-9bcc-6254f5a691e9,08584a58-415e-4645-8ad7-0e5fe293cfd8,COVER_MECHANICAL_LICENSE,PROTECTED,True,False,True,False,True,GLOBAL,ALL,2020-01-01,2099-12-31,SecondHandSongs Index,https://secondhandsongs.com,2026-08-26T12:18:53.319798
a529957e-d9b9-43c6-9218-b132d1f1d989,324b57af-450a-493a-b19c-da02a24615c9,b970e710-d3b4-4b1f-b57f-33d7f903f3aa,COVER_MECHANICAL_LICENSE,PROTECTED,True,False,True,False,True,GLOBAL,ALL,2020-01-01,2099-12-31,SecondHandSongs Index,https://secondhandsongs.com,2026-08-26T12:18:53.319798
8bd4f791-e44c-4568-9228-6c6d563f7a25,f8823f5b-ad98-4962-8da9-41dc1c65f18f,de76e3e0-6512-450e-afaf-44f4a21cef4d,COVER_MECHANICAL_LICENSE,PROTECTED,True,False,True,False,True,GLOBAL,ALL,2020-01-01,2099-12-31,SecondHandSongs Index,https://secondhandsongs.com,2026-08-26T12:18:53.319798
94104f81-ee0c-4f2c-847f-679f6de3bc26,7661e519-7d93-4417-8dd9-0f4198a42e36,d8c1cec5-2b67-49cb-8633-b8a732c37983,COVER_MECHANICAL_LICENSE,PROTECTED,True,False,True,False,True,GLOBAL,ALL,2020-01-01,2099-12-31,SecondHandSongs Index,https://secondhandsongs.com,2026-08-26T12:18:53.319798
9da969ea-e915-4dc7-b813-a41ecfb6701a,54d7395b-9485-4382-8d58-bb5d311b8e9d,417c16f7-2a14-482e-94ff-99fd9cadb8ed,COVER_MECHANICAL_LICENSE,PROTECTED,True,False,True,False,True,GLOBAL,ALL,2020-01-01,2099-12-31,SecondHandSongs Index,https://secondhandsongs.com,2026-08-26T12:18:53.319798
5b5e99b8-9195-44d6-97d5-a16348b4cbe3,c4ba2dcd-0f28-48d7-8879-acd4ea1a6b71,455b657e-fd97-4ed8-bc41-22a17a4a4bc0,COVER_MECHANICAL_LICENSE,PROTECTED,True,False,True,False,True,GLOBAL,ALL,2020-01-01,2099-12-31,SecondHandSongs Index,https://secondhandsongs.com,2026-08-26T12:18:53.319798
fb55db94-5ad9-44b3-9112-45d561980099,51873699-db61-44d1-9614-fe70dda77e2b,59cc63f7-b96b-4f02-aa0c-ce2d880f59ac,COVER_MECHANICAL_LICENSE,PROTECTED,True,False,True,False,True,GLOBAL,ALL,2020-01-01,2099-12-31,SecondHandSongs Index,https://secondhandsongs.com,2026-08-26T12:18:53.319798
f7850470-94e1-48ee-a3d2-aa9842fdf590,1a8a3749-d943-4f38-899b-aaba64d96e93,977bf1a4-d870-4c81-957b-d7db9182b908,COVER_MECHANICAL_LICENSE,PROTECTED,True,False,True,False,True,GLOBAL,ALL,2020-01-01,2099-12-31,SecondHandSongs Index,https://secondhandsongs.com,2026-08-26T12:18:53.319798
89bb99e3-6d8d-42a7-bfab-aa7d836fba9b,98eb5fe6-f9c7-491b-a512-755af681c1ae,92a1f787-cd6a-4743-ad41-67c1aad97412,COVER_MECHANICAL_LICENSE,PROTECTED,True,False,True,False,True,GLOBAL,ALL,2020-01-01,2099-12-31,SecondHandSongs Index,https://secondhandsongs.com,2026-08-26T12:18:53.319798
89b62fe1-881d-456d-87ca-fbb172bac5c1,53540e8c-9402-44f6-92b0-a655fbb42e62,4c8da8ba-f701-42cf-899e-ba54621b5f21,COVER_MECHANICAL_LICENSE,PROTECTED,True,False,True,False,True,GLOBAL,ALL,2020-01-01,2099-12-31,SecondHandSongs Index,https://secondhandsongs.com,2026-08-26T12:18:53.319798
19a92139-f739-4f2f-aaca-127fc5214c0b,18fb6fbc-86cc-47cf-9850-e9b90a2960bf,84ae7b58-b61e-4bd3-a028-a897bdbc89fe,COVER_MECHANICAL_LICENSE,PROTECTED,True,False,True,False,True,GLOBAL,ALL,2020-01-01,2099-12-31,SecondHandSongs Index,https://secondhandsongs.com,2026-08-26T12:18:53.319798
eedcb135-dc27-4d3f-8e2e-49ecde6401be,a37bd8e7-4e7e-4d3f-b122-ec41c9d6927a,fe42a68d-1a93-47f1-8f2b-6ec3f0d96ec4,COVER_MECHANICAL_LICENSE,PROTECTED,True,False,True,False,True,GLOBAL,ALL,2020-01-01,2099-12-31,SecondHandSongs Index,https://secondhandsongs.com,2026-08-26T12:18:53.319798
3c35fd28-61fe-464d-b576-8e91aa2c9011,b72f34e4-2107-4d49-a57e-af021d8d7fdf,331d9cec-8e17-47dd-9ba5-bd11c004c64e,COVER_MECHANICAL_LICENSE,PROTECTED,True,False,True,False,True,GLOBAL,ALL,2020-01-01,2099-12-31,SecondHandSongs Index,https://secondhandsongs.com,2026-08-26T12:18:53.319798
c3b327b2-89a5-4d4c-969d-e2f2d39fe9b8,62405194-4de3-4374-83db-a19dfe3c9fe5,456955aa-12d7-4150-a761-705b692c5d18,COVER_MECHANICAL_LICENSE,PROTECTED,True,False,True,False,True,GLOBAL,ALL,2020-01-01,2099-12-31,SecondHandSongs Index,https://secondhandsongs.com,2026-08-26T12:18:53.319798
8d2259cd-661f-413f-9dae-1342479ff868,63dcb5ac-ea32-4838-8998-2a98abb7be3c,d15e1550-ebf1-4274-9810-0940e14ce794,COVER_MECHANICAL_LICENSE,PROTECTED,True,False,True,False,True,GLOBAL,ALL,2020-01-01,2099-12-31,SecondHandSongs Index,https://secondhandsongs.com,2026-08-26T12:18:53.319798
14bc5535-e2a2-4004-8da0-60b5beee2e27,e3ccc206-a975-4423-9dd1-651c1b55684e,eb0c4b33-b4ca-441f-b296-45ef88dcc50b,COVER_MECHANICAL_LICENSE,PROTECTED,True,False,True,False,True,GLOBAL,ALL,2020-01-01,2099-12-31,SecondHandSongs Index,https://secondhandsongs.com,2026-08-26T12:18:53.319798
134922cb-6b5e-4fea-9fd7-e033ec252cc6,0bb0d6d8-9986-43cf-9785-3d3156555319,685d9ebb-a7e6-465e-a58b-1f834001cf55,COVER_MECHANICAL_LICENSE,PROTECTED,True,False,True,False,True,GLOBAL,ALL,2020-01-01,2099-12-31,SecondHandSongs Index,https://secondhandsongs.com,2026-08-26T12:18:53.319798
4ab21b20-2c58-4a7d-9d18-d15fba58a86c,8614ca67-7980-4b2b-aee7-ff4cb7faca6f,2b8019c6-b492-4d36-8c69-fd109d77a7dd,COVER_MECHANICAL_LICENSE,PROTECTED,True,False,True,False,True,GLOBAL,ALL,2020-01-01,2099-12-31,SecondHandSongs Index,https://secondhandsongs.com,2026-08-26T12:18:53.319798
270dba8e-72f0-4da2-ac87-753352e97315,9f4a1bfd-ad9c-4696-817b-84f5bb4b26e9,2cdf9844-16af-4548-be0f-8d952dfc51ff,COVER_MECHANICAL_LICENSE,PROTECTED,True,False,True,False,True,GLOBAL,ALL,2020-01-01,2099-12-31,SecondHandSongs Index,https://secondhandsongs.com,2026-08-26T12:18:53.319798
3ba0a845-e60c-4d82-a6b6-6673008d3e02,9e246a65-43d8-4adc-9ef2-d167077f272f,f299e569-c086-4816-aa44-c59532f7bba0,COVER_MECHANICAL_LICENSE,PROTECTED,True,False,True,False,True,GLOBAL,ALL,2020-01-01,2099-12-31,SecondHandSongs Index,https://secondhandsongs.com,2026-08-26T12:18:53.319798
a85fcf82-36a2-47ff-b14e-83756cb2b685,61a24b38-8a17-4938-9996-41279cdc8586,0a4d11aa-8940-493f-9349-d8d755c250ff,COVER_MECHANICAL_LICENSE,PROTECTED,True,False,True,False,True,GLOBAL,ALL,2020-01-01,2099-12-31,SecondHandSongs Index,https://secondhandsongs.com,2026-08-26T12:18:53.319798
3c3520ab-2a4a-4c10-9a1c-09be6717ece3,9d2d50c2-a55c-43e1-8cf8-0e1fb3752680,65d55d3d-d993-4943-91f1-e611072e4f7e,COVER_MECHANICAL_LICENSE,PROTECTED,True,False,True,False,True,GLOBAL,ALL,2020-01-01,2099-12-31,SecondHandSongs Index,https://secondhandsongs.com,2026-08-26T12:18:53.319798
3a9b21d8-9f81-4e16-874d-cbf4763426b4,bdf9adbf-bcdd-4d53-91ba-5fb09bd1e3bd,dcaad3d1-3daa-46eb-93e0-7bbe94710287,COVER_MECHANICAL_LICENSE,PROTECTED,True,False,True,False,True,GLOBAL,ALL,2020-01-01,2099-12-31,SecondHandSongs Index,https://secondhandsongs.com,2026-08-26T12:18:53.319798
41230581-8459-4f3b-a6ba-5045afd7ec87,2103f934-e50b-453f-8d75-0bfc560456ac,545216f9-b62c-42b2-81bd-ae96ec0a5473,COVER_MECHANICAL_LICENSE,PROTECTED,True,False,True,False,True,GLOBAL,ALL,2020-01-01,2099-12-31,SecondHandSongs Index,https://secondhandsongs.com,2026-08-26T12:18:53.319798
df88b5a8-610f-439f-b912-04e84ef1675c,5eee081a-9d66-4ea7-af4d-42094fad5ac5,556c251c-a428-41fa-bbb2-661f573786db,COVER_MECHANICAL_LICENSE,PROTECTED,True,False,True,False,True,GLOBAL,ALL,2020-01-01,2099-12-31,SecondHandSongs Index,https://secondhandsongs.com,2026-08-26T12:18:53.319798
9fa5baff-ca32-41bd-b2fa-e9ff9003c473,f89461fa-31b0-4603-94d4-930fdf0ed6cc,e2d41624-4d53-44e1-b84d-dc8859793590,COVER_MECHANICAL_LICENSE,PROTECTED,True,False,True,False,True,GLOBAL,ALL,2020-01-01,2099-12-31,SecondHandSongs Index,https://secondhandsongs.com,2026-08-26T12:18:53.319798
294537a5-4351-487a-a0b6-991de45f53d7,fa99eb6e-e46a-4f35-9235-e0efffc3b50c,e23b9c86-71a8-482b-a8ec-26280631aba9,COVER_MECHANICAL_LICENSE,PROTECTED,True,False,True,False,True,GLOBAL,ALL,2020-01-01,2099-12-31,SecondHandSongs Index,https://secondhandsongs.com,2026-08-26T12:18:53.319798
f73b2215-01d7-460c-a618-166f81190c32,b6e04b4b-1b88-4538-ba61-da1a0d13f486,63bb8fb1-4b00-4cfe-98f5-45066f057815,COVER_MECHANICAL_LICENSE,PROTECTED,True,False,True,False,True,GLOBAL,ALL,2020-01-01,2099-12-31,SecondHandSongs Index,https://secondhandsongs.com,2026-08-26T12:18:53.319798
5ca2d043-acc0-4513-9a30-94e9626ed3b7,826db136-2b04-47ea-b04a-b43bfcee1838,f759137a-c50c-4c44-98d0-e331dde2adb0,COVER_MECHANICAL_LICENSE,PROTECTED,True,False,True,False,True,GLOBAL,ALL,2020-01-01,2099-12-31,SecondHandSongs Index,https://secondhandsongs.com,2026-08-26T12:18:53.319798
03772ff0-7fab-4759-b11e-3897b9206e9c,7de2938f-a6d8-4b16-8703-054d8b65943d,a6f760fa-78d5-492e-ac4a-c0fb0c0243f2,COVER_MECHANICAL_LICENSE,PROTECTED,True,False,True,False,True,GLOBAL,ALL,2020-01-01,2099-12-31,SecondHandSongs Index,https://secondhandsongs.com,2026-08-26T12:18:53.319798
33a365dc-90d8-4e4b-b530-7846109debb8,f2075283-d217-46ea-b81c-b526c760717d,24f45c4d-c6ca-45d4-b78e-a01ec0ba7815,COVER_MECHANICAL_LICENSE,PROTECTED,True,False,True,False,True,GLOBAL,ALL,2020-01-01,2099-12-31,SecondHandSongs Index,https://secondhandsongs.com,2026-08-26T12:18:53.319798
da9aa1bf-87a1-4b44-b40d-6e8f476886ac,7cf556d4-b9c7-4650-be6b-64e4702b4944,338f4768-9c34-4620-9d7a-d77cb787cfaf,COVER_MECHANICAL_LICENSE,PROTECTED,True,False,True,False,True,GLOBAL,ALL,2020-01-01,2099-12-31,SecondHandSongs Index,https://secondhandsongs.com,2026-08-26T12:18:53.319798
83c2e8e8-1073-4e50-b387-af2ae04aae0b,8319b2db-838e-471a-95fa-807c5fbafd47,2d08a819-dabc-479d-b423-cfc9debebb32,COVER_MECHANICAL_LICENSE,PROTECTED,True,False,True,False,True,GLOBAL,ALL,2020-01-01,2099-12-31,SecondHandSongs Index,https://secondhandsongs.com,2026-08-26T12:18:53.319798
96dd5ee6-df46-44e2-991c-c1c5fc81fb03,72e392bd-6a77-42a9-b393-f0ff057627af,86004d5b-6360-403a-91ba-dce00b67f450,COVER_MECHANICAL_LICENSE,PROTECTED,True,False,True,False,True,GLOBAL,ALL,2020-01-01,2099-12-31,SecondHandSongs Index,https://secondhandsongs.com,2026-08-26T12:18:53.319798
03477c7e-565f-4374-8be9-9e8d010483b0,168016d3-7850-4925-8737-edf65c1cc958,63347d87-a16c-4f39-9d1c-e123e6f51306,COVER_MECHANICAL_LICENSE,PROTECTED,True,False,True,False,True,GLOBAL,ALL,2020-01-01,2099-12-31,SecondHandSongs Index,https://secondhandsongs.com,2026-08-26T12:18:53.319798
23689781-4586-42ff-ab5d-e91402a4a064,a0156ab0-ea17-4efb-9ffc-cfa275204f7b,03e3a58a-b942-49d5-8ed3-5a6c99a7ef53,COVER_MECHANICAL_LICENSE,PROTECTED,True,False,True,False,True,GLOBAL,ALL,2020-01-01,2099-12-31,SecondHandSongs Index,https://secondhandsongs.com,2026-08-26T12:18:53.319798
2272f7d8-3715-4df2-82d4-740920dceff7,d918c625-361e-4e27-94f1-140ce6a11912,be4431b8-d983-48c8-8d42-58c938c31016,COVER_MECHANICAL_LICENSE,PROTECTED,True,False,True,False,True,GLOBAL,ALL,2020-01-01,2099-12-31,SecondHandSongs Index,https://secondhandsongs.com,2026-08-26T12:18:53.319798
c783a32f-b57d-4f9b-aa99-69fa98ee48c4,41b2adc8-9c4c-4fc0-a50c-f72ab22b6e5b,0774adf3-cb2a-40bf-a12d-93fdb1afc81e,COVER_MECHANICAL_LICENSE,PROTECTED,True,False,True,False,True,GLOBAL,ALL,2020-01-01,2099-12-31,SecondHandSongs Index,https://secondhandsongs.com,2026-08-26T12:18:53.319798
01967824-5c77-4f66-9692-924426fb66d7,13d494ec-49f4-4a40-b7df-67ddca68feee,55971d58-26d3-413a-8729-48b58b1dc4c5,COVER_MECHANICAL_LICENSE,PROTECTED,True,False,True,False,True,GLOBAL,ALL,2020-01-01,2099-12-31,SecondHandSongs Index,https://secondhandsongs.com,2026-08-26T12:18:53.319798
5427d3f4-6ccd-4359-81f8-8e2bc7c663fd,ade4d5de-732b-4ee4-863d-393f8da11654,9523ee32-aef1-483d-acf1-b3b039c854fc,COVER_MECHANICAL_LICENSE,PROTECTED,True,False,True,False,True,GLOBAL,ALL,2020-01-01,2099-12-31,SecondHandSongs Index,https://secondhandsongs.com,2026-08-26T12:18:53.319798
f54356c5-7e54-4d56-8c3a-1ee3e82e080d,730c4634-26de-4bab-8205-f324de29ca89,d8e8e027-8bfa-4ba5-adc2-736f7c732006,COVER_MECHANICAL_LICENSE,PROTECTED,True,False,True,False,True,GLOBAL,ALL,2020-01-01,2099-12-31,SecondHandSongs Index,https://secondhandsongs.com,2026-08-26T12:18:53.319798
8c7b452e-7167-4127-907c-c6e15863cc15,54d8d742-18b5-4a30-95bb-41279637b7eb,e06d0873-c5f1-4099-950b-9c1c67797822,COVER_MECHANICAL_LICENSE,PROTECTED,True,False,True,False,True,GLOBAL,ALL,2020-01-01,2099-12-31,SecondHandSongs Index,https://secondhandsongs.com,2026-08-26T12:18:53.319798
43df544d-059a-44aa-84b9-62879f9eb1c6,01cf99b8-4ca4-4c53-b1c4-a7c84e374039,4be97897-0c05-4f8f-a4fa-62e97e6d0409,COVER_MECHANICAL_LICENSE,PROTECTED,True,False,True,False,True,GLOBAL,ALL,2020-01-01,2099-12-31,SecondHandSongs Index,https://secondhandsongs.com,2026-08-26T12:18:53.319798
79ad7135-58c4-4ef8-9734-fc1e83c19f65,91466dfb-d44d-48af-b23e-7c671e5cf3a0,557b83a3-15b2-4604-a47b-a7ad1cfbff38,COVER_MECHANICAL_LICENSE,PROTECTED,True,False,True,False,True,GLOBAL,ALL,2020-01-01,2099-12-31,SecondHandSongs Index,https://secondhandsongs.com,2026-08-26T12:18:53.319798
d7c32f91-2fa8-4bb9-83db-49e8e735bc3a,ad21bf8b-d68f-42ce-8618-5d9ed2019e38,f68416cc-96be-46a4-8639-9ab9f9ccea84,COVER_MECHANICAL_LICENSE,PROTECTED,True,False,True,False,True,GLOBAL,ALL,2020-01-01,2099-12-31,SecondHandSongs Index,https://secondhandsongs.com,2026-08-26T12:18:53.319798
8b11a2ba-5e16-41d7-b0fc-5e12a026cfe0,be48e0b5-e8ba-4c03-a65a-aece6fb88b04,df9c153a-e94f-440a-bc39-5ba243d13284,COVER_MECHANICAL_LICENSE,PROTECTED,True,False,True,False,True,GLOBAL,ALL,2020-01-01,2099-12-31,SecondHandSongs Index,https://secondhandsongs.com,2026-08-26T12:18:53.319798
005bde99-36eb-4dc9-8877-460777fde0e7,4ff6aa3c-f61b-4809-b77a-9729f06e39a3,691c2d55-3d94-434a-8719-4a0184e7c3d4,COVER_MECHANICAL_LICENSE,PROTECTED,True,False,True,False,True,GLOBAL,ALL,2020-01-01,2099-12-31,SecondHandSongs Index,https://secondhandsongs.com,2026-08-26T12:18:53.319798
101f3864-ed3f-4300-9f77-63950f6fed87,259d971a-ed02-4fc6-8433-15a555614981,0279d3f3-e2a9-4442-a7da-1ca9e7de0df8,COVER_MECHANICAL_LICENSE,PROTECTED,True,False,True,False,True,GLOBAL,ALL,2020-01-01,2099-12-31,SecondHandSongs Index,https://secondhandsongs.com,2026-08-26T12:18:53.319798
54586449-d559-46d8-a32c-f1b868147562,927b973c-b6ef-40e7-9770-ce36de1ab50d,21f54fd3-d78b-4392-9a76-b887b513c0f0,COVER_MECHANICAL_LICENSE,PROTECTED,True,False,True,False,True,GLOBAL,ALL,2020-01-01,2099-12-31,SecondHandSongs Index,https://secondhandsongs.com,2026-08-26T12:18:53.319798
33230a2d-d810-4b4b-ae0e-f8faef80afcf,ed4adcd3-8155-48a2-8258-310fb0238724,f168dde7-72d8-4f8d-9ef4-2eef4a3e5070,COVER_MECHANICAL_LICENSE,PROTECTED,True,False,True,False,True,GLOBAL,ALL,2020-01-01,2099-12-31,SecondHandSongs Index,https://secondhandsongs.com,2026-08-26T12:18:53.319798
9dc89888-f46f-4467-be09-b05183cfd89d,bc73f403-f13e-4b15-92a0-bdade438269b,0e26e955-7833-4891-b06f-3c1ba4f63ad0,COVER_MECHANICAL_LICENSE,PROTECTED,True,False,True,False,True,GLOBAL,ALL,2020-01-01,2099-12-31,SecondHandSongs Index,https://secondhandsongs.com,2026-08-26T12:18:53.319798
f2ff24f2-161e-4e39-80f8-365a345e4cfb,51c55eda-fac9-43bc-8e01-5f23484bd569,f9a78a8b-d534-4cbc-ab4a-35e518baf116,COVER_MECHANICAL_LICENSE,PROTECTED,True,False,True,False,True,GLOBAL,ALL,2020-01-01,2099-12-31,SecondHandSongs Index,https://secondhandsongs.com,2026-08-26T12:18:53.319798
4119701e-5cfe-4195-bdb8-c100543b4e53,141a0419-60ed-4071-ad41-73c85197ea83,c5b7ef90-6659-480b-bdfe-d7c0a76bc7e2,COVER_MECHANICAL_LICENSE,PROTECTED,True,False,True,False,True,GLOBAL,ALL,2020-01-01,2099-12-31,SecondHandSongs Index,https://secondhandsongs.com,2026-08-26T12:18:53.319798
6f1cc7a4-2a4f-491d-ad4e-0bc3e8a5a53d,2d738b91-3767-4da4-a52c-ddf137154b37,df1a2ebd-a252-4a85-8fec-7e812f2a87ab,COVER_MECHANICAL_LICENSE,PROTECTED,True,False,True,False,True,GLOBAL,ALL,2020-01-01,2099-12-31,SecondHandSongs Index,https://secondhandsongs.com,2026-08-26T12:18:53.319798
46aff527-1617-4cb0-bced-9895f682497e,0efb62f6-4509-4d5d-8407-e6ebdeef7ff1,175fc719-8d5f-463b-b56b-213b82e4cd9b,COVER_MECHANICAL_LICENSE,PROTECTED,True,False,True,False,True,GLOBAL,ALL,2020-01-01,2099-12-31,SecondHandSongs Index,https://secondhandsongs.com,2026-08-26T12:18:53.319798
cc82b71b-8477-4827-bb02-aed8a7c9fb31,19a6a5dd-bf7b-428a-a0af-1cce32cc9c30,5848b160-9781-4adf-ae3a-d220c8db5cb8,COVER_MECHANICAL_LICENSE,PROTECTED,True,False,True,False,True,GLOBAL,ALL,2020-01-01,2099-12-31,SecondHandSongs Index,https://secondhandsongs.com,2026-08-26T12:18:53.319798
6ea0b8be-3398-454c-93cc-ca8eef42a77a,a92d99c0-e61a-4fa0-95f7-e3bf6bba810b,b29a090f-f26a-4015-b8aa-9cd1483fa9ca,COVER_MECHANICAL_LICENSE,PROTECTED,True,False,True,False,True,GLOBAL,ALL,2020-01-01,2099-12-31,SecondHandSongs Index,https://secondhandsongs.com,2026-08-26T12:18:53.319798
e6286871-d771-41b7-af8d-f6a0ed34a7a3,c78bfbaf-674e-42b0-b5a7-9c2e3073a596,31c2feda-fb25-42aa-8087-63d673dde102,COVER_MECHANICAL_LICENSE,PROTECTED,True,False,True,False,True,GLOBAL,ALL,2020-01-01,2099-12-31,SecondHandSongs Index,https://secondhandsongs.com,2026-08-26T12:18:53.319798
40ab3cef-eae8-47ab-8cdf-3d6137fb4902,47d4ce2b-f8a6-455b-86ba-0ee01d6d04eb,b6b3443d-0698-4b2d-a0ca-c94093a5dd08,COVER_MECHANICAL_LICENSE,PROTECTED,True,False,True,False,True,GLOBAL,ALL,2020-01-01,2099-12-31,SecondHandSongs Index,https://secondhandsongs.com,2026-08-26T12:18:53.319798
fba46d3d-e4c4-4f8b-8f11-69a7dee763f6,2f21e38f-3260-4d8f-8706-112ad96137f4,c5eee40c-c715-43c8-94c7-b03702acaf3e,COVER_MECHANICAL_LICENSE,PROTECTED,True,False,True,False,True,GLOBAL,ALL,2020-01-01,2099-12-31,SecondHandSongs Index,https://secondhandsongs.com,2026-08-26T12:18:53.319798
3c98d92e-142e-4c7e-ae4e-0b42b3515ef7,b07f62aa-3811-4b5d-9c12-5722ba71ab55,af4f88cd-25ee-47e6-871c-b455b284adbc,COVER_MECHANICAL_LICENSE,PROTECTED,True,False,True,False,True,GLOBAL,ALL,2020-01-01,2099-12-31,SecondHandSongs Index,https://secondhandsongs.com,2026-08-26T12:18:53.319798
25904ee0-7d6f-4d10-945b-b54debaa2273,83c20146-925f-4e56-bdff-f615c46d1fe3,fe3a5fff-dc8f-44e8-94a3-c5f065655744,COVER_MECHANICAL_LICENSE,PROTECTED,True,False,True,False,True,GLOBAL,ALL,2020-01-01,2099-12-31,SecondHandSongs Index,https://secondhandsongs.com,2026-08-26T12:18:53.319798
fe9f06c4-6fa7-4a12-8b33-b8f8c804bf8c,f8d106be-368b-43a6-8ed6-f6eb49086b47,1c0534d2-e05e-41c0-83aa-cda65d1acb00,COVER_MECHANICAL_LICENSE,PROTECTED,True,False,True,False,True,GLOBAL,ALL,2020-01-01,2099-12-31,SecondHandSongs Index,https://secondhandsongs.com,2026-08-26T12:18:53.319798
3de4dc40-ad2c-47e6-a6e7-27cb44e6db2f,9f1fd9e8-a91b-4b4d-8c37-77640950751e,f70a3baf-81b0-46fb-b7f7-37eb556d2a04,COVER_MECHANICAL_LICENSE,PROTECTED,True,False,True,False,True,GLOBAL,ALL,2020-01-01,2099-12-31,SecondHandSongs Index,https://secondhandsongs.com,2026-08-26T12:18:53.319798
37cb3194-4b44-408d-941c-4c99b3574d18,2be8b87b-faa7-4118-8f0b-c4b31ef0cafc,a5fa8df0-61aa-41fd-bb0a-d96248b26c90,COVER_MECHANICAL_LICENSE,PROTECTED,True,False,True,False,True,GLOBAL,ALL,2020-01-01,2099-12-31,SecondHandSongs Index,https://secondhandsongs.com,2026-08-26T12:18:53.319798
dbd4e8b0-b6ab-4e38-8d04-ae3bf99eecd3,413c2f0d-cf90-41ff-ac8f-17b03676090c,a9fc2e6f-4069-4332-93c7-a4cfa1048fc5,COVER_MECHANICAL_LICENSE,PROTECTED,True,False,True,False,True,GLOBAL,ALL,2020-01-01,2099-12-31,SecondHandSongs Index,https://secondhandsongs.com,2026-08-26T12:18:53.319798
354df86b-6a58-4296-8644-6491588e6972,3b1f3ec4-503d-4516-99c4-7250019b663c,504c6a08-a828-4b2f-996f-6d9842bfaca8,COVER_MECHANICAL_LICENSE,PROTECTED,True,False,True,False,True,GLOBAL,ALL,2020-01-01,2099-12-31,SecondHandSongs Index,https://secondhandsongs.com,2026-08-26T12:18:53.319798
02faca80-8ca8-467f-aa15-132eec6504b7,e7672300-9372-4f26-af28-2e090651781b,c5772712-c3f9-45a4-8fa0-264049905918,COVER_MECHANICAL_LICENSE,PROTECTED,True,False,True,False,True,GLOBAL,ALL,2020-01-01,2099-12-31,SecondHandSongs Index,https://secondhandsongs.com,2026-08-26T12:18:53.319798
9b805d42-5f02-4831-809f-e5a34dec5b90,b02e1614-3965-49eb-a220-3a33d8190f84,85aa1328-3d19-4ae4-9c6a-315721077ad2,COVER_MECHANICAL_LICENSE,PROTECTED,True,False,True,False,True,GLOBAL,ALL,2020-01-01,2099-12-31,SecondHandSongs Index,https://secondhandsongs.com,2026-08-26T12:18:53.319798
36df2e12-9bd5-4510-9792-eb78ceaa1c5f,1e9b318f-62dc-4fe6-97c7-7e144d7cb81f,f990845c-a45c-44de-904b-80cea803d458,COVER_MECHANICAL_LICENSE,PROTECTED,True,False,True,False,True,GLOBAL,ALL,2020-01-01,2099-12-31,SecondHandSongs Index,https://secondhandsongs.com,2026-08-26T12:18:53.319798
eeb5ecd9-f8c0-4037-9c5c-224b465af57d,5f94ef90-3d7c-4284-b76a-b7a0aad19b88,d51bb58b-fedd-4e0c-a9e5-f805c93b39b0,COVER_MECHANICAL_LICENSE,PROTECTED,True,False,True,False,True,GLOBAL,ALL,2020-01-01,2099-12-31,SecondHandSongs Index,https://secondhandsongs.com,2026-08-26T12:18:53.319798
a1769fbd-3e81-4ce4-9059-fba78274c9f7,70a2c89e-c4b7-43a7-a5d2-f5b01ee7a7a5,d877643c-43d4-4313-a8d7-5728ab6493fb,COVER_MECHANICAL_LICENSE,PROTECTED,True,False,True,False,True,GLOBAL,ALL,2020-01-01,2099-12-31,SecondHandSongs Index,https://secondhandsongs.com,2026-08-26T12:18:53.319798
4c5880b8-515e-43a0-bd8b-53d5240c1ced,fe2f090a-17a1-4adf-9d03-b56aedd1b885,fea4013b-8c66-48ec-8fbe-c1c6c5d2afa9,COVER_MECHANICAL_LICENSE,PROTECTED,True,False,True,False,True,GLOBAL,ALL,2020-01-01,2099-12-31,SecondHandSongs Index,https://secondhandsongs.com,2026-08-26T12:18:53.319798
dec50776-fb4a-4cef-9f5e-e5acf785b7d9,152e8b06-40e2-4100-b555-f7f97a8edcb2,02ead42d-663d-4614-8cae-748afa84a3e3,COVER_MECHANICAL_LICENSE,PROTECTED,True,False,True,False,True,GLOBAL,ALL,2020-01-01,2099-12-31,SecondHandSongs Index,https://secondhandsongs.com,2026-08-26T12:18:53.319798
e1a8eb51-72da-4bf8-88f1-55a24d6f550b,e3fe5d66-0453-4d20-85aa-4b0d601ad8da,7aaf752e-6d8c-435d-92ad-81ff27b1a0de,COVER_MECHANICAL_LICENSE,PROTECTED,True,False,True,False,True,GLOBAL,ALL,2020-01-01,2099-12-31,SecondHandSongs Index,https://secondhandsongs.com,2026-08-26T12:18:53.319798
ac52ba64-b7ef-44a4-8be7-79a7aad9a20b,d80ea1aa-c223-4ec0-9351-e6935883bf13,4327edff-5c98-4689-848c-aa65fc26921d,COVER_MECHANICAL_LICENSE,PROTECTED,True,False,True,False,True,GLOBAL,ALL,2020-01-01,2099-12-31,SecondHandSongs Index,https://secondhandsongs.com,2026-08-26T12:18:53.319798
e81e0202-8016-4d30-b393-44a7cf1765e6,d2aae991-c458-4a9b-95e0-e107c00b9948,80983fd9-bcbb-43c8-80b7-9105a3cdf5a0,COVER_MECHANICAL_LICENSE,PROTECTED,True,False,True,False,True,GLOBAL,ALL,2020-01-01,2099-12-31,SecondHandSongs Index,https://secondhandsongs.com,2026-08-26T12:18:53.319798
ef5e3202-1ea3-43a6-b0ca-37936d7aa57b,59c87012-4262-4a5a-b11a-540839ecce04,e5f81c6a-2222-49e3-a253-08ba4b9fbd69,COVER_MECHANICAL_LICENSE,PROTECTED,True,False,True,False,True,GLOBAL,ALL,2020-01-01,2099-12-31,SecondHandSongs Index,https://secondhandsongs.com,2026-08-26T12:18:53.319798
ca460160-9aab-4bf2-acb4-c9b7e6e8c1ac,28b9ada1-971d-4e07-b332-70ab33365cc9,e3b14e97-f549-4472-8e50-dca4134a9df8,COVER_MECHANICAL_LICENSE,PROTECTED,True,False,True,False,True,GLOBAL,ALL,2020-01-01,2099-12-31,SecondHandSongs Index,https://secondhandsongs.com,2026-08-26T12:18:53.319798
1754e8da-f848-49b2-86b8-936ec28998df,6c88a679-e169-4ea8-9029-3368c012bf9d,91a36c65-77fc-405e-b015-cc6e84e2479e,COVER_MECHANICAL_LICENSE,PROTECTED,True,False,True,False,True,GLOBAL,ALL,2020-01-01,2099-12-31,SecondHandSongs Index,https://secondhandsongs.com,2026-08-26T12:18:53.319798
b905db0c-2cad-45bf-92f7-86a86476353e,a54bee1b-e60c-452f-abd1-d11fb53d0440,9b7376c5-02fa-4d11-97e0-522fefa1b0d9,COVER_MECHANICAL_LICENSE,PROTECTED,True,False,True,False,True,GLOBAL,ALL,2020-01-01,2099-12-31,SecondHandSongs Index,https://secondhandsongs.com,2026-08-26T12:18:53.319798
4d8beb9f-b70f-463b-bbd7-f7e327d94ddd,98bf6a3c-04c6-4349-b578-1916e018aeea,d05907c5-b664-4d1c-b225-8498573b60f2,COVER_MECHANICAL_LICENSE,PROTECTED,True,False,True,False,True,GLOBAL,ALL,2020-01-01,2099-12-31,SecondHandSongs Index,https://secondhandsongs.com,2026-08-26T12:18:53.319798
89e9b527-e936-416a-a10f-8c284e036d9d,e97ac69d-66a4-48c4-8799-18c6cd06d29f,f02d3305-d754-4cb5-9009-f96c41b743b0,COVER_MECHANICAL_LICENSE,PROTECTED,True,False,True,False,True,GLOBAL,ALL,2020-01-01,2099-12-31,SecondHandSongs Index,https://secondhandsongs.com,2026-08-26T12:18:53.319798
b209f3eb-4b99-4774-a1e0-b3b94080b40b,74988122-dddb-48c9-bb69-b3b753be2702,60293412-7481-4bdc-af42-d45b387ed918,COVER_MECHANICAL_LICENSE,PROTECTED,True,False,True,False,True,GLOBAL,ALL,2020-01-01,2099-12-31,SecondHandSongs Index,https://secondhandsongs.com,2026-08-26T12:18:53.319798
4f8c73c2-0d08-463b-9f81-b1a369d99d18,55c15545-cafc-4a37-95b0-ac9402800595,8bb7283d-f31f-44a5-b89d-3f8b52a72ba9,COVER_MECHANICAL_LICENSE,PROTECTED,True,False,True,False,True,GLOBAL,ALL,2020-01-01,2099-12-31,SecondHandSongs Index,https://secondhandsongs.com,2026-08-26T12:18:53.319798
b5534f29-7a8f-45fb-bd6c-df8461aba183,663efc9a-9e9a-456d-8199-99a8351ad7cd,8c236cd9-da2f-4db1-8bf6-20002fbae57e,COVER_MECHANICAL_LICENSE,PROTECTED,True,False,True,False,True,GLOBAL,ALL,2020-01-01,2099-12-31,SecondHandSongs Index,https://secondhandsongs.com,2026-08-26T12:18:53.319798
24e10fc8-d1fe-47c6-9208-dd67b6536662,f531148a-24c7-473b-b915-14f2f3c0b82a,76cc4c7d-b786-43c2-88bd-3a1c76916d0d,COVER_MECHANICAL_LICENSE,PROTECTED,True,False,True,False,True,GLOBAL,ALL,2020-01-01,2099-12-31,SecondHandSongs Index,https://secondhandsongs.com,2026-08-26T12:18:53.319798
e44dcd3e-a100-4f40-a22c-e9c3401c8ee0,f291d4a8-2b85-4cd4-a338-7d5896f825b3,a5dbcf07-877e-4d8a-b67b-e22c38f5aa74,COVER_MECHANICAL_LICENSE,PROTECTED,True,False,True,False,True,GLOBAL,ALL,2020-01-01,2099-12-31,SecondHandSongs Index,https://secondhandsongs.com,2026-08-26T12:18:53.319798
81642421-ba2b-44a0-a8d9-3e96d52cfbb4,ec22004f-4fd0-4068-b542-e5e7545743cf,ba962a77-f9c9-4014-8db1-66b763f4183f,COVER_MECHANICAL_LICENSE,PROTECTED,True,False,True,False,True,GLOBAL,ALL,2020-01-01,2099-12-31,SecondHandSongs Index,https://secondhandsongs.com,2026-08-26T12:18:53.319798
791f8d59-b8de-445c-96b6-3b445eead72b,16274847-6b9c-4815-9e0c-f415dc127dbb,5548c9e9-c0c3-4b65-a292-a92643d5e7ca,COVER_MECHANICAL_LICENSE,PROTECTED,True,False,True,False,True,GLOBAL,ALL,2020-01-01,2099-12-31,SecondHandSongs Index,https://secondhandsongs.com,2026-08-26T12:18:53.319798
d4fd8be2-6644-4e0d-b665-458b8f71827f,74c88114-dbf7-49f2-9f0c-d2f30df42b10,bb3903f0-ed12-48a7-9b19-25112cc8ba66,COVER_MECHANICAL_LICENSE,PROTECTED,True,False,True,False,True,GLOBAL,ALL,2020-01-01,2099-12-31,SecondHandSongs Index,https://secondhandsongs.com,2026-08-26T12:18:53.319798
bcf4bc7e-c08e-4dbe-b2ce-245fe26b1ea2,e8493f51-ee74-4d8a-80eb-18f661137126,cc28e23d-7a7a-484d-854b-25084658562d,COVER_MECHANICAL_LICENSE,PROTECTED,True,False,True,False,True,GLOBAL,ALL,2020-01-01,2099-12-31,SecondHandSongs Index,https://secondhandsongs.com,2026-08-26T12:18:53.319798
ee38b8d8-0b72-49d5-ba3a-dc478c89b54b,59c0d73d-de23-44ed-8337-a96f2c9234da,3009c816-0aa3-406d-8d71-bb58212b60f5,COVER_MECHANICAL_LICENSE,PROTECTED,True,False,True,False,True,GLOBAL,ALL,2020-01-01,2099-12-31,SecondHandSongs Index,https://secondhandsongs.com,2026-08-26T12:18:53.319798
e4f16c50-cd43-4978-8554-c4add27d17f5,25af924d-56fd-404b-84fe-99cfda3c2bc8,529337a9-6808-45d3-b2a3-b97ecb7a7cad,COVER_MECHANICAL_LICENSE,PROTECTED,True,False,True,False,True,GLOBAL,ALL,2020-01-01,2099-12-31,SecondHandSongs Index,https://secondhandsongs.com,2026-08-26T12:18:53.319798
caf00c3e-b786-4555-8045-d3b53a9bfedf,16fdaa68-7e69-4dcc-9ff2-a1f67d6cd2c4,89b36b18-3bc3-4525-98ae-e57c0e4714eb,COVER_MECHANICAL_LICENSE,PROTECTED,True,False,True,False,True,GLOBAL,ALL,2020-01-01,2099-12-31,SecondHandSongs Index,https://secondhandsongs.com,2026-08-26T12:18:53.319798
956b2f3b-88dc-493d-9063-f330c91aeb00,e0ca4e56-6d12-4ad8-8226-3e5225621750,d385e8a2-bcba-4189-8a74-419961fb99ed,COVER_MECHANICAL_LICENSE,PROTECTED,True,False,True,False,True,GLOBAL,ALL,2020-01-01,2099-12-31,SecondHandSongs Index,https://secondhandsongs.com,2026-08-26T12:18:53.319798
6ee9ee1d-4295-465c-9a4a-c2ce2bff07f0,4cbf0bc1-e61c-4633-acd3-54107cc2c8b7,fd80b969-250e-43cd-9f84-1967d979d1da,COVER_MECHANICAL_LICENSE,PROTECTED,True,False,True,False,True,GLOBAL,ALL,2020-01-01,2099-12-31,SecondHandSongs Index,https://secondhandsongs.com,2026-08-26T12:18:53.319798
c09f3498-90c5-4ff0-9c23-3a7cde3e0761,37a56462-7060-4be4-98e4-9c6284f600bc,9342911f-ae85-4e10-8375-785973e134ca,COVER_MECHANICAL_LICENSE,PROTECTED,True,False,True,False,True,GLOBAL,ALL,2020-01-01,2099-12-31,SecondHandSongs Index,https://secondhandsongs.com,2026-08-26T12:18:53.319798
408f13ed-9205-41db-abce-0177ca06c8ca,0a19ff12-2ae7-4133-84bb-9409b0200265,6a9e5e1c-b2c5-4c10-a29d-1cb79bf820bf,COVER_MECHANICAL_LICENSE,PROTECTED,True,False,True,False,True,GLOBAL,ALL,2020-01-01,2099-12-31,SecondHandSongs Index,https://secondhandsongs.com,2026-08-26T12:18:53.319798
e0abed3f-e4f9-43a6-b21e-4ce1053a85d7,9bfe1b84-d0b7-47d6-9589-642b6877e96b,8997c4e9-bc9e-4ffd-8bee-708e52d46482,COVER_MECHANICAL_LICENSE,PROTECTED,True,False,True,False,True,GLOBAL,ALL,2020-01-01,2099-12-31,SecondHandSongs Index,https://secondhandsongs.com,2026-08-26T12:18:53.319798
4e175d51-b709-4365-8f75-f5a5713ca52e,e494a65c-3e8f-4596-b2ed-95d4f92e6fd4,f8a155da-51ea-47b1-8e89-29a5d5ab8a04,COVER_MECHANICAL_LICENSE,PROTECTED,True,False,True,False,True,GLOBAL,ALL,2020-01-01,2099-12-31,SecondHandSongs Index,https://secondhandsongs.com,2026-08-26T12:18:53.319798
af317381-ff91-4547-ab45-1c4df3a33b31,3cb506bb-d9cf-4935-b77f-09bd39096de2,d8f95db6-8b33-42c1-bd28-3a76508ef136,COVER_MECHANICAL_LICENSE,PROTECTED,True,False,True,False,True,GLOBAL,ALL,2020-01-01,2099-12-31,SecondHandSongs Index,https://secondhandsongs.com,2026-08-26T12:18:53.319798
838221ec-6145-41d2-b3db-780b6109f272,5ea41073-4dbf-4b0a-895c-40d3011bda0c,56eaa946-c6cb-408e-be64-75fc2995442d,COVER_MECHANICAL_LICENSE,PROTECTED,True,False,True,False,True,GLOBAL,ALL,2020-01-01,2099-12-31,SecondHandSongs Index,https://secondhandsongs.com,2026-08-26T12:18:53.319798
440310c3-841d-4247-86a2-1e635f7572bb,c9ae5f68-9f08-4069-af10-7dc0e4fa7c95,77556ea7-73d4-4075-9392-a15620b491e3,COVER_MECHANICAL_LICENSE,PROTECTED,True,False,True,False,True,GLOBAL,ALL,2020-01-01,2099-12-31,SecondHandSongs Index,https://secondhandsongs.com,2026-08-26T12:18:53.319798
ff041036-f210-4aed-80d6-695d27d49712,917c2141-17ab-42b7-9f55-67ccfaf45a37,9225ed4e-d784-4f50-beed-e6083c29a455,COVER_MECHANICAL_LICENSE,PROTECTED,True,False,True,False,True,GLOBAL,ALL,2020-01-01,2099-12-31,SecondHandSongs Index,https://secondhandsongs.com,2026-08-26T12:18:53.319798
30dc4236-19b8-4b1a-b3ba-2010fd242205,5357d751-a02a-42a2-a6fd-bfe1d87a39df,29a23ff1-9ec2-4ace-9840-1a75afeefe10,COVER_MECHANICAL_LICENSE,PROTECTED,True,False,True,False,True,GLOBAL,ALL,2020-01-01,2099-12-31,SecondHandSongs Index,https://secondhandsongs.com,2026-08-26T12:18:53.319798
b05213ef-f016-49d4-8821-dfe28f811165,2f9b2145-acec-4472-9c28-164228627b42,c4889e41-8ea5-4477-85b9-a7bf3ff388cc,COVER_MECHANICAL_LICENSE,PROTECTED,True,False,True,False,True,GLOBAL,ALL,2020-01-01,2099-12-31,SecondHandSongs Index,https://secondhandsongs.com,2026-08-26T12:18:53.319798
c8c09e6a-4e00-47d3-833c-db393e436a34,91b63cfb-2cf6-4e45-a443-20d61b4f7d2a,b74a0259-855b-4205-b96d-65c5081504bc,COVER_MECHANICAL_LICENSE,PROTECTED,True,False,True,False,True,GLOBAL,ALL,2020-01-01,2099-12-31,SecondHandSongs Index,https://secondhandsongs.com,2026-08-26T12:18:53.319798
0194c070-ae36-40e9-a13d-3ba58bf53123,a6287fd3-6aea-42dd-a540-5c99f2731371,25858434-fda1-4012-b654-dcfbb4b601b0,COVER_MECHANICAL_LICENSE,PROTECTED,True,False,True,False,True,GLOBAL,ALL,2020-01-01,2099-12-31,SecondHandSongs Index,https://secondhandsongs.com,2026-08-26T12:18:53.319798
77e0e7fb-8d44-41cb-b3d0-be3e4f5284da,733aec80-9047-45d1-ba58-bf7ad6d7d563,f35db4b4-e543-431c-aa02-5efb441301c7,COVER_MECHANICAL_LICENSE,PROTECTED,True,False,True,False,True,GLOBAL,ALL,2020-01-01,2099-12-31,SecondHandSongs Index,https://secondhandsongs.com,2026-08-26T12:18:53.319798
844a9dec-0ad7-4cb5-8baa-a1acc0b35fe2,c4a30e30-eb7e-45ff-af54-9c5515c4b97f,2a63c575-a1ab-4a99-aae2-287778b8847d,COVER_MECHANICAL_LICENSE,PROTECTED,True,False,True,False,True,GLOBAL,ALL,2020-01-01,2099-12-31,SecondHandSongs Index,https://secondhandsongs.com,2026-08-26T12:18:53.319798
92c0da6b-f7c5-46d0-94d2-ad09e4064d1c,b4aecea9-1d90-4aa7-892a-55d3e95d1d60,c0d34b24-b30c-4e34-bc49-b5f7f610fcc6,COVER_MECHANICAL_LICENSE,PROTECTED,True,False,True,False,True,GLOBAL,ALL,2020-01-01,2099-12-31,SecondHandSongs Index,https://secondhandsongs.com,2026-08-26T12:18:53.319798
164b66cc-b205-444f-b5bb-a47370fd4d3f,62792396-3012-4d6d-9dad-29b64ea2f9fc,edf06fb0-40d7-41de-981d-70a908fe015c,COVER_MECHANICAL_LICENSE,PROTECTED,True,False,True,False,True,GLOBAL,ALL,2020-01-01,2099-12-31,SecondHandSongs Index,https://secondhandsongs.com,2026-08-26T12:18:53.319798
343a689a-0126-437c-845c-3111ef305420,a8393535-e3ea-4fbf-a82e-e8e1596b5c50,da63365c-974e-400b-8b50-5275db761972,COVER_MECHANICAL_LICENSE,PROTECTED,True,False,True,False,True,GLOBAL,ALL,2020-01-01,2099-12-31,SecondHandSongs Index,https://secondhandsongs.com,2026-08-26T12:18:53.319798
be2c0e7e-91f8-4017-a0b1-91f76245677e,0f245596-f7aa-4dfd-9bcb-4a97d35f3117,0b3cd052-ac78-465d-862c-5277948ed299,COVER_MECHANICAL_LICENSE,PROTECTED,True,False,True,False,True,GLOBAL,ALL,2020-01-01,2099-12-31,SecondHandSongs Index,https://secondhandsongs.com,2026-08-26T12:18:53.319798
7113e51e-cb1f-457d-94f2-371fb8f43779,9b86e95b-afec-4d75-8c1c-81fd7256e02f,77e85d29-a390-4a26-9e62-27ee5ca93695,COVER_MECHANICAL_LICENSE,PROTECTED,True,False,True,False,True,GLOBAL,ALL,2020-01-01,2099-12-31,SecondHandSongs Index,https://secondhandsongs.com,2026-08-26T12:18:53.319798
8d12cfa1-0dd6-4bca-8912-b1936b2efb3b,2e2edd6b-f82d-4f64-8849-84fa9ac429d5,e8bd4b56-3d57-40a0-9350-962b5728b738,COVER_MECHANICAL_LICENSE,PROTECTED,True,False,True,False,True,GLOBAL,ALL,2020-01-01,2099-12-31,SecondHandSongs Index,https://secondhandsongs.com,2026-08-26T12:18:53.319798
0d6c8a23-5acd-48bf-b2b3-3bc305750a06,31767256-f4a8-498b-b9a3-9f1cb85c8797,9dbc4281-1c08-4aed-a300-92e5bda90ce3,COVER_MECHANICAL_LICENSE,PROTECTED,True,False,True,False,True,GLOBAL,ALL,2020-01-01,2099-12-31,SecondHandSongs Index,https://secondhandsongs.com,2026-08-26T12:18:53.319798
90193cc6-9bf0-4edd-a3bb-9fe163f29b51,2d8dc87e-b4b5-4a20-bcc1-dac2c6a1106b,ba65b9a0-d0e4-4ab9-b705-2c590632e1a1,COVER_MECHANICAL_LICENSE,PROTECTED,True,False,True,False,True,GLOBAL,ALL,2020-01-01,2099-12-31,SecondHandSongs Index,https://secondhandsongs.com,2026-08-26T12:18:53.319798
084cc80c-8e3e-4c68-99d5-fdb4eb9ef919,271d7518-7100-431e-b7d4-26ea7cf5254b,b333383d-89d6-46b4-aed9-52a7cabcd811,COVER_MECHANICAL_LICENSE,PROTECTED,True,False,True,False,True,GLOBAL,ALL,2020-01-01,2099-12-31,SecondHandSongs Index,https://secondhandsongs.com,2026-08-26T12:18:53.319798
428086a8-d41b-407d-a546-9400aaf4d42e,22644526-33df-4aae-984b-ca2c313bccf1,7615efd9-157f-4095-85e0-89d36c408fdc,COVER_MECHANICAL_LICENSE,PROTECTED,True,False,True,False,True,GLOBAL,ALL,2020-01-01,2099-12-31,SecondHandSongs Index,https://secondhandsongs.com,2026-08-26T12:18:53.319798
a4d258ee-8102-4d64-9e1e-e52510a847ef,6771ea3f-7d4d-46b5-82d3-ae510293c0d9,be443203-0225-4040-8cb0-30315453a977,COVER_MECHANICAL_LICENSE,PROTECTED,True,False,True,False,True,GLOBAL,ALL,2020-01-01,2099-12-31,SecondHandSongs Index,https://secondhandsongs.com,2026-08-26T12:18:53.319798
46153f87-a851-4ab3-9217-9c621a0714ab,0cdffbd8-baec-443a-a1e5-b866aa7403e6,e06da43f-a8b6-4653-8f3d-95e23edf59c7,COVER_MECHANICAL_LICENSE,PROTECTED,True,False,True,False,True,GLOBAL,ALL,2020-01-01,2099-12-31,SecondHandSongs Index,https://secondhandsongs.com,2026-08-26T12:18:53.319798
2dcc7917-18f1-4c5b-8ac7-e2bb4867d1be,f1e1cada-12bc-40e0-aea5-81fab67d18d8,71968bc8-29ba-4f45-b4a6-2e362ada40ef,COVER_MECHANICAL_LICENSE,PROTECTED,True,False,True,False,True,GLOBAL,ALL,2020-01-01,2099-12-31,SecondHandSongs Index,https://secondhandsongs.com,2026-08-26T12:18:53.319798
7b168ee3-cbfe-46a1-8a92-9a6e260d8e42,4461c056-3a64-4d0b-9989-8d8ce945e6f9,41686ae4-9afb-4a73-b05a-d6b0db78e5ac,COVER_MECHANICAL_LICENSE,PROTECTED,True,False,True,False,True,GLOBAL,ALL,2020-01-01,2099-12-31,SecondHandSongs Index,https://secondhandsongs.com,2026-08-26T12:18:53.319798
ab465d63-7feb-4f6c-b5f4-0e55bf0dce04,dab05a48-ec4e-4359-b1c8-14e180999062,2b434f8b-a8d2-4bb7-8fc9-1271d7fb2b63,COVER_MECHANICAL_LICENSE,PROTECTED,True,False,True,False,True,GLOBAL,ALL,2020-01-01,2099-12-31,SecondHandSongs Index,https://secondhandsongs.com,2026-08-26T12:18:53.319798
919870b3-755e-4b43-97c3-bf8bcda8fd81,149f2f44-4bc1-42b7-a9d3-0d2d33f89f74,e83f0587-b6bb-4aba-9465-9685a9586289,COVER_MECHANICAL_LICENSE,PROTECTED,True,False,True,False,True,GLOBAL,ALL,2020-01-01,2099-12-31,SecondHandSongs Index,https://secondhandsongs.com,2026-08-26T12:18:53.319798
ba3e941f-fca0-4f41-9e70-27969204b75f,d46cf3a3-635b-422f-97c9-e3af41412c1b,161c0343-b2b2-48db-8b32-8b115c7c8a20,COVER_MECHANICAL_LICENSE,PROTECTED,True,False,True,False,True,GLOBAL,ALL,2020-01-01,2099-12-31,SecondHandSongs Index,https://secondhandsongs.com,2026-08-26T12:18:53.319798
08046c94-9800-41a6-a9e2-9b19d57788d3,82d3e559-4c44-41ca-ab3f-0b73abae39a8,c65290fc-83a5-49b1-a497-7ff27cb98d1b,COVER_MECHANICAL_LICENSE,PROTECTED,True,False,True,False,True,GLOBAL,ALL,2020-01-01,2099-12-31,SecondHandSongs Index,https://secondhandsongs.com,2026-08-26T12:18:53.319798
8e3b552b-c28e-4e82-92cb-6031baad5bef,71e0ee9d-4afc-4181-b94d-caa8f195a440,36b9a5cd-6396-404b-b56d-d8174cc7867e,COVER_MECHANICAL_LICENSE,PROTECTED,True,False,True,False,True,GLOBAL,ALL,2020-01-01,2099-12-31,SecondHandSongs Index,https://secondhandsongs.com,2026-08-26T12:18:53.319798
1f8139f1-bd7b-499e-b969-0f4742e8c733,c9dd1dd1-a517-466a-9e66-288f7866af9f,bdb1e326-b19a-4263-8ab3-696e50f5d2f7,COVER_MECHANICAL_LICENSE,PROTECTED,True,False,True,False,True,GLOBAL,ALL,2020-01-01,2099-12-31,SecondHandSongs Index,https://secondhandsongs.com,2026-08-26T12:18:53.319798
015db567-ef46-442d-92a9-faa623449045,5a9e17db-6a1d-45c3-aca8-38eecb8296fa,08a06b7a-8621-4d5d-aeea-05b0ac78fe42,COVER_MECHANICAL_LICENSE,PROTECTED,True,False,True,False,True,GLOBAL,ALL,2020-01-01,2099-12-31,SecondHandSongs Index,https://secondhandsongs.com,2026-08-26T12:18:53.319798
85ce8b8c-2c54-4243-96ad-744aeac891d6,3d9cf7c7-b54f-4752-84a2-9ad29b8623e0,03c62744-b39c-4341-a47f-23def7905e9d,COVER_MECHANICAL_LICENSE,PROTECTED,True,False,True,False,True,GLOBAL,ALL,2020-01-01,2099-12-31,SecondHandSongs Index,https://secondhandsongs.com,2026-08-26T12:18:53.319798
3c5b46c7-534c-49ee-8844-026880e75a11,ee60d9c0-c3b9-4262-bb1e-71001a6db1ba,23a6beb6-d5ea-4376-b605-8003446dcaa1,COVER_MECHANICAL_LICENSE,PROTECTED,True,False,True,False,True,GLOBAL,ALL,2020-01-01,2099-12-31,SecondHandSongs Index,https://secondhandsongs.com,2026-08-26T12:18:53.319798
5cd646db-c60f-4ca4-af79-7ee072f3a93f,fdf7af69-562a-4c80-81b4-1a2d85477379,537ee20f-46ab-4974-97f8-1747df2e655a,COVER_MECHANICAL_LICENSE,PROTECTED,True,False,True,False,True,GLOBAL,ALL,2020-01-01,2099-12-31,SecondHandSongs Index,https://secondhandsongs.com,2026-08-26T12:18:53.319798
bab1d308-2c2f-41fb-b08e-5b9b6e56e806,f7421e98-bec0-4842-8074-f842fd2c1c7c,4c89b466-7728-4857-9cb7-167697462733,COVER_MECHANICAL_LICENSE,PROTECTED,True,False,True,False,True,GLOBAL,ALL,2020-01-01,2099-12-31,SecondHandSongs Index,https://secondhandsongs.com,2026-08-26T12:18:53.319798
396a6d36-c6c5-49c2-92d5-e2d53b82c905,64aad0b5-ca25-4dba-a38c-9ef6b432b552,22061162-2e0c-4d7d-a56b-425a6145a717,COVER_MECHANICAL_LICENSE,PROTECTED,True,False,True,False,True,GLOBAL,ALL,2020-01-01,2099-12-31,SecondHandSongs Index,https://secondhandsongs.com,2026-08-26T12:18:53.319798
c781aa86-0485-4f10-84d5-6ad5aea2320c,6906d255-7f09-402c-8d09-e19cf8706aa3,eb9faf39-0cad-43f5-a61b-4895b21d5c1f,COVER_MECHANICAL_LICENSE,PROTECTED,True,False,True,False,True,GLOBAL,ALL,2020-01-01,2099-12-31,SecondHandSongs Index,https://secondhandsongs.com,2026-08-26T12:18:53.319798
967efdf8-294b-41de-8477-8e4931845dda,97599fe9-9d89-4716-80eb-abef37618e06,7b057064-58ac-4b28-a054-7391695ce40a,COVER_MECHANICAL_LICENSE,PROTECTED,True,False,True,False,True,GLOBAL,ALL,2020-01-01,2099-12-31,SecondHandSongs Index,https://secondhandsongs.com,2026-08-26T12:18:53.319798
5af3412d-1d76-426e-8cf0-fd4bbb9d6dd5,7eb659ef-8131-4bf4-99c6-31a26a461f57,2fb7d5eb-6849-491b-a43a-dc0baece3312,COVER_MECHANICAL_LICENSE,PROTECTED,True,False,True,False,True,GLOBAL,ALL,2020-01-01,2099-12-31,SecondHandSongs Index,https://secondhandsongs.com,2026-08-26T12:18:53.319798
989d8a0b-7062-4b30-8d60-a053d24ee8de,ee7d85d2-1871-4ae9-8bb2-4285884c2741,a8c3a319-65a5-4bf0-a6b2-c634280743c5,COVER_MECHANICAL_LICENSE,PROTECTED,True,False,True,False,True,GLOBAL,ALL,2020-01-01,2099-12-31,SecondHandSongs Index,https://secondhandsongs.com,2026-08-26T12:18:53.319798
53fa309a-617f-4f67-aabf-e9fe53532698,2925f9c7-c3a2-4f0d-b2a8-e97cbd970ffe,07aa89a2-4af1-4fb8-97ae-cc6aafc518cc,COVER_MECHANICAL_LICENSE,PROTECTED,True,False,True,False,True,GLOBAL,ALL,2020-01-01,2099-12-31,SecondHandSongs Index,https://secondhandsongs.com,2026-08-26T12:18:53.319798
0ac97e60-1018-43f9-aadc-7c3e5c3e345e,bebc5788-a0b2-4d4a-8544-b9a11c5b2bea,99554dd0-1b7d-4f84-9d41-209dd6b5eafd,COVER_MECHANICAL_LICENSE,PROTECTED,True,False,True,False,True,GLOBAL,ALL,2020-01-01,2099-12-31,SecondHandSongs Index,https://secondhandsongs.com,2026-08-26T12:18:53.319798
baf221f3-07ee-417b-b465-d59465eca068,b941252f-3b95-40d8-af2d-e2cacf4e1be3,0a03aaaa-349a-41c1-a1d6-c3b33b0cafa0,COVER_MECHANICAL_LICENSE,PROTECTED,True,False,True,False,True,GLOBAL,ALL,2020-01-01,2099-12-31,SecondHandSongs Index,https://secondhandsongs.com,2026-08-26T12:18:53.319798
693a8e84-66fa-4e7e-97fe-cc1e973bdd91,9ae08ffc-3a34-4d2b-a2d0-c233153641d6,55c1ce93-32ba-4572-a075-7f9067668d2f,COVER_MECHANICAL_LICENSE,PROTECTED,True,False,True,False,True,GLOBAL,ALL,2020-01-01,2099-12-31,SecondHandSongs Index,https://secondhandsongs.com,2026-08-26T12:18:53.319798
cbaf745b-38e9-4811-8713-1e47e862f501,c041ccb7-7067-4628-87b7-67f546cee89c,c32198a6-8d23-43f4-92d9-a28716e302ae,COVER_MECHANICAL_LICENSE,PROTECTED,True,False,True,False,True,GLOBAL,ALL,2020-01-01,2099-12-31,SecondHandSongs Index,https://secondhandsongs.com,2026-08-26T12:18:53.319798
725f723f-885d-443e-a8ed-27a9933cfdf1,6917fcb5-3fea-44ef-b8a4-f97728ccd2a0,80abbcdb-8036-4a86-b27b-59f0d793c5b9,COVER_MECHANICAL_LICENSE,PROTECTED,True,False,True,False,True,GLOBAL,ALL,2020-01-01,2099-12-31,SecondHandSongs Index,https://secondhandsongs.com,2026-08-26T12:18:53.319798
e9d36db2-a6e2-47f9-88b4-d0008633ef93,d195ed66-ad19-4c58-8ab6-edb00bfb1c68,8db32bf3-fc92-41db-bdf0-b9012faf6c60,COVER_MECHANICAL_LICENSE,PROTECTED,True,False,True,False,True,GLOBAL,ALL,2020-01-01,2099-12-31,SecondHandSongs Index,https://secondhandsongs.com,2026-08-26T12:18:53.319798
fb239b62-75a3-4b88-972d-3e5150f9d4d2,3bb5abef-83b6-4291-8831-8a8c8f741a62,5d2296b5-5962-4cb0-86b2-d3767e75735d,COVER_MECHANICAL_LICENSE,PROTECTED,True,False,True,False,True,GLOBAL,ALL,2020-01-01,2099-12-31,SecondHandSongs Index,https://secondhandsongs.com,2026-08-26T12:18:53.319798
05672111-c037-49ab-9c05-338be7b6e0e5,ef079e3f-1396-490f-aebb-efe48ae526f2,97d1131f-c996-4cf2-ba62-f44e5fc56884,COVER_MECHANICAL_LICENSE,PROTECTED,True,False,True,False,True,GLOBAL,ALL,2020-01-01,2099-12-31,SecondHandSongs Index,https://secondhandsongs.com,2026-08-26T12:18:53.319798
5fdbfa28-06f5-4b52-8c8c-06ef34845be8,5904da6a-62b0-4aa4-8dbd-0719daa77f2d,5c7ed390-a3e2-40be-98d2-0edde5bb7241,COVER_MECHANICAL_LICENSE,PROTECTED,True,False,True,False,True,GLOBAL,ALL,2020-01-01,2099-12-31,SecondHandSongs Index,https://secondhandsongs.com,2026-08-26T12:18:53.319798
064594e7-b9c7-47cf-9d6e-cb37df034121,504047f2-fa6c-44a6-b108-72726b8f9cbc,ae426da8-55f2-4797-81a0-1a9d93011311,COVER_MECHANICAL_LICENSE,PROTECTED,True,False,True,False,True,GLOBAL,ALL,2020-01-01,2099-12-31,SecondHandSongs Index,https://secondhandsongs.com,2026-08-26T12:18:53.319798
402b16ea-9448-432b-b896-3d0c35cb8a95,4a43abb4-bf01-4b62-b39d-8dd22bd7e4bb,e35631c5-f42a-438d-864b-4739cb9e8ae5,COVER_MECHANICAL_LICENSE,PROTECTED,True,False,True,False,True,GLOBAL,ALL,2020-01-01,2099-12-31,SecondHandSongs Index,https://secondhandsongs.com,2026-08-26T12:18:53.319798
849624ef-77d7-4f12-bc8a-95f4a878a4ad,5f4a0a03-dbc8-4fdb-8133-34a3d31a4720,7829551a-a8b8-4f7f-89bd-eabc952ee52c,COVER_MECHANICAL_LICENSE,PROTECTED,True,False,True,False,True,GLOBAL,ALL,2020-01-01,2099-12-31,SecondHandSongs Index,https://secondhandsongs.com,2026-08-26T12:18:53.319798
26f5d69c-4d55-4fa9-8fe7-4593c1986186,6167da89-ff1b-4648-bbe1-8d93e9b0b1db,7a92138e-74c4-48aa-b25b-7342492c3a56,COVER_MECHANICAL_LICENSE,PROTECTED,True,False,True,False,True,GLOBAL,ALL,2020-01-01,2099-12-31,SecondHandSongs Index,https://secondhandsongs.com,2026-08-26T12:18:53.319798
f8f36d3f-09cf-4a8d-a41c-f3e97fa16954,0c4c86cf-ca32-45dc-bdce-5135f05b8b1c,7a719e6d-b360-4476-87ba-be8232ebc759,COVER_MECHANICAL_LICENSE,PROTECTED,True,False,True,False,True,GLOBAL,ALL,2020-01-01,2099-12-31,SecondHandSongs Index,https://secondhandsongs.com,2026-08-26T12:18:53.319798
3fc223b7-9621-4433-9228-85684554f9b7,287115ce-9a81-451a-adb2-e69bb7b3f143,df7b04bc-8149-48f6-b935-55145fd18cdc,COVER_MECHANICAL_LICENSE,PROTECTED,True,False,True,False,True,GLOBAL,ALL,2020-01-01,2099-12-31,SecondHandSongs Index,https://secondhandsongs.com,2026-08-26T12:18:53.319798
0012c86e-3b38-4f53-b610-f17621370b30,31d100fb-5130-4a63-973f-2732c98aa579,addfe276-714c-46ef-88a9-39fc8dd3dcfa,COVER_MECHANICAL_LICENSE,PROTECTED,True,False,True,False,True,GLOBAL,ALL,2020-01-01,2099-12-31,SecondHandSongs Index,https://secondhandsongs.com,2026-08-26T12:18:53.319798
2a030481-a4a8-49b3-8c5d-a97ac1d32967,799bf99e-3cdd-4ac8-9b19-678049877065,59ed4427-51cb-4ca7-a270-97cda8225360,COVER_MECHANICAL_LICENSE,PROTECTED,True,False,True,False,True,GLOBAL,ALL,2020-01-01,2099-12-31,SecondHandSongs Index,https://secondhandsongs.com,2026-08-26T12:18:53.319798
ff6bb75d-4b1d-4e78-bbc0-38d77264c780,81f503d9-80a9-4e02-883e-a7d3faac998f,5c2f8e03-6fe8-46f7-a167-da897ffa945c,COVER_MECHANICAL_LICENSE,PROTECTED,True,False,True,False,True,GLOBAL,ALL,2020-01-01,2099-12-31,SecondHandSongs Index,https://secondhandsongs.com,2026-08-26T12:18:53.319798
956b318c-614a-40aa-b401-f179a91a3621,7fa9d8f4-78d5-4f7f-8512-de895a81c008,18088129-e8d5-424d-9149-f2cba0b53567,COVER_MECHANICAL_LICENSE,PROTECTED,True,False,True,False,True,GLOBAL,ALL,2020-01-01,2099-12-31,SecondHandSongs Index,https://secondhandsongs.com,2026-08-26T12:18:53.319798
0c24e866-6578-4981-b5c7-793e16c93e3d,cd6495d9-77dd-434f-956a-8e32742d7397,c9e29db4-be7d-4955-a60e-171b5e7d3cdb,COVER_MECHANICAL_LICENSE,PROTECTED,True,False,True,False,True,GLOBAL,ALL,2020-01-01,2099-12-31,SecondHandSongs Index,https://secondhandsongs.com,2026-08-26T12:18:53.319798
60082157-f616-47a2-8813-7b4636d62005,a4218ac0-fe72-467e-87da-60ada3af26d1,9531075a-d550-4182-8bb8-a0b594208795,COVER_MECHANICAL_LICENSE,PROTECTED,True,False,True,False,True,GLOBAL,ALL,2020-01-01,2099-12-31,SecondHandSongs Index,https://secondhandsongs.com,2026-08-26T12:18:53.319798
0ce2567b-fd53-4ffa-9894-2c2e1e883e49,a34f7b41-7b0f-44ce-8720-0f9a160d9e7d,db1cbb73-ebf1-454d-8f8a-dabbb2927824,COVER_MECHANICAL_LICENSE,PROTECTED,True,False,True,False,True,GLOBAL,ALL,2020-01-01,2099-12-31,SecondHandSongs Index,https://secondhandsongs.com,2026-08-26T12:18:53.319798
c38ba61c-b2d6-4b22-b889-1e567d937adf,298b9ea8-ed50-43ad-87e1-06c255e363e2,d647321e-54c2-493c-8ade-1179bc3b5d63,COVER_MECHANICAL_LICENSE,PROTECTED,True,False,True,False,True,GLOBAL,ALL,2020-01-01,2099-12-31,SecondHandSongs Index,https://secondhandsongs.com,2026-08-26T12:18:53.319798
0feaf029-8a07-4173-aa5d-990771d10473,21b537ca-2001-472c-b4cb-ea0f4154b7a3,b8ab92cb-b787-4f67-b683-15ae4feda5b3,COVER_MECHANICAL_LICENSE,PROTECTED,True,False,True,False,True,GLOBAL,ALL,2020-01-01,2099-12-31,SecondHandSongs Index,https://secondhandsongs.com,2026-08-26T12:18:53.319798
abe1f59e-b630-459a-a60a-e71601408973,5d3c6ab0-b677-4b8b-b2ba-3a0f1bf85a9e,77c2fd3c-26e4-4f76-bd42-c256606eccd2,COVER_MECHANICAL_LICENSE,PROTECTED,True,False,True,False,True,GLOBAL,ALL,2020-01-01,2099-12-31,SecondHandSongs Index,https://secondhandsongs.com,2026-08-26T12:18:53.319798
2fc4b086-9c34-4bef-9558-11a7dbf0d55e,4c732380-efac-43b0-aed5-659ea87866c3,6fc09d1d-c2dd-48a4-9cea-702fa1f643ae,COVER_MECHANICAL_LICENSE,PROTECTED,True,False,True,False,True,GLOBAL,ALL,2020-01-01,2099-12-31,SecondHandSongs Index,https://secondhandsongs.com,2026-08-26T12:18:53.319798
73377484-6111-4ad1-96f6-151e22905fd1,81d4a596-35ad-4b0c-a35f-24bacb4b62d4,eed11829-d487-4998-9b56-ab6670d0df65,COVER_MECHANICAL_LICENSE,PROTECTED,True,False,True,False,True,GLOBAL,ALL,2020-01-01,2099-12-31,SecondHandSongs Index,https://secondhandsongs.com,2026-08-26T12:18:53.319798
cadf936b-a387-49b7-90b7-3d3155d7c5fe,79b248dc-cf85-47fd-b47d-d5fb4db36de8,13700506-f644-462b-99da-47e5d80f1c90,COVER_MECHANICAL_LICENSE,PROTECTED,True,False,True,False,True,GLOBAL,ALL,2020-01-01,2099-12-31,SecondHandSongs Index,https://secondhandsongs.com,2026-08-26T12:18:53.319798
1b96a99f-169f-4451-a44e-f0b7ed1f1fe3,cf644524-3ae9-4554-9285-de33d053deb4,aedec9f9-ef34-4b47-8f3e-6d9b4bbbef2d,COVER_MECHANICAL_LICENSE,PROTECTED,True,False,True,False,True,GLOBAL,ALL,2020-01-01,2099-12-31,SecondHandSongs Index,https://secondhandsongs.com,2026-08-26T12:18:53.319798
d5900135-7bc3-4b3b-88b1-4c0994f9082c,43373cfc-e685-4e58-a54a-1766bf1dbfab,73c24ec3-2449-415b-ad52-1b03183afd96,COVER_MECHANICAL_LICENSE,PROTECTED,True,False,True,False,True,GLOBAL,ALL,2020-01-01,2099-12-31,SecondHandSongs Index,https://secondhandsongs.com,2026-08-26T12:18:53.319798
6df8f4d6-1beb-4ff3-8d1b-6cbdb7ce39ae,1b42c73a-db8e-4cde-9a5a-0ea9c4cdd13e,8614dcea-9094-4a26-99cc-8995e393cc47,COVER_MECHANICAL_LICENSE,PROTECTED,True,False,True,False,True,GLOBAL,ALL,2020-01-01,2099-12-31,SecondHandSongs Index,https://secondhandsongs.com,2026-08-26T12:18:53.319798
8404db57-59b7-409f-8230-f0cb48e830e2,dc5e3c65-e642-43ca-b1ed-598269684b4a,5ba71430-73e3-4f62-8795-40202fd54afe,COVER_MECHANICAL_LICENSE,PROTECTED,True,False,True,False,True,GLOBAL,ALL,2020-01-01,2099-12-31,SecondHandSongs Index,https://secondhandsongs.com,2026-08-26T12:18:53.319798
c8342572-d4c0-4f19-99f6-e4a75ab2d641,b873c42b-a10c-4f34-80d3-788f4839e1fc,25cd02ae-58af-4d9a-9296-b32e79d7fb59,COVER_MECHANICAL_LICENSE,PROTECTED,True,False,True,False,True,GLOBAL,ALL,2020-01-01,2099-12-31,SecondHandSongs Index,https://secondhandsongs.com,2026-08-26T12:18:53.319798
a2d5042b-6038-488a-9be2-04887ee465c0,19a7c6e2-536c-4419-a836-95601436e236,e8a90745-c7b5-400c-b4ea-90e2b4346d97,COVER_MECHANICAL_LICENSE,PROTECTED,True,False,True,False,True,GLOBAL,ALL,2020-01-01,2099-12-31,SecondHandSongs Index,https://secondhandsongs.com,2026-08-26T12:18:53.319798
b7ceebd4-849d-4b4e-af26-a9dcfa90f4c7,71eb0e2c-33e3-4698-90ba-a847f665b6d4,ffe47e4d-d03b-45c3-a84a-5d291aa4bdff,COVER_MECHANICAL_LICENSE,PROTECTED,True,False,True,False,True,GLOBAL,ALL,2020-01-01,2099-12-31,SecondHandSongs Index,https://secondhandsongs.com,2026-08-26T12:18:53.319798
aaedbad9-300f-4e02-8b03-1982e0b4ae96,5dd18612-d068-4945-bba3-0af06e0772d5,28065eba-3fb8-4e61-a9a4-97d889af77f6,COVER_MECHANICAL_LICENSE,PROTECTED,True,False,True,False,True,GLOBAL,ALL,2020-01-01,2099-12-31,SecondHandSongs Index,https://secondhandsongs.com,2026-08-26T12:18:53.319798
c8668664-c302-4a77-83cb-c7443e18db7b,04f722d7-c0af-4e86-be93-998b068c6eea,46bd68ee-5426-4776-96eb-97773e332e0b,COVER_MECHANICAL_LICENSE,PROTECTED,True,False,True,False,True,GLOBAL,ALL,2020-01-01,2099-12-31,SecondHandSongs Index,https://secondhandsongs.com,2026-08-26T12:18:53.319798
d9eb0576-6ba6-4b6f-b5dc-3af7e1b8b412,03193857-1e97-42be-b659-5c379aa1d876,cfc1e5ae-9588-48a0-b71c-d80a554ad2da,COVER_MECHANICAL_LICENSE,PROTECTED,True,False,True,False,True,GLOBAL,ALL,2020-01-01,2099-12-31,SecondHandSongs Index,https://secondhandsongs.com,2026-08-26T12:18:53.319798
0e3853cd-5478-4369-a3e2-6998d90aff55,d5b2d5e6-5163-4d25-b40a-d26866ad5339,e15ae4ab-2d80-4fc2-8bdc-26611e2073d0,COVER_MECHANICAL_LICENSE,PROTECTED,True,False,True,False,True,GLOBAL,ALL,2020-01-01,2099-12-31,SecondHandSongs Index,https://secondhandsongs.com,2026-08-26T12:18:53.319798
997579d9-5f96-4966-a390-8aa1a3de8f33,511fd6bc-7e9b-45c4-976d-d9f6de36df08,eca80394-ee31-4193-8594-665cadf391d1,COVER_MECHANICAL_LICENSE,PROTECTED,True,False,True,False,True,GLOBAL,ALL,2020-01-01,2099-12-31,SecondHandSongs Index,https://secondhandsongs.com,2026-08-26T12:18:53.319798
ae030a0f-5af0-4ff0-a0cc-8da29f1cbd4e,b993d35b-2a68-4d88-bdaf-11f87fb3c298,4834fbf7-322d-47e6-9b31-6bbce336618a,COVER_MECHANICAL_LICENSE,PROTECTED,True,False,True,False,True,GLOBAL,ALL,2020-01-01,2099-12-31,SecondHandSongs Index,https://secondhandsongs.com,2026-08-26T12:18:53.319798
f9f54ee9-17c0-431b-ac56-e6a9375f21bc,16cacbe4-9d3a-465c-a1e0-11982ecd2240,7d29e935-8566-4767-86d8-8f281b01fec7,COVER_MECHANICAL_LICENSE,PROTECTED,True,False,True,False,True,GLOBAL,ALL,2020-01-01,2099-12-31,SecondHandSongs Index,https://secondhandsongs.com,2026-08-26T12:18:53.319798
a3aa3977-961c-4cff-8732-4fbc17b818db,21924dc2-1877-4aab-8592-fc564a048cdc,837b759c-a8a0-4581-8e29-179d8ca3ace3,COVER_MECHANICAL_LICENSE,PROTECTED,True,False,True,False,True,GLOBAL,ALL,2020-01-01,2099-12-31,SecondHandSongs Index,https://secondhandsongs.com,2026-08-26T12:18:53.319798
fc28fc52-d71a-47c4-bb8f-5dd33844fa8e,ab1a5d30-8f47-4e98-8809-313a4668b298,d7b20d26-1598-47df-b27a-98d2b5af7338,COVER_MECHANICAL_LICENSE,PROTECTED,True,False,True,False,True,GLOBAL,ALL,2020-01-01,2099-12-31,SecondHandSongs Index,https://secondhandsongs.com,2026-08-26T12:18:53.319798
1f27ae59-4784-4138-93b0-7ef06b6d6d92,63e02b12-2002-4939-b46c-d7a781c5fa96,b21d4824-81d0-484d-ad8c-54e65587e66d,COVER_MECHANICAL_LICENSE,PROTECTED,True,False,True,False,True,GLOBAL,ALL,2020-01-01,2099-12-31,SecondHandSongs Index,https://secondhandsongs.com,2026-08-26T12:18:53.319798
e48e339c-818c-4d27-8904-22f12e69f118,11ccc770-2293-4fc5-a222-a62f8c45cfe1,b1117c68-fefe-4b8c-85d2-c22b2c2545a3,COVER_MECHANICAL_LICENSE,PROTECTED,True,False,True,False,True,GLOBAL,ALL,2020-01-01,2099-12-31,SecondHandSongs Index,https://secondhandsongs.com,2026-08-26T12:18:53.319798
9da5a453-720f-41a9-a6da-63258a48f036,0c4894c1-688c-4be3-8e31-567d843f3afc,869897cb-d923-4e98-b5da-c8b27beb8f1d,COVER_MECHANICAL_LICENSE,PROTECTED,True,False,True,False,True,GLOBAL,ALL,2020-01-01,2099-12-31,SecondHandSongs Index,https://secondhandsongs.com,2026-08-26T12:18:53.319798
6696d6d4-6f7e-4345-9c64-9e34f01cfb20,38120bfa-ec17-4534-b135-2de974c6d2ab,d363169c-b643-4a17-b790-e7f05cdffe09,COVER_MECHANICAL_LICENSE,PROTECTED,True,False,True,False,True,GLOBAL,ALL,2020-01-01,2099-12-31,SecondHandSongs Index,https://secondhandsongs.com,2026-08-26T12:18:53.319798
117eb08a-0f8f-4fe1-8fb6-d99074c4719e,6d434a87-3b20-45c2-bf5f-01f6f10d96d7,83211fe6-72e4-4ae4-92ae-5a3c056d5d84,COVER_MECHANICAL_LICENSE,PROTECTED,True,False,True,False,True,GLOBAL,ALL,2020-01-01,2099-12-31,SecondHandSongs Index,https://secondhandsongs.com,2026-08-26T12:18:53.319798
25f00ff2-5907-43e8-9735-1b1cc0ff2801,770dae27-8ae4-4a3c-ab73-3f2554dfb767,2584e0bf-e263-4c0b-9265-1d2d87830249,COVER_MECHANICAL_LICENSE,PROTECTED,True,False,True,False,True,GLOBAL,ALL,2020-01-01,2099-12-31,SecondHandSongs Index,https://secondhandsongs.com,2026-08-26T12:18:53.319798
a78e68fa-6ee5-4eda-97de-0301b3d0a015,dc07be93-3c6f-400e-99fb-44725c790c91,df792693-6d77-4f77-8b55-746763918c9b,COVER_MECHANICAL_LICENSE,PROTECTED,True,False,True,False,True,GLOBAL,ALL,2020-01-01,2099-12-31,SecondHandSongs Index,https://secondhandsongs.com,2026-08-26T12:18:53.319798
3910d050-4265-4e90-9354-d941d1a73db7,f98c4008-e961-4716-a425-cb56f0b107e9,3f147b44-3b6c-45c1-aa03-58c69c494184,COVER_MECHANICAL_LICENSE,PROTECTED,True,False,True,False,True,GLOBAL,ALL,2020-01-01,2099-12-31,SecondHandSongs Index,https://secondhandsongs.com,2026-08-26T12:18:53.319798
932163df-ab55-479b-834b-30ffc8885f9f,ee5e9642-10a0-423d-8a12-346a0039d735,043dc019-666e-412e-b711-be3d558a5146,COVER_MECHANICAL_LICENSE,PROTECTED,True,False,True,False,True,GLOBAL,ALL,2020-01-01,2099-12-31,SecondHandSongs Index,https://secondhandsongs.com,2026-08-26T12:18:53.319798
7a6c6b64-8132-4db8-99fd-b92d874ee58a,f93610e3-f583-4de6-8317-6ba2da2d6f0b,e53e8bc1-280c-48bf-82ab-1afcaced53a2,COVER_MECHANICAL_LICENSE,PROTECTED,True,False,True,False,True,GLOBAL,ALL,2020-01-01,2099-12-31,SecondHandSongs Index,https://secondhandsongs.com,2026-08-26T12:18:53.319798
f0c0f4f6-ef57-45cc-bafe-882a7a5da3f9,97ae0473-01c3-4a0f-8539-5454b56030a4,f0670752-1454-480d-bccc-9681d86c9c81,COVER_MECHANICAL_LICENSE,PROTECTED,True,False,True,False,True,GLOBAL,ALL,2020-01-01,2099-12-31,SecondHandSongs Index,https://secondhandsongs.com,2026-08-26T12:18:53.319798
7c324e07-c112-4af1-91ba-5833de199181,f3c31ff5-6d1a-496a-b7e3-3bd190b0a780,177869a6-72be-4e2f-8234-d5303173c0c3,COVER_MECHANICAL_LICENSE,PROTECTED,True,False,True,False,True,GLOBAL,ALL,2020-01-01,2099-12-31,SecondHandSongs Index,https://secondhandsongs.com,2026-08-26T12:18:53.319798
c1306553-a271-44b1-a58d-77f3ace2ab8e,5b36f208-0e9c-4bef-a519-c04bdf07e8e7,6a805b39-5500-4baa-8d2e-1057e3170b6e,COVER_MECHANICAL_LICENSE,PROTECTED,True,False,True,False,True,GLOBAL,ALL,2020-01-01,2099-12-31,SecondHandSongs Index,https://secondhandsongs.com,2026-08-26T12:18:53.319798
112d1e3c-c3ff-4ac9-8987-9069f9cebe27,d0d56a10-9e64-4ca9-8540-a8ad8f0a9f31,4a70f701-a7c3-435c-8356-52ef2011c8c0,COVER_MECHANICAL_LICENSE,PROTECTED,True,False,True,False,True,GLOBAL,ALL,2020-01-01,2099-12-31,SecondHandSongs Index,https://secondhandsongs.com,2026-08-26T12:18:53.319798
287ea042-c98d-413f-bdaa-b6e910bcd977,d87e1283-3351-4184-a2c8-39d15fdf2f02,de09ca6b-d5cd-48d9-ae8f-bdd5a9b9b959,COVER_MECHANICAL_LICENSE,PROTECTED,True,False,True,False,True,GLOBAL,ALL,2020-01-01,2099-12-31,SecondHandSongs Index,https://secondhandsongs.com,2026-08-26T12:18:53.319798
3339bf69-79ca-4694-ab0f-dbd6ef2a9bf2,9adda6c5-ef84-48e1-b362-f4a60293835b,20184382-f6ed-4bc4-927f-8168b40eb733,COVER_MECHANICAL_LICENSE,PROTECTED,True,False,True,False,True,GLOBAL,ALL,2020-01-01,2099-12-31,SecondHandSongs Index,https://secondhandsongs.com,2026-08-26T12:18:53.319798
151de8ca-0503-4843-9349-71c98ee0fbe8,e39c14b1-d6e7-44bd-b8c5-92a2eaf74331,f2f7c9f2-d8ce-4155-83db-9627aa66dc43,COVER_MECHANICAL_LICENSE,PROTECTED,True,False,True,False,True,GLOBAL,ALL,2020-01-01,2099-12-31,SecondHandSongs Index,https://secondhandsongs.com,2026-08-26T12:18:53.319798
7dd1dceb-0b4f-4e05-ac78-939124a91e48,9f3ccb6f-1992-449b-bea5-29975239dff9,95fad050-89be-4623-8f1a-df7ab117f0b2,COVER_MECHANICAL_LICENSE,PROTECTED,True,False,True,False,True,GLOBAL,ALL,2020-01-01,2099-12-31,SecondHandSongs Index,https://secondhandsongs.com,2026-08-26T12:18:53.319798
925f64f4-f437-43fb-9662-1d5ed66342b0,91660935-3ee4-46fd-9a9c-2e83b3e1d40c,f6ed5e45-5795-4649-b716-f33455c266d0,COVER_MECHANICAL_LICENSE,PROTECTED,True,False,True,False,True,GLOBAL,ALL,2020-01-01,2099-12-31,SecondHandSongs Index,https://secondhandsongs.com,2026-08-26T12:18:53.319798
d5da9ae6-314a-4082-90ff-90e787aff0a1,f65cdd1a-ad9d-42e7-abe4-d3eb794d3b68,fcd4d846-77b2-44eb-9177-97306918e6fb,COVER_MECHANICAL_LICENSE,PROTECTED,True,False,True,False,True,GLOBAL,ALL,2020-01-01,2099-12-31,SecondHandSongs Index,https://secondhandsongs.com,2026-08-26T12:18:53.319798
fc1574ec-1a89-431b-a6e3-e853505e31e2,36260c70-0ae3-465f-83f5-cb3656c9fcf6,a088d42c-629f-4a3a-ad49-a8c72b8eec7b,COVER_MECHANICAL_LICENSE,PROTECTED,True,False,True,False,True,GLOBAL,ALL,2020-01-01,2099-12-31,SecondHandSongs Index,https://secondhandsongs.com,2026-08-26T12:18:53.319798
7b87a3ab-f63f-4a0c-81a2-c58b4f046539,940b9197-d68b-4cc3-8a2a-87e8f56fd072,6b273127-24ad-4acf-ad59-2937031f33c0,COVER_MECHANICAL_LICENSE,PROTECTED,True,False,True,False,True,GLOBAL,ALL,2020-01-01,2099-12-31,SecondHandSongs Index,https://secondhandsongs.com,2026-08-26T12:18:53.319798
39de4a8d-d39e-486a-be36-645de6702125,3a4602ce-9fa2-4e5c-9d81-0b5f67fc442e,1132d25e-b4cb-480b-a048-3f4414d1ec85,COVER_MECHANICAL_LICENSE,PROTECTED,True,False,True,False,True,GLOBAL,ALL,2020-01-01,2099-12-31,SecondHandSongs Index,https://secondhandsongs.com,2026-08-26T12:18:53.319798
c3ae3408-a810-4516-abc8-4de0d39122dc,6fffc22c-9933-4295-828c-0383ed36ee97,9ab1154e-3286-4b0c-9731-df9242f81db5,COVER_MECHANICAL_LICENSE,PROTECTED,True,False,True,False,True,GLOBAL,ALL,2020-01-01,2099-12-31,SecondHandSongs Index,https://secondhandsongs.com,2026-08-26T12:18:53.319798
db415613-95da-49b7-9805-acc824438f20,e044b097-dd5d-4471-b385-f6fe68ea0133,58c5dc2d-4af9-457d-9e96-ee36cb44ef97,COVER_MECHANICAL_LICENSE,PROTECTED,True,False,True,False,True,GLOBAL,ALL,2020-01-01,2099-12-31,SecondHandSongs Index,https://secondhandsongs.com,2026-08-26T12:18:53.319798
76b901d3-e184-458d-a959-8b6077a981f9,7581ef26-1768-4de3-bf8c-0b6582705616,8b2dc302-2533-4665-9b3e-0a8537592baa,COVER_MECHANICAL_LICENSE,PROTECTED,True,False,True,False,True,GLOBAL,ALL,2020-01-01,2099-12-31,SecondHandSongs Index,https://secondhandsongs.com,2026-08-26T12:18:53.319798
9e23abe0-3f8d-48ba-9bb5-11f392e8bf15,108d6189-29b1-403c-8593-3fd8a14c2469,0a918d95-1aa7-4787-ae51-bd425084215f,COVER_MECHANICAL_LICENSE,PROTECTED,True,False,True,False,True,GLOBAL,ALL,2020-01-01,2099-12-31,SecondHandSongs Index,https://secondhandsongs.com,2026-08-26T12:18:53.319798
1346ab9d-30f0-4a22-a28c-d944c1180d94,be1eacf7-03f8-4b10-a24a-3c91bcfd6ae1,bf13c28b-1b56-435c-8394-2a31c51d8ff1,COVER_MECHANICAL_LICENSE,PROTECTED,True,False,True,False,True,GLOBAL,ALL,2020-01-01,2099-12-31,SecondHandSongs Index,https://secondhandsongs.com,2026-08-26T12:18:53.319798
8fc24fc0-9f90-4fef-81c7-600075ed21cf,02eaab65-bbd7-41fe-b209-849c3fbb6731,1761d8b8-2723-4a1d-b004-87dad25ef7af,COVER_MECHANICAL_LICENSE,PROTECTED,True,False,True,False,True,GLOBAL,ALL,2020-01-01,2099-12-31,SecondHandSongs Index,https://secondhandsongs.com,2026-08-26T12:18:53.319798
436dd8ea-6fc6-4e6d-9f53-1b6971ae2a9b,aead0d97-6a14-4b19-8cd3-443c3de668f7,f17967f3-757a-48f6-9548-c3d049f8a864,COVER_MECHANICAL_LICENSE,PROTECTED,True,False,True,False,True,GLOBAL,ALL,2020-01-01,2099-12-31,SecondHandSongs Index,https://secondhandsongs.com,2026-08-26T12:18:53.319798
08423597-c46f-4882-9d11-a9bc1c44ed98,af3ee249-0b21-47f7-ba60-ef7a8709980b,7a07aa22-b4d9-41f7-a545-a2ccf089f46a,COVER_MECHANICAL_LICENSE,PROTECTED,True,False,True,False,True,GLOBAL,ALL,2020-01-01,2099-12-31,SecondHandSongs Index,https://secondhandsongs.com,2026-08-26T12:18:53.319798
d5bf39ac-fa0a-447b-abd3-cef5ec590a70,f5661515-1b22-4663-a9c3-07ca9640f66c,086c500c-e2a1-4321-bc8c-5282bf3d5cfe,COVER_MECHANICAL_LICENSE,PROTECTED,True,False,True,False,True,GLOBAL,ALL,2020-01-01,2099-12-31,SecondHandSongs Index,https://secondhandsongs.com,2026-08-26T12:18:53.319798
f001ed90-2a86-4274-82a2-00f8308c03c7,a58ec745-fccf-4c06-b1e7-bafc2d2ab55d,ae744662-5072-4bed-b3ad-3eb80be3719b,COVER_MECHANICAL_LICENSE,PROTECTED,True,False,True,False,True,GLOBAL,ALL,2020-01-01,2099-12-31,SecondHandSongs Index,https://secondhandsongs.com,2026-08-26T12:18:53.319798
2927b4c3-341a-492e-a306-62aaeef3426e,bee726c9-11af-4c1a-b317-1ec65434599f,c1e2f1ea-1735-4e96-b995-271d256ff10f,COVER_MECHANICAL_LICENSE,PROTECTED,True,False,True,False,True,GLOBAL,ALL,2020-01-01,2099-12-31,SecondHandSongs Index,https://secondhandsongs.com,2026-08-26T12:18:53.319798
a5f351ec-a5ba-46cd-8b14-ee54bc430177,0f7e4a03-fda4-4c2f-9e2d-58b63a387a13,e8afaff3-fc93-4fed-94d1-980500ff0cfc,COVER_MECHANICAL_LICENSE,PROTECTED,True,False,True,False,True,GLOBAL,ALL,2020-01-01,2099-12-31,SecondHandSongs Index,https://secondhandsongs.com,2026-08-26T12:18:53.319798
9b7ba46f-ea8e-4739-b8f1-e720eb543c2c,1dd4ebba-9d6f-452b-afef-98ebacc2ead1,2475b056-49de-41f2-ad65-f25073fa0a61,COVER_MECHANICAL_LICENSE,PROTECTED,True,False,True,False,True,GLOBAL,ALL,2020-01-01,2099-12-31,SecondHandSongs Index,https://secondhandsongs.com,2026-08-26T12:18:53.319798
b376d415-77cf-4812-9139-9ed29ccdd57d,48ff3d1a-0922-4b85-8f76-5a6d89d86c9e,8c27867f-f965-4913-9613-6bd93dee15c8,COVER_MECHANICAL_LICENSE,PROTECTED,True,False,True,False,True,GLOBAL,ALL,2020-01-01,2099-12-31,SecondHandSongs Index,https://secondhandsongs.com,2026-08-26T12:18:53.319798
f1cbf23b-b65d-494d-b3e0-9640dd08d73c,636bc28c-f776-4dd6-82f8-545c5db83ccf,8254058b-d511-4ca1-862a-8e7210f166ae,COVER_MECHANICAL_LICENSE,PROTECTED,True,False,True,False,True,GLOBAL,ALL,2020-01-01,2099-12-31,SecondHandSongs Index,https://secondhandsongs.com,2026-08-26T12:18:53.319798
5ae527b4-687e-4a51-a2de-0432a10c0672,84782c4f-8ae0-4ac4-85fd-1c9fd809a2b8,1c6af0e3-00b8-4820-87da-c3ca9f10d7cd,COVER_MECHANICAL_LICENSE,PROTECTED,True,False,True,False,True,GLOBAL,ALL,2020-01-01,2099-12-31,SecondHandSongs Index,https://secondhandsongs.com,2026-08-26T12:18:53.319798
6187b4b4-a3f8-4b48-a052-569f25cf2244,13c26233-361f-460b-adf7-be9d6f265ac1,8eeb12a3-43a3-44b0-ad62-32197e418ac6,COVER_MECHANICAL_LICENSE,PROTECTED,True,False,True,False,True,GLOBAL,ALL,2020-01-01,2099-12-31,SecondHandSongs Index,https://secondhandsongs.com,2026-08-26T12:18:53.319798
dd6a2cb4-6d62-4a81-980c-0bf515209da5,216499ca-7eb6-4502-84c3-d403824003a7,dc6fc086-442e-4fbd-8a1c-9c4b533a256a,COVER_MECHANICAL_LICENSE,PROTECTED,True,False,True,False,True,GLOBAL,ALL,2020-01-01,2099-12-31,SecondHandSongs Index,https://secondhandsongs.com,2026-08-26T12:18:53.319798
370a018a-79eb-442d-ae82-11f8042b991b,b59912b2-44f3-4c5b-906f-a6b99a0a6907,ca4a777c-c9df-4cd4-bc42-180541922b54,COVER_MECHANICAL_LICENSE,PROTECTED,True,False,True,False,True,GLOBAL,ALL,2020-01-01,2099-12-31,SecondHandSongs Index,https://secondhandsongs.com,2026-08-26T12:18:53.319798
43876317-a816-4342-9f7d-8a9905d09283,bcf9091f-a836-4afd-a91a-3f5df5736cd7,241706a8-bcc8-417a-8b55-c48991890c4b,COVER_MECHANICAL_LICENSE,PROTECTED,True,False,True,False,True,GLOBAL,ALL,2020-01-01,2099-12-31,SecondHandSongs Index,https://secondhandsongs.com,2026-08-26T12:18:53.319798
065846f2-3b92-4f86-a200-976850e9377f,a5403c7f-30fc-4bc0-8813-beb9da91ee26,5a05755c-da39-45bf-bb48-8c465992661a,COVER_MECHANICAL_LICENSE,PROTECTED,True,False,True,False,True,GLOBAL,ALL,2020-01-01,2099-12-31,SecondHandSongs Index,https://secondhandsongs.com,2026-08-26T12:18:53.319798
950c1d95-b773-46d6-8e2d-5436e75da8bd,62c2e95e-a520-4c88-989e-4357289ff311,7e6c4faa-ffd3-4a22-95ed-6589acb50b70,COVER_MECHANICAL_LICENSE,PROTECTED,True,False,True,False,True,GLOBAL,ALL,2020-01-01,2099-12-31,SecondHandSongs Index,https://secondhandsongs.com,2026-08-26T12:18:53.319798
23acc2cd-a8dc-42dc-bb51-95289c4d9461,a59358ae-af58-4e03-82d5-fd208dcaadc0,5996ed72-3523-433f-9f34-d7ffed855634,COVER_MECHANICAL_LICENSE,PROTECTED,True,False,True,False,True,GLOBAL,ALL,2020-01-01,2099-12-31,SecondHandSongs Index,https://secondhandsongs.com,2026-08-26T12:18:53.319798
e35d2e24-1a47-43cf-867a-712d12674850,a8f03bdc-8321-417a-a930-31d8b5e26f6c,8738ce37-cc41-4127-99c6-96501159219c,COVER_MECHANICAL_LICENSE,PROTECTED,True,False,True,False,True,GLOBAL,ALL,2020-01-01,2099-12-31,SecondHandSongs Index,https://secondhandsongs.com,2026-08-26T12:18:53.319798
9c12c475-891f-470e-b486-fbab1b408c00,a176dd34-d094-48f1-ac1e-dbffff2a0dd7,80fff65c-fe03-4513-bf63-d272e6a491a3,COVER_MECHANICAL_LICENSE,PROTECTED,True,False,True,False,True,GLOBAL,ALL,2020-01-01,2099-12-31,SecondHandSongs Index,https://secondhandsongs.com,2026-08-26T12:18:53.319798
75ac9d67-39ae-493a-aef5-0fd3fb04ed5d,110f678d-e435-4ac4-b0a8-8833d73e2feb,27e99e05-2d6e-4f6a-8eeb-d5a3dd4c5a4d,COVER_MECHANICAL_LICENSE,PROTECTED,True,False,True,False,True,GLOBAL,ALL,2020-01-01,2099-12-31,SecondHandSongs Index,https://secondhandsongs.com,2026-08-26T12:18:53.319798
50b1326c-c1ea-41f7-be57-91d0f449e768,a4fb7431-80de-4ea3-a35c-b63286bbb57a,96174c88-1d3a-496e-b007-11f56a586a58,COVER_MECHANICAL_LICENSE,PROTECTED,True,False,True,False,True,GLOBAL,ALL,2020-01-01,2099-12-31,SecondHandSongs Index,https://secondhandsongs.com,2026-08-26T12:18:53.319798
f8cbddc4-d948-45e3-9a11-965d22c4191d,03bd0fa4-da36-4e99-a718-acc913b51746,59fdec12-db86-4fa7-8e73-d22f3961379c,COVER_MECHANICAL_LICENSE,PROTECTED,True,False,True,False,True,GLOBAL,ALL,2020-01-01,2099-12-31,SecondHandSongs Index,https://secondhandsongs.com,2026-08-26T12:18:53.319798
0679a97b-f0a6-452f-929b-99be29759442,490ebea5-02b8-45ba-bd8c-7ce45fdcecd2,3b4bd9f6-57c2-452f-9b7c-60246af98595,COVER_MECHANICAL_LICENSE,PROTECTED,True,False,True,False,True,GLOBAL,ALL,2020-01-01,2099-12-31,SecondHandSongs Index,https://secondhandsongs.com,2026-08-26T12:18:53.319798
2b07d00b-7ecb-4ca2-b9cd-19fad138c1d3,14c1f85a-54fe-421b-8ed6-7ac1049b1225,953e998a-2c71-4518-8178-968b3362b9fc,COVER_MECHANICAL_LICENSE,PROTECTED,True,False,True,False,True,GLOBAL,ALL,2020-01-01,2099-12-31,SecondHandSongs Index,https://secondhandsongs.com,2026-08-26T12:18:53.319798
eb5016a0-51fd-4712-907d-da477fa57f37,dbac5ea3-5b05-4da5-9605-22ca37939234,4845d69c-d5d7-40e2-a911-c61dddd3d958,COVER_MECHANICAL_LICENSE,PROTECTED,True,False,True,False,True,GLOBAL,ALL,2020-01-01,2099-12-31,SecondHandSongs Index,https://secondhandsongs.com,2026-08-26T12:18:53.319798
aa40d5c1-6e9e-4ce4-bc48-e9f433930706,1ee26294-58b4-4b4b-9cf8-fd18eb6ebce9,19e97b2a-bd9a-41d8-ad3a-aeabb5b6a869,COVER_MECHANICAL_LICENSE,PROTECTED,True,False,True,False,True,GLOBAL,ALL,2020-01-01,2099-12-31,SecondHandSongs Index,https://secondhandsongs.com,2026-08-26T12:18:53.319798
e7fd2c22-edd7-4b29-a206-1f94c35f9785,72e97add-c77a-47a3-a58b-c0e9f4fdb952,dcca9385-e75f-4c37-9a68-35d0d1242a76,COVER_MECHANICAL_LICENSE,PROTECTED,True,False,True,False,True,GLOBAL,ALL,2020-01-01,2099-12-31,SecondHandSongs Index,https://secondhandsongs.com,2026-08-26T12:18:53.319798
b37d7195-cb4d-4afd-af6c-5641bb3b0faf,1b65687a-af74-4a15-b8a0-70da1f43962f,d0e669c7-f461-4470-91ed-21df76147489,COVER_MECHANICAL_LICENSE,PROTECTED,True,False,True,False,True,GLOBAL,ALL,2020-01-01,2099-12-31,SecondHandSongs Index,https://secondhandsongs.com,2026-08-26T12:18:53.319798
8477e600-0ddf-48fd-8fd4-cac4a2b88c36,16d688ff-6061-4ca0-8f1a-423cd0808bf6,8b798215-86d5-4142-8d2a-2aa7cf0dcad7,COVER_MECHANICAL_LICENSE,PROTECTED,True,False,True,False,True,GLOBAL,ALL,2020-01-01,2099-12-31,SecondHandSongs Index,https://secondhandsongs.com,2026-08-26T12:18:53.319798
b4dc2016-1642-4c44-a79a-336a3117ec22,ecaff54c-29d2-47d8-9519-c8cd4d3b76be,23a92384-0087-4abe-89f2-6d5acf78935e,COVER_MECHANICAL_LICENSE,PROTECTED,True,False,True,False,True,GLOBAL,ALL,2020-01-01,2099-12-31,SecondHandSongs Index,https://secondhandsongs.com,2026-08-26T12:18:53.319798
a79ae2f1-f72c-4e65-abf2-723973be53e0,e00f24cd-3bdb-45bf-839d-e36fb209571d,413e2491-fa56-44e5-bb09-604f5ef6be17,COVER_MECHANICAL_LICENSE,PROTECTED,True,False,True,False,True,GLOBAL,ALL,2020-01-01,2099-12-31,SecondHandSongs Index,https://secondhandsongs.com,2026-08-26T12:18:53.319798
338a622c-8df9-49da-b3b7-3d82fdb289af,84fcb489-3f6c-4bdc-9ba3-f27098ce8152,6ee35bca-6714-4571-b70c-99ab00a538ac,COVER_MECHANICAL_LICENSE,PROTECTED,True,False,True,False,True,GLOBAL,ALL,2020-01-01,2099-12-31,SecondHandSongs Index,https://secondhandsongs.com,2026-08-26T12:18:53.319798
045477c1-42d8-4dfb-83a5-fefc4a0eb313,b1223a69-4be9-4bfd-ac68-89ec6d9bbcdf,fd3fd41d-d910-46ca-8dee-1b1a3a242984,COVER_MECHANICAL_LICENSE,PROTECTED,True,False,True,False,True,GLOBAL,ALL,2020-01-01,2099-12-31,SecondHandSongs Index,https://secondhandsongs.com,2026-08-26T12:18:53.319798
29687ddb-cb11-42d3-b3aa-6435c4144a73,212ab4e4-5a2f-465c-8a02-b9d16fd7adec,e688f2a3-f15d-4c4f-90b9-68223175bc99,COVER_MECHANICAL_LICENSE,PROTECTED,True,False,True,False,True,GLOBAL,ALL,2020-01-01,2099-12-31,SecondHandSongs Index,https://secondhandsongs.com,2026-08-26T12:18:53.319798
9d333f18-3494-4b79-bbaa-d4fb74caa761,f3e859c9-e77f-4dfc-9a7a-72db77894ba3,d04048bd-d5d6-43e5-9a87-f72f19e2ed42,COVER_MECHANICAL_LICENSE,PROTECTED,True,False,True,False,True,GLOBAL,ALL,2020-01-01,2099-12-31,SecondHandSongs Index,https://secondhandsongs.com,2026-08-26T12:18:53.319798
e9c9bc70-d657-4d72-89a1-7bf2e4878811,cebb76cf-bdbc-4b1a-aec3-745caed2e156,0d659d61-021c-4e61-9918-425bbed9f66e,COVER_MECHANICAL_LICENSE,PROTECTED,True,False,True,False,True,GLOBAL,ALL,2020-01-01,2099-12-31,SecondHandSongs Index,https://secondhandsongs.com,2026-08-26T12:18:53.319798
9b75fb80-0192-4764-931b-8923bd13fbff,e0266809-f89a-46a6-ba21-5e730a2063b8,0ec1d7dc-d2d0-4fe8-af47-60902b9ac635,COVER_MECHANICAL_LICENSE,PROTECTED,True,False,True,False,True,GLOBAL,ALL,2020-01-01,2099-12-31,SecondHandSongs Index,https://secondhandsongs.com,2026-08-26T12:18:53.319798
193812f0-1fe7-4196-a693-36afbb145942,2cb0b8c3-c320-41fe-a6c3-d3087d24dee4,c835a53c-84d7-4f1d-aa80-e4464c08b6fe,COVER_MECHANICAL_LICENSE,PROTECTED,True,False,True,False,True,GLOBAL,ALL,2020-01-01,2099-12-31,SecondHandSongs Index,https://secondhandsongs.com,2026-08-26T12:18:53.319798
366c53e6-442b-4511-a631-d7834485cee5,682b6fa4-1641-41ff-9ccc-87959e92e519,5c467f83-5e2f-4711-aeb9-8f2a9aa16539,COVER_MECHANICAL_LICENSE,PROTECTED,True,False,True,False,True,GLOBAL,ALL,2020-01-01,2099-12-31,SecondHandSongs Index,https://secondhandsongs.com,2026-08-26T12:18:53.319798
7b22f47d-19fe-42ef-b46a-4d1197249a75,18a4c3d3-d324-4f33-912e-ad2f5e004e60,8b7ccc5a-3e22-49d6-85ce-3d02497f77d8,COVER_MECHANICAL_LICENSE,PROTECTED,True,False,True,False,True,GLOBAL,ALL,2020-01-01,2099-12-31,SecondHandSongs Index,https://secondhandsongs.com,2026-08-26T12:18:53.319798
64450f2a-40a1-444a-a6aa-6098ecb1d4a1,6a663f8c-51c8-456f-9e90-71338dea7651,69163612-e1d7-4a78-bdc4-49675008e5aa,COVER_MECHANICAL_LICENSE,PROTECTED,True,False,True,False,True,GLOBAL,ALL,2020-01-01,2099-12-31,SecondHandSongs Index,https://secondhandsongs.com,2026-08-26T12:18:53.319798
7a044984-b276-422c-8da9-324055b6bccb,f070bcd1-a792-4a37-a426-135d5da8fe5f,1350c4d0-92f7-4c7e-8c9a-bc51c804f383,COVER_MECHANICAL_LICENSE,PROTECTED,True,False,True,False,True,GLOBAL,ALL,2020-01-01,2099-12-31,SecondHandSongs Index,https://secondhandsongs.com,2026-08-26T12:18:53.319798
009c2755-95bd-45a2-a068-db3f907f5752,547e172b-5d9f-4b6a-a2a5-f5296d9b4cc6,4f9873f1-3151-4557-b8f4-fc75313005a9,COVER_MECHANICAL_LICENSE,PROTECTED,True,False,True,False,True,GLOBAL,ALL,2020-01-01,2099-12-31,SecondHandSongs Index,https://secondhandsongs.com,2026-08-26T12:18:53.319798
31e2ada3-78a7-4576-a268-6d55a59a379e,0c0539be-a907-4e01-a58d-5d5ed7a368f2,893df240-d22f-42de-b0f7-650d44be135f,COVER_MECHANICAL_LICENSE,PROTECTED,True,False,True,False,True,GLOBAL,ALL,2020-01-01,2099-12-31,SecondHandSongs Index,https://secondhandsongs.com,2026-08-26T12:18:53.319798
85a51fc7-416e-4c24-8f07-99a08178a81b,ec4a5bcf-fe02-4e19-83c2-04468559346a,0d59cc9e-7030-4d38-8ecb-5855c5e3b393,COVER_MECHANICAL_LICENSE,PROTECTED,True,False,True,False,True,GLOBAL,ALL,2020-01-01,2099-12-31,SecondHandSongs Index,https://secondhandsongs.com,2026-08-26T12:18:53.319798
dae16de8-d3a8-4768-a8c0-5ea8431efb90,3ed89f49-5ba6-4b81-967a-e655920fc24e,ca5c72ad-7505-4540-8ae7-42e18124a86c,COVER_MECHANICAL_LICENSE,PROTECTED,True,False,True,False,True,GLOBAL,ALL,2020-01-01,2099-12-31,SecondHandSongs Index,https://secondhandsongs.com,2026-08-26T12:18:53.319798
0b60e462-5cf1-4921-88bc-8aac3ab8836b,4b29867f-1c0a-4034-a9bb-b94e184bff48,46c75c44-6dcc-4176-872c-ecbedee2f5dd,COVER_MECHANICAL_LICENSE,PROTECTED,True,False,True,False,True,GLOBAL,ALL,2020-01-01,2099-12-31,SecondHandSongs Index,https://secondhandsongs.com,2026-08-26T12:18:53.319798
8af28e9e-786d-4260-bd34-d137d94ebfd6,5fdd3570-cc12-42e1-8aa6-2ece63bf1125,8ac24a24-a72d-4fcc-ad27-76b705b10899,COVER_MECHANICAL_LICENSE,PROTECTED,True,False,True,False,True,GLOBAL,ALL,2020-01-01,2099-12-31,SecondHandSongs Index,https://secondhandsongs.com,2026-08-26T12:18:53.319798
b91ea830-8ae7-43fa-871c-2a19689ca9f8,3faf93bf-9e8f-4179-a92c-b3cc626a9a28,0b62b691-d527-4eb1-bf41-4669ad02547d,COVER_MECHANICAL_LICENSE,PROTECTED,True,False,True,False,True,GLOBAL,ALL,2020-01-01,2099-12-31,SecondHandSongs Index,https://secondhandsongs.com,2026-08-26T12:18:53.319798
7cd0bfec-63a0-4427-95b4-bf7ad5c6c7fc,7a2afb05-7c0c-4006-a206-179e6681c4a4,4575d9a0-efca-4436-8b2a-a84744d3294a,COVER_MECHANICAL_LICENSE,PROTECTED,True,False,True,False,True,GLOBAL,ALL,2020-01-01,2099-12-31,SecondHandSongs Index,https://secondhandsongs.com,2026-08-26T12:18:53.319798
e991af7f-c784-4b8d-acbf-c0ec0008823a,20117b10-88c8-4f70-a1b1-36bc18899d7a,d0589361-cb44-4da6-997e-331523b9d512,COVER_MECHANICAL_LICENSE,PROTECTED,True,False,True,False,True,GLOBAL,ALL,2020-01-01,2099-12-31,SecondHandSongs Index,https://secondhandsongs.com,2026-08-26T12:18:53.319798
d60d66a4-dbd2-4eff-837d-128258ee291f,bbbb357b-100a-4277-82d0-c965006c2e6b,1814ba0f-a779-420c-9a50-d4640d8761d2,COVER_MECHANICAL_LICENSE,PROTECTED,True,False,True,False,True,GLOBAL,ALL,2020-01-01,2099-12-31,SecondHandSongs Index,https://secondhandsongs.com,2026-08-26T12:18:53.319798
ec149c76-3534-4bb9-97ef-10c4485efc3e,6967cdc0-6968-4458-860a-92a25f359e49,cfaf287c-a8be-45a5-aa10-9e427e3f3c63,COVER_MECHANICAL_LICENSE,PROTECTED,True,False,True,False,True,GLOBAL,ALL,2020-01-01,2099-12-31,SecondHandSongs Index,https://secondhandsongs.com,2026-08-26T12:18:53.319798
aae9475d-bda6-40c5-9469-e291ca3d70c2,86d9da8f-0c62-4908-b4ee-e4f8eb672a25,56c8c436-5939-4cba-8b35-f7a243d47191,COVER_MECHANICAL_LICENSE,PROTECTED,True,False,True,False,True,GLOBAL,ALL,2020-01-01,2099-12-31,SecondHandSongs Index,https://secondhandsongs.com,2026-08-26T12:18:53.319798
a315940f-a4ae-41df-b5fe-b4e6728adb97,c0fbe5ee-51e6-4bb6-b253-edea3551cc04,e1f2f6b7-6b46-48b6-8e41-1d51b1833ebd,COVER_MECHANICAL_LICENSE,PROTECTED,True,False,True,False,True,GLOBAL,ALL,2020-01-01,2099-12-31,SecondHandSongs Index,https://secondhandsongs.com,2026-08-26T12:18:53.319798
7fbdd700-a727-4cb4-96ae-8cb9fbe7c665,9cbb7a5c-00d8-4a9a-b39c-7742982ed792,9e995c0f-a00f-4207-b7e2-16b2c707f4f5,COVER_MECHANICAL_LICENSE,PROTECTED,True,False,True,False,True,GLOBAL,ALL,2020-01-01,2099-12-31,SecondHandSongs Index,https://secondhandsongs.com,2026-08-26T12:18:53.319798
e837ce6a-4251-42c4-9565-7754112f2791,02708952-e368-428f-b110-801bc58ae86d,2e14c1c6-4792-485c-93da-f4d9df58ab59,COVER_MECHANICAL_LICENSE,PROTECTED,True,False,True,False,True,GLOBAL,ALL,2020-01-01,2099-12-31,SecondHandSongs Index,https://secondhandsongs.com,2026-08-26T12:18:53.319798
cd6228ef-f0b9-40f3-9719-4ec06a763079,d3ff3d4d-3ab4-4666-95c1-226f6c77c048,a2155ca6-1f88-41c7-aa80-ffc5d92b21b9,COVER_MECHANICAL_LICENSE,PROTECTED,True,False,True,False,True,GLOBAL,ALL,2020-01-01,2099-12-31,SecondHandSongs Index,https://secondhandsongs.com,2026-08-26T12:18:53.319798
a60012f4-6743-40c7-8ff3-7f17a69e33ab,69734e71-1cea-4272-aaf9-c01908b82143,11587f10-b588-4516-8124-8de3276ebfab,COVER_MECHANICAL_LICENSE,PROTECTED,True,False,True,False,True,GLOBAL,ALL,2020-01-01,2099-12-31,SecondHandSongs Index,https://secondhandsongs.com,2026-08-26T12:18:53.319798
f81edef5-4a0f-430f-b881-3982fb93d511,25da4aeb-2c00-45f2-9c50-17572b4507e6,8e037ed1-f63c-4756-b48d-2ce9801cb2d7,COVER_MECHANICAL_LICENSE,PROTECTED,True,False,True,False,True,GLOBAL,ALL,2020-01-01,2099-12-31,SecondHandSongs Index,https://secondhandsongs.com,2026-08-26T12:18:53.319798
b2bdaafb-9d3c-46ba-8b93-13e8c2263fa9,7eb76557-a104-41e3-8d0c-d2f342325727,c34ba7d1-2e5b-4024-9fe1-598cc6205293,COVER_MECHANICAL_LICENSE,PROTECTED,True,False,True,False,True,GLOBAL,ALL,2020-01-01,2099-12-31,SecondHandSongs Index,https://secondhandsongs.com,2026-08-26T12:18:53.319798
43eee3da-e950-45da-920c-1888de999d04,200aa5b5-6a9d-4401-b15a-a01353f1b86c,a92df449-ce88-4e58-8026-7f6122711cd1,COVER_MECHANICAL_LICENSE,PROTECTED,True,False,True,False,True,GLOBAL,ALL,2020-01-01,2099-12-31,SecondHandSongs Index,https://secondhandsongs.com,2026-08-26T12:18:53.319798
8956f4fa-62bb-4fcb-8cab-c3fe0caaa064,bbb639ef-7295-49f1-a95e-cf49a99af3ab,989581ce-beee-49cd-ac22-7324df81e90f,COVER_MECHANICAL_LICENSE,PROTECTED,True,False,True,False,True,GLOBAL,ALL,2020-01-01,2099-12-31,SecondHandSongs Index,https://secondhandsongs.com,2026-08-26T12:18:53.319798
f42d8753-7c9c-4e0b-a5ba-637902fbb545,9393fd8d-be90-41db-83cb-74db1a795604,e2facaa5-69d4-44b4-90e7-73019180e79b,COVER_MECHANICAL_LICENSE,PROTECTED,True,False,True,False,True,GLOBAL,ALL,2020-01-01,2099-12-31,SecondHandSongs Index,https://secondhandsongs.com,2026-08-26T12:18:53.319798
e8376ee1-5cb5-4e0d-8e66-c1e4a749cf86,b0a4771e-5346-4c89-8c0a-73a0c3eeeac1,4f197dae-a6be-45e4-ab83-769465a9f6fb,COVER_MECHANICAL_LICENSE,PROTECTED,True,False,True,False,True,GLOBAL,ALL,2020-01-01,2099-12-31,SecondHandSongs Index,https://secondhandsongs.com,2026-08-26T12:18:53.319798
ca2556dc-df8c-46c0-a4dc-62aecd6b2098,58aba955-9aee-46a3-862c-f043bf1cdbe9,aaac9d16-c490-4f49-806a-30cf6a5c928d,COVER_MECHANICAL_LICENSE,PROTECTED,True,False,True,False,True,GLOBAL,ALL,2020-01-01,2099-12-31,SecondHandSongs Index,https://secondhandsongs.com,2026-08-26T12:18:53.319798
a812598a-9042-4800-9120-506495662b71,ed3f4fcf-fb1f-490b-9a1e-57d555cec8e9,37b84552-5956-44b6-90f3-7d4d38b05ce8,COVER_MECHANICAL_LICENSE,PROTECTED,True,False,True,False,True,GLOBAL,ALL,2020-01-01,2099-12-31,SecondHandSongs Index,https://secondhandsongs.com,2026-08-26T12:18:53.319798
6bcb5041-418a-4058-9987-5075191321e7,38eb7b2a-75c4-4e0c-9c8a-4f77e563c246,9a224f72-8b33-4c8e-b17d-38648a4a04c8,COVER_MECHANICAL_LICENSE,PROTECTED,True,False,True,False,True,GLOBAL,ALL,2020-01-01,2099-12-31,SecondHandSongs Index,https://secondhandsongs.com,2026-08-26T12:18:53.319798
4394c6d6-874a-4234-83f9-e8ca088b0f12,d01d0ece-05e8-466b-8ce5-bdd4f4f22835,b900ca76-8146-46b4-aab8-24a378d356bb,COVER_MECHANICAL_LICENSE,PROTECTED,True,False,True,False,True,GLOBAL,ALL,2020-01-01,2099-12-31,SecondHandSongs Index,https://secondhandsongs.com,2026-08-26T12:18:53.319798
7366373c-71fa-4008-b5a0-dcff5c05328b,d4069a17-48b3-4c89-bb65-d8375de54c3c,0a42c208-4d9a-4163-8b40-86ef5bd3d64d,COVER_MECHANICAL_LICENSE,PROTECTED,True,False,True,False,True,GLOBAL,ALL,2020-01-01,2099-12-31,SecondHandSongs Index,https://secondhandsongs.com,2026-08-26T12:18:53.319798
c4d0b609-55fd-480a-a59d-e482c5a229ea,622c6b1f-a068-46e0-ba1c-ed260c816867,1fead3fe-6749-4b88-a84f-97f9c8530c00,COVER_MECHANICAL_LICENSE,PROTECTED,True,False,True,False,True,GLOBAL,ALL,2020-01-01,2099-12-31,SecondHandSongs Index,https://secondhandsongs.com,2026-08-26T12:18:53.319798
9254d074-7ddf-4444-aa1c-120056db504d,bc5b1400-92e8-4775-bbb5-4daadc87a51d,106058df-f517-4022-94a1-539b1b702809,COVER_MECHANICAL_LICENSE,PROTECTED,True,False,True,False,True,GLOBAL,ALL,2020-01-01,2099-12-31,SecondHandSongs Index,https://secondhandsongs.com,2026-08-26T12:18:53.319798
a25e6c4f-4362-4f9a-a258-692e3b611cc7,f51969fd-70d0-4922-9015-d1f1f4b2fba0,1ce2e338-0ef1-40ef-8a86-01ed82c36642,COVER_MECHANICAL_LICENSE,PROTECTED,True,False,True,False,True,GLOBAL,ALL,2020-01-01,2099-12-31,SecondHandSongs Index,https://secondhandsongs.com,2026-08-26T12:18:53.319798
fa5a9166-e646-485e-9830-3db6e41f5bf6,cfa1a382-72b1-4ea4-9241-bba6062ffa76,e9226289-87d9-4fbc-964a-d73b04911d70,COVER_MECHANICAL_LICENSE,PROTECTED,True,False,True,False,True,GLOBAL,ALL,2020-01-01,2099-12-31,SecondHandSongs Index,https://secondhandsongs.com,2026-08-26T12:18:53.319798
e1373e73-b21c-4fca-96a3-3d2e67db8707,48e04f39-244e-47de-b2a9-aa79a80c6675,8ef9ac3c-a9d9-418b-b180-4667ec4e671a,COVER_MECHANICAL_LICENSE,PROTECTED,True,False,True,False,True,GLOBAL,ALL,2020-01-01,2099-12-31,SecondHandSongs Index,https://secondhandsongs.com,2026-08-26T12:18:53.319798
d1bb0d2d-ef3f-4ac6-ac79-204381472cac,daab3050-9790-4e73-a4e0-b37c06548e47,6cebeda3-ee19-46f6-b756-9b58ae8b3608,COVER_MECHANICAL_LICENSE,PROTECTED,True,False,True,False,True,GLOBAL,ALL,2020-01-01,2099-12-31,SecondHandSongs Index,https://secondhandsongs.com,2026-08-26T12:18:53.319798
b471ba71-97c6-4122-843d-3d1892d0ed47,bf2d9249-a443-4e2c-9285-9406b17606b8,e482777c-c418-4c18-855b-eb60d7ef504b,COVER_MECHANICAL_LICENSE,PROTECTED,True,False,True,False,True,GLOBAL,ALL,2020-01-01,2099-12-31,SecondHandSongs Index,https://secondhandsongs.com,2026-08-26T12:18:53.319798
a95da28e-0e7b-4e03-8b1b-be3b092575e2,65e5ffa4-1303-4635-a4d6-8d40bcf7c111,36c5e13a-0b8d-41c9-9519-03fb04296c0e,COVER_MECHANICAL_LICENSE,PROTECTED,True,False,True,False,True,GLOBAL,ALL,2020-01-01,2099-12-31,SecondHandSongs Index,https://secondhandsongs.com,2026-08-26T12:18:53.319798
0de4aaa0-61e6-44fe-ad96-59a888080d17,207294dd-7a28-4d0a-9dfa-83334e708431,1185f5bc-a317-48c8-9454-c456e71d1692,COVER_MECHANICAL_LICENSE,PROTECTED,True,False,True,False,True,GLOBAL,ALL,2020-01-01,2099-12-31,SecondHandSongs Index,https://secondhandsongs.com,2026-08-26T12:18:53.319798
399d986e-60c5-42bd-8787-e8d87e8adc9a,790a83fc-ddc5-4c77-bba1-faa557740994,bd8cb312-ac5b-4bf2-bcd4-d6c2d061a7d3,COVER_MECHANICAL_LICENSE,PROTECTED,True,False,True,False,True,GLOBAL,ALL,2020-01-01,2099-12-31,SecondHandSongs Index,https://secondhandsongs.com,2026-08-26T12:18:53.319798
211663ad-53ef-4f71-8d82-27275ba698f7,6a62a14c-dbd3-4637-bb53-1f26390f140b,5719bf7b-7808-4084-bdfa-c0b2eebbfb43,COVER_MECHANICAL_LICENSE,PROTECTED,True,False,True,False,True,GLOBAL,ALL,2020-01-01,2099-12-31,SecondHandSongs Index,https://secondhandsongs.com,2026-08-26T12:18:53.319798
0a87d614-edad-47b7-a9a4-ac26c23977b8,9eddac0f-c01c-4ed6-9c1b-0691f3ff0dae,700f1287-8937-4de5-928d-899c1b44e539,COVER_MECHANICAL_LICENSE,PROTECTED,True,False,True,False,True,GLOBAL,ALL,2020-01-01,2099-12-31,SecondHandSongs Index,https://secondhandsongs.com,2026-08-26T12:18:53.319798
b7ece620-0e7c-4f4f-98fa-9bf85ea88c39,0e70f622-4778-4d4c-9f80-dda9adfcb1e1,f6edf210-d687-4f8d-9cac-e440d59b7986,COVER_MECHANICAL_LICENSE,PROTECTED,True,False,True,False,True,GLOBAL,ALL,2020-01-01,2099-12-31,SecondHandSongs Index,https://secondhandsongs.com,2026-08-26T12:18:53.319798
a5f445d5-65ee-41f9-8d4f-408505a1791c,fff0eaf9-e6d2-4c75-b5f9-7455f0e5b081,8f61a588-df60-4518-bc02-dcff4bd92c86,COVER_MECHANICAL_LICENSE,PROTECTED,True,False,True,False,True,GLOBAL,ALL,2020-01-01,2099-12-31,SecondHandSongs Index,https://secondhandsongs.com,2026-08-26T12:18:53.319798
6f167d0e-7670-4c84-8d1e-6f61654a2379,19c279e2-f429-4afc-8a5e-8f8ccfe66a54,3e15b965-9371-4638-8c21-e54545b865f2,COVER_MECHANICAL_LICENSE,PROTECTED,True,False,True,False,True,GLOBAL,ALL,2020-01-01,2099-12-31,SecondHandSongs Index,https://secondhandsongs.com,2026-08-26T12:18:53.319798
58cfdba0-2d28-4d71-8922-be9202d864b8,8897b9c0-6936-481d-bb1b-042d338dc4c3,a50ba0b6-8f66-4aea-8ae7-edcfbcef61a4,COVER_MECHANICAL_LICENSE,PROTECTED,True,False,True,False,True,GLOBAL,ALL,2020-01-01,2099-12-31,SecondHandSongs Index,https://secondhandsongs.com,2026-08-26T12:18:53.319798
4cca10c5-8c1f-42f6-b7fe-aef2280217b2,3563ffd5-ae6f-46da-bf83-e5ee6865f5f6,139bb514-cb5e-4fd3-90a7-217d361ee31d,COVER_MECHANICAL_LICENSE,PROTECTED,True,False,True,False,True,GLOBAL,ALL,2020-01-01,2099-12-31,SecondHandSongs Index,https://secondhandsongs.com,2026-08-26T12:18:53.319798
a81db6f2-ee57-46f6-b8d6-8616787e607b,06a41e27-dee9-4982-91a0-670e8dfaed02,cf02705b-e413-42b7-8321-d34b813d6c97,COVER_MECHANICAL_LICENSE,PROTECTED,True,False,True,False,True,GLOBAL,ALL,2020-01-01,2099-12-31,SecondHandSongs Index,https://secondhandsongs.com,2026-08-26T12:18:53.319798
6b7f40c9-5233-422f-b101-ad3ad3642c34,a9297801-7068-4278-8808-f80e685ff33f,a04125b6-6034-4144-927f-a4413737e86b,COVER_MECHANICAL_LICENSE,PROTECTED,True,False,True,False,True,GLOBAL,ALL,2020-01-01,2099-12-31,SecondHandSongs Index,https://secondhandsongs.com,2026-08-26T12:18:53.319798
4feaeebe-be0e-4c2a-a64e-30def37ee21c,f4ba53e3-d070-468d-8acb-396af3eddfb6,5740ec8d-0ca2-48f2-92ae-e768ce076ba6,COVER_MECHANICAL_LICENSE,PROTECTED,True,False,True,False,True,GLOBAL,ALL,2020-01-01,2099-12-31,SecondHandSongs Index,https://secondhandsongs.com,2026-08-26T12:18:53.319798
dd854d60-4668-4b24-a252-f918b45f53d9,59c97654-a24a-468c-b9e8-2bd27b302590,7ab0261a-bd9d-4157-93ca-844ea4848d98,COVER_MECHANICAL_LICENSE,PROTECTED,True,False,True,False,True,GLOBAL,ALL,2020-01-01,2099-12-31,SecondHandSongs Index,https://secondhandsongs.com,2026-08-26T12:18:53.319798
08877d0a-e32a-48c5-8128-f0541a99c280,336aa569-d6cd-4fdb-b5c7-6a17103d611b,6aa8ab38-dd4c-45d5-8300-2ddc320b6f4d,COVER_MECHANICAL_LICENSE,PROTECTED,True,False,True,False,True,GLOBAL,ALL,2020-01-01,2099-12-31,SecondHandSongs Index,https://secondhandsongs.com,2026-08-26T12:18:53.319798
d069ccd1-f8b9-485c-9d97-f2f33d68cef5,f24388bb-2145-4318-913d-6d35185afea6,ad0ced95-65a5-4eee-b91c-168d4290de28,COVER_MECHANICAL_LICENSE,PROTECTED,True,False,True,False,True,GLOBAL,ALL,2020-01-01,2099-12-31,SecondHandSongs Index,https://secondhandsongs.com,2026-08-26T12:18:53.319798
c64856d9-b59a-42c5-9bdc-7263ffd8fa3d,1c32b91c-4481-4fc8-a600-edf0c1b8f557,17d8e11b-4872-4409-aa3f-860567c30ea7,COVER_MECHANICAL_LICENSE,PROTECTED,True,False,True,False,True,GLOBAL,ALL,2020-01-01,2099-12-31,SecondHandSongs Index,https://secondhandsongs.com,2026-08-26T12:18:53.319798
4294f9a6-927b-4d40-ac0f-0723ba99b60e,d9d35c0e-e360-4342-9ec7-6c907d36c2af,abd4fa8c-5fb2-431d-9ee8-583734156e46,COVER_MECHANICAL_LICENSE,PROTECTED,True,False,True,False,True,GLOBAL,ALL,2020-01-01,2099-12-31,SecondHandSongs Index,https://secondhandsongs.com,2026-08-26T12:18:53.319798
f7c6dc4a-affd-43d8-9946-5d95925b6353,4e5c996d-f4fa-4fef-9bc8-c2cb84d3f0ec,15b08d17-34a1-4cba-ba2a-afca70b81934,COVER_MECHANICAL_LICENSE,PROTECTED,True,False,True,False,True,GLOBAL,ALL,2020-01-01,2099-12-31,SecondHandSongs Index,https://secondhandsongs.com,2026-08-26T12:18:53.319798
ee784a2b-aaf0-4aea-a65a-299c54dc3585,dcb3409b-8a63-4ddb-b2dc-ef49d8df8739,7e44cdd8-6fc2-40b0-9805-9edea396d813,COVER_MECHANICAL_LICENSE,PROTECTED,True,False,True,False,True,GLOBAL,ALL,2020-01-01,2099-12-31,SecondHandSongs Index,https://secondhandsongs.com,2026-08-26T12:18:53.319798
186a6843-8945-4a54-8aa4-1c42482dce9a,953c68a0-b4d4-44e5-82cb-a871850abb61,abce1da9-d0c7-4242-a8e3-94e5009544d5,COVER_MECHANICAL_LICENSE,PROTECTED,True,False,True,False,True,GLOBAL,ALL,2020-01-01,2099-12-31,SecondHandSongs Index,https://secondhandsongs.com,2026-08-26T12:18:53.319798
816bf8ce-29a5-41ae-b008-08250adec512,bff931be-56a6-45ea-a3f7-6bd454a27c2f,0061d3d9-0704-45e4-9b27-68fb0ca59d6e,COVER_MECHANICAL_LICENSE,PROTECTED,True,False,True,False,True,GLOBAL,ALL,2020-01-01,2099-12-31,SecondHandSongs Index,https://secondhandsongs.com,2026-08-26T12:18:53.319798
d5179a81-da4e-47f2-b3ad-9c939a95270e,ddc1ac98-d484-4838-9b25-00dd8acf062c,f9066f64-9c0a-4449-a517-4dda90c9b242,COVER_MECHANICAL_LICENSE,PROTECTED,True,False,True,False,True,GLOBAL,ALL,2020-01-01,2099-12-31,SecondHandSongs Index,https://secondhandsongs.com,2026-08-26T12:18:53.319798
79d64275-b42d-4765-825b-808934302dfa,217bc65f-e9e6-4765-9bee-cd5ae8b1093d,0967e4b1-7d35-44f8-af8f-1f8262b3675c,COVER_MECHANICAL_LICENSE,PROTECTED,True,False,True,False,True,GLOBAL,ALL,2020-01-01,2099-12-31,SecondHandSongs Index,https://secondhandsongs.com,2026-08-26T12:18:53.319798
e23941d4-cc0b-4a41-9919-630185e76a2f,5b4e2488-beca-4f86-af02-77a54d1267eb,ae5fb751-1753-45e7-b5b5-d2c08b1ff010,COVER_MECHANICAL_LICENSE,PROTECTED,True,False,True,False,True,GLOBAL,ALL,2020-01-01,2099-12-31,SecondHandSongs Index,https://secondhandsongs.com,2026-08-26T12:18:53.319798
ea337dea-644b-433e-bdd6-c98bda9b2138,5d650350-328f-4b8d-83d9-96b7df150c18,e3400d0a-15c0-4fd7-b5a0-fa89ce6c3545,COVER_MECHANICAL_LICENSE,PROTECTED,True,False,True,False,True,GLOBAL,ALL,2020-01-01,2099-12-31,SecondHandSongs Index,https://secondhandsongs.com,2026-08-26T12:18:53.319798
ffc0c272-f63c-4d06-abe2-c95387126a69,729f9be3-d4f3-4738-8822-819db9a13e10,7fbd72d8-8b0c-44a7-8f14-4e9f62b2520f,COVER_MECHANICAL_LICENSE,PROTECTED,True,False,True,False,True,GLOBAL,ALL,2020-01-01,2099-12-31,SecondHandSongs Index,https://secondhandsongs.com,2026-08-26T12:18:53.319798
923191d6-656d-4887-8546-9df36abc45da,c36d92e2-6693-4d28-a62c-3ed6db9c14c0,ba80c9c4-cee5-4a7b-8e47-1a53fa9c4a6e,COVER_MECHANICAL_LICENSE,PROTECTED,True,False,True,False,True,GLOBAL,ALL,2020-01-01,2099-12-31,SecondHandSongs Index,https://secondhandsongs.com,2026-08-26T12:18:53.319798
91c9066a-7a1c-4ed0-a6b2-17eb3dcbfca1,cb8ed4cb-a440-434d-92b7-5daf9a33be2b,d0db56e8-5971-42d3-b631-0f7754779c07,COVER_MECHANICAL_LICENSE,PROTECTED,True,False,True,False,True,GLOBAL,ALL,2020-01-01,2099-12-31,SecondHandSongs Index,https://secondhandsongs.com,2026-08-26T12:18:53.319798
8ddd3e0c-2bb7-42ba-bab3-8d85979367cc,4ddd1674-edd3-4880-9020-08172947c53a,f78d78db-9b67-4132-991e-ec67f26fa8bf,COVER_MECHANICAL_LICENSE,PROTECTED,True,False,True,False,True,GLOBAL,ALL,2020-01-01,2099-12-31,SecondHandSongs Index,https://secondhandsongs.com,2026-08-26T12:18:53.319798
649978f6-0377-472a-82ff-49a1aff7c761,63117c80-0d51-4014-a55a-12ac0b5ed52f,b7408ced-e694-483b-960d-5d3e5e9e8e87,COVER_MECHANICAL_LICENSE,PROTECTED,True,False,True,False,True,GLOBAL,ALL,2020-01-01,2099-12-31,SecondHandSongs Index,https://secondhandsongs.com,2026-08-26T12:18:53.319798
5f0d1ecd-cb55-4ca6-b904-f47f89606635,8737f242-7930-4eac-9f0c-2ca7a63c8ae4,a4402ab7-913e-4d94-bd2e-ccbe79b13b36,COVER_MECHANICAL_LICENSE,PROTECTED,True,False,True,False,True,GLOBAL,ALL,2020-01-01,2099-12-31,SecondHandSongs Index,https://secondhandsongs.com,2026-08-26T12:18:53.319798
ab8bab7b-d48b-4a45-9efa-d91571e0f2ff,67e001fa-aa32-41ae-a2d5-251758e4485b,34191ba4-8319-48b4-802f-c9d416a5b22b,COVER_MECHANICAL_LICENSE,PROTECTED,True,False,True,False,True,GLOBAL,ALL,2020-01-01,2099-12-31,SecondHandSongs Index,https://secondhandsongs.com,2026-08-26T12:18:53.319798
1eb3dedb-bfb6-43e0-9d86-833cd80a34c3,cc1fc3ad-c3fb-465f-beb9-f4fbe2a035e9,679273c6-ffa7-4030-87e2-48c4a5aa9a4a,COVER_MECHANICAL_LICENSE,PROTECTED,True,False,True,False,True,GLOBAL,ALL,2020-01-01,2099-12-31,SecondHandSongs Index,https://secondhandsongs.com,2026-08-26T12:18:53.319798
af03fa0a-a22d-45ff-8e18-bbd07279c6c4,28940be1-d289-41d3-9e62-dde3d20516bf,dc0cb907-1ae1-4aeb-81c9-a0424586ca68,COVER_MECHANICAL_LICENSE,PROTECTED,True,False,True,False,True,GLOBAL,ALL,2020-01-01,2099-12-31,SecondHandSongs Index,https://secondhandsongs.com,2026-08-26T12:18:53.319798
23771279-71b2-44ae-a33c-b1cde92982c8,d5864d4c-9161-4e90-bc5e-4f31ffcefd5c,455849cf-cde1-450b-a67e-977d10ce1a78,COVER_MECHANICAL_LICENSE,PROTECTED,True,False,True,False,True,GLOBAL,ALL,2020-01-01,2099-12-31,SecondHandSongs Index,https://secondhandsongs.com,2026-08-26T12:18:53.319798
48a7a914-9f34-4b87-8bce-427338ec0383,f8f15522-008d-4733-bdea-9f334073f72a,6f51e6a4-8390-4f8d-a2bf-62f6f01e2958,COVER_MECHANICAL_LICENSE,PROTECTED,True,False,True,False,True,GLOBAL,ALL,2020-01-01,2099-12-31,SecondHandSongs Index,https://secondhandsongs.com,2026-08-26T12:18:53.319798
25a78ccd-ec93-41fd-b3ae-fb70988e7f27,2f72ce63-ee55-4268-82de-da22d702c191,72c7a9cb-3e71-47a9-9935-fb2ac3498ce6,COVER_MECHANICAL_LICENSE,PROTECTED,True,False,True,False,True,GLOBAL,ALL,2020-01-01,2099-12-31,SecondHandSongs Index,https://secondhandsongs.com,2026-08-26T12:18:53.319798
b44882b9-5b11-43c0-afc4-8b2574393ad8,16343561-6825-4d08-b691-4a3dfbecc901,3139beb3-592a-4d68-9cee-043cf466a76a,COVER_MECHANICAL_LICENSE,PROTECTED,True,False,True,False,True,GLOBAL,ALL,2020-01-01,2099-12-31,SecondHandSongs Index,https://secondhandsongs.com,2026-08-26T12:18:53.319798
292799bf-0a8a-4929-a6ec-62941e4d868b,ecf3605e-e7be-47ab-b1e3-7da9ed0e2d08,2500841c-b2ac-43c4-9ba1-fd1780e38d51,COVER_MECHANICAL_LICENSE,PROTECTED,True,False,True,False,True,GLOBAL,ALL,2020-01-01,2099-12-31,SecondHandSongs Index,https://secondhandsongs.com,2026-08-26T12:18:53.319798
49f6c06b-eb80-4fbd-9019-53b09b944d47,cbfb66e0-a4f5-4629-97b0-08d6ad4b0b56,e3cbbeae-e614-4acd-a022-a087e54b39e0,COVER_MECHANICAL_LICENSE,PROTECTED,True,False,True,False,True,GLOBAL,ALL,2020-01-01,2099-12-31,SecondHandSongs Index,https://secondhandsongs.com,2026-08-26T12:18:53.319798
cb1ab144-ea5e-40c1-9dfe-ebe679c114a2,4ae09f7d-f25b-4d30-ba3f-a38f4a2d1c52,431211b0-faaf-420c-8bd4-b838bb8ca4c6,COVER_MECHANICAL_LICENSE,PROTECTED,True,False,True,False,True,GLOBAL,ALL,2020-01-01,2099-12-31,SecondHandSongs Index,https://secondhandsongs.com,2026-08-26T12:18:53.319798
faf315be-dc2c-41fa-9158-299c274efe5f,34745bd5-d52a-474f-9afc-b3e6caab85ec,065dfea3-d132-4557-9884-27e0e7d1c51a,COVER_MECHANICAL_LICENSE,PROTECTED,True,False,True,False,True,GLOBAL,ALL,2020-01-01,2099-12-31,SecondHandSongs Index,https://secondhandsongs.com,2026-08-26T12:18:53.319798
d2ffc86c-32b4-4acb-9d82-f5da144c5540,dc6bb3f5-c395-4566-bfba-036749eae6f2,b4e977b2-0cb9-426e-9c0b-aa65823fbc97,COVER_MECHANICAL_LICENSE,PROTECTED,True,False,True,False,True,GLOBAL,ALL,2020-01-01,2099-12-31,SecondHandSongs Index,https://secondhandsongs.com,2026-08-26T12:18:53.319798
9daddd5b-2898-4a16-811f-a1e00c65f4f7,3004789a-e965-40b9-b71e-983b1b8b8f77,84d2e976-ce25-47bc-9af8-578dfa591058,COVER_MECHANICAL_LICENSE,PROTECTED,True,False,True,False,True,GLOBAL,ALL,2020-01-01,2099-12-31,SecondHandSongs Index,https://secondhandsongs.com,2026-08-26T12:18:53.319798
c9431a03-0be1-486c-855f-89bfb4c7d62e,9cc1e7b1-e65c-45f0-a14d-17beb54cbdce,8f309ea3-b3bc-4559-8bfe-d4c76a97ce9e,COVER_MECHANICAL_LICENSE,PROTECTED,True,False,True,False,True,GLOBAL,ALL,2020-01-01,2099-12-31,SecondHandSongs Index,https://secondhandsongs.com,2026-08-26T12:18:53.319798
0978c104-5bde-4f25-bac2-4eae91abc31c,e0fc96a2-a5ab-418c-a498-9ff37e043dc1,f47e17e0-5714-470c-8da5-7b0c257b3bd1,COVER_MECHANICAL_LICENSE,PROTECTED,True,False,True,False,True,GLOBAL,ALL,2020-01-01,2099-12-31,SecondHandSongs Index,https://secondhandsongs.com,2026-08-26T12:18:53.319798
d28e69c8-c7c3-47ed-a33f-3d8fce5788f8,0e64570b-de2e-494a-a337-88773089d661,b7921248-fd19-462a-8ff2-e3d2698508d9,COVER_MECHANICAL_LICENSE,PROTECTED,True,False,True,False,True,GLOBAL,ALL,2020-01-01,2099-12-31,SecondHandSongs Index,https://secondhandsongs.com,2026-08-26T12:18:53.319798
68f1901a-dfb2-4b41-98ab-6c95c7b4809f,34c32a4f-3f4a-4373-8498-7de8bd4fb4dc,757d2322-01e8-4453-81f7-9626563d8e15,COVER_MECHANICAL_LICENSE,PROTECTED,True,False,True,False,True,GLOBAL,ALL,2020-01-01,2099-12-31,SecondHandSongs Index,https://secondhandsongs.com,2026-08-26T12:18:53.319798
06ed93a7-ce16-495c-8df8-97b82a222514,928ad61d-bc8a-40a4-b1be-595ca2c9e25a,6736e8cd-9817-4cf1-aaf0-2a1b9390be91,COVER_MECHANICAL_LICENSE,PROTECTED,True,False,True,False,True,GLOBAL,ALL,2020-01-01,2099-12-31,SecondHandSongs Index,https://secondhandsongs.com,2026-08-26T12:18:53.319798
e5301b40-7f72-4f46-bb9f-c3f3ba0b78b5,f13e4dd9-4ed5-48b9-8f6c-a4fe1cf84753,3222f193-3d20-4672-b5f3-91090ceff967,COVER_MECHANICAL_LICENSE,PROTECTED,True,False,True,False,True,GLOBAL,ALL,2020-01-01,2099-12-31,SecondHandSongs Index,https://secondhandsongs.com,2026-08-26T12:18:53.319798
08c1351f-ac1b-4988-892a-b711e27f554d,8fbef2ff-b41b-421e-bbb1-afeb25fa53ed,6dafc255-fea7-4aaa-8d77-a155c4fb325d,COVER_MECHANICAL_LICENSE,PROTECTED,True,False,True,False,True,GLOBAL,ALL,2020-01-01,2099-12-31,SecondHandSongs Index,https://secondhandsongs.com,2026-08-26T12:18:53.319798
4e068168-7dd5-486b-b167-e3839e185ac2,53344132-f363-4a2c-8627-d80cd6bfebff,67993833-178d-41ee-b12d-e5b0487545b6,COVER_MECHANICAL_LICENSE,PROTECTED,True,False,True,False,True,GLOBAL,ALL,2020-01-01,2099-12-31,SecondHandSongs Index,https://secondhandsongs.com,2026-08-26T12:18:53.319798
58b66513-35dd-4b74-beef-9aa328578838,91ce73d5-b823-4b7b-85fd-3d3ab71e0527,2a19b86c-6421-460f-9a90-89bf52536df5,COVER_MECHANICAL_LICENSE,PROTECTED,True,False,True,False,True,GLOBAL,ALL,2020-01-01,2099-12-31,SecondHandSongs Index,https://secondhandsongs.com,2026-08-26T12:18:53.319798
70407aec-0ddb-42de-9bc0-9bc13fb81c44,bcd59726-198d-49ff-aa73-19570d55bb02,75089562-4a85-4f93-a331-83208fc45ebd,COVER_MECHANICAL_LICENSE,PROTECTED,True,False,True,False,True,GLOBAL,ALL,2020-01-01,2099-12-31,SecondHandSongs Index,https://secondhandsongs.com,2026-08-26T12:18:53.319798
3c59733f-998d-4854-8e93-9dbe440c67ef,ddd9579f-43ef-4d46-974f-6e9183a533e0,ffa8ce98-4c1f-4995-9655-88fe5c6c8bf4,COVER_MECHANICAL_LICENSE,PROTECTED,True,False,True,False,True,GLOBAL,ALL,2020-01-01,2099-12-31,SecondHandSongs Index,https://secondhandsongs.com,2026-08-26T12:18:53.319798
5b8bda04-6a4b-456d-bb66-8dd851bb5fba,f076d2bf-7d20-4933-a825-5065e799035f,f01a9e98-3328-4fc8-bd78-91e04d5fc9be,COVER_MECHANICAL_LICENSE,PROTECTED,True,False,True,False,True,GLOBAL,ALL,2020-01-01,2099-12-31,SecondHandSongs Index,https://secondhandsongs.com,2026-08-26T12:18:53.319798
a3c47f3e-934a-4d8d-9ec7-d301578d1922,6f84ef37-d543-449a-b1fb-19db4a729bd9,5cc1dc67-3ed6-4dc6-864f-130d6547d65a,COVER_MECHANICAL_LICENSE,PROTECTED,True,False,True,False,True,GLOBAL,ALL,2020-01-01,2099-12-31,SecondHandSongs Index,https://secondhandsongs.com,2026-08-26T12:18:53.319798
428fd1f2-4f49-4c35-8a30-45cd232c8d62,b5b1ab47-7e7b-476b-9523-6dff37a036d4,624a3ee3-0cc1-4b4e-8435-1c1d6ec9d238,COVER_MECHANICAL_LICENSE,PROTECTED,True,False,True,False,True,GLOBAL,ALL,2020-01-01,2099-12-31,SecondHandSongs Index,https://secondhandsongs.com,2026-08-26T12:18:53.319798
ab4abb92-5cda-4af9-b2e5-c1eabf36feb5,e1379f35-8bc3-4f19-bf3b-fa03a71fefc6,b38ba223-ff89-4009-a466-05ee8b1a941a,COVER_MECHANICAL_LICENSE,PROTECTED,True,False,True,False,True,GLOBAL,ALL,2020-01-01,2099-12-31,SecondHandSongs Index,https://secondhandsongs.com,2026-08-26T12:18:53.319798
356c2a2b-0ead-4097-96fd-0ca7deeddec1,7091ff3c-1e2f-48ce-839b-412baa1331da,1882d096-0186-4f3d-a70b-1e2261938b3e,COVER_MECHANICAL_LICENSE,PROTECTED,True,False,True,False,True,GLOBAL,ALL,2020-01-01,2099-12-31,SecondHandSongs Index,https://secondhandsongs.com,2026-08-26T12:18:53.319798
52e78b7f-922e-4a45-866a-a55b0f139d0c,75f8315a-f21c-4b93-b090-75353d02d5e8,3649ce89-c910-4f95-9f63-88bc7717f63d,COVER_MECHANICAL_LICENSE,PROTECTED,True,False,True,False,True,GLOBAL,ALL,2020-01-01,2099-12-31,SecondHandSongs Index,https://secondhandsongs.com,2026-08-26T12:18:53.319798
235fbbbb-dcb7-419f-bc5a-330a94e25620,b7eaa324-6cb2-47b8-a477-ba8381afa63b,1c363adc-c84a-49a7-b9db-ea619dba7004,COVER_MECHANICAL_LICENSE,PROTECTED,True,False,True,False,True,GLOBAL,ALL,2020-01-01,2099-12-31,SecondHandSongs Index,https://secondhandsongs.com,2026-08-26T12:18:53.319798
cfee4091-21dd-4133-9dbe-4a2dcfc48cac,a9280810-085c-4246-8979-a9b0813b9b42,d04c32c5-b55c-48b1-97db-9d1745327e5b,COVER_MECHANICAL_LICENSE,PROTECTED,True,False,True,False,True,GLOBAL,ALL,2020-01-01,2099-12-31,SecondHandSongs Index,https://secondhandsongs.com,2026-08-26T12:18:53.319798
08237f21-fc8f-436a-986d-3470071852ae,d44a1334-c14f-439a-933b-28cf9bfb85e1,58ecdc63-3ed6-4f58-860e-471052ce2ab0,COVER_MECHANICAL_LICENSE,PROTECTED,True,False,True,False,True,GLOBAL,ALL,2020-01-01,2099-12-31,SecondHandSongs Index,https://secondhandsongs.com,2026-08-26T12:18:53.319798
66d0e4ac-1a0e-484b-928e-69222a3681d4,4a0a4e63-b46e-426e-a4b8-52f89110e12d,81004322-1f77-4c38-ba13-1cabe715b7cc,COVER_MECHANICAL_LICENSE,PROTECTED,True,False,True,False,True,GLOBAL,ALL,2020-01-01,2099-12-31,SecondHandSongs Index,https://secondhandsongs.com,2026-08-26T12:18:53.319798
762906c8-ba1a-4619-9898-6c56a380ce74,5636bb96-c259-463d-b74b-042d7481e840,338637b9-de09-4ff9-9dd0-e3d3b6e3894b,COVER_MECHANICAL_LICENSE,PROTECTED,True,False,True,False,True,GLOBAL,ALL,2020-01-01,2099-12-31,SecondHandSongs Index,https://secondhandsongs.com,2026-08-26T12:18:53.319798
b45c1d32-9950-450b-b5f9-6ae40f5591a0,4dfc64a8-2b0b-4746-bf53-33ba05813bc0,023ad67c-3eed-4dfd-8acc-66a231ff6698,COVER_MECHANICAL_LICENSE,PROTECTED,True,False,True,False,True,GLOBAL,ALL,2020-01-01,2099-12-31,SecondHandSongs Index,https://secondhandsongs.com,2026-08-26T12:18:53.319798
b71e7429-8166-48a9-89bd-28ce9a495648,506a1d4f-b05b-401f-8d13-cf66514e2272,66fc47d3-9589-4408-9d7a-aeabf57a6c6f,COVER_MECHANICAL_LICENSE,PROTECTED,True,False,True,False,True,GLOBAL,ALL,2020-01-01,2099-12-31,SecondHandSongs Index,https://secondhandsongs.com,2026-08-26T12:18:53.319798
8110fcc3-a600-4fe9-82f5-4342777f406e,b3290547-7464-47f8-91e4-5727b9ce2364,11e8cf8d-62b8-4668-850e-edec0812d11c,COVER_MECHANICAL_LICENSE,PROTECTED,True,False,True,False,True,GLOBAL,ALL,2020-01-01,2099-12-31,SecondHandSongs Index,https://secondhandsongs.com,2026-08-26T12:18:53.319798
d75652fb-8354-468c-ab82-7b5217848a27,4bee459b-4452-45b1-8bc2-95dc3a655aea,7e5e9f78-c652-4889-a3e2-dea3cba9d477,COVER_MECHANICAL_LICENSE,PROTECTED,True,False,True,False,True,GLOBAL,ALL,2020-01-01,2099-12-31,SecondHandSongs Index,https://secondhandsongs.com,2026-08-26T12:18:53.319798
7ffd9137-c4b3-4521-b583-572c0da844d9,e5a847f4-ef95-4702-bf96-86e0a2a56be8,095dae8f-232d-4825-aa6f-90e28be67774,COVER_MECHANICAL_LICENSE,PROTECTED,True,False,True,False,True,GLOBAL,ALL,2020-01-01,2099-12-31,SecondHandSongs Index,https://secondhandsongs.com,2026-08-26T12:18:53.319798
38ade297-d1f1-4c8c-a2a4-210edacc7cad,a918494e-647b-4b4d-ab4f-218a30095c89,858a3cc3-2a8c-4718-94dc-1965c2e14f79,COVER_MECHANICAL_LICENSE,PROTECTED,True,False,True,False,True,GLOBAL,ALL,2020-01-01,2099-12-31,SecondHandSongs Index,https://secondhandsongs.com,2026-08-26T12:18:53.319798
2531f6c6-9da4-4485-8360-2938ba295627,49296e52-759b-42f0-8d6e-77bfe87071ac,cd40e04a-f2b1-4435-9afa-ad5e506231c4,COVER_MECHANICAL_LICENSE,PROTECTED,True,False,True,False,True,GLOBAL,ALL,2020-01-01,2099-12-31,SecondHandSongs Index,https://secondhandsongs.com,2026-08-26T12:18:53.319798
3674042f-4638-43a1-8ffd-3077b2b95022,c0ddcf1d-a4a7-4aff-a2f1-358fce171437,7dde740c-cd74-4afb-b1b3-fce658f80adc,COVER_MECHANICAL_LICENSE,PROTECTED,True,False,True,False,True,GLOBAL,ALL,2020-01-01,2099-12-31,SecondHandSongs Index,https://secondhandsongs.com,2026-08-26T12:18:53.319798
8477d1c4-e729-4c08-ad44-1ec867fa94b2,6a5d2c18-425d-4d4b-a5f1-7d81837b7a3b,b9354050-5118-4f13-ba97-64825dbd1a8d,COVER_MECHANICAL_LICENSE,PROTECTED,True,False,True,False,True,GLOBAL,ALL,2020-01-01,2099-12-31,SecondHandSongs Index,https://secondhandsongs.com,2026-08-26T12:18:53.319798
7ba9b94c-0720-457d-b227-9cc46d54550d,11ee59c4-6bda-4850-98b2-ee1045c4ec12,52da240c-6f52-4c66-a262-bdedecd9c445,COVER_MECHANICAL_LICENSE,PROTECTED,True,False,True,False,True,GLOBAL,ALL,2020-01-01,2099-12-31,SecondHandSongs Index,https://secondhandsongs.com,2026-08-26T12:18:53.319798
fbc74c7f-46b5-4eef-8b32-10c03823d217,d87906bd-e25d-43d6-8c40-623539893eb0,304dbd46-866e-4e0a-b67a-c897c8cc592f,COVER_MECHANICAL_LICENSE,PROTECTED,True,False,True,False,True,GLOBAL,ALL,2020-01-01,2099-12-31,SecondHandSongs Index,https://secondhandsongs.com,2026-08-26T12:18:53.319798
c0cb689c-a52e-4052-a87e-ab6285c88c3d,fb9e456d-85b4-4630-b820-dd60f393ee43,cc0bf5d3-0f68-4a56-b266-fd2049a21f74,COVER_MECHANICAL_LICENSE,PROTECTED,True,False,True,False,True,GLOBAL,ALL,2020-01-01,2099-12-31,SecondHandSongs Index,https://secondhandsongs.com,2026-08-26T12:18:53.319798
e19ce5ca-1c6b-48bc-86d5-67cf8556384a,6ec04b27-0dea-4759-ac73-86a45559c91a,0645766d-9dfe-41ef-803d-6f8089f6171e,COVER_MECHANICAL_LICENSE,PROTECTED,True,False,True,False,True,GLOBAL,ALL,2020-01-01,2099-12-31,SecondHandSongs Index,https://secondhandsongs.com,2026-08-26T12:18:53.319798
751f0f2a-9533-45c3-910b-6bf9841b8a0d,8d639c41-5109-4721-a053-9514a7c034b6,183edc34-391a-4d0e-8c8d-b974fbfced9d,COVER_MECHANICAL_LICENSE,PROTECTED,True,False,True,False,True,GLOBAL,ALL,2020-01-01,2099-12-31,SecondHandSongs Index,https://secondhandsongs.com,2026-08-26T12:18:53.319798
d99a64aa-26f9-4fab-84e0-89eb161e03ee,ded79608-5b00-4e93-83ea-b963ca65e7fb,74902a2a-577b-4c6e-8d32-265ffcb8f849,COVER_MECHANICAL_LICENSE,PROTECTED,True,False,True,False,True,GLOBAL,ALL,2020-01-01,2099-12-31,SecondHandSongs Index,https://secondhandsongs.com,2026-08-26T12:18:53.319798
9a4e3fb5-80cd-46d2-aff5-25e9b857d9cd,3fc83159-4c25-4202-9731-b1ce7f20a00f,f4c878ab-8d4e-4004-a05f-ecb6cb073a48,COVER_MECHANICAL_LICENSE,PROTECTED,True,False,True,False,True,GLOBAL,ALL,2020-01-01,2099-12-31,SecondHandSongs Index,https://secondhandsongs.com,2026-08-26T12:18:53.319798
bb7395fa-bb2b-4efc-bac7-1e15cbb22e4c,0331db8d-d9e8-447d-bc89-1c7e8620726f,e4d44e80-7ba5-44a8-a595-aee50828ba64,COVER_MECHANICAL_LICENSE,PROTECTED,True,False,True,False,True,GLOBAL,ALL,2020-01-01,2099-12-31,SecondHandSongs Index,https://secondhandsongs.com,2026-08-26T12:18:53.319798
273c4a8c-752d-418b-a13e-5788b2f5a5cd,470cb153-52e0-41cc-8389-372fa0958fde,b40b62b5-f1fb-4177-99d6-159f92eb7732,COVER_MECHANICAL_LICENSE,PROTECTED,True,False,True,False,True,GLOBAL,ALL,2020-01-01,2099-12-31,SecondHandSongs Index,https://secondhandsongs.com,2026-08-26T12:18:53.319798
88d6b540-41a8-4166-9ec9-e9a874683eb7,645a0274-393c-42a5-aba6-09b1bbd98c14,3deacb9f-6caf-4eff-b0fc-33fc51fcbb06,COVER_MECHANICAL_LICENSE,PROTECTED,True,False,True,False,True,GLOBAL,ALL,2020-01-01,2099-12-31,SecondHandSongs Index,https://secondhandsongs.com,2026-08-26T12:18:53.319798
99c2664c-388f-4053-a8c1-7dc6b295497c,61b79e58-b9c7-4ea0-a036-b754ef994c3f,9c86c520-9cf3-41b1-8430-c6fed59fb72b,COVER_MECHANICAL_LICENSE,PROTECTED,True,False,True,False,True,GLOBAL,ALL,2020-01-01,2099-12-31,SecondHandSongs Index,https://secondhandsongs.com,2026-08-26T12:18:53.319798
ef99a28e-6090-4452-9f0d-fd462c4cc862,9ecfffa3-57f5-4b72-901c-79a5401cfac5,00eebb1e-c8ca-4434-bb57-3264d0249b6e,COVER_MECHANICAL_LICENSE,PROTECTED,True,False,True,False,True,GLOBAL,ALL,2020-01-01,2099-12-31,SecondHandSongs Index,https://secondhandsongs.com,2026-08-26T12:18:53.319798
67c7f8d0-e009-45ac-b699-d37754a2c406,e01efdbd-01c8-4ab7-a120-91570768bd24,277c5cfe-cb9d-4c47-a3f4-b74dcfa0ecc8,COVER_MECHANICAL_LICENSE,PROTECTED,True,False,True,False,True,GLOBAL,ALL,2020-01-01,2099-12-31,SecondHandSongs Index,https://secondhandsongs.com,2026-08-26T12:18:53.319798
b70ae099-12ef-45ec-a43e-07613f361ca3,50c03fb9-2cb5-4e4b-bf7c-b4226cfb5667,1c3a8a0b-7cb8-48cc-9136-22e0d7a5c32e,COVER_MECHANICAL_LICENSE,PROTECTED,True,False,True,False,True,GLOBAL,ALL,2020-01-01,2099-12-31,SecondHandSongs Index,https://secondhandsongs.com,2026-08-26T12:18:53.319798
946b332d-0e47-457b-881a-5dc4d72d4fd3,72d26850-b987-4f39-a291-e0e43356f217,373cae9b-1f00-46a8-aece-c6d4532dcc10,COVER_MECHANICAL_LICENSE,PROTECTED,True,False,True,False,True,GLOBAL,ALL,2020-01-01,2099-12-31,SecondHandSongs Index,https://secondhandsongs.com,2026-08-26T12:18:53.319798
24d488f6-2f6b-4f2b-9a8d-d8568c346f4e,4bcf751f-4a28-4fdc-b11f-91ffeb3d81e9,2e752af3-7987-4ba1-80c2-4c56d141f31b,COVER_MECHANICAL_LICENSE,PROTECTED,True,False,True,False,True,GLOBAL,ALL,2020-01-01,2099-12-31,SecondHandSongs Index,https://secondhandsongs.com,2026-08-26T12:18:53.319798
f4cc7e48-14cc-44b1-a578-559aa82d4fc2,e2346e66-d0e1-4eb0-805c-0b673dff6180,20e2ec50-7ca5-4793-9f97-87052bb3e475,COVER_MECHANICAL_LICENSE,PROTECTED,True,False,True,False,True,GLOBAL,ALL,2020-01-01,2099-12-31,SecondHandSongs Index,https://secondhandsongs.com,2026-08-26T12:18:53.319798
efd88f8a-636f-4d11-bc66-05bb70678f98,8ae02607-8204-4496-83dc-4412dabed23f,07c43e86-70af-4430-ad5c-552905b63a2e,COVER_MECHANICAL_LICENSE,PROTECTED,True,False,True,False,True,GLOBAL,ALL,2020-01-01,2099-12-31,SecondHandSongs Index,https://secondhandsongs.com,2026-08-26T12:18:53.319798
d1701b64-3717-4912-8325-8b09b3647d64,3c8fa1c7-a291-45c1-9277-f7c1dbde6b17,32857f9d-b30f-422e-b84f-5d6d5ce72964,COVER_MECHANICAL_LICENSE,PROTECTED,True,False,True,False,True,GLOBAL,ALL,2020-01-01,2099-12-31,SecondHandSongs Index,https://secondhandsongs.com,2026-08-26T12:18:53.319798
55267f38-cf69-4554-9ebf-1801e20f1124,53ed869e-7bf6-4ef2-824a-62f32880e436,e7877210-5907-4f0f-aef3-85921ee2d994,COVER_MECHANICAL_LICENSE,PROTECTED,True,False,True,False,True,GLOBAL,ALL,2020-01-01,2099-12-31,SecondHandSongs Index,https://secondhandsongs.com,2026-08-26T12:18:53.319798
5125abaa-24a9-4125-8c62-f83ad1855bcd,c2fc61b7-28d3-4012-aab4-1d8daa8a465e,e9e65a64-1f77-456d-8870-943ee23686e1,COVER_MECHANICAL_LICENSE,PROTECTED,True,False,True,False,True,GLOBAL,ALL,2020-01-01,2099-12-31,SecondHandSongs Index,https://secondhandsongs.com,2026-08-26T12:18:53.319798
4c076b55-505e-4afd-ad55-31a48de99638,6d8e8599-bbc0-4d39-be89-cd1237c5638f,551c8959-cf94-4072-9799-a94d25df125b,COVER_MECHANICAL_LICENSE,PROTECTED,True,False,True,False,True,GLOBAL,ALL,2020-01-01,2099-12-31,SecondHandSongs Index,https://secondhandsongs.com,2026-08-26T12:18:53.319798
8719b0fb-170e-485e-b482-0cd94f694a83,26ee585e-088f-4375-902e-5505fd18b7aa,92986f4f-1211-4681-95b4-6d19dd5d04b9,COVER_MECHANICAL_LICENSE,PROTECTED,True,False,True,False,True,GLOBAL,ALL,2020-01-01,2099-12-31,SecondHandSongs Index,https://secondhandsongs.com,2026-08-26T12:18:53.319798
c4456e6d-4aac-4264-bd65-66256225c075,8d8b7806-1507-4271-8043-adb520f94f39,3d0398db-2300-48af-962c-7011d9852be0,COVER_MECHANICAL_LICENSE,PROTECTED,True,False,True,False,True,GLOBAL,ALL,2020-01-01,2099-12-31,SecondHandSongs Index,https://secondhandsongs.com,2026-08-26T12:18:53.319798
e55e9f78-6038-4d9b-a243-bc1c2146f923,e6191124-67b0-4120-9dc0-891e0058a314,dfe20910-4883-4c1f-88c1-64af8ad3e87f,COVER_MECHANICAL_LICENSE,PROTECTED,True,False,True,False,True,GLOBAL,ALL,2020-01-01,2099-12-31,SecondHandSongs Index,https://secondhandsongs.com,2026-08-26T12:18:53.319798
002e0613-7bfb-44fd-bf27-f0e0091a90ea,0d8a3a3b-f795-48d7-b02d-3fc721931087,acb68aee-f54b-4805-979a-a505688dee79,COVER_MECHANICAL_LICENSE,PROTECTED,True,False,True,False,True,GLOBAL,ALL,2020-01-01,2099-12-31,SecondHandSongs Index,https://secondhandsongs.com,2026-08-26T12:18:53.319798
f02cd97d-7ea3-4466-b695-e051437f453b,0b44cb89-71e6-44c9-8f76-0ac269c2c9b4,bb083c66-077e-4923-9aaf-f759ce217bc3,COVER_MECHANICAL_LICENSE,PROTECTED,True,False,True,False,True,GLOBAL,ALL,2020-01-01,2099-12-31,SecondHandSongs Index,https://secondhandsongs.com,2026-08-26T12:18:53.319798
aadc53f3-a0b5-4d41-98a4-911ef02331ae,a97bb708-72ef-4066-a917-5e30a347518d,1aeed42f-5507-4cd6-ad0e-5d10855f9674,COVER_MECHANICAL_LICENSE,PROTECTED,True,False,True,False,True,GLOBAL,ALL,2020-01-01,2099-12-31,SecondHandSongs Index,https://secondhandsongs.com,2026-08-26T12:18:53.319798
66d42128-9a86-4b9e-81fa-c3c85465a438,e1506c16-750a-467e-929c-274fbb552471,f3f7c2af-dc05-4571-8212-2c4e76261acc,COVER_MECHANICAL_LICENSE,PROTECTED,True,False,True,False,True,GLOBAL,ALL,2020-01-01,2099-12-31,SecondHandSongs Index,https://secondhandsongs.com,2026-08-26T12:18:53.319798
7ae25208-923b-4376-8c09-3e446d66a8fd,286aba35-11cc-49c7-83b1-4345567f7fb9,ad0121c4-8d6f-46b4-8e4b-77eec4ec2c33,COVER_MECHANICAL_LICENSE,PROTECTED,True,False,True,False,True,GLOBAL,ALL,2020-01-01,2099-12-31,SecondHandSongs Index,https://secondhandsongs.com,2026-08-26T12:18:53.319798
651e9acb-0499-4ca1-9c73-081734c4e076,1a9066cb-347a-49d0-af21-28a91b945dce,224909ba-cf46-43c5-a354-075a82e408a5,COVER_MECHANICAL_LICENSE,PROTECTED,True,False,True,False,True,GLOBAL,ALL,2020-01-01,2099-12-31,SecondHandSongs Index,https://secondhandsongs.com,2026-08-26T12:18:53.319798
5146284d-c48e-4809-bd1f-90dc85eb19a8,c51cba4d-f48c-43d1-a793-3fd6fad13236,cc28bb6e-afe6-4178-b8ee-c7cd430c40a4,COVER_MECHANICAL_LICENSE,PROTECTED,True,False,True,False,True,GLOBAL,ALL,2020-01-01,2099-12-31,SecondHandSongs Index,https://secondhandsongs.com,2026-08-26T12:18:53.319798
06243874-feb8-40b1-ba81-43ae5ade3b4d,2787048f-88cf-4336-92f3-a5e0776759c3,a4e2640b-3da6-4590-b1ec-69a93d92b484,COVER_MECHANICAL_LICENSE,PROTECTED,True,False,True,False,True,GLOBAL,ALL,2020-01-01,2099-12-31,SecondHandSongs Index,https://secondhandsongs.com,2026-08-26T12:18:53.319798
8227e60e-a03b-41e6-9bef-cb8cf59fef11,200144e8-9594-4145-80af-fb57ac71bb46,7f389ed3-18b1-41e9-af90-b4e59cdcef0e,COVER_MECHANICAL_LICENSE,PROTECTED,True,False,True,False,True,GLOBAL,ALL,2020-01-01,2099-12-31,SecondHandSongs Index,https://secondhandsongs.com,2026-08-26T12:18:53.319798
4e49d0b3-ef62-416b-9a68-9ee2a48744be,28a7e164-bd82-46cd-bbef-138e648de9dd,70277ae6-93e6-4662-8c60-6742adb2b497,COVER_MECHANICAL_LICENSE,PROTECTED,True,False,True,False,True,GLOBAL,ALL,2020-01-01,2099-12-31,SecondHandSongs Index,https://secondhandsongs.com,2026-08-26T12:18:53.319798
4baebd87-429a-4526-94c3-85c2e13f2deb,27ab95f4-7683-4c56-900a-2b7944963dbc,95ed4b25-72ae-40a8-bee8-95ea122f8c09,COVER_MECHANICAL_LICENSE,PROTECTED,True,False,True,False,True,GLOBAL,ALL,2020-01-01,2099-12-31,SecondHandSongs Index,https://secondhandsongs.com,2026-08-26T12:18:53.319798
167dfb81-c209-46dd-b90a-dadb78160bfb,3a4c7999-653c-406e-b97a-8bf81abeda81,d26bf7a2-eee5-4c0c-925c-bf853f611271,COVER_MECHANICAL_LICENSE,PROTECTED,True,False,True,False,True,GLOBAL,ALL,2020-01-01,2099-12-31,SecondHandSongs Index,https://secondhandsongs.com,2026-08-26T12:18:53.319798
106fc839-b129-41a9-b3d1-56770b7b157a,c91a630b-9d7f-45e4-a430-912367822008,85f96f0a-0941-47f1-b8a5-a7b659bbb004,COVER_MECHANICAL_LICENSE,PROTECTED,True,False,True,False,True,GLOBAL,ALL,2020-01-01,2099-12-31,SecondHandSongs Index,https://secondhandsongs.com,2026-08-26T12:18:53.319798
7de2e515-344f-4c52-93b9-ba0470ff1b31,f3d07ff1-52c8-4a44-99d2-5d611fc71bf2,1d955cf4-64aa-4e46-8360-1d65334c58b0,COVER_MECHANICAL_LICENSE,PROTECTED,True,False,True,False,True,GLOBAL,ALL,2020-01-01,2099-12-31,SecondHandSongs Index,https://secondhandsongs.com,2026-08-26T12:18:53.319798
6730feba-2c5d-4579-80dc-432ceb33fc29,d787799e-cd24-495b-950f-a27a3a31fc21,070dcf1e-6d6f-4a2b-b05f-de4eea2a5b5c,COVER_MECHANICAL_LICENSE,PROTECTED,True,False,True,False,True,GLOBAL,ALL,2020-01-01,2099-12-31,SecondHandSongs Index,https://secondhandsongs.com,2026-08-26T12:18:53.319798
62903f32-4990-40ab-953a-666941ccd435,c71ab199-e97b-46d1-a6e9-5147b9c46538,164265ad-16c1-45ba-8e3f-c9d7c06e3876,COVER_MECHANICAL_LICENSE,PROTECTED,True,False,True,False,True,GLOBAL,ALL,2020-01-01,2099-12-31,SecondHandSongs Index,https://secondhandsongs.com,2026-08-26T12:18:53.319798
7e796816-23e4-4036-ab63-2720abd4b476,2ee045a5-b724-48d3-b921-354ce958edf1,600921a9-6f0c-44c9-985e-6727438d932a,COVER_MECHANICAL_LICENSE,PROTECTED,True,False,True,False,True,GLOBAL,ALL,2020-01-01,2099-12-31,SecondHandSongs Index,https://secondhandsongs.com,2026-08-26T12:18:53.319798
1e5d0f11-6d5e-4c99-98ac-c4412f4c7118,b30c3877-93bc-4c3a-b9df-a0ccef912fbb,47745ff9-0d67-472c-9564-0977f4897544,COVER_MECHANICAL_LICENSE,PROTECTED,True,False,True,False,True,GLOBAL,ALL,2020-01-01,2099-12-31,SecondHandSongs Index,https://secondhandsongs.com,2026-08-26T12:18:53.319798
73056b09-166c-4a76-97c2-c873aa9f3f15,41ac3b94-f3b1-45db-9c4a-e0ef1b0d7430,0a2f2716-d844-41cb-87c4-efa26696b735,COVER_MECHANICAL_LICENSE,PROTECTED,True,False,True,False,True,GLOBAL,ALL,2020-01-01,2099-12-31,SecondHandSongs Index,https://secondhandsongs.com,2026-08-26T12:18:53.319798
324cf5c2-2ced-4924-8bb2-7a808b74ab71,80ef47a0-8cd7-49ad-b126-221e3e5cf873,99616bb6-152d-4e31-bff1-1ebef042a567,COVER_MECHANICAL_LICENSE,PROTECTED,True,False,True,False,True,GLOBAL,ALL,2020-01-01,2099-12-31,SecondHandSongs Index,https://secondhandsongs.com,2026-08-26T12:18:53.319798
5b38619c-e111-4a83-94e4-e701d0c6edcd,2c7d5e0e-f3b0-4d19-9d36-7fa3a5071250,f67debd7-0d9f-4f6a-b824-9b0d90c809ec,COVER_MECHANICAL_LICENSE,PROTECTED,True,False,True,False,True,GLOBAL,ALL,2020-01-01,2099-12-31,SecondHandSongs Index,https://secondhandsongs.com,2026-08-26T12:18:53.319798
583aa357-14a8-4d33-9f07-3110261fcd14,2a9d3c28-2791-4c86-8ba0-ba876c150c6d,7e20428b-a86e-4a35-b4cf-fd5baaf35887,COVER_MECHANICAL_LICENSE,PROTECTED,True,False,True,False,True,GLOBAL,ALL,2020-01-01,2099-12-31,SecondHandSongs Index,https://secondhandsongs.com,2026-08-26T12:18:53.319798
bba24116-c719-4460-88ca-1ad7b5df1fa6,c1eb7900-a720-4222-9ace-ec30ad26367f,cdb6a9a2-9bac-49c1-a673-56982a8e2e6e,COVER_MECHANICAL_LICENSE,PROTECTED,True,False,True,False,True,GLOBAL,ALL,2020-01-01,2099-12-31,SecondHandSongs Index,https://secondhandsongs.com,2026-08-26T12:18:53.319798
380962d1-a648-4d4f-81e8-40efffe9703e,1728ac4a-e248-4927-b2ca-eb3772185dad,87f0d1f8-ad3a-4b6f-9e6e-3cf536922617,COVER_MECHANICAL_LICENSE,PROTECTED,True,False,True,False,True,GLOBAL,ALL,2020-01-01,2099-12-31,SecondHandSongs Index,https://secondhandsongs.com,2026-08-26T12:18:53.319798
03c96c89-e0c4-486b-86da-c0e817912a1c,df362198-af4b-4a70-9e3e-ce05bb435eaf,cb0defc6-00b1-427d-84c8-1b4cbc50b1c5,COVER_MECHANICAL_LICENSE,PROTECTED,True,False,True,False,True,GLOBAL,ALL,2020-01-01,2099-12-31,SecondHandSongs Index,https://secondhandsongs.com,2026-08-26T12:18:53.319798
49efc46d-e77e-479d-9062-0a1bfb8958ed,adf69bda-3c86-4943-b9d1-1de836c3f4f2,246b8b39-f218-4558-8053-0ff5455ca975,COVER_MECHANICAL_LICENSE,PROTECTED,True,False,True,False,True,GLOBAL,ALL,2020-01-01,2099-12-31,SecondHandSongs Index,https://secondhandsongs.com,2026-08-26T12:18:53.319798
df5bf903-6588-4d0a-941d-33df9380d999,55949571-2e81-40d8-90e3-2af3a0a43a40,8200560b-f709-4eea-b362-0299bcdb77ca,COVER_MECHANICAL_LICENSE,PROTECTED,True,False,True,False,True,GLOBAL,ALL,2020-01-01,2099-12-31,SecondHandSongs Index,https://secondhandsongs.com,2026-08-26T12:18:53.319798
6382c17b-3f02-4459-91f9-bda4b20ae4b8,0e460f28-df49-4163-bac8-0f54cfdad2a1,7153e39a-6e5f-41a0-a43d-c49b42f6aed7,COVER_MECHANICAL_LICENSE,PROTECTED,True,False,True,False,True,GLOBAL,ALL,2020-01-01,2099-12-31,SecondHandSongs Index,https://secondhandsongs.com,2026-08-26T12:18:53.319798
d88cf352-a017-4fea-831e-56534b5549b6,051cea4b-5f12-43a0-890b-6b3a856479ce,5b3cfa07-873f-4e6a-886a-efe8dc961da6,COVER_MECHANICAL_LICENSE,PROTECTED,True,False,True,False,True,GLOBAL,ALL,2020-01-01,2099-12-31,SecondHandSongs Index,https://secondhandsongs.com,2026-08-26T12:18:53.319798
54dc6956-bd7f-4e07-933b-85791a246137,ecfdc9d8-1c06-4b64-b2c5-366177e55190,9b86c1a8-7a1a-4374-9fe2-9035c698da70,COVER_MECHANICAL_LICENSE,PROTECTED,True,False,True,False,True,GLOBAL,ALL,2020-01-01,2099-12-31,SecondHandSongs Index,https://secondhandsongs.com,2026-08-26T12:18:53.319798
7410dfb7-896f-4c49-88d5-eafc1cd0c6d9,073491a7-5b46-4061-8eee-8cad4484a5f1,58f9b558-6261-48ef-a0a9-107c47a2b4a8,COVER_MECHANICAL_LICENSE,PROTECTED,True,False,True,False,True,GLOBAL,ALL,2020-01-01,2099-12-31,SecondHandSongs Index,https://secondhandsongs.com,2026-08-26T12:18:53.319798
efab9acc-fbad-43f8-aa39-435d207acf84,6a3a425c-e7c8-4afc-9cc7-661824cc51cf,04bbbe46-9aa4-4bc6-8a16-cbf2a6d9c5d7,COVER_MECHANICAL_LICENSE,PROTECTED,True,False,True,False,True,GLOBAL,ALL,2020-01-01,2099-12-31,SecondHandSongs Index,https://secondhandsongs.com,2026-08-26T12:18:53.319798
9da66b3f-508c-4f79-a1d9-41692bc4e963,09600a63-b565-4988-bd12-1259c9382def,40a7630e-7140-4bd0-8d00-e980d5371257,COVER_MECHANICAL_LICENSE,PROTECTED,True,False,True,False,True,GLOBAL,ALL,2020-01-01,2099-12-31,SecondHandSongs Index,https://secondhandsongs.com,2026-08-26T12:18:53.319798
9a3fe770-da58-4319-9a86-e357ac7a2665,661f69e8-5308-42a6-b560-f1a933442de2,31ec52ff-1459-4873-820f-e80c251e2bd9,COVER_MECHANICAL_LICENSE,PROTECTED,True,False,True,False,True,GLOBAL,ALL,2020-01-01,2099-12-31,SecondHandSongs Index,https://secondhandsongs.com,2026-08-26T12:18:53.319798
8aed0933-8d47-479c-8043-c15783c8639d,77c33116-8257-4fc4-b1bb-4b62f71b7e17,f28d7271-b07a-4d2b-bb0a-30efed5eab84,COVER_MECHANICAL_LICENSE,PROTECTED,True,False,True,False,True,GLOBAL,ALL,2020-01-01,2099-12-31,SecondHandSongs Index,https://secondhandsongs.com,2026-08-26T12:18:53.319798
1d9eb98a-1c93-461a-8d22-15f50197d472,f159c89e-59bc-4734-ab5f-9cc35ec6d33e,b9d631ad-d74a-4cd3-b666-6624253f0cb6,COVER_MECHANICAL_LICENSE,PROTECTED,True,False,True,False,True,GLOBAL,ALL,2020-01-01,2099-12-31,SecondHandSongs Index,https://secondhandsongs.com,2026-08-26T12:18:53.319798
8f53e8a7-be49-48d2-9b6b-e91fe2e9c7fa,9d77eeaf-3e64-41fc-b48b-1af227331b07,c3c698d6-af8d-4855-8cf2-898d846b3176,COVER_MECHANICAL_LICENSE,PROTECTED,True,False,True,False,True,GLOBAL,ALL,2020-01-01,2099-12-31,SecondHandSongs Index,https://secondhandsongs.com,2026-08-26T12:18:53.319798
c30eb970-424b-4ce5-9fa9-9c01e05c45eb,4f481547-d8e2-48f8-bb4e-43dce9a389ee,5b888513-da82-4413-867f-5920cbcec456,COVER_MECHANICAL_LICENSE,PROTECTED,True,False,True,False,True,GLOBAL,ALL,2020-01-01,2099-12-31,SecondHandSongs Index,https://secondhandsongs.com,2026-08-26T12:18:53.319798
cd66cd5c-7ad6-41e0-93a7-0d960c983133,df53f9df-81fc-48f8-82d3-d909d7421186,4adf7ef8-d83e-4a64-8fae-21153107216b,COVER_MECHANICAL_LICENSE,PROTECTED,True,False,True,False,True,GLOBAL,ALL,2020-01-01,2099-12-31,SecondHandSongs Index,https://secondhandsongs.com,2026-08-26T12:18:53.319798
a3c84c67-63eb-4c4f-b67e-7e65c86956d1,ae5b022b-d9ab-4305-92ad-c3c1dd106dbe,a731da1b-2d44-4e5e-94b0-bfa90668b26d,COVER_MECHANICAL_LICENSE,PROTECTED,True,False,True,False,True,GLOBAL,ALL,2020-01-01,2099-12-31,SecondHandSongs Index,https://secondhandsongs.com,2026-08-26T12:18:53.319798
00bbf88b-4316-4af3-95c9-a068751bdfbb,4ad043c7-f3f0-4d48-959c-d592bdd38bb0,8f4a7e3f-be1b-4078-b669-8d1b9e986e68,COVER_MECHANICAL_LICENSE,PROTECTED,True,False,True,False,True,GLOBAL,ALL,2020-01-01,2099-12-31,SecondHandSongs Index,https://secondhandsongs.com,2026-08-26T12:18:53.319798
072a584e-8b8b-4578-b7e8-8a58dcb0307e,e550db4f-92b5-4507-b140-53049c123c73,663e31d2-fe08-4cbb-a0a1-beca7759f312,COVER_MECHANICAL_LICENSE,PROTECTED,True,False,True,False,True,GLOBAL,ALL,2020-01-01,2099-12-31,SecondHandSongs Index,https://secondhandsongs.com,2026-08-26T12:18:53.319798
2a8f0921-794a-48a5-96dc-0ae9ac3d5ee9,b56074df-f019-4fa8-ae55-1e2a716e0ad4,970e564c-21e5-43cf-849c-57ca19ec3b5d,COVER_MECHANICAL_LICENSE,PROTECTED,True,False,True,False,True,GLOBAL,ALL,2020-01-01,2099-12-31,SecondHandSongs Index,https://secondhandsongs.com,2026-08-26T12:18:53.319798
ea64340a-dbe8-46a0-8fd8-b3ccd0c1cc46,d3bbf34d-4d6d-4a42-aff4-f3e1da1fb85f,f9b0069a-a149-469a-840c-32bf06ffffa0,COVER_MECHANICAL_LICENSE,PROTECTED,True,False,True,False,True,GLOBAL,ALL,2020-01-01,2099-12-31,SecondHandSongs Index,https://secondhandsongs.com,2026-08-26T12:18:53.319798
b170540c-ab82-471f-8e1c-935f0eba10cf,ef27ae31-3193-4816-a03b-1677445bab33,1cbacfc5-4e90-4ecb-8c27-bf5d7531e057,COVER_MECHANICAL_LICENSE,PROTECTED,True,False,True,False,True,GLOBAL,ALL,2020-01-01,2099-12-31,SecondHandSongs Index,https://secondhandsongs.com,2026-08-26T12:18:53.319798
9af6b030-589f-4827-8d18-03f850de4aac,5a9d7ce7-e5cd-4671-8dca-a5557bd10ce5,dc710102-0666-4e74-bf43-06d2bfa25735,COVER_MECHANICAL_LICENSE,PROTECTED,True,False,True,False,True,GLOBAL,ALL,2020-01-01,2099-12-31,SecondHandSongs Index,https://secondhandsongs.com,2026-08-26T12:18:53.319798
d5bff7b6-14f1-45fc-9c0f-05d367e296c6,bc5d4004-91fd-4595-b3da-11c227116de1,57ad59c1-6c6f-4b61-82aa-800f7a670612,COVER_MECHANICAL_LICENSE,PROTECTED,True,False,True,False,True,GLOBAL,ALL,2020-01-01,2099-12-31,SecondHandSongs Index,https://secondhandsongs.com,2026-08-26T12:18:53.319798
af7eda46-8c11-43dd-bbd3-84b02f9b2869,52389faa-8479-472e-9c64-0561ba8cad15,6083e137-6c8a-4ce8-888b-2d1708fa20a7,COVER_MECHANICAL_LICENSE,PROTECTED,True,False,True,False,True,GLOBAL,ALL,2020-01-01,2099-12-31,SecondHandSongs Index,https://secondhandsongs.com,2026-08-26T12:18:53.319798
f0faccad-023b-4041-b279-d2252b9b91ac,52a00b2d-c018-454c-8cc9-febe8c476f8a,8e7f778f-53f7-4fee-ad45-e67f15064225,COVER_MECHANICAL_LICENSE,PROTECTED,True,False,True,False,True,GLOBAL,ALL,2020-01-01,2099-12-31,SecondHandSongs Index,https://secondhandsongs.com,2026-08-26T12:18:53.319798
702d0613-3702-4330-a015-832bf71d0b1f,19a867c0-4229-4d29-87ff-69a7fd7b0456,5acef370-5881-4f80-aed5-8ba02883835e,COVER_MECHANICAL_LICENSE,PROTECTED,True,False,True,False,True,GLOBAL,ALL,2020-01-01,2099-12-31,SecondHandSongs Index,https://secondhandsongs.com,2026-08-26T12:18:53.319798
c656b82f-8b4e-4630-9504-06ad207bbf6d,3f1a9480-abd0-4f9a-af76-560845450415,ec79b520-98c6-4917-9421-c58119381113,COVER_MECHANICAL_LICENSE,PROTECTED,True,False,True,False,True,GLOBAL,ALL,2020-01-01,2099-12-31,SecondHandSongs Index,https://secondhandsongs.com,2026-08-26T12:18:53.319798
83a6173a-dfa5-43d7-b42f-422fa0cadd72,8648640e-68c1-455d-9f0b-aa07ab736d44,32f7a201-63f6-4174-b064-819ae4457a67,COVER_MECHANICAL_LICENSE,PROTECTED,True,False,True,False,True,GLOBAL,ALL,2020-01-01,2099-12-31,SecondHandSongs Index,https://secondhandsongs.com,2026-08-26T12:18:53.319798
d819e897-460a-43e5-af51-af3f4395f2fe,f11eb519-c5c0-4f91-b96f-ca6a425f95f6,df88937c-885a-4dd9-b230-5fe7a96e32f1,COVER_MECHANICAL_LICENSE,PROTECTED,True,False,True,False,True,GLOBAL,ALL,2020-01-01,2099-12-31,SecondHandSongs Index,https://secondhandsongs.com,2026-08-26T12:18:53.319798
a3fec773-f0a1-4508-8b48-174ad6e621ba,aebcd0f3-22d0-4790-a123-0b239eba7e95,898e3c9d-e092-42df-938a-2955a2c261ac,COVER_MECHANICAL_LICENSE,PROTECTED,True,False,True,False,True,GLOBAL,ALL,2020-01-01,2099-12-31,SecondHandSongs Index,https://secondhandsongs.com,2026-08-26T12:18:53.319798
b9f47fa9-d34c-4e4b-90ee-568e517a2014,3859488d-0c71-4f91-bc89-8d68163e8b56,e886138e-0f2d-4f22-8ef4-bd9cbd7ce943,COVER_MECHANICAL_LICENSE,PROTECTED,True,False,True,False,True,GLOBAL,ALL,2020-01-01,2099-12-31,SecondHandSongs Index,https://secondhandsongs.com,2026-08-26T12:18:53.319798
3525cb17-134a-4e15-b1d4-a3af4471f410,a7538b7b-b7a5-43f6-896b-ffcff6336c64,e23d3709-4d92-41a2-b06a-5b72587e14cf,COVER_MECHANICAL_LICENSE,PROTECTED,True,False,True,False,True,GLOBAL,ALL,2020-01-01,2099-12-31,SecondHandSongs Index,https://secondhandsongs.com,2026-08-26T12:18:53.319798
96fafd27-cfdb-45aa-8abe-e6d78636d6c1,3d0d550f-5594-44fd-9beb-198d3a321f7c,e0e847b9-e49b-47dc-a3aa-65e4ff210dad,COVER_MECHANICAL_LICENSE,PROTECTED,True,False,True,False,True,GLOBAL,ALL,2020-01-01,2099-12-31,SecondHandSongs Index,https://secondhandsongs.com,2026-08-26T12:18:53.319798
107e7202-5f62-4398-ab4d-8a4f06f8ca00,af5780ae-de35-4c15-a882-c86f7eb99597,4b86a4ff-52a6-4640-a71e-daa9c2ed80a2,COVER_MECHANICAL_LICENSE,PROTECTED,True,False,True,False,True,GLOBAL,ALL,2020-01-01,2099-12-31,SecondHandSongs Index,https://secondhandsongs.com,2026-08-26T12:18:53.319798
401b3f26-d0b7-4dd8-8878-f672dca8f4f2,433739f2-9026-4dfd-a3a1-e0f1acb79a4d,611e3733-3bca-458d-8957-8efc157ab9f6,COVER_MECHANICAL_LICENSE,PROTECTED,True,False,True,False,True,GLOBAL,ALL,2020-01-01,2099-12-31,SecondHandSongs Index,https://secondhandsongs.com,2026-08-26T12:18:53.319798
c423569d-276e-4cf5-b373-90c68bed1062,0b5d9e53-343c-440f-940e-307d98cc0d66,fed2e943-9333-4f06-bb1b-df3e72234e86,COVER_MECHANICAL_LICENSE,PROTECTED,True,False,True,False,True,GLOBAL,ALL,2020-01-01,2099-12-31,SecondHandSongs Index,https://secondhandsongs.com,2026-08-26T12:18:53.319798
933a16da-589d-4dc4-8cea-a154f4fa663e,903de420-4c02-4278-91b9-f881001f7f5d,d866608b-6b38-4c19-ba31-49615f08d088,COVER_MECHANICAL_LICENSE,PROTECTED,True,False,True,False,True,GLOBAL,ALL,2020-01-01,2099-12-31,SecondHandSongs Index,https://secondhandsongs.com,2026-08-26T12:18:53.319798
c38b7c36-9a13-46c1-8751-59106ac7dcf7,f6e9c1d2-9d1a-4a39-9634-5ada2c6504c5,ea88bb84-16ec-429f-a6ce-ad257544f6d5,COVER_MECHANICAL_LICENSE,PROTECTED,True,False,True,False,True,GLOBAL,ALL,2020-01-01,2099-12-31,SecondHandSongs Index,https://secondhandsongs.com,2026-08-26T12:18:53.319798
cbdfcbe2-cdcc-4959-9c6f-40582153e474,90a915f7-bac5-4846-aecf-258e8b461f71,789bd923-4cca-4a49-9aa2-83c44c43e133,COVER_MECHANICAL_LICENSE,PROTECTED,True,False,True,False,True,GLOBAL,ALL,2020-01-01,2099-12-31,SecondHandSongs Index,https://secondhandsongs.com,2026-08-26T12:18:53.319798
2d60d90b-0d24-4649-8ca5-1938acff0507,e3de111f-e44b-4083-a108-807f437df9db,971ca3fb-8910-4bda-8e02-9b946f09e29d,COVER_MECHANICAL_LICENSE,PROTECTED,True,False,True,False,True,GLOBAL,ALL,2020-01-01,2099-12-31,SecondHandSongs Index,https://secondhandsongs.com,2026-08-26T12:18:53.319798
cdd5ce45-d9a7-4556-9661-0bf0aad04d5c,c74f3b0b-9ffa-4616-a10c-ffa2fd39d7a4,f7c94189-1988-4540-a2ad-f3285b302bf1,COVER_MECHANICAL_LICENSE,PROTECTED,True,False,True,False,True,GLOBAL,ALL,2020-01-01,2099-12-31,SecondHandSongs Index,https://secondhandsongs.com,2026-08-26T12:18:53.319798
a15cff4b-52a0-46d3-8151-cd3098d6eb2c,62d71594-8abe-479d-92cb-a69916fafbb6,98e524cd-acc8-4515-bb00-2ce79098dbcd,COVER_MECHANICAL_LICENSE,PROTECTED,True,False,True,False,True,GLOBAL,ALL,2020-01-01,2099-12-31,SecondHandSongs Index,https://secondhandsongs.com,2026-08-26T12:18:53.319798
f819892d-0d26-45de-a4dd-3b23a60255fe,c170c613-9166-45a5-a58e-770797180827,68602937-633c-4257-9d40-9281ff5ddb45,COVER_MECHANICAL_LICENSE,PROTECTED,True,False,True,False,True,GLOBAL,ALL,2020-01-01,2099-12-31,SecondHandSongs Index,https://secondhandsongs.com,2026-08-26T12:18:53.319798
485605ac-efcf-4662-9e7f-06a4c3800b1b,b9dc38f2-c4da-4938-82e0-db43c3fac4df,93f27abc-af21-4aa7-b9f6-014fe2a30663,COVER_MECHANICAL_LICENSE,PROTECTED,True,False,True,False,True,GLOBAL,ALL,2020-01-01,2099-12-31,SecondHandSongs Index,https://secondhandsongs.com,2026-08-26T12:18:53.319798
63f655c3-be01-410a-b7ad-ade410a04a65,ff140cbe-67b1-4ce3-9a3b-3c4b2ae8816d,55904b2c-3fc6-4a82-b6f8-58d2b502790e,COVER_MECHANICAL_LICENSE,PROTECTED,True,False,True,False,True,GLOBAL,ALL,2020-01-01,2099-12-31,SecondHandSongs Index,https://secondhandsongs.com,2026-08-26T12:18:53.319798
852ffe90-1b7a-4e61-b92c-510e971eb167,1336b53b-1502-47a9-844e-2b276a402bfa,35c530c7-1efc-400d-bcd5-1e1444dbdbfe,COVER_MECHANICAL_LICENSE,PROTECTED,True,False,True,False,True,GLOBAL,ALL,2020-01-01,2099-12-31,SecondHandSongs Index,https://secondhandsongs.com,2026-08-26T12:18:53.319798
62bd3c91-3c9f-4cc4-90e2-34fecd276e15,e4a05f4c-4163-4f7c-a23e-a7ec7bed301c,4d019d69-d298-4caa-981d-344b29cd1e03,COVER_MECHANICAL_LICENSE,PROTECTED,True,False,True,False,True,GLOBAL,ALL,2020-01-01,2099-12-31,SecondHandSongs Index,https://secondhandsongs.com,2026-08-26T12:18:53.319798
15e778b7-59ab-4db9-80cc-6dfe2e6feac5,f8473d57-f324-4ead-a77b-cb8ed3c8699c,ccf00cee-4140-41d5-8372-11fda0c5f501,COVER_MECHANICAL_LICENSE,PROTECTED,True,False,True,False,True,GLOBAL,ALL,2020-01-01,2099-12-31,SecondHandSongs Index,https://secondhandsongs.com,2026-08-26T12:18:53.319798
ee6e2974-4979-4420-a109-c4d3b0b3dca4,9b732f04-d662-496a-a89f-6d82ec08024f,3dc9dcb1-a78d-4390-9ef5-3581178fd0c6,COVER_MECHANICAL_LICENSE,PROTECTED,True,False,True,False,True,GLOBAL,ALL,2020-01-01,2099-12-31,SecondHandSongs Index,https://secondhandsongs.com,2026-08-26T12:18:53.319798
c8dfe97e-6bd4-460f-b258-3c97c00001dd,8e0f3d1b-2f9c-4714-a2b6-c4f1957031d1,e309b8a4-c158-4b67-8423-877b3f9908bf,COVER_MECHANICAL_LICENSE,PROTECTED,True,False,True,False,True,GLOBAL,ALL,2020-01-01,2099-12-31,SecondHandSongs Index,https://secondhandsongs.com,2026-08-26T12:18:53.319798
3f1a2e93-da16-42f2-a765-8e1895f8cc5b,4f796ef4-31b3-4776-9f39-5cb54e7a8d87,92ecddae-34c9-472f-bb2e-9077abd4fed3,COVER_MECHANICAL_LICENSE,PROTECTED,True,False,True,False,True,GLOBAL,ALL,2020-01-01,2099-12-31,SecondHandSongs Index,https://secondhandsongs.com,2026-08-26T12:18:53.319798
edca929a-28f3-46a0-a044-a8ad50905758,c3c0bedc-ccfe-4395-b4c1-150200742195,c929d572-0735-4dfd-970e-db9da09b3104,COVER_MECHANICAL_LICENSE,PROTECTED,True,False,True,False,True,GLOBAL,ALL,2020-01-01,2099-12-31,SecondHandSongs Index,https://secondhandsongs.com,2026-08-26T12:18:53.319798
5a045669-dade-4e90-85ba-68633963ae41,08095015-636e-4992-b34b-6b7e6609434f,717a0ef9-7a03-4d08-8b94-0094ba87f91a,COVER_MECHANICAL_LICENSE,PROTECTED,True,False,True,False,True,GLOBAL,ALL,2020-01-01,2099-12-31,SecondHandSongs Index,https://secondhandsongs.com,2026-08-26T12:18:53.319798
e5138f52-2d51-461a-94b6-cb664d69a88b,868fb120-f1e6-4f8e-9cda-9bd3abae3a8c,d749ac7d-4ecc-4756-9ecf-b2ea30c75889,COVER_MECHANICAL_LICENSE,PROTECTED,True,False,True,False,True,GLOBAL,ALL,2020-01-01,2099-12-31,SecondHandSongs Index,https://secondhandsongs.com,2026-08-26T12:18:53.319798
07b6d3ae-0072-40d4-a56c-a140eee83107,e9193b8a-59bf-48f5-a628-544d738ca54e,11e51e2e-6937-43f7-9463-af5b3161f562,COVER_MECHANICAL_LICENSE,PROTECTED,True,False,True,False,True,GLOBAL,ALL,2020-01-01,2099-12-31,SecondHandSongs Index,https://secondhandsongs.com,2026-08-26T12:18:53.319798
20df0842-148d-47a1-91e7-cccc395c5ce8,535e1f31-796c-4f9d-92ec-81891fb553c3,fa72a901-7b2a-45ae-88fb-4be0444016c7,COVER_MECHANICAL_LICENSE,PROTECTED,True,False,True,False,True,GLOBAL,ALL,2020-01-01,2099-12-31,SecondHandSongs Index,https://secondhandsongs.com,2026-08-26T12:18:53.319798
